index_name,series_id,unique_id,ds,y
RUSSELL1000,return,RUSSELL1000_return,2009-01-02,0.0317000625
RUSSELL1000,return,RUSSELL1000_return,2009-01-05,-0.0035264783
RUSSELL1000,return,RUSSELL1000_return,2009-01-06,0.0092391154
RUSSELL1000,return,RUSSELL1000_return,2009-01-07,-0.0295802143
RUSSELL1000,return,RUSSELL1000_return,2009-01-08,0.0044201724
RUSSELL1000,return,RUSSELL1000_return,2009-01-09,-0.0212207262
RUSSELL1000,return,RUSSELL1000_return,2009-01-12,-0.0237497402
RUSSELL1000,return,RUSSELL1000_return,2009-01-13,0.002697722
RUSSELL1000,return,RUSSELL1000_return,2009-01-14,-0.0340852077
RUSSELL1000,return,RUSSELL1000_return,2009-01-15,0.0028589893
RUSSELL1000,return,RUSSELL1000_return,2009-01-16,0.0083994646
RUSSELL1000,return,RUSSELL1000_return,2009-01-20,-0.0537628049
RUSSELL1000,return,RUSSELL1000_return,2009-01-21,0.0435353212
RUSSELL1000,return,RUSSELL1000_return,2009-01-22,-0.0161676812
RUSSELL1000,return,RUSSELL1000_return,2009-01-23,0.0060342468
RUSSELL1000,return,RUSSELL1000_return,2009-01-26,0.0052841321
RUSSELL1000,return,RUSSELL1000_return,2009-01-27,0.0108977779
RUSSELL1000,return,RUSSELL1000_return,2009-01-28,0.0340431407
RUSSELL1000,return,RUSSELL1000_return,2009-01-29,-0.0331630672
RUSSELL1000,return,RUSSELL1000_return,2009-01-30,-0.022812563
RUSSELL1000,return,RUSSELL1000_return,2009-02-02,-0.0002480936
RUSSELL1000,return,RUSSELL1000_return,2009-02-03,0.015161893
RUSSELL1000,return,RUSSELL1000_return,2009-02-04,-0.0058726939
RUSSELL1000,return,RUSSELL1000_return,2009-02-05,0.0165936524
RUSSELL1000,return,RUSSELL1000_return,2009-02-06,0.0282015495
RUSSELL1000,return,RUSSELL1000_return,2009-02-09,0.0012982006
RUSSELL1000,return,RUSSELL1000_return,2009-02-10,-0.0481411698
RUSSELL1000,return,RUSSELL1000_return,2009-02-11,0.0076749261
RUSSELL1000,return,RUSSELL1000_return,2009-02-12,0.0026103144
RUSSELL1000,return,RUSSELL1000_return,2009-02-13,-0.0095364511
RUSSELL1000,return,RUSSELL1000_return,2009-02-17,-0.0453259468
RUSSELL1000,return,RUSSELL1000_return,2009-02-18,-0.0016369127
RUSSELL1000,return,RUSSELL1000_return,2009-02-19,-0.0117431884
RUSSELL1000,return,RUSSELL1000_return,2009-02-20,-0.0106385975
RUSSELL1000,return,RUSSELL1000_return,2009-02-23,-0.0352112597
RUSSELL1000,return,RUSSELL1000_return,2009-02-24,0.0405406174
RUSSELL1000,return,RUSSELL1000_return,2009-02-25,-0.0104633835
RUSSELL1000,return,RUSSELL1000_return,2009-02-26,-0.0156705357
RUSSELL1000,return,RUSSELL1000_return,2009-02-27,-0.0217480124
RUSSELL1000,return,RUSSELL1000_return,2009-03-02,-0.0480311132
RUSSELL1000,return,RUSSELL1000_return,2009-03-03,-0.0060548417
RUSSELL1000,return,RUSSELL1000_return,2009-03-04,0.0247738508
RUSSELL1000,return,RUSSELL1000_return,2009-03-05,-0.0425401214
RUSSELL1000,return,RUSSELL1000_return,2009-03-06,0.0012715706
RUSSELL1000,return,RUSSELL1000_return,2009-03-09,-0.0097586288
RUSSELL1000,return,RUSSELL1000_return,2009-03-10,0.063892843
RUSSELL1000,return,RUSSELL1000_return,2009-03-11,0.0030739855
RUSSELL1000,return,RUSSELL1000_return,2009-03-12,0.0409893628
RUSSELL1000,return,RUSSELL1000_return,2009-03-13,0.0074621881
RUSSELL1000,return,RUSSELL1000_return,2009-03-16,-0.0046680606
RUSSELL1000,return,RUSSELL1000_return,2009-03-17,0.0321834338
RUSSELL1000,return,RUSSELL1000_return,2009-03-18,0.0213737751
RUSSELL1000,return,RUSSELL1000_return,2009-03-19,-0.01187791
RUSSELL1000,return,RUSSELL1000_return,2009-03-20,-0.0203523593
RUSSELL1000,return,RUSSELL1000_return,2009-03-23,0.0705228583
RUSSELL1000,return,RUSSELL1000_return,2009-03-24,-0.0203675247
RUSSELL1000,return,RUSSELL1000_return,2009-03-25,0.0098131357
RUSSELL1000,return,RUSSELL1000_return,2009-03-26,0.0248279788
RUSSELL1000,return,RUSSELL1000_return,2009-03-27,-0.0208833114
RUSSELL1000,return,RUSSELL1000_return,2009-03-30,-0.034911812
RUSSELL1000,return,RUSSELL1000_return,2009-03-31,0.0133017069
RUSSELL1000,return,RUSSELL1000_return,2009-04-01,0.016543215
RUSSELL1000,return,RUSSELL1000_return,2009-04-02,0.0300206268
RUSSELL1000,return,RUSSELL1000_return,2009-04-03,0.0107681222
RUSSELL1000,return,RUSSELL1000_return,2009-04-06,-0.0085459789
RUSSELL1000,return,RUSSELL1000_return,2009-04-07,-0.0241394336
RUSSELL1000,return,RUSSELL1000_return,2009-04-08,0.0122922543
RUSSELL1000,return,RUSSELL1000_return,2009-04-09,0.0391442218
RUSSELL1000,return,RUSSELL1000_return,2009-04-13,0.0023847069
RUSSELL1000,return,RUSSELL1000_return,2009-04-14,-0.0202591831
RUSSELL1000,return,RUSSELL1000_return,2009-04-15,0.0123875954
RUSSELL1000,return,RUSSELL1000_return,2009-04-16,0.016693945
RUSSELL1000,return,RUSSELL1000_return,2009-04-17,0.0054780322
RUSSELL1000,return,RUSSELL1000_return,2009-04-20,-0.0439456782
RUSSELL1000,return,RUSSELL1000_return,2009-04-21,0.0221936049
RUSSELL1000,return,RUSSELL1000_return,2009-04-22,-0.006583152
RUSSELL1000,return,RUSSELL1000_return,2009-04-23,0.0087276369
RUSSELL1000,return,RUSSELL1000_return,2009-04-24,0.0178455438
RUSSELL1000,return,RUSSELL1000_return,2009-04-27,-0.0105190381
RUSSELL1000,return,RUSSELL1000_return,2009-04-28,-0.0024222385
RUSSELL1000,return,RUSSELL1000_return,2009-04-29,0.022643489
RUSSELL1000,return,RUSSELL1000_return,2009-04-30,-0.0002936056
RUSSELL1000,return,RUSSELL1000_return,2009-05-01,0.0051647678
RUSSELL1000,return,RUSSELL1000_return,2009-05-04,0.0348610573
RUSSELL1000,return,RUSSELL1000_return,2009-05-05,-0.0037419102
RUSSELL1000,return,RUSSELL1000_return,2009-05-06,0.0165236783
RUSSELL1000,return,RUSSELL1000_return,2009-05-07,-0.0144862309
RUSSELL1000,return,RUSSELL1000_return,2009-05-08,0.0248664134
RUSSELL1000,return,RUSSELL1000_return,2009-05-11,-0.0208876246
RUSSELL1000,return,RUSSELL1000_return,2009-05-12,-0.001875863
RUSSELL1000,return,RUSSELL1000_return,2009-05-13,-0.0279906173
RUSSELL1000,return,RUSSELL1000_return,2009-05-14,0.0109759501
RUSSELL1000,return,RUSSELL1000_return,2009-05-15,-0.0109698726
RUSSELL1000,return,RUSSELL1000_return,2009-05-18,0.0314305271
RUSSELL1000,return,RUSSELL1000_return,2009-05-19,-0.000911846
RUSSELL1000,return,RUSSELL1000_return,2009-05-20,-0.0046686739
RUSSELL1000,return,RUSSELL1000_return,2009-05-21,-0.0167233845
RUSSELL1000,return,RUSSELL1000_return,2009-05-22,-0.0014214541
RUSSELL1000,return,RUSSELL1000_return,2009-05-26,0.0268348828
RUSSELL1000,return,RUSSELL1000_return,2009-05-27,-0.0184349987
RUSSELL1000,return,RUSSELL1000_return,2009-05-28,0.0148895142
RUSSELL1000,return,RUSSELL1000_return,2009-05-29,0.0136996634
RUSSELL1000,return,RUSSELL1000_return,2009-06-01,0.0270183477
RUSSELL1000,return,RUSSELL1000_return,2009-06-02,0.0020264864
RUSSELL1000,return,RUSSELL1000_return,2009-06-03,-0.014409041
RUSSELL1000,return,RUSSELL1000_return,2009-06-04,0.0119056457
RUSSELL1000,return,RUSSELL1000_return,2009-06-05,-0.0022721336
RUSSELL1000,return,RUSSELL1000_return,2009-06-08,-0.0015692715
RUSSELL1000,return,RUSSELL1000_return,2009-06-09,0.0045534345
RUSSELL1000,return,RUSSELL1000_return,2009-06-10,-0.003145336
RUSSELL1000,return,RUSSELL1000_return,2009-06-11,0.0062947341
RUSSELL1000,return,RUSSELL1000_return,2009-06-12,0.0006917092
RUSSELL1000,return,RUSSELL1000_return,2009-06-15,-0.0239562428
RUSSELL1000,return,RUSSELL1000_return,2009-06-16,-0.0131884203
RUSSELL1000,return,RUSSELL1000_return,2009-06-17,-0.0016122287
RUSSELL1000,return,RUSSELL1000_return,2009-06-18,0.0080332543
RUSSELL1000,return,RUSSELL1000_return,2009-06-19,0.0033220181
RUSSELL1000,return,RUSSELL1000_return,2009-06-22,-0.030948634
RUSSELL1000,return,RUSSELL1000_return,2009-06-23,0.0019188185
RUSSELL1000,return,RUSSELL1000_return,2009-06-24,0.0073677472
RUSSELL1000,return,RUSSELL1000_return,2009-06-25,0.0215669345
RUSSELL1000,return,RUSSELL1000_return,2009-06-26,-0.0004564215
RUSSELL1000,return,RUSSELL1000_return,2009-06-29,0.008910574
RUSSELL1000,return,RUSSELL1000_return,2009-06-30,-0.007798995
RUSSELL1000,return,RUSSELL1000_return,2009-07-01,0.0047587089
RUSSELL1000,return,RUSSELL1000_return,2009-07-02,-0.0290514964
RUSSELL1000,return,RUSSELL1000_return,2009-07-06,0.0013299446
RUSSELL1000,return,RUSSELL1000_return,2009-07-07,-0.0199770407
RUSSELL1000,return,RUSSELL1000_return,2009-07-08,-0.0014733212
RUSSELL1000,return,RUSSELL1000_return,2009-07-09,0.0040408554
RUSSELL1000,return,RUSSELL1000_return,2009-07-10,-0.0038672314
RUSSELL1000,return,RUSSELL1000_return,2009-07-13,0.0244815138
RUSSELL1000,return,RUSSELL1000_return,2009-07-14,0.0057863882
RUSSELL1000,return,RUSSELL1000_return,2009-07-15,0.0296843219
RUSSELL1000,return,RUSSELL1000_return,2009-07-16,0.0093259808
RUSSELL1000,return,RUSSELL1000_return,2009-07-17,-0.0004852399
RUSSELL1000,return,RUSSELL1000_return,2009-07-20,0.0121592166
RUSSELL1000,return,RUSSELL1000_return,2009-07-21,0.0035904207
RUSSELL1000,return,RUSSELL1000_return,2009-07-22,-7.37653e-05
RUSSELL1000,return,RUSSELL1000_return,2009-07-23,0.0235708061
RUSSELL1000,return,RUSSELL1000_return,2009-07-24,0.00360479
RUSSELL1000,return,RUSSELL1000_return,2009-07-27,0.0029732669
RUSSELL1000,return,RUSSELL1000_return,2009-07-28,-0.0027095846
RUSSELL1000,return,RUSSELL1000_return,2009-07-29,-0.0050215883
RUSSELL1000,return,RUSSELL1000_return,2009-07-30,0.0121504196
RUSSELL1000,return,RUSSELL1000_return,2009-07-31,0.0006459454
RUSSELL1000,return,RUSSELL1000_return,2009-08-03,0.0162593497
RUSSELL1000,return,RUSSELL1000_return,2009-08-04,0.0033660053
RUSSELL1000,return,RUSSELL1000_return,2009-08-05,-0.0023594931
RUSSELL1000,return,RUSSELL1000_return,2009-08-06,-0.005818434
RUSSELL1000,return,RUSSELL1000_return,2009-08-07,0.0141635465
RUSSELL1000,return,RUSSELL1000_return,2009-08-10,-0.0034465656
RUSSELL1000,return,RUSSELL1000_return,2009-08-11,-0.0124269526
RUSSELL1000,return,RUSSELL1000_return,2009-08-12,0.0117964849
RUSSELL1000,return,RUSSELL1000_return,2009-08-13,0.0072389448
RUSSELL1000,return,RUSSELL1000_return,2009-08-14,-0.0089686476
RUSSELL1000,return,RUSSELL1000_return,2009-08-17,-0.0246908771
RUSSELL1000,return,RUSSELL1000_return,2009-08-18,0.0106854243
RUSSELL1000,return,RUSSELL1000_return,2009-08-19,0.0069248923
RUSSELL1000,return,RUSSELL1000_return,2009-08-20,0.0108408502
RUSSELL1000,return,RUSSELL1000_return,2009-08-21,0.0185695032
RUSSELL1000,return,RUSSELL1000_return,2009-08-24,-0.0009373586
RUSSELL1000,return,RUSSELL1000_return,2009-08-25,0.0024427657
RUSSELL1000,return,RUSSELL1000_return,2009-08-26,0.0001679807
RUSSELL1000,return,RUSSELL1000_return,2009-08-27,0.0029616228
RUSSELL1000,return,RUSSELL1000_return,2009-08-28,-0.0013053573
RUSSELL1000,return,RUSSELL1000_return,2009-08-31,-0.0086436351
RUSSELL1000,return,RUSSELL1000_return,2009-09-01,-0.0219669951
RUSSELL1000,return,RUSSELL1000_return,2009-09-02,-0.0031072672
RUSSELL1000,return,RUSSELL1000_return,2009-09-03,0.0091990565
RUSSELL1000,return,RUSSELL1000_return,2009-09-04,0.0132630652
RUSSELL1000,return,RUSSELL1000_return,2009-09-08,0.0097451724
RUSSELL1000,return,RUSSELL1000_return,2009-09-09,0.0083517624
RUSSELL1000,return,RUSSELL1000_return,2009-09-10,0.0106396823
RUSSELL1000,return,RUSSELL1000_return,2009-09-11,-0.000799122
RUSSELL1000,return,RUSSELL1000_return,2009-09-14,0.0067489118
RUSSELL1000,return,RUSSELL1000_return,2009-09-15,0.0040890137
RUSSELL1000,return,RUSSELL1000_return,2009-09-16,0.0155883129
RUSSELL1000,return,RUSSELL1000_return,2009-09-17,-0.0033322085
RUSSELL1000,return,RUSSELL1000_return,2009-09-18,0.0023294678
RUSSELL1000,return,RUSSELL1000_return,2009-09-21,-0.0031457242
RUSSELL1000,return,RUSSELL1000_return,2009-09-22,0.0068144975
RUSSELL1000,return,RUSSELL1000_return,2009-09-23,-0.0106207459
RUSSELL1000,return,RUSSELL1000_return,2009-09-24,-0.0103186404
RUSSELL1000,return,RUSSELL1000_return,2009-09-25,-0.0059866215
RUSSELL1000,return,RUSSELL1000_return,2009-09-28,0.0182324235
RUSSELL1000,return,RUSSELL1000_return,2009-09-29,-0.0016028431
RUSSELL1000,return,RUSSELL1000_return,2009-09-30,-0.0033420887
RUSSELL1000,return,RUSSELL1000_return,2009-10-01,-0.0263486934
RUSSELL1000,return,RUSSELL1000_return,2009-10-02,-0.0050105059
RUSSELL1000,return,RUSSELL1000_return,2009-10-05,0.015598626
RUSSELL1000,return,RUSSELL1000_return,2009-10-06,0.0136911038
RUSSELL1000,return,RUSSELL1000_return,2009-10-07,0.0031037281
RUSSELL1000,return,RUSSELL1000_return,2009-10-08,0.0082750528
RUSSELL1000,return,RUSSELL1000_return,2009-10-09,0.0057084178
RUSSELL1000,return,RUSSELL1000_return,2009-10-12,0.0043152534
RUSSELL1000,return,RUSSELL1000_return,2009-10-13,-0.0028789202
RUSSELL1000,return,RUSSELL1000_return,2009-10-14,0.0176330079
RUSSELL1000,return,RUSSELL1000_return,2009-10-15,0.003980881
RUSSELL1000,return,RUSSELL1000_return,2009-10-16,-0.0082945329
RUSSELL1000,return,RUSSELL1000_return,2009-10-19,0.0095966319
RUSSELL1000,return,RUSSELL1000_return,2009-10-20,-0.0065344664
RUSSELL1000,return,RUSSELL1000_return,2009-10-21,-0.0089128373
RUSSELL1000,return,RUSSELL1000_return,2009-10-22,0.0106320606
RUSSELL1000,return,RUSSELL1000_return,2009-10-23,-0.0123977614
RUSSELL1000,return,RUSSELL1000_return,2009-10-26,-0.0119253169
RUSSELL1000,return,RUSSELL1000_return,2009-10-27,-0.004199909
RUSSELL1000,return,RUSSELL1000_return,2009-10-28,-0.0209955897
RUSSELL1000,return,RUSSELL1000_return,2009-10-29,0.022738206
RUSSELL1000,return,RUSSELL1000_return,2009-10-30,-0.0280808192
RUSSELL1000,return,RUSSELL1000_return,2009-11-02,0.0062243764
RUSSELL1000,return,RUSSELL1000_return,2009-11-03,0.0036506216
RUSSELL1000,return,RUSSELL1000_return,2009-11-04,0.0009724588
RUSSELL1000,return,RUSSELL1000_return,2009-11-05,0.0198149402
RUSSELL1000,return,RUSSELL1000_return,2009-11-06,0.0022864749
RUSSELL1000,return,RUSSELL1000_return,2009-11-09,0.0226548996
RUSSELL1000,return,RUSSELL1000_return,2009-11-10,0.0002223312
RUSSELL1000,return,RUSSELL1000_return,2009-11-11,0.0052079416
RUSSELL1000,return,RUSSELL1000_return,2009-11-12,-0.0107434659
RUSSELL1000,return,RUSSELL1000_return,2009-11-13,0.006071292
RUSSELL1000,return,RUSSELL1000_return,2009-11-16,0.0149392414
RUSSELL1000,return,RUSSELL1000_return,2009-11-17,0.000965146
RUSSELL1000,return,RUSSELL1000_return,2009-11-18,-0.0007542608
RUSSELL1000,return,RUSSELL1000_return,2009-11-19,-0.0139496127
RUSSELL1000,return,RUSSELL1000_return,2009-11-20,-0.0033236274
RUSSELL1000,return,RUSSELL1000_return,2009-11-23,0.0130942973
RUSSELL1000,return,RUSSELL1000_return,2009-11-24,-0.0006262256
RUSSELL1000,return,RUSSELL1000_return,2009-11-25,0.0050390563
RUSSELL1000,return,RUSSELL1000_return,2009-11-27,-0.0172037779
RUSSELL1000,return,RUSSELL1000_return,2009-11-30,0.0037292956
RUSSELL1000,return,RUSSELL1000_return,2009-12-01,0.0126505929
RUSSELL1000,return,RUSSELL1000_return,2009-12-02,0.0011153806
RUSSELL1000,return,RUSSELL1000_return,2009-12-03,-0.0084083062
RUSSELL1000,return,RUSSELL1000_return,2009-12-04,0.00604252
RUSSELL1000,return,RUSSELL1000_return,2009-12-07,-0.0022150122
RUSSELL1000,return,RUSSELL1000_return,2009-12-08,-0.0099028319
RUSSELL1000,return,RUSSELL1000_return,2009-12-09,0.0036067606
RUSSELL1000,return,RUSSELL1000_return,2009-12-10,0.0060062275
RUSSELL1000,return,RUSSELL1000_return,2009-12-11,0.0040941562
RUSSELL1000,return,RUSSELL1000_return,2009-12-14,0.0078486197
RUSSELL1000,return,RUSSELL1000_return,2009-12-15,-0.0049680922
RUSSELL1000,return,RUSSELL1000_return,2009-12-16,0.0017148991
RUSSELL1000,return,RUSSELL1000_return,2009-12-17,-0.0115826237
RUSSELL1000,return,RUSSELL1000_return,2009-12-18,0.0059638437
RUSSELL1000,return,RUSSELL1000_return,2009-12-21,0.010546741
RUSSELL1000,return,RUSSELL1000_return,2009-12-22,0.0041607256
RUSSELL1000,return,RUSSELL1000_return,2009-12-23,0.0029778303
RUSSELL1000,return,RUSSELL1000_return,2009-12-24,0.0053195386
RUSSELL1000,return,RUSSELL1000_return,2009-12-28,0.0009320201
RUSSELL1000,return,RUSSELL1000_return,2009-12-29,-0.0013678082
RUSSELL1000,return,RUSSELL1000_return,2009-12-30,0.000145309
RUSSELL1000,return,RUSSELL1000_return,2009-12-31,-0.0101426237
RUSSELL1000,return,RUSSELL1000_return,2010-01-04,0.016188045
RUSSELL1000,return,RUSSELL1000_return,2010-01-05,0.0033498542
RUSSELL1000,return,RUSSELL1000_return,2010-01-06,0.0014172432
RUSSELL1000,return,RUSSELL1000_return,2010-01-07,0.0040550975
RUSSELL1000,return,RUSSELL1000_return,2010-01-08,0.0031413646
RUSSELL1000,return,RUSSELL1000_return,2010-01-11,0.0015114652
RUSSELL1000,return,RUSSELL1000_return,2010-01-12,-0.0099018099
RUSSELL1000,return,RUSSELL1000_return,2010-01-13,0.0088004595
RUSSELL1000,return,RUSSELL1000_return,2010-01-14,0.0022377339
RUSSELL1000,return,RUSSELL1000_return,2010-01-15,-0.0108995735
RUSSELL1000,return,RUSSELL1000_return,2010-01-19,0.0123933013
RUSSELL1000,return,RUSSELL1000_return,2010-01-20,-0.0101547112
RUSSELL1000,return,RUSSELL1000_return,2010-01-21,-0.0181659666
RUSSELL1000,return,RUSSELL1000_return,2010-01-22,-0.021950145
RUSSELL1000,return,RUSSELL1000_return,2010-01-25,0.004536295
RUSSELL1000,return,RUSSELL1000_return,2010-01-26,-0.0040960606
RUSSELL1000,return,RUSSELL1000_return,2010-01-27,0.0043863519
RUSSELL1000,return,RUSSELL1000_return,2010-01-28,-0.0120490487
RUSSELL1000,return,RUSSELL1000_return,2010-01-29,-0.0104498119
RUSSELL1000,return,RUSSELL1000_return,2010-02-01,0.0147673277
RUSSELL1000,return,RUSSELL1000_return,2010-02-02,0.013118443
RUSSELL1000,return,RUSSELL1000_return,2010-02-03,-0.0053110187
RUSSELL1000,return,RUSSELL1000_return,2010-02-04,-0.0314891745
RUSSELL1000,return,RUSSELL1000_return,2010-02-05,0.0027155894
RUSSELL1000,return,RUSSELL1000_return,2010-02-08,-0.008175797
RUSSELL1000,return,RUSSELL1000_return,2010-02-09,0.0130936824
RUSSELL1000,return,RUSSELL1000_return,2010-02-10,-0.0019109396
RUSSELL1000,return,RUSSELL1000_return,2010-02-11,0.0105576605
RUSSELL1000,return,RUSSELL1000_return,2010-02-12,-0.0014620332
RUSSELL1000,return,RUSSELL1000_return,2010-02-16,0.0183183341
RUSSELL1000,return,RUSSELL1000_return,2010-02-17,0.004586098
RUSSELL1000,return,RUSSELL1000_return,2010-02-18,0.0065398574
RUSSELL1000,return,RUSSELL1000_return,2010-02-19,0.0022883032
RUSSELL1000,return,RUSSELL1000_return,2010-02-22,-0.0011513714
RUSSELL1000,return,RUSSELL1000_return,2010-02-23,-0.0125691363
RUSSELL1000,return,RUSSELL1000_return,2010-02-24,0.0097183704
RUSSELL1000,return,RUSSELL1000_return,2010-02-25,-0.0014187274
RUSSELL1000,return,RUSSELL1000_return,2010-02-26,0.0014356077
RUSSELL1000,return,RUSSELL1000_return,2010-03-01,0.0108255798
RUSSELL1000,return,RUSSELL1000_return,2010-03-02,0.0030270506
RUSSELL1000,return,RUSSELL1000_return,2010-03-03,0.0002968854
RUSSELL1000,return,RUSSELL1000_return,2010-03-04,0.0034672869
RUSSELL1000,return,RUSSELL1000_return,2010-03-05,0.0141274783
RUSSELL1000,return,RUSSELL1000_return,2010-03-08,0.000246198
RUSSELL1000,return,RUSSELL1000_return,2010-03-09,0.001782515
RUSSELL1000,return,RUSSELL1000_return,2010-03-10,0.0051002411
RUSSELL1000,return,RUSSELL1000_return,2010-03-11,0.0041744254
RUSSELL1000,return,RUSSELL1000_return,2010-03-12,0.0001336404
RUSSELL1000,return,RUSSELL1000_return,2010-03-15,2.6784e-05
RUSSELL1000,return,RUSSELL1000_return,2010-03-16,0.0081748269
RUSSELL1000,return,RUSSELL1000_return,2010-03-17,0.0059993541
RUSSELL1000,return,RUSSELL1000_return,2010-03-18,-0.0008480133
RUSSELL1000,return,RUSSELL1000_return,2010-03-19,-0.0055914052
RUSSELL1000,return,RUSSELL1000_return,2010-03-22,0.0057485523
RUSSELL1000,return,RUSSELL1000_return,2010-03-23,0.0075098149
RUSSELL1000,return,RUSSELL1000_return,2010-03-24,-0.0054739714
RUSSELL1000,return,RUSSELL1000_return,2010-03-25,-0.002495781
RUSSELL1000,return,RUSSELL1000_return,2010-03-26,0.0006691653
RUSSELL1000,return,RUSSELL1000_return,2010-03-29,0.0061785942
RUSSELL1000,return,RUSSELL1000_return,2010-03-30,0.0001932885
RUSSELL1000,return,RUSSELL1000_return,2010-03-31,-0.0032942477
RUSSELL1000,return,RUSSELL1000_return,2010-04-01,0.0077042106
RUSSELL1000,return,RUSSELL1000_return,2010-04-05,0.0088658159
RUSSELL1000,return,RUSSELL1000_return,2010-04-06,0.0019315098
RUSSELL1000,return,RUSSELL1000_return,2010-04-07,-0.0054745285
RUSSELL1000,return,RUSSELL1000_return,2010-04-08,0.0030385604
RUSSELL1000,return,RUSSELL1000_return,2010-04-09,0.0069826146
RUSSELL1000,return,RUSSELL1000_return,2010-04-12,0.0017751139
RUSSELL1000,return,RUSSELL1000_return,2010-04-13,0.0009004519
RUSSELL1000,return,RUSSELL1000_return,2010-04-14,0.011461914
RUSSELL1000,return,RUSSELL1000_return,2010-04-15,0.000659697
RUSSELL1000,return,RUSSELL1000_return,2010-04-16,-0.0157254831
RUSSELL1000,return,RUSSELL1000_return,2010-04-19,0.0034409004
RUSSELL1000,return,RUSSELL1000_return,2010-04-20,0.0086327327
RUSSELL1000,return,RUSSELL1000_return,2010-04-21,-0.0006702107
RUSSELL1000,return,RUSSELL1000_return,2010-04-22,0.0031264757
RUSSELL1000,return,RUSSELL1000_return,2010-04-23,0.0075465793
RUSSELL1000,return,RUSSELL1000_return,2010-04-26,-0.0042594299
RUSSELL1000,return,RUSSELL1000_return,2010-04-27,-0.0234812647
RUSSELL1000,return,RUSSELL1000_return,2010-04-28,0.0062042155
RUSSELL1000,return,RUSSELL1000_return,2010-04-29,0.0133415796
RUSSELL1000,return,RUSSELL1000_return,2010-04-30,-0.0167409859
RUSSELL1000,return,RUSSELL1000_return,2010-05-03,0.0131395342
RUSSELL1000,return,RUSSELL1000_return,2010-05-04,-0.0244219289
RUSSELL1000,return,RUSSELL1000_return,2010-05-05,-0.0069843651
RUSSELL1000,return,RUSSELL1000_return,2010-05-06,-0.03242464
RUSSELL1000,return,RUSSELL1000_return,2010-05-07,-0.0163333702
RUSSELL1000,return,RUSSELL1000_return,2010-05-10,0.0444701968
RUSSELL1000,return,RUSSELL1000_return,2010-05-11,-0.0027780425
RUSSELL1000,return,RUSSELL1000_return,2010-05-12,0.0151448196
RUSSELL1000,return,RUSSELL1000_return,2010-05-13,-0.0117171988
RUSSELL1000,return,RUSSELL1000_return,2010-05-14,-0.0193189184
RUSSELL1000,return,RUSSELL1000_return,2010-05-17,0.0011974573
RUSSELL1000,return,RUSSELL1000_return,2010-05-18,-0.0141946233
RUSSELL1000,return,RUSSELL1000_return,2010-05-19,-0.0056656365
RUSSELL1000,return,RUSSELL1000_return,2010-05-20,-0.039216334
RUSSELL1000,return,RUSSELL1000_return,2010-05-21,0.0153173073
RUSSELL1000,return,RUSSELL1000_return,2010-05-24,-0.012412194
RUSSELL1000,return,RUSSELL1000_return,2010-05-25,0.0003009234
RUSSELL1000,return,RUSSELL1000_return,2010-05-26,-0.0044511633
RUSSELL1000,return,RUSSELL1000_return,2010-05-27,0.0338205507
RUSSELL1000,return,RUSSELL1000_return,2010-05-28,-0.0119113464
RUSSELL1000,return,RUSSELL1000_return,2010-06-01,-0.0182469595
RUSSELL1000,return,RUSSELL1000_return,2010-06-02,0.0263386674
RUSSELL1000,return,RUSSELL1000_return,2010-06-03,0.0046852587
RUSSELL1000,return,RUSSELL1000_return,2010-06-04,-0.0349469319
RUSSELL1000,return,RUSSELL1000_return,2010-06-07,-0.0143431443
RUSSELL1000,return,RUSSELL1000_return,2010-06-08,0.0101126918
RUSSELL1000,return,RUSSELL1000_return,2010-06-09,-0.0050114291
RUSSELL1000,return,RUSSELL1000_return,2010-06-10,0.0298035316
RUSSELL1000,return,RUSSELL1000_return,2010-06-11,0.0054211962
RUSSELL1000,return,RUSSELL1000_return,2010-06-14,-0.0012400216
RUSSELL1000,return,RUSSELL1000_return,2010-06-15,0.0235827656
RUSSELL1000,return,RUSSELL1000_return,2010-06-16,-0.00099088
RUSSELL1000,return,RUSSELL1000_return,2010-06-17,0.0007834598
RUSSELL1000,return,RUSSELL1000_return,2010-06-18,0.0009487611
RUSSELL1000,return,RUSSELL1000_return,2010-06-21,-0.0041750574
RUSSELL1000,return,RUSSELL1000_return,2010-06-22,-0.0166632414
RUSSELL1000,return,RUSSELL1000_return,2010-06-23,-0.0027546937
RUSSELL1000,return,RUSSELL1000_return,2010-06-24,-0.0170367248
RUSSELL1000,return,RUSSELL1000_return,2010-06-25,0.0029711617
RUSSELL1000,return,RUSSELL1000_return,2010-06-28,-0.002174625
RUSSELL1000,return,RUSSELL1000_return,2010-06-29,-0.0317227623
RUSSELL1000,return,RUSSELL1000_return,2010-06-30,-0.0097133102
RUSSELL1000,return,RUSSELL1000_return,2010-07-01,-0.0034850973
RUSSELL1000,return,RUSSELL1000_return,2010-07-02,-0.0048837438
RUSSELL1000,return,RUSSELL1000_return,2010-07-06,0.004529603
RUSSELL1000,return,RUSSELL1000_return,2010-07-07,0.0322453136
RUSSELL1000,return,RUSSELL1000_return,2010-07-08,0.0095315041
RUSSELL1000,return,RUSSELL1000_return,2010-07-09,0.007598033
RUSSELL1000,return,RUSSELL1000_return,2010-07-12,-3.23369e-05
RUSSELL1000,return,RUSSELL1000_return,2010-07-13,0.0161525209
RUSSELL1000,return,RUSSELL1000_return,2010-07-14,-0.0002671685
RUSSELL1000,return,RUSSELL1000_return,2010-07-15,0.0009522408
RUSSELL1000,return,RUSSELL1000_return,2010-07-16,-0.0289236401
RUSSELL1000,return,RUSSELL1000_return,2010-07-19,0.0060054291
RUSSELL1000,return,RUSSELL1000_return,2010-07-20,0.0118717179
RUSSELL1000,return,RUSSELL1000_return,2010-07-21,-0.0127877135
RUSSELL1000,return,RUSSELL1000_return,2010-07-22,0.0227848239
RUSSELL1000,return,RUSSELL1000_return,2010-07-23,0.0088115237
RUSSELL1000,return,RUSSELL1000_return,2010-07-26,0.0118319151
RUSSELL1000,return,RUSSELL1000_return,2010-07-27,-0.002017248
RUSSELL1000,return,RUSSELL1000_return,2010-07-28,-0.0073617286
RUSSELL1000,return,RUSSELL1000_return,2010-07-29,-0.0042106131
RUSSELL1000,return,RUSSELL1000_return,2010-07-30,0.000582704
RUSSELL1000,return,RUSSELL1000_return,2010-08-02,0.0218221907
RUSSELL1000,return,RUSSELL1000_return,2010-08-03,-0.0051723612
RUSSELL1000,return,RUSSELL1000_return,2010-08-04,0.0069743029
RUSSELL1000,return,RUSSELL1000_return,2010-08-05,-0.0014548123
RUSSELL1000,return,RUSSELL1000_return,2010-08-06,-0.0033584113
RUSSELL1000,return,RUSSELL1000_return,2010-08-09,0.0056779537
RUSSELL1000,return,RUSSELL1000_return,2010-08-10,-0.0068805867
RUSSELL1000,return,RUSSELL1000_return,2010-08-11,-0.028178393
RUSSELL1000,return,RUSSELL1000_return,2010-08-12,-0.0050351792
RUSSELL1000,return,RUSSELL1000_return,2010-08-13,-0.0039807183
RUSSELL1000,return,RUSSELL1000_return,2010-08-16,0.0003547029
RUSSELL1000,return,RUSSELL1000_return,2010-08-17,0.0130379435
RUSSELL1000,return,RUSSELL1000_return,2010-08-18,0.0018672583
RUSSELL1000,return,RUSSELL1000_return,2010-08-19,-0.0167970939
RUSSELL1000,return,RUSSELL1000_return,2010-08-20,-0.0033279262
RUSSELL1000,return,RUSSELL1000_return,2010-08-23,-0.0045066097
RUSSELL1000,return,RUSSELL1000_return,2010-08-24,-0.0148284039
RUSSELL1000,return,RUSSELL1000_return,2010-08-25,0.0038055106
RUSSELL1000,return,RUSSELL1000_return,2010-08-26,-0.0075895732
RUSSELL1000,return,RUSSELL1000_return,2010-08-27,0.0174121317
RUSSELL1000,return,RUSSELL1000_return,2010-08-30,-0.0145762915
RUSSELL1000,return,RUSSELL1000_return,2010-08-31,0.0003710921
RUSSELL1000,return,RUSSELL1000_return,2010-09-01,0.029844936
RUSSELL1000,return,RUSSELL1000_return,2010-09-02,0.0097603805
RUSSELL1000,return,RUSSELL1000_return,2010-09-03,0.0131859392
RUSSELL1000,return,RUSSELL1000_return,2010-09-07,-0.0116674227
RUSSELL1000,return,RUSSELL1000_return,2010-09-08,0.0065544709
RUSSELL1000,return,RUSSELL1000_return,2010-09-09,0.004464115
RUSSELL1000,return,RUSSELL1000_return,2010-09-10,0.0047313397
RUSSELL1000,return,RUSSELL1000_return,2010-09-13,0.0120228683
RUSSELL1000,return,RUSSELL1000_return,2010-09-14,-0.0005285747
RUSSELL1000,return,RUSSELL1000_return,2010-09-15,0.0035470052
RUSSELL1000,return,RUSSELL1000_return,2010-09-16,-0.0002229526
RUSSELL1000,return,RUSSELL1000_return,2010-09-17,0.0010476757
RUSSELL1000,return,RUSSELL1000_return,2010-09-20,0.0151931427
RUSSELL1000,return,RUSSELL1000_return,2010-09-21,-0.0027603675
RUSSELL1000,return,RUSSELL1000_return,2010-09-22,-0.0049480142
RUSSELL1000,return,RUSSELL1000_return,2010-09-23,-0.0079542774
RUSSELL1000,return,RUSSELL1000_return,2010-09-24,0.0213909974
RUSSELL1000,return,RUSSELL1000_return,2010-09-27,-0.0052699049
RUSSELL1000,return,RUSSELL1000_return,2010-09-28,0.0053492143
RUSSELL1000,return,RUSSELL1000_return,2010-09-29,-0.0020057185
RUSSELL1000,return,RUSSELL1000_return,2010-09-30,-0.0026532463
RUSSELL1000,return,RUSSELL1000_return,2010-10-01,0.004344517
RUSSELL1000,return,RUSSELL1000_return,2010-10-04,-0.0080637694
RUSSELL1000,return,RUSSELL1000_return,2010-10-05,0.0206132553
RUSSELL1000,return,RUSSELL1000_return,2010-10-06,-0.0009095065
RUSSELL1000,return,RUSSELL1000_return,2010-10-07,-0.0014427105
RUSSELL1000,return,RUSSELL1000_return,2010-10-08,0.00651438
RUSSELL1000,return,RUSSELL1000_return,2010-10-11,0.0004104262
RUSSELL1000,return,RUSSELL1000_return,2010-10-12,0.0038937592
RUSSELL1000,return,RUSSELL1000_return,2010-10-13,0.0073007136
RUSSELL1000,return,RUSSELL1000_return,2010-10-14,-0.0037249674
RUSSELL1000,return,RUSSELL1000_return,2010-10-15,0.002126804
RUSSELL1000,return,RUSSELL1000_return,2010-10-18,0.0066215906
RUSSELL1000,return,RUSSELL1000_return,2010-10-19,-0.0160883517
RUSSELL1000,return,RUSSELL1000_return,2010-10-20,0.0110060449
RUSSELL1000,return,RUSSELL1000_return,2010-10-21,0.0015848574
RUSSELL1000,return,RUSSELL1000_return,2010-10-22,0.0028141447
RUSSELL1000,return,RUSSELL1000_return,2010-10-25,0.0025323488
RUSSELL1000,return,RUSSELL1000_return,2010-10-26,0.0001098336
RUSSELL1000,return,RUSSELL1000_return,2010-10-27,-0.0021669897
RUSSELL1000,return,RUSSELL1000_return,2010-10-28,0.0010076732
RUSSELL1000,return,RUSSELL1000_return,2010-10-29,0.000236158
RUSSELL1000,return,RUSSELL1000_return,2010-11-01,0.0009943166
RUSSELL1000,return,RUSSELL1000_return,2010-11-02,0.0079674606
RUSSELL1000,return,RUSSELL1000_return,2010-11-03,0.0036122437
RUSSELL1000,return,RUSSELL1000_return,2010-11-04,0.0192405927
RUSSELL1000,return,RUSSELL1000_return,2010-11-05,0.0040407034
RUSSELL1000,return,RUSSELL1000_return,2010-11-08,-0.0017105506
RUSSELL1000,return,RUSSELL1000_return,2010-11-09,-0.0077922062
RUSSELL1000,return,RUSSELL1000_return,2010-11-10,0.0050024098
RUSSELL1000,return,RUSSELL1000_return,2010-11-11,-0.0037124982
RUSSELL1000,return,RUSSELL1000_return,2010-11-12,-0.0122443675
RUSSELL1000,return,RUSSELL1000_return,2010-11-15,-0.0008840191
RUSSELL1000,return,RUSSELL1000_return,2010-11-16,-0.0160716974
RUSSELL1000,return,RUSSELL1000_return,2010-11-17,0.000984953
RUSSELL1000,return,RUSSELL1000_return,2010-11-18,0.0152453409
RUSSELL1000,return,RUSSELL1000_return,2010-11-19,0.0030029509
RUSSELL1000,return,RUSSELL1000_return,2010-11-22,-0.0006930801
RUSSELL1000,return,RUSSELL1000_return,2010-11-23,-0.0140296041
RUSSELL1000,return,RUSSELL1000_return,2010-11-24,0.0155690674
RUSSELL1000,return,RUSSELL1000_return,2010-11-26,-0.0070001773
RUSSELL1000,return,RUSSELL1000_return,2010-11-29,-0.001244008
RUSSELL1000,return,RUSSELL1000_return,2010-11-30,-0.0061505681
RUSSELL1000,return,RUSSELL1000_return,2010-12-01,0.0215483392
RUSSELL1000,return,RUSSELL1000_return,2010-12-02,0.0126924929
RUSSELL1000,return,RUSSELL1000_return,2010-12-03,0.0032393248
RUSSELL1000,return,RUSSELL1000_return,2010-12-06,-0.0010240063
RUSSELL1000,return,RUSSELL1000_return,2010-12-07,0.0002698734
RUSSELL1000,return,RUSSELL1000_return,2010-12-08,0.0031493793
RUSSELL1000,return,RUSSELL1000_return,2010-12-09,0.0037099139
RUSSELL1000,return,RUSSELL1000_return,2010-12-10,0.0061819118
RUSSELL1000,return,RUSSELL1000_return,2010-12-13,-9.26189e-05
RUSSELL1000,return,RUSSELL1000_return,2010-12-14,0.000888394
RUSSELL1000,return,RUSSELL1000_return,2010-12-15,-0.0051910351
RUSSELL1000,return,RUSSELL1000_return,2010-12-16,0.0066411425
RUSSELL1000,return,RUSSELL1000_return,2010-12-17,0.0013012408
RUSSELL1000,return,RUSSELL1000_return,2010-12-20,0.0024935048
RUSSELL1000,return,RUSSELL1000_return,2010-12-21,0.0063997119
RUSSELL1000,return,RUSSELL1000_return,2010-12-22,0.0034626456
RUSSELL1000,return,RUSSELL1000_return,2010-12-23,-0.0016031904
RUSSELL1000,return,RUSSELL1000_return,2010-12-27,0.0004819487
RUSSELL1000,return,RUSSELL1000_return,2010-12-28,0.0004733335
RUSSELL1000,return,RUSSELL1000_return,2010-12-29,0.0017131013
RUSSELL1000,return,RUSSELL1000_return,2010-12-30,-0.0012130428
RUSSELL1000,return,RUSSELL1000_return,2010-12-31,-0.0004873749
RUSSELL1000,return,RUSSELL1000_return,2011-01-03,0.011302816
RUSSELL1000,return,RUSSELL1000_return,2011-01-04,-0.0020098652
RUSSELL1000,return,RUSSELL1000_return,2011-01-05,0.0051672341
RUSSELL1000,return,RUSSELL1000_return,2011-01-06,-0.0016331714
RUSSELL1000,return,RUSSELL1000_return,2011-01-07,-0.0016417188
RUSSELL1000,return,RUSSELL1000_return,2011-01-10,-0.0007912007
RUSSELL1000,return,RUSSELL1000_return,2011-01-11,0.0039212165
RUSSELL1000,return,RUSSELL1000_return,2011-01-12,0.0088339364
RUSSELL1000,return,RUSSELL1000_return,2011-01-13,-0.0015389748
RUSSELL1000,return,RUSSELL1000_return,2011-01-14,0.0072238049
RUSSELL1000,return,RUSSELL1000_return,2011-01-18,0.0021868143
RUSSELL1000,return,RUSSELL1000_return,2011-01-19,-0.0107760886
RUSSELL1000,return,RUSSELL1000_return,2011-01-20,-0.0020814004
RUSSELL1000,return,RUSSELL1000_return,2011-01-21,0.001834479
RUSSELL1000,return,RUSSELL1000_return,2011-01-24,0.0062877419
RUSSELL1000,return,RUSSELL1000_return,2011-01-25,0.0003129578
RUSSELL1000,return,RUSSELL1000_return,2011-01-26,0.0050841097
RUSSELL1000,return,RUSSELL1000_return,2011-01-27,0.0025682026
RUSSELL1000,return,RUSSELL1000_return,2011-01-28,-0.0177175597
RUSSELL1000,return,RUSSELL1000_return,2011-01-31,0.0076740247
RUSSELL1000,return,RUSSELL1000_return,2011-02-01,0.0165767581
RUSSELL1000,return,RUSSELL1000_return,2011-02-02,-0.002432913
RUSSELL1000,return,RUSSELL1000_return,2011-02-03,0.0025950556
RUSSELL1000,return,RUSSELL1000_return,2011-02-04,0.0028911614
RUSSELL1000,return,RUSSELL1000_return,2011-02-07,0.0064169901
RUSSELL1000,return,RUSSELL1000_return,2011-02-08,0.0044624157
RUSSELL1000,return,RUSSELL1000_return,2011-02-09,-0.0027209846
RUSSELL1000,return,RUSSELL1000_return,2011-02-10,0.001277733
RUSSELL1000,return,RUSSELL1000_return,2011-02-11,0.0059909402
RUSSELL1000,return,RUSSELL1000_return,2011-02-14,0.0030258947
RUSSELL1000,return,RUSSELL1000_return,2011-02-15,-0.0034532925
RUSSELL1000,return,RUSSELL1000_return,2011-02-16,0.0066802541
RUSSELL1000,return,RUSSELL1000_return,2011-02-17,0.0032949167
RUSSELL1000,return,RUSSELL1000_return,2011-02-18,0.0015040351
RUSSELL1000,return,RUSSELL1000_return,2011-02-22,-0.0210687799
RUSSELL1000,return,RUSSELL1000_return,2011-02-23,-0.0069031589
RUSSELL1000,return,RUSSELL1000_return,2011-02-24,-0.0005442743
RUSSELL1000,return,RUSSELL1000_return,2011-02-25,0.0119396266
RUSSELL1000,return,RUSSELL1000_return,2011-02-28,0.0052314699
RUSSELL1000,return,RUSSELL1000_return,2011-03-01,-0.0158848752
RUSSELL1000,return,RUSSELL1000_return,2011-03-02,0.0020513039
RUSSELL1000,return,RUSSELL1000_return,2011-03-03,0.0174920205
RUSSELL1000,return,RUSSELL1000_return,2011-03-04,-0.0072114175
RUSSELL1000,return,RUSSELL1000_return,2011-03-07,-0.0087315659
RUSSELL1000,return,RUSSELL1000_return,2011-03-08,0.008966114
RUSSELL1000,return,RUSSELL1000_return,2011-03-09,-0.0014445964
RUSSELL1000,return,RUSSELL1000_return,2011-03-10,-0.0188253736
RUSSELL1000,return,RUSSELL1000_return,2011-03-11,0.0072959336
RUSSELL1000,return,RUSSELL1000_return,2011-03-14,-0.005870826
RUSSELL1000,return,RUSSELL1000_return,2011-03-15,-0.0107965913
RUSSELL1000,return,RUSSELL1000_return,2011-03-16,-0.0184899187
RUSSELL1000,return,RUSSELL1000_return,2011-03-17,0.0126079704
RUSSELL1000,return,RUSSELL1000_return,2011-03-18,0.0043631811
RUSSELL1000,return,RUSSELL1000_return,2011-03-21,0.0153872073
RUSSELL1000,return,RUSSELL1000_return,2011-03-22,-0.0036489123
RUSSELL1000,return,RUSSELL1000_return,2011-03-23,0.002705725
RUSSELL1000,return,RUSSELL1000_return,2011-03-24,0.0095319329
RUSSELL1000,return,RUSSELL1000_return,2011-03-25,0.0036498492
RUSSELL1000,return,RUSSELL1000_return,2011-03-28,-0.0029929703
RUSSELL1000,return,RUSSELL1000_return,2011-03-29,0.0074743086
RUSSELL1000,return,RUSSELL1000_return,2011-03-30,0.0073535267
RUSSELL1000,return,RUSSELL1000_return,2011-03-31,-0.0012311429
RUSSELL1000,return,RUSSELL1000_return,2011-04-01,0.0052546434
RUSSELL1000,return,RUSSELL1000_return,2011-04-04,0.0005212206
RUSSELL1000,return,RUSSELL1000_return,2011-04-05,0.0001983657
RUSSELL1000,return,RUSSELL1000_return,2011-04-06,0.0020708335
RUSSELL1000,return,RUSSELL1000_return,2011-04-07,-0.0018561969
RUSSELL1000,return,RUSSELL1000_return,2011-04-08,-0.0041356979
RUSSELL1000,return,RUSSELL1000_return,2011-04-11,-0.0031631176
RUSSELL1000,return,RUSSELL1000_return,2011-04-12,-0.0080166301
RUSSELL1000,return,RUSSELL1000_return,2011-04-13,0.0008499678
RUSSELL1000,return,RUSSELL1000_return,2011-04-14,0.0001025727
RUSSELL1000,return,RUSSELL1000_return,2011-04-15,0.0044494854
RUSSELL1000,return,RUSSELL1000_return,2011-04-18,-0.0113731386
RUSSELL1000,return,RUSSELL1000_return,2011-04-19,0.0057804255
RUSSELL1000,return,RUSSELL1000_return,2011-04-20,0.0139589147
RUSSELL1000,return,RUSSELL1000_return,2011-04-21,0.0056051545
RUSSELL1000,return,RUSSELL1000_return,2011-04-25,-0.001445544
RUSSELL1000,return,RUSSELL1000_return,2011-04-26,0.0090021779
RUSSELL1000,return,RUSSELL1000_return,2011-04-27,0.0063879456
RUSSELL1000,return,RUSSELL1000_return,2011-04-28,0.0033091722
RUSSELL1000,return,RUSSELL1000_return,2011-04-29,0.0024713676
RUSSELL1000,return,RUSSELL1000_return,2011-05-02,-0.0019190083
RUSSELL1000,return,RUSSELL1000_return,2011-05-03,-0.0043721387
RUSSELL1000,return,RUSSELL1000_return,2011-05-04,-0.0068339473
RUSSELL1000,return,RUSSELL1000_return,2011-05-05,-0.0082777642
RUSSELL1000,return,RUSSELL1000_return,2011-05-06,0.0040023099
RUSSELL1000,return,RUSSELL1000_return,2011-05-09,0.0051377151
RUSSELL1000,return,RUSSELL1000_return,2011-05-10,0.0083467167
RUSSELL1000,return,RUSSELL1000_return,2011-05-11,-0.0105854687
RUSSELL1000,return,RUSSELL1000_return,2011-05-12,0.0048570617
RUSSELL1000,return,RUSSELL1000_return,2011-05-13,-0.0081932059
RUSSELL1000,return,RUSSELL1000_return,2011-05-16,-0.0064487171
RUSSELL1000,return,RUSSELL1000_return,2011-05-17,-0.0007840903
RUSSELL1000,return,RUSSELL1000_return,2011-05-18,0.0097062189
RUSSELL1000,return,RUSSELL1000_return,2011-05-19,0.0021465607
RUSSELL1000,return,RUSSELL1000_return,2011-05-20,-0.0072999997
RUSSELL1000,return,RUSSELL1000_return,2011-05-23,-0.0123239547
RUSSELL1000,return,RUSSELL1000_return,2011-05-24,-0.0009232714
RUSSELL1000,return,RUSSELL1000_return,2011-05-25,0.003783592
RUSSELL1000,return,RUSSELL1000_return,2011-05-26,0.0047286548
RUSSELL1000,return,RUSSELL1000_return,2011-05-27,0.004563277
RUSSELL1000,return,RUSSELL1000_return,2011-05-31,0.0103872738
RUSSELL1000,return,RUSSELL1000_return,2011-06-01,-0.0225957191
RUSSELL1000,return,RUSSELL1000_return,2011-06-02,-0.0010011732
RUSSELL1000,return,RUSSELL1000_return,2011-06-03,-0.0099668689
RUSSELL1000,return,RUSSELL1000_return,2011-06-06,-0.0112101474
RUSSELL1000,return,RUSSELL1000_return,2011-06-07,-0.0004328608
RUSSELL1000,return,RUSSELL1000_return,2011-06-08,-0.004554635
RUSSELL1000,return,RUSSELL1000_return,2011-06-09,0.0070535248
RUSSELL1000,return,RUSSELL1000_return,2011-06-10,-0.0142375249
RUSSELL1000,return,RUSSELL1000_return,2011-06-13,0.0003226777
RUSSELL1000,return,RUSSELL1000_return,2011-06-14,0.0131473664
RUSSELL1000,return,RUSSELL1000_return,2011-06-15,-0.0171418046
RUSSELL1000,return,RUSSELL1000_return,2011-06-16,0.0012722084
RUSSELL1000,return,RUSSELL1000_return,2011-06-17,0.0027584479
RUSSELL1000,return,RUSSELL1000_return,2011-06-20,0.0055453657
RUSSELL1000,return,RUSSELL1000_return,2011-06-21,0.0141812234
RUSSELL1000,return,RUSSELL1000_return,2011-06-22,-0.0061218781
RUSSELL1000,return,RUSSELL1000_return,2011-06-23,-0.0024294192
RUSSELL1000,return,RUSSELL1000_return,2011-06-24,-0.0115554127
RUSSELL1000,return,RUSSELL1000_return,2011-06-27,0.0086735126
RUSSELL1000,return,RUSSELL1000_return,2011-06-28,0.0134967531
RUSSELL1000,return,RUSSELL1000_return,2011-06-29,0.0085195116
RUSSELL1000,return,RUSSELL1000_return,2011-06-30,0.0098073458
RUSSELL1000,return,RUSSELL1000_return,2011-07-01,0.0147300037
RUSSELL1000,return,RUSSELL1000_return,2011-07-05,-0.0008495605
RUSSELL1000,return,RUSSELL1000_return,2011-07-06,0.001668966
RUSSELL1000,return,RUSSELL1000_return,2011-07-07,0.0104746754
RUSSELL1000,return,RUSSELL1000_return,2011-07-08,-0.0067865
RUSSELL1000,return,RUSSELL1000_return,2011-07-11,-0.0188774592
RUSSELL1000,return,RUSSELL1000_return,2011-07-12,-0.0044509706
RUSSELL1000,return,RUSSELL1000_return,2011-07-13,0.0033952109
RUSSELL1000,return,RUSSELL1000_return,2011-07-14,-0.007313709
RUSSELL1000,return,RUSSELL1000_return,2011-07-15,0.0059671696
RUSSELL1000,return,RUSSELL1000_return,2011-07-18,-0.008847992
RUSSELL1000,return,RUSSELL1000_return,2011-07-19,0.0166135423
RUSSELL1000,return,RUSSELL1000_return,2011-07-20,-0.0005840677
RUSSELL1000,return,RUSSELL1000_return,2011-07-21,0.0131129461
RUSSELL1000,return,RUSSELL1000_return,2011-07-22,0.0013831587
RUSSELL1000,return,RUSSELL1000_return,2011-07-25,-0.00607351
RUSSELL1000,return,RUSSELL1000_return,2011-07-26,-0.0042065749
RUSSELL1000,return,RUSSELL1000_return,2011-07-27,-0.0211226628
RUSSELL1000,return,RUSSELL1000_return,2011-07-28,-0.0032551815
RUSSELL1000,return,RUSSELL1000_return,2011-07-29,-0.0059513136
RUSSELL1000,return,RUSSELL1000_return,2011-08-01,-0.0041412967
RUSSELL1000,return,RUSSELL1000_return,2011-08-02,-0.0263210164
RUSSELL1000,return,RUSSELL1000_return,2011-08-03,0.0054833574
RUSSELL1000,return,RUSSELL1000_return,2011-08-04,-0.0498739893
RUSSELL1000,return,RUSSELL1000_return,2011-08-05,-0.0027167294
RUSSELL1000,return,RUSSELL1000_return,2011-08-08,-0.0685997571
RUSSELL1000,return,RUSSELL1000_return,2011-08-09,0.0495395283
RUSSELL1000,return,RUSSELL1000_return,2011-08-10,-0.0421618312
RUSSELL1000,return,RUSSELL1000_return,2011-08-11,0.0471596319
RUSSELL1000,return,RUSSELL1000_return,2011-08-12,0.0054181841
RUSSELL1000,return,RUSSELL1000_return,2011-08-15,0.0224944614
RUSSELL1000,return,RUSSELL1000_return,2011-08-16,-0.0102099497
RUSSELL1000,return,RUSSELL1000_return,2011-08-17,0.0003491725
RUSSELL1000,return,RUSSELL1000_return,2011-08-18,-0.045910451
RUSSELL1000,return,RUSSELL1000_return,2011-08-19,-0.0155266095
RUSSELL1000,return,RUSSELL1000_return,2011-08-22,4.30722e-05
RUSSELL1000,return,RUSSELL1000_return,2011-08-23,0.0347756039
RUSSELL1000,return,RUSSELL1000_return,2011-08-24,0.0132986846
RUSSELL1000,return,RUSSELL1000_return,2011-08-25,-0.0163113012
RUSSELL1000,return,RUSSELL1000_return,2011-08-26,0.016644201
RUSSELL1000,return,RUSSELL1000_return,2011-08-29,0.0296973833
RUSSELL1000,return,RUSSELL1000_return,2011-08-30,0.0029224596
RUSSELL1000,return,RUSSELL1000_return,2011-08-31,0.0048808535
RUSSELL1000,return,RUSSELL1000_return,2011-09-01,-0.0122752526
RUSSELL1000,return,RUSSELL1000_return,2011-09-02,-0.0256836761
RUSSELL1000,return,RUSSELL1000_return,2011-09-06,-0.0072807404
RUSSELL1000,return,RUSSELL1000_return,2011-09-07,0.0298943246
RUSSELL1000,return,RUSSELL1000_return,2011-09-08,-0.0108183952
RUSSELL1000,return,RUSSELL1000_return,2011-09-09,-0.0267629012
RUSSELL1000,return,RUSSELL1000_return,2011-09-12,0.0067102395
RUSSELL1000,return,RUSSELL1000_return,2011-09-13,0.010320447
RUSSELL1000,return,RUSSELL1000_return,2011-09-14,0.013938104
RUSSELL1000,return,RUSSELL1000_return,2011-09-15,0.0168298228
RUSSELL1000,return,RUSSELL1000_return,2011-09-16,0.0050592307
RUSSELL1000,return,RUSSELL1000_return,2011-09-19,-0.0099099672
RUSSELL1000,return,RUSSELL1000_return,2011-09-20,-0.0029179249
RUSSELL1000,return,RUSSELL1000_return,2011-09-21,-0.0296129498
RUSSELL1000,return,RUSSELL1000_return,2011-09-22,-0.032834105
RUSSELL1000,return,RUSSELL1000_return,2011-09-23,0.0066867756
RUSSELL1000,return,RUSSELL1000_return,2011-09-26,0.0226424699
RUSSELL1000,return,RUSSELL1000_return,2011-09-27,0.0113472034
RUSSELL1000,return,RUSSELL1000_return,2011-09-28,-0.0216494732
RUSSELL1000,return,RUSSELL1000_return,2011-09-29,0.0076027528
RUSSELL1000,return,RUSSELL1000_return,2011-09-30,-0.0252286011
RUSSELL1000,return,RUSSELL1000_return,2011-10-03,-0.0304735125
RUSSELL1000,return,RUSSELL1000_return,2011-10-04,0.0239925358
RUSSELL1000,return,RUSSELL1000_return,2011-10-05,0.0189092403
RUSSELL1000,return,RUSSELL1000_return,2011-10-06,0.0194142599
RUSSELL1000,return,RUSSELL1000_return,2011-10-07,-0.0089982096
RUSSELL1000,return,RUSSELL1000_return,2011-10-10,0.0342699169
RUSSELL1000,return,RUSSELL1000_return,2011-10-11,0.0005636713
RUSSELL1000,return,RUSSELL1000_return,2011-10-12,0.0102490221
RUSSELL1000,return,RUSSELL1000_return,2011-10-13,-0.0023239367
RUSSELL1000,return,RUSSELL1000_return,2011-10-14,0.0175348914
RUSSELL1000,return,RUSSELL1000_return,2011-10-17,-0.0199378537
RUSSELL1000,return,RUSSELL1000_return,2011-10-18,0.0207237417
RUSSELL1000,return,RUSSELL1000_return,2011-10-19,-0.0128685521
RUSSELL1000,return,RUSSELL1000_return,2011-10-20,0.0044589672
RUSSELL1000,return,RUSSELL1000_return,2011-10-21,0.0191095209
RUSSELL1000,return,RUSSELL1000_return,2011-10-24,0.0146904876
RUSSELL1000,return,RUSSELL1000_return,2011-10-25,-0.0203918605
RUSSELL1000,return,RUSSELL1000_return,2011-10-26,0.0107484403
RUSSELL1000,return,RUSSELL1000_return,2011-10-27,0.0346678273
RUSSELL1000,return,RUSSELL1000_return,2011-10-28,0.0003601224
RUSSELL1000,return,RUSSELL1000_return,2011-10-31,-0.024561349
RUSSELL1000,return,RUSSELL1000_return,2011-11-01,-0.0282536822
RUSSELL1000,return,RUSSELL1000_return,2011-11-02,0.0164132585
RUSSELL1000,return,RUSSELL1000_return,2011-11-03,0.0193293586
RUSSELL1000,return,RUSSELL1000_return,2011-11-04,-0.0053111455
RUSSELL1000,return,RUSSELL1000_return,2011-11-07,0.0055038473
RUSSELL1000,return,RUSSELL1000_return,2011-11-08,0.0119354434
RUSSELL1000,return,RUSSELL1000_return,2011-11-09,-0.0370369069
RUSSELL1000,return,RUSSELL1000_return,2011-11-10,0.0081759633
RUSSELL1000,return,RUSSELL1000_return,2011-11-11,0.0196894296
RUSSELL1000,return,RUSSELL1000_return,2011-11-14,-0.0092232923
RUSSELL1000,return,RUSSELL1000_return,2011-11-15,0.0052290273
RUSSELL1000,return,RUSSELL1000_return,2011-11-16,-0.0160996481
RUSSELL1000,return,RUSSELL1000_return,2011-11-17,-0.0170100851
RUSSELL1000,return,RUSSELL1000_return,2011-11-18,-0.0005247428
RUSSELL1000,return,RUSSELL1000_return,2011-11-21,-0.018186869
RUSSELL1000,return,RUSSELL1000_return,2011-11-22,-0.0041382324
RUSSELL1000,return,RUSSELL1000_return,2011-11-23,-0.0223993165
RUSSELL1000,return,RUSSELL1000_return,2011-11-25,-0.0025004378
RUSSELL1000,return,RUSSELL1000_return,2011-11-28,0.0297348726
RUSSELL1000,return,RUSSELL1000_return,2011-11-29,0.0022746363
RUSSELL1000,return,RUSSELL1000_return,2011-11-30,0.0436541218
RUSSELL1000,return,RUSSELL1000_return,2011-12-01,-0.0019228213
RUSSELL1000,return,RUSSELL1000_return,2011-12-02,7.16726e-05
RUSSELL1000,return,RUSSELL1000_return,2011-12-05,0.0104141213
RUSSELL1000,return,RUSSELL1000_return,2011-12-06,0.0005319661
RUSSELL1000,return,RUSSELL1000_return,2011-12-07,0.0018437517
RUSSELL1000,return,RUSSELL1000_return,2011-12-08,-0.02166902
RUSSELL1000,return,RUSSELL1000_return,2011-12-09,0.0172356051
RUSSELL1000,return,RUSSELL1000_return,2011-12-12,-0.0150432199
RUSSELL1000,return,RUSSELL1000_return,2011-12-13,-0.009467896
RUSSELL1000,return,RUSSELL1000_return,2011-12-14,-0.011849298
RUSSELL1000,return,RUSSELL1000_return,2011-12-15,0.0037327996
RUSSELL1000,return,RUSSELL1000_return,2011-12-16,0.0041138015
RUSSELL1000,return,RUSSELL1000_return,2011-12-19,-0.0123760249
RUSSELL1000,return,RUSSELL1000_return,2011-12-20,0.0302608927
RUSSELL1000,return,RUSSELL1000_return,2011-12-21,0.0020088449
RUSSELL1000,return,RUSSELL1000_return,2011-12-22,0.008804942
RUSSELL1000,return,RUSSELL1000_return,2011-12-23,0.0087731436
RUSSELL1000,return,RUSSELL1000_return,2011-12-27,0.0002792421
RUSSELL1000,return,RUSSELL1000_return,2011-12-28,-0.0128521918
RUSSELL1000,return,RUSSELL1000_return,2011-12-29,0.0109081491
RUSSELL1000,return,RUSSELL1000_return,2011-12-30,-0.004030754
RUSSELL1000,return,RUSSELL1000_return,2012-01-03,0.0150316705
RUSSELL1000,return,RUSSELL1000_return,2012-01-04,0.000140271
RUSSELL1000,return,RUSSELL1000_return,2012-01-05,0.0035822849
RUSSELL1000,return,RUSSELL1000_return,2012-01-06,-0.0017872399
RUSSELL1000,return,RUSSELL1000_return,2012-01-09,0.0025837784
RUSSELL1000,return,RUSSELL1000_return,2012-01-10,0.009284766
RUSSELL1000,return,RUSSELL1000_return,2012-01-11,0.000932858
RUSSELL1000,return,RUSSELL1000_return,2012-01-12,0.0026042441
RUSSELL1000,return,RUSSELL1000_return,2012-01-13,-0.0050898851
RUSSELL1000,return,RUSSELL1000_return,2012-01-17,0.0034426027
RUSSELL1000,return,RUSSELL1000_return,2012-01-18,0.011732482
RUSSELL1000,return,RUSSELL1000_return,2012-01-19,0.0052995739
RUSSELL1000,return,RUSSELL1000_return,2012-01-20,0.0004281367
RUSSELL1000,return,RUSSELL1000_return,2012-01-23,0.0004131332
RUSSELL1000,return,RUSSELL1000_return,2012-01-24,-0.0004169093
RUSSELL1000,return,RUSSELL1000_return,2012-01-25,0.0093835655
RUSSELL1000,return,RUSSELL1000_return,2012-01-26,-0.0056637024
RUSSELL1000,return,RUSSELL1000_return,2012-01-27,-0.0007255114
RUSSELL1000,return,RUSSELL1000_return,2012-01-30,-0.0027269403
RUSSELL1000,return,RUSSELL1000_return,2012-01-31,-0.0005307554
RUSSELL1000,return,RUSSELL1000_return,2012-02-01,0.0100583613
RUSSELL1000,return,RUSSELL1000_return,2012-02-02,0.0013705771
RUSSELL1000,return,RUSSELL1000_return,2012-02-03,0.0150158111
RUSSELL1000,return,RUSSELL1000_return,2012-02-06,-0.0003527528
RUSSELL1000,return,RUSSELL1000_return,2012-02-07,0.0019028812
RUSSELL1000,return,RUSSELL1000_return,2012-02-08,0.0023980919
RUSSELL1000,return,RUSSELL1000_return,2012-02-09,0.0017789513
RUSSELL1000,return,RUSSELL1000_return,2012-02-10,-0.0072187624
RUSSELL1000,return,RUSSELL1000_return,2012-02-13,0.0072297361
RUSSELL1000,return,RUSSELL1000_return,2012-02-14,-0.0008502171
RUSSELL1000,return,RUSSELL1000_return,2012-02-15,-0.0045877454
RUSSELL1000,return,RUSSELL1000_return,2012-02-16,0.0116744801
RUSSELL1000,return,RUSSELL1000_return,2012-02-17,0.0018244023
RUSSELL1000,return,RUSSELL1000_return,2012-02-21,0.0001635872
RUSSELL1000,return,RUSSELL1000_return,2012-02-22,-0.003331625
RUSSELL1000,return,RUSSELL1000_return,2012-02-23,0.0048993535
RUSSELL1000,return,RUSSELL1000_return,2012-02-24,0.0017384825
RUSSELL1000,return,RUSSELL1000_return,2012-02-27,0.0012762773
RUSSELL1000,return,RUSSELL1000_return,2012-02-28,0.0029536141
RUSSELL1000,return,RUSSELL1000_return,2012-02-29,-0.0046600696
RUSSELL1000,return,RUSSELL1000_return,2012-03-01,0.0065249489
RUSSELL1000,return,RUSSELL1000_return,2012-03-02,-0.0035891889
RUSSELL1000,return,RUSSELL1000_return,2012-03-05,-0.0041464696
RUSSELL1000,return,RUSSELL1000_return,2012-03-06,-0.0158652498
RUSSELL1000,return,RUSSELL1000_return,2012-03-07,0.007613213
RUSSELL1000,return,RUSSELL1000_return,2012-03-08,0.0101575925
RUSSELL1000,return,RUSSELL1000_return,2012-03-09,0.0040794058
RUSSELL1000,return,RUSSELL1000_return,2012-03-12,-0.0003299464
RUSSELL1000,return,RUSSELL1000_return,2012-03-13,0.0185766573
RUSSELL1000,return,RUSSELL1000_return,2012-03-14,-0.0017081239
RUSSELL1000,return,RUSSELL1000_return,2012-03-15,0.0062319297
RUSSELL1000,return,RUSSELL1000_return,2012-03-16,0.0009330416
RUSSELL1000,return,RUSSELL1000_return,2012-03-19,0.003814057
RUSSELL1000,return,RUSSELL1000_return,2012-03-20,-0.0034797752
RUSSELL1000,return,RUSSELL1000_return,2012-03-21,-0.0015377105
RUSSELL1000,return,RUSSELL1000_return,2012-03-22,-0.0075561649
RUSSELL1000,return,RUSSELL1000_return,2012-03-23,0.0034434269
RUSSELL1000,return,RUSSELL1000_return,2012-03-26,0.0138661901
RUSSELL1000,return,RUSSELL1000_return,2012-03-27,-0.0028995632
RUSSELL1000,return,RUSSELL1000_return,2012-03-28,-0.0048289741
RUSSELL1000,return,RUSSELL1000_return,2012-03-29,-0.0013761154
RUSSELL1000,return,RUSSELL1000_return,2012-03-30,0.0034989192
RUSSELL1000,return,RUSSELL1000_return,2012-04-02,0.0074373926
RUSSELL1000,return,RUSSELL1000_return,2012-04-03,-0.0031916938
RUSSELL1000,return,RUSSELL1000_return,2012-04-04,-0.0105542397
RUSSELL1000,return,RUSSELL1000_return,2012-04-05,-0.0004376002
RUSSELL1000,return,RUSSELL1000_return,2012-04-09,-0.0114397389
RUSSELL1000,return,RUSSELL1000_return,2012-04-10,-0.0178516566
RUSSELL1000,return,RUSSELL1000_return,2012-04-11,0.0080565032
RUSSELL1000,return,RUSSELL1000_return,2012-04-12,0.0143190869
RUSSELL1000,return,RUSSELL1000_return,2012-04-13,-0.0122504257
RUSSELL1000,return,RUSSELL1000_return,2012-04-16,-0.0006409433
RUSSELL1000,return,RUSSELL1000_return,2012-04-17,0.015390409
RUSSELL1000,return,RUSSELL1000_return,2012-04-18,-0.0038795254
RUSSELL1000,return,RUSSELL1000_return,2012-04-19,-0.0053587971
RUSSELL1000,return,RUSSELL1000_return,2012-04-20,0.0010945058
RUSSELL1000,return,RUSSELL1000_return,2012-04-23,-0.008655696
RUSSELL1000,return,RUSSELL1000_return,2012-04-24,0.0032902993
RUSSELL1000,return,RUSSELL1000_return,2012-04-25,0.0142061429
RUSSELL1000,return,RUSSELL1000_return,2012-04-26,0.0069416368
RUSSELL1000,return,RUSSELL1000_return,2012-04-27,0.0027509581
RUSSELL1000,return,RUSSELL1000_return,2012-04-30,-0.0042008394
RUSSELL1000,return,RUSSELL1000_return,2012-05-01,0.0054977026
RUSSELL1000,return,RUSSELL1000_return,2012-05-02,-0.0020007619
RUSSELL1000,return,RUSSELL1000_return,2012-05-03,-0.008445105
RUSSELL1000,return,RUSSELL1000_return,2012-05-04,-0.0160239502
RUSSELL1000,return,RUSSELL1000_return,2012-05-07,0.0004790808
RUSSELL1000,return,RUSSELL1000_return,2012-05-08,-0.0041220114
RUSSELL1000,return,RUSSELL1000_return,2012-05-09,-0.0061459774
RUSSELL1000,return,RUSSELL1000_return,2012-05-10,0.0027177514
RUSSELL1000,return,RUSSELL1000_return,2012-05-11,-0.0028146154
RUSSELL1000,return,RUSSELL1000_return,2012-05-14,-0.0112376955
RUSSELL1000,return,RUSSELL1000_return,2012-05-15,-0.0055572308
RUSSELL1000,return,RUSSELL1000_return,2012-05-16,-0.004355754
RUSSELL1000,return,RUSSELL1000_return,2012-05-17,-0.0163747913
RUSSELL1000,return,RUSSELL1000_return,2012-05-18,-0.0079773036
RUSSELL1000,return,RUSSELL1000_return,2012-05-21,0.0170135933
RUSSELL1000,return,RUSSELL1000_return,2012-05-22,0.0007168574
RUSSELL1000,return,RUSSELL1000_return,2012-05-23,0.0020614569
RUSSELL1000,return,RUSSELL1000_return,2012-05-24,0.0015302335
RUSSELL1000,return,RUSSELL1000_return,2012-05-25,-0.0019655752
RUSSELL1000,return,RUSSELL1000_return,2012-05-29,0.0114676064
RUSSELL1000,return,RUSSELL1000_return,2012-05-30,-0.0147365009
RUSSELL1000,return,RUSSELL1000_return,2012-05-31,-0.0023475106
RUSSELL1000,return,RUSSELL1000_return,2012-06-01,-0.0252448362
RUSSELL1000,return,RUSSELL1000_return,2012-06-04,-0.0006817817
RUSSELL1000,return,RUSSELL1000_return,2012-06-05,0.0066928754
RUSSELL1000,return,RUSSELL1000_return,2012-06-06,0.0232591741
RUSSELL1000,return,RUSSELL1000_return,2012-06-07,-0.0007078104
RUSSELL1000,return,RUSSELL1000_return,2012-06-08,0.0080101635
RUSSELL1000,return,RUSSELL1000_return,2012-06-11,-0.0133658001
RUSSELL1000,return,RUSSELL1000_return,2012-06-12,0.0115496164
RUSSELL1000,return,RUSSELL1000_return,2012-06-13,-0.0073324623
RUSSELL1000,return,RUSSELL1000_return,2012-06-14,0.0103672228
RUSSELL1000,return,RUSSELL1000_return,2012-06-15,0.0102338065
RUSSELL1000,return,RUSSELL1000_return,2012-06-18,0.0022016795
RUSSELL1000,return,RUSSELL1000_return,2012-06-19,0.010042142
RUSSELL1000,return,RUSSELL1000_return,2012-06-20,-0.0014756929
RUSSELL1000,return,RUSSELL1000_return,2012-06-21,-0.0226014711
RUSSELL1000,return,RUSSELL1000_return,2012-06-22,0.0070062624
RUSSELL1000,return,RUSSELL1000_return,2012-06-25,-0.0161151224
RUSSELL1000,return,RUSSELL1000_return,2012-06-26,0.005087903
RUSSELL1000,return,RUSSELL1000_return,2012-06-27,0.0090316495
RUSSELL1000,return,RUSSELL1000_return,2012-06-28,-0.0018467844
RUSSELL1000,return,RUSSELL1000_return,2012-06-29,0.0252295978
RUSSELL1000,return,RUSSELL1000_return,2012-07-02,0.0029126845
RUSSELL1000,return,RUSSELL1000_return,2012-07-03,0.0070303534
RUSSELL1000,return,RUSSELL1000_return,2012-07-05,-0.0041611965
RUSSELL1000,return,RUSSELL1000_return,2012-07-06,-0.009409279
RUSSELL1000,return,RUSSELL1000_return,2012-07-09,-0.0019701078
RUSSELL1000,return,RUSSELL1000_return,2012-07-10,-0.0084652735
RUSSELL1000,return,RUSSELL1000_return,2012-07-11,-0.0003778776
RUSSELL1000,return,RUSSELL1000_return,2012-07-12,-0.0046882929
RUSSELL1000,return,RUSSELL1000_return,2012-07-13,0.0162566564
RUSSELL1000,return,RUSSELL1000_return,2012-07-16,-0.0025839499
RUSSELL1000,return,RUSSELL1000_return,2012-07-17,0.007259162
RUSSELL1000,return,RUSSELL1000_return,2012-07-18,0.0066325066
RUSSELL1000,return,RUSSELL1000_return,2012-07-19,0.0028116702
RUSSELL1000,return,RUSSELL1000_return,2012-07-20,-0.0101606972
RUSSELL1000,return,RUSSELL1000_return,2012-07-23,-0.0093171388
RUSSELL1000,return,RUSSELL1000_return,2012-07-24,-0.0093823568
RUSSELL1000,return,RUSSELL1000_return,2012-07-25,0.0001037577
RUSSELL1000,return,RUSSELL1000_return,2012-07-26,0.0160390899
RUSSELL1000,return,RUSSELL1000_return,2012-07-27,0.0192593198
RUSSELL1000,return,RUSSELL1000_return,2012-07-30,-0.0007961944
RUSSELL1000,return,RUSSELL1000_return,2012-07-31,-0.0044236753
RUSSELL1000,return,RUSSELL1000_return,2012-08-01,-0.0034006476
RUSSELL1000,return,RUSSELL1000_return,2012-08-02,-0.0070784602
RUSSELL1000,return,RUSSELL1000_return,2012-08-03,0.0191044061
RUSSELL1000,return,RUSSELL1000_return,2012-08-06,0.0026539945
RUSSELL1000,return,RUSSELL1000_return,2012-08-07,0.0055782893
RUSSELL1000,return,RUSSELL1000_return,2012-08-08,0.000892748
RUSSELL1000,return,RUSSELL1000_return,2012-08-09,0.0010763192
RUSSELL1000,return,RUSSELL1000_return,2012-08-10,0.0021352935
RUSSELL1000,return,RUSSELL1000_return,2012-08-13,-0.0011779382
RUSSELL1000,return,RUSSELL1000_return,2012-08-14,-7.10491e-05
RUSSELL1000,return,RUSSELL1000_return,2012-08-15,0.0020261937
RUSSELL1000,return,RUSSELL1000_return,2012-08-16,0.0073141747
RUSSELL1000,return,RUSSELL1000_return,2012-08-17,0.0020224969
RUSSELL1000,return,RUSSELL1000_return,2012-08-20,-0.0002652971
RUSSELL1000,return,RUSSELL1000_return,2012-08-21,-0.0030074383
RUSSELL1000,return,RUSSELL1000_return,2012-08-22,0.0002220417
RUSSELL1000,return,RUSSELL1000_return,2012-08-23,-0.0077482258
RUSSELL1000,return,RUSSELL1000_return,2012-08-24,0.0062227562
RUSSELL1000,return,RUSSELL1000_return,2012-08-27,-0.0006277446
RUSSELL1000,return,RUSSELL1000_return,2012-08-28,-0.0002666957
RUSSELL1000,return,RUSSELL1000_return,2012-08-29,0.0011137343
RUSSELL1000,return,RUSSELL1000_return,2012-08-30,-0.0075150929
RUSSELL1000,return,RUSSELL1000_return,2012-08-31,0.0051488826
RUSSELL1000,return,RUSSELL1000_return,2012-09-04,-0.0002444435
RUSSELL1000,return,RUSSELL1000_return,2012-09-05,-0.0007245534
RUSSELL1000,return,RUSSELL1000_return,2012-09-06,0.0205009369
RUSSELL1000,return,RUSSELL1000_return,2012-09-07,0.0044050921
RUSSELL1000,return,RUSSELL1000_return,2012-09-10,-0.0059635438
RUSSELL1000,return,RUSSELL1000_return,2012-09-11,0.0029916851
RUSSELL1000,return,RUSSELL1000_return,2012-09-12,0.0025639365
RUSSELL1000,return,RUSSELL1000_return,2012-09-13,0.0157294519
RUSSELL1000,return,RUSSELL1000_return,2012-09-14,0.0048773548
RUSSELL1000,return,RUSSELL1000_return,2012-09-17,-0.0039164904
RUSSELL1000,return,RUSSELL1000_return,2012-09-18,-0.0016437889
RUSSELL1000,return,RUSSELL1000_return,2012-09-19,0.0015550812
RUSSELL1000,return,RUSSELL1000_return,2012-09-20,-0.0011004104
RUSSELL1000,return,RUSSELL1000_return,2012-09-21,4.43125e-05
RUSSELL1000,return,RUSSELL1000_return,2012-09-24,-0.002499211
RUSSELL1000,return,RUSSELL1000_return,2012-09-25,-0.0109100482
RUSSELL1000,return,RUSSELL1000_return,2012-09-26,-0.0054847482
RUSSELL1000,return,RUSSELL1000_return,2012-09-27,0.0098469737
RUSSELL1000,return,RUSSELL1000_return,2012-09-28,-0.0041076131
RUSSELL1000,return,RUSSELL1000_return,2012-10-01,0.0022042498
RUSSELL1000,return,RUSSELL1000_return,2012-10-02,0.0013198313
RUSSELL1000,return,RUSSELL1000_return,2012-10-03,0.0037561699
RUSSELL1000,return,RUSSELL1000_return,2012-10-04,0.0072124014
RUSSELL1000,return,RUSSELL1000_return,2012-10-05,0.0001085454
RUSSELL1000,return,RUSSELL1000_return,2012-10-08,-0.0035190346
RUSSELL1000,return,RUSSELL1000_return,2012-10-09,-0.0099571106
RUSSELL1000,return,RUSSELL1000_return,2012-10-10,-0.0060388718
RUSSELL1000,return,RUSSELL1000_return,2012-10-11,0.0008899834
RUSSELL1000,return,RUSSELL1000_return,2012-10-12,-0.0032444427
RUSSELL1000,return,RUSSELL1000_return,2012-10-15,0.0079522299
RUSSELL1000,return,RUSSELL1000_return,2012-10-16,0.0102896264
RUSSELL1000,return,RUSSELL1000_return,2012-10-17,0.004390073
RUSSELL1000,return,RUSSELL1000_return,2012-10-18,-0.0020633953
RUSSELL1000,return,RUSSELL1000_return,2012-10-19,-0.0161555412
RUSSELL1000,return,RUSSELL1000_return,2012-10-22,0.000137935
RUSSELL1000,return,RUSSELL1000_return,2012-10-23,-0.0136741097
RUSSELL1000,return,RUSSELL1000_return,2012-10-24,-0.0030126407
RUSSELL1000,return,RUSSELL1000_return,2012-10-25,0.0027965399
RUSSELL1000,return,RUSSELL1000_return,2012-10-26,-0.0009622508
RUSSELL1000,return,RUSSELL1000_return,2012-10-29,0.0
RUSSELL1000,return,RUSSELL1000_return,2012-10-31,0.0009908137
RUSSELL1000,return,RUSSELL1000_return,2012-11-01,0.0120758756
RUSSELL1000,return,RUSSELL1000_return,2012-11-02,-0.0095644106
RUSSELL1000,return,RUSSELL1000_return,2012-11-05,0.0024101201
RUSSELL1000,return,RUSSELL1000_return,2012-11-06,0.0079128665
RUSSELL1000,return,RUSSELL1000_return,2012-11-07,-0.022416399
RUSSELL1000,return,RUSSELL1000_return,2012-11-08,-0.0121853073
RUSSELL1000,return,RUSSELL1000_return,2012-11-09,0.0016507989
RUSSELL1000,return,RUSSELL1000_return,2012-11-12,7.42094e-05
RUSSELL1000,return,RUSSELL1000_return,2012-11-13,-0.0036307279
RUSSELL1000,return,RUSSELL1000_return,2012-11-14,-0.013933404
RUSSELL1000,return,RUSSELL1000_return,2012-11-15,-0.0017690296
RUSSELL1000,return,RUSSELL1000_return,2012-11-16,0.005501781
RUSSELL1000,return,RUSSELL1000_return,2012-11-19,0.019675033
RUSSELL1000,return,RUSSELL1000_return,2012-11-20,0.0010715621
RUSSELL1000,return,RUSSELL1000_return,2012-11-21,0.0025563436
RUSSELL1000,return,RUSSELL1000_return,2012-11-23,0.0129436177
RUSSELL1000,return,RUSSELL1000_return,2012-11-26,-0.001879034
RUSSELL1000,return,RUSSELL1000_return,2012-11-27,-0.0047532951
RUSSELL1000,return,RUSSELL1000_return,2012-11-28,0.0079422546
RUSSELL1000,return,RUSSELL1000_return,2012-11-29,0.0047271163
RUSSELL1000,return,RUSSELL1000_return,2012-11-30,0.0004417446
RUSSELL1000,return,RUSSELL1000_return,2012-12-03,-0.0046421176
RUSSELL1000,return,RUSSELL1000_return,2012-12-04,-0.0016551526
RUSSELL1000,return,RUSSELL1000_return,2012-12-05,0.0018874567
RUSSELL1000,return,RUSSELL1000_return,2012-12-06,0.0036297558
RUSSELL1000,return,RUSSELL1000_return,2012-12-07,0.002917189
RUSSELL1000,return,RUSSELL1000_return,2012-12-10,0.0007906717
RUSSELL1000,return,RUSSELL1000_return,2012-12-11,0.006294579
RUSSELL1000,return,RUSSELL1000_return,2012-12-12,0.0005227512
RUSSELL1000,return,RUSSELL1000_return,2012-12-13,-0.0059989712
RUSSELL1000,return,RUSSELL1000_return,2012-12-14,-0.003927127
RUSSELL1000,return,RUSSELL1000_return,2012-12-17,0.011508752
RUSSELL1000,return,RUSSELL1000_return,2012-12-18,0.0116438644
RUSSELL1000,return,RUSSELL1000_return,2012-12-19,-0.0066924531
RUSSELL1000,return,RUSSELL1000_return,2012-12-20,0.0055482372
RUSSELL1000,return,RUSSELL1000_return,2012-12-21,-0.0092338299
RUSSELL1000,return,RUSSELL1000_return,2012-12-24,-0.0022024685
RUSSELL1000,return,RUSSELL1000_return,2012-12-26,-0.0051206979
RUSSELL1000,return,RUSSELL1000_return,2012-12-27,-0.000867234
RUSSELL1000,return,RUSSELL1000_return,2012-12-28,-0.0104540366
RUSSELL1000,return,RUSSELL1000_return,2012-12-31,0.0168641683
RUSSELL1000,return,RUSSELL1000_return,2013-01-02,0.025423525
RUSSELL1000,return,RUSSELL1000_return,2013-01-03,-0.0014971357
RUSSELL1000,return,RUSSELL1000_return,2013-01-04,0.0052537291
RUSSELL1000,return,RUSSELL1000_return,2013-01-07,-0.0030246421
RUSSELL1000,return,RUSSELL1000_return,2013-01-08,-0.0027281193
RUSSELL1000,return,RUSSELL1000_return,2013-01-09,0.0031380445
RUSSELL1000,return,RUSSELL1000_return,2013-01-10,0.0070084618
RUSSELL1000,return,RUSSELL1000_return,2013-01-11,0.0002186922
RUSSELL1000,return,RUSSELL1000_return,2013-01-14,-0.0006351421
RUSSELL1000,return,RUSSELL1000_return,2013-01-15,0.0016130268
RUSSELL1000,return,RUSSELL1000_return,2013-01-16,-0.0001437485
RUSSELL1000,return,RUSSELL1000_return,2013-01-17,0.0058543222
RUSSELL1000,return,RUSSELL1000_return,2013-01-18,0.0032758922
RUSSELL1000,return,RUSSELL1000_return,2013-01-22,0.0047253377
RUSSELL1000,return,RUSSELL1000_return,2013-01-23,0.0013077777
RUSSELL1000,return,RUSSELL1000_return,2013-01-24,0.0005933905
RUSSELL1000,return,RUSSELL1000_return,2013-01-25,0.0059268585
RUSSELL1000,return,RUSSELL1000_return,2013-01-28,-0.0019297262
RUSSELL1000,return,RUSSELL1000_return,2013-01-29,0.0043862381
RUSSELL1000,return,RUSSELL1000_return,2013-01-30,-0.0036580105
RUSSELL1000,return,RUSSELL1000_return,2013-01-31,-0.0018514721
RUSSELL1000,return,RUSSELL1000_return,2013-02-01,0.0098825988
RUSSELL1000,return,RUSSELL1000_return,2013-02-04,-0.0113036406
RUSSELL1000,return,RUSSELL1000_return,2013-02-05,0.010322701
RUSSELL1000,return,RUSSELL1000_return,2013-02-06,0.0011227665
RUSSELL1000,return,RUSSELL1000_return,2013-02-07,-0.0014984181
RUSSELL1000,return,RUSSELL1000_return,2013-02-08,0.0058259016
RUSSELL1000,return,RUSSELL1000_return,2013-02-11,-0.0007368488
RUSSELL1000,return,RUSSELL1000_return,2013-02-12,0.0017871077
RUSSELL1000,return,RUSSELL1000_return,2013-02-13,0.0011173637
RUSSELL1000,return,RUSSELL1000_return,2013-02-14,0.0008146821
RUSSELL1000,return,RUSSELL1000_return,2013-02-15,-0.0008706029
RUSSELL1000,return,RUSSELL1000_return,2013-02-19,0.0072294827
RUSSELL1000,return,RUSSELL1000_return,2013-02-20,-0.0127809289
RUSSELL1000,return,RUSSELL1000_return,2013-02-21,-0.0066560078
RUSSELL1000,return,RUSSELL1000_return,2013-02-22,0.0090789987
RUSSELL1000,return,RUSSELL1000_return,2013-02-25,-0.0180578728
RUSSELL1000,return,RUSSELL1000_return,2013-02-26,0.006220192
RUSSELL1000,return,RUSSELL1000_return,2013-02-27,0.0131240682
RUSSELL1000,return,RUSSELL1000_return,2013-02-28,-0.000646326
RUSSELL1000,return,RUSSELL1000_return,2013-03-01,0.0018962606
RUSSELL1000,return,RUSSELL1000_return,2013-03-04,0.0046503279
RUSSELL1000,return,RUSSELL1000_return,2013-03-05,0.0098455246
RUSSELL1000,return,RUSSELL1000_return,2013-03-06,0.0014789103
RUSSELL1000,return,RUSSELL1000_return,2013-03-07,0.0020787882
RUSSELL1000,return,RUSSELL1000_return,2013-03-08,0.0048736331
RUSSELL1000,return,RUSSELL1000_return,2013-03-11,0.003153806
RUSSELL1000,return,RUSSELL1000_return,2013-03-12,-0.0022797382
RUSSELL1000,return,RUSSELL1000_return,2013-03-13,0.0018974062
RUSSELL1000,return,RUSSELL1000_return,2013-03-14,0.0056939868
RUSSELL1000,return,RUSSELL1000_return,2013-03-15,-0.0017537354
RUSSELL1000,return,RUSSELL1000_return,2013-03-18,-0.0052890616
RUSSELL1000,return,RUSSELL1000_return,2013-03-19,-0.0025068907
RUSSELL1000,return,RUSSELL1000_return,2013-03-20,0.0071145658
RUSSELL1000,return,RUSSELL1000_return,2013-03-21,-0.0082325066
RUSSELL1000,return,RUSSELL1000_return,2013-03-22,0.0067315136
RUSSELL1000,return,RUSSELL1000_return,2013-03-25,-0.0032885283
RUSSELL1000,return,RUSSELL1000_return,2013-03-26,0.0078895764
RUSSELL1000,return,RUSSELL1000_return,2013-03-27,-0.000174476
RUSSELL1000,return,RUSSELL1000_return,2013-03-28,0.0043477628
RUSSELL1000,return,RUSSELL1000_return,2013-04-01,-0.0048608072
RUSSELL1000,return,RUSSELL1000_return,2013-04-02,0.0041125673
RUSSELL1000,return,RUSSELL1000_return,2013-04-03,-0.0108836872
RUSSELL1000,return,RUSSELL1000_return,2013-04-04,0.0042023826
RUSSELL1000,return,RUSSELL1000_return,2013-04-05,-0.0040159449
RUSSELL1000,return,RUSSELL1000_return,2013-04-08,0.0068436518
RUSSELL1000,return,RUSSELL1000_return,2013-04-09,0.0032532142
RUSSELL1000,return,RUSSELL1000_return,2013-04-10,0.0122428371
RUSSELL1000,return,RUSSELL1000_return,2013-04-11,0.0038614348
RUSSELL1000,return,RUSSELL1000_return,2013-04-12,-0.0027573561
RUSSELL1000,return,RUSSELL1000_return,2013-04-15,-0.0238362329
RUSSELL1000,return,RUSSELL1000_return,2013-04-16,0.014477721
RUSSELL1000,return,RUSSELL1000_return,2013-04-17,-0.0143204118
RUSSELL1000,return,RUSSELL1000_return,2013-04-18,-0.0066868964
RUSSELL1000,return,RUSSELL1000_return,2013-04-19,0.009331903
RUSSELL1000,return,RUSSELL1000_return,2013-04-22,0.0044892018
RUSSELL1000,return,RUSSELL1000_return,2013-04-23,0.0104235643
RUSSELL1000,return,RUSSELL1000_return,2013-04-24,0.0003343421
RUSSELL1000,return,RUSSELL1000_return,2013-04-25,0.0043005044
RUSSELL1000,return,RUSSELL1000_return,2013-04-26,-0.0019340235
RUSSELL1000,return,RUSSELL1000_return,2013-04-29,0.0071690029
RUSSELL1000,return,RUSSELL1000_return,2013-04-30,0.0030284665
RUSSELL1000,return,RUSSELL1000_return,2013-05-01,-0.0097649079
RUSSELL1000,return,RUSSELL1000_return,2013-05-02,0.0092846342
RUSSELL1000,return,RUSSELL1000_return,2013-05-03,0.0103174939
RUSSELL1000,return,RUSSELL1000_return,2013-05-06,0.0022471335
RUSSELL1000,return,RUSSELL1000_return,2013-05-07,0.0054755828
RUSSELL1000,return,RUSSELL1000_return,2013-05-08,0.0047501456
RUSSELL1000,return,RUSSELL1000_return,2013-05-09,-0.0032625237
RUSSELL1000,return,RUSSELL1000_return,2013-05-10,0.0045705696
RUSSELL1000,return,RUSSELL1000_return,2013-05-13,-9.4787e-05
RUSSELL1000,return,RUSSELL1000_return,2013-05-14,0.010380168
RUSSELL1000,return,RUSSELL1000_return,2013-05-15,0.0052607266
RUSSELL1000,return,RUSSELL1000_return,2013-05-16,-0.0051115351
RUSSELL1000,return,RUSSELL1000_return,2013-05-17,0.0101097586
RUSSELL1000,return,RUSSELL1000_return,2013-05-20,-0.0005995159
RUSSELL1000,return,RUSSELL1000_return,2013-05-21,0.0017905144
RUSSELL1000,return,RUSSELL1000_return,2013-05-22,-0.0089854218
RUSSELL1000,return,RUSSELL1000_return,2013-05-23,-0.00267185
RUSSELL1000,return,RUSSELL1000_return,2013-05-24,-0.0008513712
RUSSELL1000,return,RUSSELL1000_return,2013-05-28,0.0063304035
RUSSELL1000,return,RUSSELL1000_return,2013-05-29,-0.0071231727
RUSSELL1000,return,RUSSELL1000_return,2013-05-30,0.0041768128
RUSSELL1000,return,RUSSELL1000_return,2013-05-31,-0.0137146058
RUSSELL1000,return,RUSSELL1000_return,2013-06-03,0.0048978353
RUSSELL1000,return,RUSSELL1000_return,2013-06-04,-0.0055031427
RUSSELL1000,return,RUSSELL1000_return,2013-06-05,-0.0136088184
RUSSELL1000,return,RUSSELL1000_return,2013-06-06,0.0089776243
RUSSELL1000,return,RUSSELL1000_return,2013-06-07,0.0126845055
RUSSELL1000,return,RUSSELL1000_return,2013-06-10,-0.0003130092
RUSSELL1000,return,RUSSELL1000_return,2013-06-11,-0.0102914683
RUSSELL1000,return,RUSSELL1000_return,2013-06-12,-0.0082332335
RUSSELL1000,return,RUSSELL1000_return,2013-06-13,0.0151488227
RUSSELL1000,return,RUSSELL1000_return,2013-06-14,-0.0053909839
RUSSELL1000,return,RUSSELL1000_return,2013-06-17,0.0072810111
RUSSELL1000,return,RUSSELL1000_return,2013-06-18,0.0077216154
RUSSELL1000,return,RUSSELL1000_return,2013-06-19,-0.0137895763
RUSSELL1000,return,RUSSELL1000_return,2013-06-20,-0.025085327
RUSSELL1000,return,RUSSELL1000_return,2013-06-21,0.0020293687
RUSSELL1000,return,RUSSELL1000_return,2013-06-24,-0.012036009
RUSSELL1000,return,RUSSELL1000_return,2013-06-25,0.0098997517
RUSSELL1000,return,RUSSELL1000_return,2013-06-26,0.0098288452
RUSSELL1000,return,RUSSELL1000_return,2013-06-27,0.0070835384
RUSSELL1000,return,RUSSELL1000_return,2013-06-28,-0.0038908746
RUSSELL1000,return,RUSSELL1000_return,2013-07-01,0.0062646562
RUSSELL1000,return,RUSSELL1000_return,2013-07-02,-0.0005550111
RUSSELL1000,return,RUSSELL1000_return,2013-07-03,0.0007962565
RUSSELL1000,return,RUSSELL1000_return,2013-07-05,0.0102432911
RUSSELL1000,return,RUSSELL1000_return,2013-07-08,0.00515379
RUSSELL1000,return,RUSSELL1000_return,2013-07-09,0.0075182926
RUSSELL1000,return,RUSSELL1000_return,2013-07-10,0.0003980208
RUSSELL1000,return,RUSSELL1000_return,2013-07-11,0.0137381997
RUSSELL1000,return,RUSSELL1000_return,2013-07-12,0.0031677154
RUSSELL1000,return,RUSSELL1000_return,2013-07-15,0.0015567153
RUSSELL1000,return,RUSSELL1000_return,2013-07-16,-0.0040994573
RUSSELL1000,return,RUSSELL1000_return,2013-07-17,0.0031328809
RUSSELL1000,return,RUSSELL1000_return,2013-07-18,0.0053494372
RUSSELL1000,return,RUSSELL1000_return,2013-07-19,0.0012597031
RUSSELL1000,return,RUSSELL1000_return,2013-07-22,0.0023061645
RUSSELL1000,return,RUSSELL1000_return,2013-07-23,-0.001689896
RUSSELL1000,return,RUSSELL1000_return,2013-07-24,-0.0041586393
RUSSELL1000,return,RUSSELL1000_return,2013-07-25,0.0035622694
RUSSELL1000,return,RUSSELL1000_return,2013-07-26,0.0006376162
RUSSELL1000,return,RUSSELL1000_return,2013-07-29,-0.0035603837
RUSSELL1000,return,RUSSELL1000_return,2013-07-30,0.0010118969
RUSSELL1000,return,RUSSELL1000_return,2013-07-31,0.000359815
RUSSELL1000,return,RUSSELL1000_return,2013-08-01,0.0133210814
RUSSELL1000,return,RUSSELL1000_return,2013-08-02,0.0015638555
RUSSELL1000,return,RUSSELL1000_return,2013-08-05,-0.0011572046
RUSSELL1000,return,RUSSELL1000_return,2013-08-06,-0.00635752
RUSSELL1000,return,RUSSELL1000_return,2013-08-07,-0.0037755894
RUSSELL1000,return,RUSSELL1000_return,2013-08-08,0.0044490547
RUSSELL1000,return,RUSSELL1000_return,2013-08-09,-0.0028571562
RUSSELL1000,return,RUSSELL1000_return,2013-08-12,-0.0009291331
RUSSELL1000,return,RUSSELL1000_return,2013-08-13,0.0022247073
RUSSELL1000,return,RUSSELL1000_return,2013-08-14,-0.0050206215
RUSSELL1000,return,RUSSELL1000_return,2013-08-15,-0.0142972906
RUSSELL1000,return,RUSSELL1000_return,2013-08-16,-0.003140911
RUSSELL1000,return,RUSSELL1000_return,2013-08-19,-0.0059841085
RUSSELL1000,return,RUSSELL1000_return,2013-08-20,0.0048584711
RUSSELL1000,return,RUSSELL1000_return,2013-08-21,-0.0056399891
RUSSELL1000,return,RUSSELL1000_return,2013-08-22,0.0089336088
RUSSELL1000,return,RUSSELL1000_return,2013-08-23,0.004262636
RUSSELL1000,return,RUSSELL1000_return,2013-08-26,-0.0033121054
RUSSELL1000,return,RUSSELL1000_return,2013-08-27,-0.0164420306
RUSSELL1000,return,RUSSELL1000_return,2013-08-28,0.0029921407
RUSSELL1000,return,RUSSELL1000_return,2013-08-29,0.0027076069
RUSSELL1000,return,RUSSELL1000_return,2013-08-30,-0.00386246
RUSSELL1000,return,RUSSELL1000_return,2013-09-03,0.0040636365
RUSSELL1000,return,RUSSELL1000_return,2013-09-04,0.0082773036
RUSSELL1000,return,RUSSELL1000_return,2013-09-05,0.0014887842
RUSSELL1000,return,RUSSELL1000_return,2013-09-06,0.0005426717
RUSSELL1000,return,RUSSELL1000_return,2013-09-09,0.0105779988
RUSSELL1000,return,RUSSELL1000_return,2013-09-10,0.0075252586
RUSSELL1000,return,RUSSELL1000_return,2013-09-11,0.0032399908
RUSSELL1000,return,RUSSELL1000_return,2013-09-12,-0.0031024464
RUSSELL1000,return,RUSSELL1000_return,2013-09-13,0.0026168291
RUSSELL1000,return,RUSSELL1000_return,2013-09-16,0.0054216701
RUSSELL1000,return,RUSSELL1000_return,2013-09-17,0.0047980012
RUSSELL1000,return,RUSSELL1000_return,2013-09-18,0.0118940471
RUSSELL1000,return,RUSSELL1000_return,2013-09-19,-0.0013744097
RUSSELL1000,return,RUSSELL1000_return,2013-09-20,-0.0072512047
RUSSELL1000,return,RUSSELL1000_return,2013-09-23,-0.0048071237
RUSSELL1000,return,RUSSELL1000_return,2013-09-24,-0.0018547492
RUSSELL1000,return,RUSSELL1000_return,2013-09-25,-0.002159016
RUSSELL1000,return,RUSSELL1000_return,2013-09-26,0.0040589442
RUSSELL1000,return,RUSSELL1000_return,2013-09-27,-0.0038233482
RUSSELL1000,return,RUSSELL1000_return,2013-09-30,-0.005545887
RUSSELL1000,return,RUSSELL1000_return,2013-10-01,0.0088470419
RUSSELL1000,return,RUSSELL1000_return,2013-10-02,-0.0006209898
RUSSELL1000,return,RUSSELL1000_return,2013-10-03,-0.0090064389
RUSSELL1000,return,RUSSELL1000_return,2013-10-04,0.0072485679
RUSSELL1000,return,RUSSELL1000_return,2013-10-07,-0.0087369815
RUSSELL1000,return,RUSSELL1000_return,2013-10-08,-0.0129898653
RUSSELL1000,return,RUSSELL1000_return,2013-10-09,-0.0001012288
RUSSELL1000,return,RUSSELL1000_return,2013-10-10,0.022118547
RUSSELL1000,return,RUSSELL1000_return,2013-10-11,0.0065228155
RUSSELL1000,return,RUSSELL1000_return,2013-10-14,0.0040432448
RUSSELL1000,return,RUSSELL1000_return,2013-10-15,-0.007030634
RUSSELL1000,return,RUSSELL1000_return,2013-10-16,0.0139441471
RUSSELL1000,return,RUSSELL1000_return,2013-10-17,0.0071809362
RUSSELL1000,return,RUSSELL1000_return,2013-10-18,0.0066377433
RUSSELL1000,return,RUSSELL1000_return,2013-10-21,1.79679e-05
RUSSELL1000,return,RUSSELL1000_return,2013-10-22,0.0055672464
RUSSELL1000,return,RUSSELL1000_return,2013-10-23,-0.0049758746
RUSSELL1000,return,RUSSELL1000_return,2013-10-24,0.0035291664
RUSSELL1000,return,RUSSELL1000_return,2013-10-25,0.0040454628
RUSSELL1000,return,RUSSELL1000_return,2013-10-28,0.0007666515
RUSSELL1000,return,RUSSELL1000_return,2013-10-29,0.0052680188
RUSSELL1000,return,RUSSELL1000_return,2013-10-30,-0.0051180215
RUSSELL1000,return,RUSSELL1000_return,2013-10-31,-0.0033354515
RUSSELL1000,return,RUSSELL1000_return,2013-11-01,0.0027465251
RUSSELL1000,return,RUSSELL1000_return,2013-11-04,0.0038390982
RUSSELL1000,return,RUSSELL1000_return,2013-11-05,-0.0027208078
RUSSELL1000,return,RUSSELL1000_return,2013-11-06,0.0038417985
RUSSELL1000,return,RUSSELL1000_return,2013-11-07,-0.0138031576
RUSSELL1000,return,RUSSELL1000_return,2013-11-08,0.0131871122
RUSSELL1000,return,RUSSELL1000_return,2013-11-11,0.0010176661
RUSSELL1000,return,RUSSELL1000_return,2013-11-12,-0.0020733272
RUSSELL1000,return,RUSSELL1000_return,2013-11-13,0.0088029592
RUSSELL1000,return,RUSSELL1000_return,2013-11-14,0.0049291927
RUSSELL1000,return,RUSSELL1000_return,2013-11-15,0.0042663159
RUSSELL1000,return,RUSSELL1000_return,2013-11-18,-0.0046203866
RUSSELL1000,return,RUSSELL1000_return,2013-11-19,-0.0025284566
RUSSELL1000,return,RUSSELL1000_return,2013-11-20,-0.0035709343
RUSSELL1000,return,RUSSELL1000_return,2013-11-21,0.0086241027
RUSSELL1000,return,RUSSELL1000_return,2013-11-22,0.0050185504
RUSSELL1000,return,RUSSELL1000_return,2013-11-25,-0.0015019734
RUSSELL1000,return,RUSSELL1000_return,2013-11-26,0.0005882277
RUSSELL1000,return,RUSSELL1000_return,2013-11-27,0.0027782031
RUSSELL1000,return,RUSSELL1000_return,2013-11-29,-0.0008080683
RUSSELL1000,return,RUSSELL1000_return,2013-12-02,-0.0024533444
RUSSELL1000,return,RUSSELL1000_return,2013-12-03,-0.0031860645
RUSSELL1000,return,RUSSELL1000_return,2013-12-04,-0.0008049427
RUSSELL1000,return,RUSSELL1000_return,2013-12-05,-0.003742985
RUSSELL1000,return,RUSSELL1000_return,2013-12-06,0.0105784687
RUSSELL1000,return,RUSSELL1000_return,2013-12-09,0.0019369795
RUSSELL1000,return,RUSSELL1000_return,2013-12-10,-0.0028267923
RUSSELL1000,return,RUSSELL1000_return,2013-12-11,-0.0117108967
RUSSELL1000,return,RUSSELL1000_return,2013-12-12,-0.0027621262
RUSSELL1000,return,RUSSELL1000_return,2013-12-13,0.0005197563
RUSSELL1000,return,RUSSELL1000_return,2013-12-16,0.0063028807
RUSSELL1000,return,RUSSELL1000_return,2013-12-17,-0.0026573384
RUSSELL1000,return,RUSSELL1000_return,2013-12-18,0.0159781276
RUSSELL1000,return,RUSSELL1000_return,2013-12-19,-0.0009971593
RUSSELL1000,return,RUSSELL1000_return,2013-12-20,0.0055248191
RUSSELL1000,return,RUSSELL1000_return,2013-12-23,0.0056620467
RUSSELL1000,return,RUSSELL1000_return,2013-12-24,0.0032022446
RUSSELL1000,return,RUSSELL1000_return,2013-12-26,0.0043902369
RUSSELL1000,return,RUSSELL1000_return,2013-12-27,-0.0002310736
RUSSELL1000,return,RUSSELL1000_return,2013-12-30,0.0001063294
RUSSELL1000,return,RUSSELL1000_return,2013-12-31,0.0041456688
RUSSELL1000,return,RUSSELL1000_return,2014-01-02,-0.0087137137
RUSSELL1000,return,RUSSELL1000_return,2014-01-03,2.2406e-06
RUSSELL1000,return,RUSSELL1000_return,2014-01-06,-0.0028215592
RUSSELL1000,return,RUSSELL1000_return,2014-01-07,0.0064393552
RUSSELL1000,return,RUSSELL1000_return,2014-01-08,0.000374716
RUSSELL1000,return,RUSSELL1000_return,2014-01-09,0.0003871151
RUSSELL1000,return,RUSSELL1000_return,2014-01-10,0.0028609871
RUSSELL1000,return,RUSSELL1000_return,2014-01-13,-0.012567452
RUSSELL1000,return,RUSSELL1000_return,2014-01-14,0.0111061025
RUSSELL1000,return,RUSSELL1000_return,2014-01-15,0.0051564349
RUSSELL1000,return,RUSSELL1000_return,2014-01-16,-0.0011608561
RUSSELL1000,return,RUSSELL1000_return,2014-01-17,-0.00384886
RUSSELL1000,return,RUSSELL1000_return,2014-01-21,0.0029344864
RUSSELL1000,return,RUSSELL1000_return,2014-01-22,0.0011838762
RUSSELL1000,return,RUSSELL1000_return,2014-01-23,-0.0086982608
RUSSELL1000,return,RUSSELL1000_return,2014-01-24,-0.021337446
RUSSELL1000,return,RUSSELL1000_return,2014-01-27,-0.0053970914
RUSSELL1000,return,RUSSELL1000_return,2014-01-28,0.0068391116
RUSSELL1000,return,RUSSELL1000_return,2014-01-29,-0.0101409869
RUSSELL1000,return,RUSSELL1000_return,2014-01-30,0.0117800166
RUSSELL1000,return,RUSSELL1000_return,2014-01-31,-0.0061573453
RUSSELL1000,return,RUSSELL1000_return,2014-02-03,-0.0236153141
RUSSELL1000,return,RUSSELL1000_return,2014-02-04,0.0081142841
RUSSELL1000,return,RUSSELL1000_return,2014-02-05,-0.0017122741
RUSSELL1000,return,RUSSELL1000_return,2014-02-06,0.0128721563
RUSSELL1000,return,RUSSELL1000_return,2014-02-07,0.0131031068
RUSSELL1000,return,RUSSELL1000_return,2014-02-10,0.0018093511
RUSSELL1000,return,RUSSELL1000_return,2014-02-11,0.0108891451
RUSSELL1000,return,RUSSELL1000_return,2014-02-12,0.0008077797
RUSSELL1000,return,RUSSELL1000_return,2014-02-13,0.0063031568
RUSSELL1000,return,RUSSELL1000_return,2014-02-14,0.0046130205
RUSSELL1000,return,RUSSELL1000_return,2014-02-18,0.0021775497
RUSSELL1000,return,RUSSELL1000_return,2014-02-19,-0.0064575725
RUSSELL1000,return,RUSSELL1000_return,2014-02-20,0.0065667191
RUSSELL1000,return,RUSSELL1000_return,2014-02-21,-0.0014956318
RUSSELL1000,return,RUSSELL1000_return,2014-02-24,0.006182521
RUSSELL1000,return,RUSSELL1000_return,2014-02-25,-0.0011718067
RUSSELL1000,return,RUSSELL1000_return,2014-02-26,0.000522622
RUSSELL1000,return,RUSSELL1000_return,2014-02-27,0.0051074579
RUSSELL1000,return,RUSSELL1000_return,2014-02-28,0.0024153734
RUSSELL1000,return,RUSSELL1000_return,2014-03-03,-0.0072366239
RUSSELL1000,return,RUSSELL1000_return,2014-03-04,0.0152521638
RUSSELL1000,return,RUSSELL1000_return,2014-03-05,-6.47367e-05
RUSSELL1000,return,RUSSELL1000_return,2014-03-06,0.001696507
RUSSELL1000,return,RUSSELL1000_return,2014-03-07,0.0003612916
RUSSELL1000,return,RUSSELL1000_return,2014-03-10,-0.0010145376
RUSSELL1000,return,RUSSELL1000_return,2014-03-11,-0.0050871131
RUSSELL1000,return,RUSSELL1000_return,2014-03-12,0.0008343659
RUSSELL1000,return,RUSSELL1000_return,2014-03-13,-0.0116757636
RUSSELL1000,return,RUSSELL1000_return,2014-03-14,-0.0020500072
RUSSELL1000,return,RUSSELL1000_return,2014-03-17,0.0091543561
RUSSELL1000,return,RUSSELL1000_return,2014-03-18,0.0075339514
RUSSELL1000,return,RUSSELL1000_return,2014-03-19,-0.006192833
RUSSELL1000,return,RUSSELL1000_return,2014-03-20,0.0054796528
RUSSELL1000,return,RUSSELL1000_return,2014-03-21,-0.0030043758
RUSSELL1000,return,RUSSELL1000_return,2014-03-24,-0.0053932301
RUSSELL1000,return,RUSSELL1000_return,2014-03-25,0.0038650993
RUSSELL1000,return,RUSSELL1000_return,2014-03-26,-0.0075687675
RUSSELL1000,return,RUSSELL1000_return,2014-03-27,-0.0016127857
RUSSELL1000,return,RUSSELL1000_return,2014-03-28,0.0048104086
RUSSELL1000,return,RUSSELL1000_return,2014-03-31,0.0086996882
RUSSELL1000,return,RUSSELL1000_return,2014-04-01,0.0076216885
RUSSELL1000,return,RUSSELL1000_return,2014-04-02,0.0029568363
RUSSELL1000,return,RUSSELL1000_return,2014-04-03,-0.0018223423
RUSSELL1000,return,RUSSELL1000_return,2014-04-04,-0.0129917935
RUSSELL1000,return,RUSSELL1000_return,2014-04-07,-0.0116278938
RUSSELL1000,return,RUSSELL1000_return,2014-04-08,0.0044165206
RUSSELL1000,return,RUSSELL1000_return,2014-04-09,0.0113426444
RUSSELL1000,return,RUSSELL1000_return,2014-04-10,-0.0211723906
RUSSELL1000,return,RUSSELL1000_return,2014-04-11,-0.0098961793
RUSSELL1000,return,RUSSELL1000_return,2014-04-14,0.0076567906
RUSSELL1000,return,RUSSELL1000_return,2014-04-15,0.0066066027
RUSSELL1000,return,RUSSELL1000_return,2014-04-16,0.0108468588
RUSSELL1000,return,RUSSELL1000_return,2014-04-17,0.0015718775
RUSSELL1000,return,RUSSELL1000_return,2014-04-21,0.0038862602
RUSSELL1000,return,RUSSELL1000_return,2014-04-22,0.0047715443
RUSSELL1000,return,RUSSELL1000_return,2014-04-23,-0.0022904323
RUSSELL1000,return,RUSSELL1000_return,2014-04-24,0.001498318
RUSSELL1000,return,RUSSELL1000_return,2014-04-25,-0.0087925209
RUSSELL1000,return,RUSSELL1000_return,2014-04-28,0.0023611762
RUSSELL1000,return,RUSSELL1000_return,2014-04-29,0.0050778819
RUSSELL1000,return,RUSSELL1000_return,2014-04-30,0.0034058235
RUSSELL1000,return,RUSSELL1000_return,2014-05-01,0.0005228087
RUSSELL1000,return,RUSSELL1000_return,2014-05-02,-0.0010063538
RUSSELL1000,return,RUSSELL1000_return,2014-05-05,0.0019020849
RUSSELL1000,return,RUSSELL1000_return,2014-05-06,-0.0089294727
RUSSELL1000,return,RUSSELL1000_return,2014-05-07,0.0055942563
RUSSELL1000,return,RUSSELL1000_return,2014-05-08,-0.0016993919
RUSSELL1000,return,RUSSELL1000_return,2014-05-09,0.0017138014
RUSSELL1000,return,RUSSELL1000_return,2014-05-12,0.0101647053
RUSSELL1000,return,RUSSELL1000_return,2014-05-13,0.0002575071
RUSSELL1000,return,RUSSELL1000_return,2014-05-14,-0.0046843077
RUSSELL1000,return,RUSSELL1000_return,2014-05-15,-0.0089618538
RUSSELL1000,return,RUSSELL1000_return,2014-05-16,0.0036833535
RUSSELL1000,return,RUSSELL1000_return,2014-05-19,0.0042035293
RUSSELL1000,return,RUSSELL1000_return,2014-05-20,-0.0068425513
RUSSELL1000,return,RUSSELL1000_return,2014-05-21,0.0080744529
RUSSELL1000,return,RUSSELL1000_return,2014-05-22,0.0027821117
RUSSELL1000,return,RUSSELL1000_return,2014-05-23,0.0044672269
RUSSELL1000,return,RUSSELL1000_return,2014-05-27,0.0059900861
RUSSELL1000,return,RUSSELL1000_return,2014-05-28,-0.001045627
RUSSELL1000,return,RUSSELL1000_return,2014-05-29,0.0054320053
RUSSELL1000,return,RUSSELL1000_return,2014-05-30,0.0013843564
RUSSELL1000,return,RUSSELL1000_return,2014-06-02,0.001202277
RUSSELL1000,return,RUSSELL1000_return,2014-06-03,-0.0003108916
RUSSELL1000,return,RUSSELL1000_return,2014-06-04,0.0023183726
RUSSELL1000,return,RUSSELL1000_return,2014-06-05,0.0067573487
RUSSELL1000,return,RUSSELL1000_return,2014-06-06,0.0047768191
RUSSELL1000,return,RUSSELL1000_return,2014-06-09,0.0009871531
RUSSELL1000,return,RUSSELL1000_return,2014-06-10,-0.0004610063
RUSSELL1000,return,RUSSELL1000_return,2014-06-11,-0.0032830429
RUSSELL1000,return,RUSSELL1000_return,2014-06-12,-0.0067276486
RUSSELL1000,return,RUSSELL1000_return,2014-06-13,0.0031976188
RUSSELL1000,return,RUSSELL1000_return,2014-06-16,0.0008036283
RUSSELL1000,return,RUSSELL1000_return,2014-06-17,0.0026652826
RUSSELL1000,return,RUSSELL1000_return,2014-06-18,0.0074473803
RUSSELL1000,return,RUSSELL1000_return,2014-06-19,0.0014475104
RUSSELL1000,return,RUSSELL1000_return,2014-06-20,0.0018327099
RUSSELL1000,return,RUSSELL1000_return,2014-06-23,-9.66458e-05
RUSSELL1000,return,RUSSELL1000_return,2014-06-24,-0.006590836
RUSSELL1000,return,RUSSELL1000_return,2014-06-25,0.0050136982
RUSSELL1000,return,RUSSELL1000_return,2014-06-26,-0.0009742446
RUSSELL1000,return,RUSSELL1000_return,2014-06-27,0.0023022786
RUSSELL1000,return,RUSSELL1000_return,2014-06-30,0.0003256991
RUSSELL1000,return,RUSSELL1000_return,2014-07-01,0.006951126
RUSSELL1000,return,RUSSELL1000_return,2014-07-02,2.7185e-06
RUSSELL1000,return,RUSSELL1000_return,2014-07-03,0.0053088799
RUSSELL1000,return,RUSSELL1000_return,2014-07-07,-0.0047316955
RUSSELL1000,return,RUSSELL1000_return,2014-07-08,-0.0073197694
RUSSELL1000,return,RUSSELL1000_return,2014-07-09,0.004664519
RUSSELL1000,return,RUSSELL1000_return,2014-07-10,-0.0040889335
RUSSELL1000,return,RUSSELL1000_return,2014-07-11,0.0013226897
RUSSELL1000,return,RUSSELL1000_return,2014-07-14,0.0047939549
RUSSELL1000,return,RUSSELL1000_return,2014-07-15,-0.0023181448
RUSSELL1000,return,RUSSELL1000_return,2014-07-16,0.003850698
RUSSELL1000,return,RUSSELL1000_return,2014-07-17,-0.0116104535
RUSSELL1000,return,RUSSELL1000_return,2014-07-18,0.0105639105
RUSSELL1000,return,RUSSELL1000_return,2014-07-21,-0.0022894168
RUSSELL1000,return,RUSSELL1000_return,2014-07-22,0.0050982138
RUSSELL1000,return,RUSSELL1000_return,2014-07-23,0.0018371479
RUSSELL1000,return,RUSSELL1000_return,2014-07-24,0.0005690261
RUSSELL1000,return,RUSSELL1000_return,2014-07-25,-0.0048875274
RUSSELL1000,return,RUSSELL1000_return,2014-07-28,-6.66733e-05
RUSSELL1000,return,RUSSELL1000_return,2014-07-29,-0.0043212705
RUSSELL1000,return,RUSSELL1000_return,2014-07-30,0.0006409989
RUSSELL1000,return,RUSSELL1000_return,2014-07-31,-0.0197931659
RUSSELL1000,return,RUSSELL1000_return,2014-08-01,-0.0027039336
RUSSELL1000,return,RUSSELL1000_return,2014-08-04,0.0070565741
RUSSELL1000,return,RUSSELL1000_return,2014-08-05,-0.0091014345
RUSSELL1000,return,RUSSELL1000_return,2014-08-06,-2.7958e-06
RUSSELL1000,return,RUSSELL1000_return,2014-08-07,-0.0050692913
RUSSELL1000,return,RUSSELL1000_return,2014-08-08,0.0112639993
RUSSELL1000,return,RUSSELL1000_return,2014-08-11,0.003332923
RUSSELL1000,return,RUSSELL1000_return,2014-08-12,-0.0018738354
RUSSELL1000,return,RUSSELL1000_return,2014-08-13,0.0072273129
RUSSELL1000,return,RUSSELL1000_return,2014-08-14,0.0045003576
RUSSELL1000,return,RUSSELL1000_return,2014-08-15,0.0001874747
RUSSELL1000,return,RUSSELL1000_return,2014-08-18,0.008883183
RUSSELL1000,return,RUSSELL1000_return,2014-08-19,0.0050170215
RUSSELL1000,return,RUSSELL1000_return,2014-08-20,0.0025596342
RUSSELL1000,return,RUSSELL1000_return,2014-08-21,0.0026773859
RUSSELL1000,return,RUSSELL1000_return,2014-08-22,-0.0014961147
RUSSELL1000,return,RUSSELL1000_return,2014-08-25,0.0046940776
RUSSELL1000,return,RUSSELL1000_return,2014-08-26,0.0013046743
RUSSELL1000,return,RUSSELL1000_return,2014-08-27,0.000181065
RUSSELL1000,return,RUSSELL1000_return,2014-08-28,-0.001559534
RUSSELL1000,return,RUSSELL1000_return,2014-08-29,0.0036792997
RUSSELL1000,return,RUSSELL1000_return,2014-09-02,8.83126e-05
RUSSELL1000,return,RUSSELL1000_return,2014-09-03,-0.0008810784
RUSSELL1000,return,RUSSELL1000_return,2014-09-04,-0.0017771157
RUSSELL1000,return,RUSSELL1000_return,2014-09-05,0.0050034211
RUSSELL1000,return,RUSSELL1000_return,2014-09-08,-0.0024915881
RUSSELL1000,return,RUSSELL1000_return,2014-09-09,-0.0067259685
RUSSELL1000,return,RUSSELL1000_return,2014-09-10,0.0036592517
RUSSELL1000,return,RUSSELL1000_return,2014-09-11,0.0013725924
RUSSELL1000,return,RUSSELL1000_return,2014-09-12,-0.0062710759
RUSSELL1000,return,RUSSELL1000_return,2014-09-15,-0.0017665104
RUSSELL1000,return,RUSSELL1000_return,2014-09-16,0.0074826577
RUSSELL1000,return,RUSSELL1000_return,2014-09-17,0.0013138502
RUSSELL1000,return,RUSSELL1000_return,2014-09-18,0.0046497381
RUSSELL1000,return,RUSSELL1000_return,2014-09-19,-0.0009527058
RUSSELL1000,return,RUSSELL1000_return,2014-09-22,-0.0089916501
RUSSELL1000,return,RUSSELL1000_return,2014-09-23,-0.0058692578
RUSSELL1000,return,RUSSELL1000_return,2014-09-24,0.0076745325
RUSSELL1000,return,RUSSELL1000_return,2014-09-25,-0.0158868952
RUSSELL1000,return,RUSSELL1000_return,2014-09-26,0.0086953201
RUSSELL1000,return,RUSSELL1000_return,2014-09-29,-0.0023565555
RUSSELL1000,return,RUSSELL1000_return,2014-09-30,-0.0032859244
RUSSELL1000,return,RUSSELL1000_return,2014-10-01,-0.0133715481
RUSSELL1000,return,RUSSELL1000_return,2014-10-02,0.0002843814
RUSSELL1000,return,RUSSELL1000_return,2014-10-03,0.0111303302
RUSSELL1000,return,RUSSELL1000_return,2014-10-06,-0.0017231728
RUSSELL1000,return,RUSSELL1000_return,2014-10-07,-0.0152652546
RUSSELL1000,return,RUSSELL1000_return,2014-10-08,0.0170992958
RUSSELL1000,return,RUSSELL1000_return,2014-10-09,-0.0208388614
RUSSELL1000,return,RUSSELL1000_return,2014-10-10,-0.0124999346
RUSSELL1000,return,RUSSELL1000_return,2014-10-13,-0.0167502437
RUSSELL1000,return,RUSSELL1000_return,2014-10-14,0.0023239111
RUSSELL1000,return,RUSSELL1000_return,2014-10-15,-0.0069197584
RUSSELL1000,return,RUSSELL1000_return,2014-10-16,0.0014864799
RUSSELL1000,return,RUSSELL1000_return,2014-10-17,0.0125916114
RUSSELL1000,return,RUSSELL1000_return,2014-10-20,0.0093483293
RUSSELL1000,return,RUSSELL1000_return,2014-10-21,0.0202526473
RUSSELL1000,return,RUSSELL1000_return,2014-10-22,-0.0077435582
RUSSELL1000,return,RUSSELL1000_return,2014-10-23,0.0124632643
RUSSELL1000,return,RUSSELL1000_return,2014-10-24,0.0068815857
RUSSELL1000,return,RUSSELL1000_return,2014-10-27,-0.0016502586
RUSSELL1000,return,RUSSELL1000_return,2014-10-28,0.0123273141
RUSSELL1000,return,RUSSELL1000_return,2014-10-29,-0.0016788096
RUSSELL1000,return,RUSSELL1000_return,2014-10-30,0.0060132432
RUSSELL1000,return,RUSSELL1000_return,2014-10-31,0.0118899903
RUSSELL1000,return,RUSSELL1000_return,2014-11-03,0.0001429329
RUSSELL1000,return,RUSSELL1000_return,2014-11-04,-0.0033878034
RUSSELL1000,return,RUSSELL1000_return,2014-11-05,0.005281373
RUSSELL1000,return,RUSSELL1000_return,2014-11-06,0.0045643319
RUSSELL1000,return,RUSSELL1000_return,2014-11-07,0.0005679534
RUSSELL1000,return,RUSSELL1000_return,2014-11-10,0.0031641957
RUSSELL1000,return,RUSSELL1000_return,2014-11-11,0.0007217609
RUSSELL1000,return,RUSSELL1000_return,2014-11-12,-0.0001255787
RUSSELL1000,return,RUSSELL1000_return,2014-11-13,0.0002248951
RUSSELL1000,return,RUSSELL1000_return,2014-11-14,0.0004496554
RUSSELL1000,return,RUSSELL1000_return,2014-11-17,0.0004093831
RUSSELL1000,return,RUSSELL1000_return,2014-11-18,0.0055372061
RUSSELL1000,return,RUSSELL1000_return,2014-11-19,-0.0016807588
RUSSELL1000,return,RUSSELL1000_return,2014-11-20,0.002370639
RUSSELL1000,return,RUSSELL1000_return,2014-11-21,0.0052803303
RUSSELL1000,return,RUSSELL1000_return,2014-11-24,0.0032130036
RUSSELL1000,return,RUSSELL1000_return,2014-11-25,-0.0008485744
RUSSELL1000,return,RUSSELL1000_return,2014-11-26,0.0028426367
RUSSELL1000,return,RUSSELL1000_return,2014-11-28,-0.0028009919
RUSSELL1000,return,RUSSELL1000_return,2014-12-01,-0.0077476928
RUSSELL1000,return,RUSSELL1000_return,2014-12-02,0.0060089162
RUSSELL1000,return,RUSSELL1000_return,2014-12-03,0.0045083103
RUSSELL1000,return,RUSSELL1000_return,2014-12-04,-0.0010743751
RUSSELL1000,return,RUSSELL1000_return,2014-12-05,0.0017520151
RUSSELL1000,return,RUSSELL1000_return,2014-12-08,-0.0073315452
RUSSELL1000,return,RUSSELL1000_return,2014-12-09,-3.12181e-05
RUSSELL1000,return,RUSSELL1000_return,2014-12-10,-0.0165617275
RUSSELL1000,return,RUSSELL1000_return,2014-12-11,0.0047756114
RUSSELL1000,return,RUSSELL1000_return,2014-12-12,-0.0157983019
RUSSELL1000,return,RUSSELL1000_return,2014-12-15,-0.0065285628
RUSSELL1000,return,RUSSELL1000_return,2014-12-16,-0.0082564145
RUSSELL1000,return,RUSSELL1000_return,2014-12-17,0.0206516562
RUSSELL1000,return,RUSSELL1000_return,2014-12-18,0.0235543295
RUSSELL1000,return,RUSSELL1000_return,2014-12-19,0.0046748258
RUSSELL1000,return,RUSSELL1000_return,2014-12-22,0.0038395215
RUSSELL1000,return,RUSSELL1000_return,2014-12-23,0.0019333634
RUSSELL1000,return,RUSSELL1000_return,2014-12-24,0.0001620387
RUSSELL1000,return,RUSSELL1000_return,2014-12-26,0.0034471742
RUSSELL1000,return,RUSSELL1000_return,2014-12-29,0.001305063
RUSSELL1000,return,RUSSELL1000_return,2014-12-30,-0.0046606373
RUSSELL1000,return,RUSSELL1000_return,2014-12-31,-0.0099640627
RUSSELL1000,return,RUSSELL1000_return,2015-01-02,-0.000189595
RUSSELL1000,return,RUSSELL1000_return,2015-01-05,-0.0179815759
RUSSELL1000,return,RUSSELL1000_return,2015-01-06,-0.0089550251
RUSSELL1000,return,RUSSELL1000_return,2015-01-07,0.0119213724
RUSSELL1000,return,RUSSELL1000_return,2015-01-08,0.0177224754
RUSSELL1000,return,RUSSELL1000_return,2015-01-09,-0.008275068
RUSSELL1000,return,RUSSELL1000_return,2015-01-12,-0.0077521615
RUSSELL1000,return,RUSSELL1000_return,2015-01-13,-0.0021130349
RUSSELL1000,return,RUSSELL1000_return,2015-01-14,-0.0057949231
RUSSELL1000,return,RUSSELL1000_return,2015-01-15,-0.0094014414
RUSSELL1000,return,RUSSELL1000_return,2015-01-16,0.0133639821
RUSSELL1000,return,RUSSELL1000_return,2015-01-20,0.0012496313
RUSSELL1000,return,RUSSELL1000_return,2015-01-21,0.0050146689
RUSSELL1000,return,RUSSELL1000_return,2015-01-22,0.0155222207
RUSSELL1000,return,RUSSELL1000_return,2015-01-23,-0.0051023201
RUSSELL1000,return,RUSSELL1000_return,2015-01-26,0.0037094616
RUSSELL1000,return,RUSSELL1000_return,2015-01-27,-0.0125872237
RUSSELL1000,return,RUSSELL1000_return,2015-01-28,-0.0134878654
RUSSELL1000,return,RUSSELL1000_return,2015-01-29,0.0092722795
RUSSELL1000,return,RUSSELL1000_return,2015-01-30,-0.0128909206
RUSSELL1000,return,RUSSELL1000_return,2015-02-02,0.0124069724
RUSSELL1000,return,RUSSELL1000_return,2015-02-03,0.0145894257
RUSSELL1000,return,RUSSELL1000_return,2015-02-04,-0.0036093728
RUSSELL1000,return,RUSSELL1000_return,2015-02-05,0.0106892547
RUSSELL1000,return,RUSSELL1000_return,2015-02-06,-0.0031439385
RUSSELL1000,return,RUSSELL1000_return,2015-02-09,-0.0043911922
RUSSELL1000,return,RUSSELL1000_return,2015-02-10,0.0104794623
RUSSELL1000,return,RUSSELL1000_return,2015-02-11,0.0004228366
RUSSELL1000,return,RUSSELL1000_return,2015-02-12,0.0099772057
RUSSELL1000,return,RUSSELL1000_return,2015-02-13,0.0044154119
RUSSELL1000,return,RUSSELL1000_return,2015-02-17,0.0016120399
RUSSELL1000,return,RUSSELL1000_return,2015-02-18,0.000329225
RUSSELL1000,return,RUSSELL1000_return,2015-02-19,-0.0008145767
RUSSELL1000,return,RUSSELL1000_return,2015-02-20,0.0064503961
RUSSELL1000,return,RUSSELL1000_return,2015-02-23,-0.0003700844
RUSSELL1000,return,RUSSELL1000_return,2015-02-24,0.0024719038
RUSSELL1000,return,RUSSELL1000_return,2015-02-25,-0.000246211
RUSSELL1000,return,RUSSELL1000_return,2015-02-26,-0.001486379
RUSSELL1000,return,RUSSELL1000_return,2015-02-27,-0.0032036723
RUSSELL1000,return,RUSSELL1000_return,2015-03-02,0.0063061368
RUSSELL1000,return,RUSSELL1000_return,2015-03-03,-0.0042651332
RUSSELL1000,return,RUSSELL1000_return,2015-03-04,-0.0042821446
RUSSELL1000,return,RUSSELL1000_return,2015-03-05,0.0014335093
RUSSELL1000,return,RUSSELL1000_return,2015-03-06,-0.0138282509
RUSSELL1000,return,RUSSELL1000_return,2015-03-09,0.0038684328
RUSSELL1000,return,RUSSELL1000_return,2015-03-10,-0.0163673931
RUSSELL1000,return,RUSSELL1000_return,2015-03-11,-0.0008212978
RUSSELL1000,return,RUSSELL1000_return,2015-03-12,0.0126890717
RUSSELL1000,return,RUSSELL1000_return,2015-03-13,-0.0058489436
RUSSELL1000,return,RUSSELL1000_return,2015-03-16,0.0130951937
RUSSELL1000,return,RUSSELL1000_return,2015-03-17,-0.0025602265
RUSSELL1000,return,RUSSELL1000_return,2015-03-18,0.0119430962
RUSSELL1000,return,RUSSELL1000_return,2015-03-19,-0.004423436
RUSSELL1000,return,RUSSELL1000_return,2015-03-20,0.0088418433
RUSSELL1000,return,RUSSELL1000_return,2015-03-23,-0.0018975435
RUSSELL1000,return,RUSSELL1000_return,2015-03-24,-0.0058040936
RUSSELL1000,return,RUSSELL1000_return,2015-03-25,-0.0147481064
RUSSELL1000,return,RUSSELL1000_return,2015-03-26,-0.0022600702
RUSSELL1000,return,RUSSELL1000_return,2015-03-27,0.0030369898
RUSSELL1000,return,RUSSELL1000_return,2015-03-30,0.0123665812
RUSSELL1000,return,RUSSELL1000_return,2015-03-31,-0.008176221
RUSSELL1000,return,RUSSELL1000_return,2015-04-01,-0.0038846935
RUSSELL1000,return,RUSSELL1000_return,2015-04-02,0.0036848954
RUSSELL1000,return,RUSSELL1000_return,2015-04-06,0.0066580673
RUSSELL1000,return,RUSSELL1000_return,2015-04-07,-0.0023877822
RUSSELL1000,return,RUSSELL1000_return,2015-04-08,0.0033547258
RUSSELL1000,return,RUSSELL1000_return,2015-04-09,0.0039627065
RUSSELL1000,return,RUSSELL1000_return,2015-04-10,0.0049069771
RUSSELL1000,return,RUSSELL1000_return,2015-04-13,-0.0043988037
RUSSELL1000,return,RUSSELL1000_return,2015-04-14,0.0014533803
RUSSELL1000,return,RUSSELL1000_return,2015-04-15,0.0051169645
RUSSELL1000,return,RUSSELL1000_return,2015-04-16,-0.0006676691
RUSSELL1000,return,RUSSELL1000_return,2015-04-17,-0.01138858
RUSSELL1000,return,RUSSELL1000_return,2015-04-20,0.0089321678
RUSSELL1000,return,RUSSELL1000_return,2015-04-21,-0.0010840578
RUSSELL1000,return,RUSSELL1000_return,2015-04-22,0.004892347
RUSSELL1000,return,RUSSELL1000_return,2015-04-23,0.0026641226
RUSSELL1000,return,RUSSELL1000_return,2015-04-24,0.0016124835
RUSSELL1000,return,RUSSELL1000_return,2015-04-27,-0.0044599753
RUSSELL1000,return,RUSSELL1000_return,2015-04-28,0.0023999327
RUSSELL1000,return,RUSSELL1000_return,2015-04-29,-0.0037358337
RUSSELL1000,return,RUSSELL1000_return,2015-04-30,-0.0102740825
RUSSELL1000,return,RUSSELL1000_return,2015-05-01,0.0104892464
RUSSELL1000,return,RUSSELL1000_return,2015-05-04,0.0029430312
RUSSELL1000,return,RUSSELL1000_return,2015-05-05,-0.0119348241
RUSSELL1000,return,RUSSELL1000_return,2015-05-06,-0.0036447937
RUSSELL1000,return,RUSSELL1000_return,2015-05-07,0.0041129338
RUSSELL1000,return,RUSSELL1000_return,2015-05-08,0.0129128791
RUSSELL1000,return,RUSSELL1000_return,2015-05-11,-0.0045260694
RUSSELL1000,return,RUSSELL1000_return,2015-05-12,-0.0027485816
RUSSELL1000,return,RUSSELL1000_return,2015-05-13,-4.34636e-05
RUSSELL1000,return,RUSSELL1000_return,2015-05-14,0.0106408211
RUSSELL1000,return,RUSSELL1000_return,2015-05-15,0.0010703451
RUSSELL1000,return,RUSSELL1000_return,2015-05-18,0.0035157956
RUSSELL1000,return,RUSSELL1000_return,2015-05-19,-0.0006378972
RUSSELL1000,return,RUSSELL1000_return,2015-05-20,-0.0007662163
RUSSELL1000,return,RUSSELL1000_return,2015-05-21,0.0024290422
RUSSELL1000,return,RUSSELL1000_return,2015-05-22,-0.0020667168
RUSSELL1000,return,RUSSELL1000_return,2015-05-26,-0.0101326415
RUSSELL1000,return,RUSSELL1000_return,2015-05-27,0.0090189486
RUSSELL1000,return,RUSSELL1000_return,2015-05-28,-0.0011294258
RUSSELL1000,return,RUSSELL1000_return,2015-05-29,-0.0060818354
RUSSELL1000,return,RUSSELL1000_return,2015-06-01,0.0020910441
RUSSELL1000,return,RUSSELL1000_return,2015-06-02,-0.0008051621
RUSSELL1000,return,RUSSELL1000_return,2015-06-03,0.0025106795
RUSSELL1000,return,RUSSELL1000_return,2015-06-04,-0.008524786
RUSSELL1000,return,RUSSELL1000_return,2015-06-05,-0.0007886767
RUSSELL1000,return,RUSSELL1000_return,2015-06-08,-0.0065462569
RUSSELL1000,return,RUSSELL1000_return,2015-06-09,0.0002168501
RUSSELL1000,return,RUSSELL1000_return,2015-06-10,0.0118154683
RUSSELL1000,return,RUSSELL1000_return,2015-06-11,0.0024284891
RUSSELL1000,return,RUSSELL1000_return,2015-06-12,-0.0066308809
RUSSELL1000,return,RUSSELL1000_return,2015-06-15,-0.0046894033
RUSSELL1000,return,RUSSELL1000_return,2015-06-16,0.0055996702
RUSSELL1000,return,RUSSELL1000_return,2015-06-17,0.0019588482
RUSSELL1000,return,RUSSELL1000_return,2015-06-18,0.0099149907
RUSSELL1000,return,RUSSELL1000_return,2015-06-19,-0.0049022958
RUSSELL1000,return,RUSSELL1000_return,2015-06-22,0.0058529304
RUSSELL1000,return,RUSSELL1000_return,2015-06-23,0.0008019062
RUSSELL1000,return,RUSSELL1000_return,2015-06-24,-0.0077349063
RUSSELL1000,return,RUSSELL1000_return,2015-06-25,-0.0029088301
RUSSELL1000,return,RUSSELL1000_return,2015-06-26,-0.0002250446
RUSSELL1000,return,RUSSELL1000_return,2015-06-29,-0.0209016653
RUSSELL1000,return,RUSSELL1000_return,2015-06-30,0.0030545437
RUSSELL1000,return,RUSSELL1000_return,2015-07-01,0.0067704038
RUSSELL1000,return,RUSSELL1000_return,2015-07-02,-0.0003487776
RUSSELL1000,return,RUSSELL1000_return,2015-07-06,-0.0036899692
RUSSELL1000,return,RUSSELL1000_return,2015-07-07,0.005961356
RUSSELL1000,return,RUSSELL1000_return,2015-07-08,-0.0165388347
RUSSELL1000,return,RUSSELL1000_return,2015-07-09,0.0023303401
RUSSELL1000,return,RUSSELL1000_return,2015-07-10,0.0121710406
RUSSELL1000,return,RUSSELL1000_return,2015-07-13,0.0109317025
RUSSELL1000,return,RUSSELL1000_return,2015-07-14,0.0046478016
RUSSELL1000,return,RUSSELL1000_return,2015-07-15,-0.0013203699
RUSSELL1000,return,RUSSELL1000_return,2015-07-16,0.0076287503
RUSSELL1000,return,RUSSELL1000_return,2015-07-17,0.0005331652
RUSSELL1000,return,RUSSELL1000_return,2015-07-20,0.0005899409
RUSSELL1000,return,RUSSELL1000_return,2015-07-21,-0.0045097169
RUSSELL1000,return,RUSSELL1000_return,2015-07-22,-0.0020016411
RUSSELL1000,return,RUSSELL1000_return,2015-07-23,-0.0054609456
RUSSELL1000,return,RUSSELL1000_return,2015-07-24,-0.0103707114
RUSSELL1000,return,RUSSELL1000_return,2015-07-27,-0.0064323207
RUSSELL1000,return,RUSSELL1000_return,2015-07-28,0.0124233789
RUSSELL1000,return,RUSSELL1000_return,2015-07-29,0.0076904367
RUSSELL1000,return,RUSSELL1000_return,2015-07-30,0.0004528597
RUSSELL1000,return,RUSSELL1000_return,2015-07-31,-0.0017943732
RUSSELL1000,return,RUSSELL1000_return,2015-08-03,-0.0028836877
RUSSELL1000,return,RUSSELL1000_return,2015-08-04,-0.0019604692
RUSSELL1000,return,RUSSELL1000_return,2015-08-05,0.0034308012
RUSSELL1000,return,RUSSELL1000_return,2015-08-06,-0.0079132235
RUSSELL1000,return,RUSSELL1000_return,2015-08-07,-0.0026806956
RUSSELL1000,return,RUSSELL1000_return,2015-08-10,0.0128626352
RUSSELL1000,return,RUSSELL1000_return,2015-08-11,-0.0092706624
RUSSELL1000,return,RUSSELL1000_return,2015-08-12,0.0009349746
RUSSELL1000,return,RUSSELL1000_return,2015-08-13,-0.0009896509
RUSSELL1000,return,RUSSELL1000_return,2015-08-14,0.0039884354
RUSSELL1000,return,RUSSELL1000_return,2015-08-17,0.005897526
RUSSELL1000,return,RUSSELL1000_return,2015-08-18,-0.002679993
RUSSELL1000,return,RUSSELL1000_return,2015-08-19,-0.0083802211
RUSSELL1000,return,RUSSELL1000_return,2015-08-20,-0.0217494173
RUSSELL1000,return,RUSSELL1000_return,2015-08-21,-0.0307593908
RUSSELL1000,return,RUSSELL1000_return,2015-08-24,-0.0394858132
RUSSELL1000,return,RUSSELL1000_return,2015-08-25,-0.0128461417
RUSSELL1000,return,RUSSELL1000_return,2015-08-26,0.0374708709
RUSSELL1000,return,RUSSELL1000_return,2015-08-27,0.0246667971
RUSSELL1000,return,RUSSELL1000_return,2015-08-28,0.001476649
RUSSELL1000,return,RUSSELL1000_return,2015-08-31,-0.0083028517
RUSSELL1000,return,RUSSELL1000_return,2015-09-01,-0.0291403527
RUSSELL1000,return,RUSSELL1000_return,2015-09-02,0.0181637244
RUSSELL1000,return,RUSSELL1000_return,2015-09-03,0.0015499461
RUSSELL1000,return,RUSSELL1000_return,2015-09-04,-0.0147714756
RUSSELL1000,return,RUSSELL1000_return,2015-09-08,0.0249162817
RUSSELL1000,return,RUSSELL1000_return,2015-09-09,-0.0135378591
RUSSELL1000,return,RUSSELL1000_return,2015-09-10,0.0049574816
RUSSELL1000,return,RUSSELL1000_return,2015-09-11,0.0048005605
RUSSELL1000,return,RUSSELL1000_return,2015-09-14,-0.0039952972
RUSSELL1000,return,RUSSELL1000_return,2015-09-15,0.0125547138
RUSSELL1000,return,RUSSELL1000_return,2015-09-16,0.0088084041
RUSSELL1000,return,RUSSELL1000_return,2015-09-17,-0.0019161374
RUSSELL1000,return,RUSSELL1000_return,2015-09-18,-0.0158805058
RUSSELL1000,return,RUSSELL1000_return,2015-09-21,0.0040690023
RUSSELL1000,return,RUSSELL1000_return,2015-09-22,-0.0125937742
RUSSELL1000,return,RUSSELL1000_return,2015-09-23,-0.0023047315
RUSSELL1000,return,RUSSELL1000_return,2015-09-24,-0.0038097085
RUSSELL1000,return,RUSSELL1000_return,2015-09-25,-0.0010119665
RUSSELL1000,return,RUSSELL1000_return,2015-09-28,-0.0262588869
RUSSELL1000,return,RUSSELL1000_return,2015-09-29,0.00075106
RUSSELL1000,return,RUSSELL1000_return,2015-09-30,0.018867909
RUSSELL1000,return,RUSSELL1000_return,2015-10-01,0.0018699478
RUSSELL1000,return,RUSSELL1000_return,2015-10-02,0.0147948134
RUSSELL1000,return,RUSSELL1000_return,2015-10-05,0.0182434457
RUSSELL1000,return,RUSSELL1000_return,2015-10-06,-0.0039316134
RUSSELL1000,return,RUSSELL1000_return,2015-10-07,0.0087800177
RUSSELL1000,return,RUSSELL1000_return,2015-10-08,0.00873193
RUSSELL1000,return,RUSSELL1000_return,2015-10-09,0.0009213976
RUSSELL1000,return,RUSSELL1000_return,2015-10-12,0.000816815
RUSSELL1000,return,RUSSELL1000_return,2015-10-13,-0.0070311649
RUSSELL1000,return,RUSSELL1000_return,2015-10-14,-0.004774695
RUSSELL1000,return,RUSSELL1000_return,2015-10-15,0.0148624646
RUSSELL1000,return,RUSSELL1000_return,2015-10-16,0.0040968512
RUSSELL1000,return,RUSSELL1000_return,2015-10-19,0.0003262471
RUSSELL1000,return,RUSSELL1000_return,2015-10-20,-0.0013822422
RUSSELL1000,return,RUSSELL1000_return,2015-10-21,-0.0064199153
RUSSELL1000,return,RUSSELL1000_return,2015-10-22,0.0155576722
RUSSELL1000,return,RUSSELL1000_return,2015-10-23,0.0103884294
RUSSELL1000,return,RUSSELL1000_return,2015-10-26,-0.0017886072
RUSSELL1000,return,RUSSELL1000_return,2015-10-27,-0.0029952645
RUSSELL1000,return,RUSSELL1000_return,2015-10-28,0.0126237908
RUSSELL1000,return,RUSSELL1000_return,2015-10-29,-0.000894338
RUSSELL1000,return,RUSSELL1000_return,2015-10-30,-0.0041915937
RUSSELL1000,return,RUSSELL1000_return,2015-11-02,0.0122207359
RUSSELL1000,return,RUSSELL1000_return,2015-11-03,0.0024894075
RUSSELL1000,return,RUSSELL1000_return,2015-11-04,-0.0029742478
RUSSELL1000,return,RUSSELL1000_return,2015-11-05,-0.0010726985
RUSSELL1000,return,RUSSELL1000_return,2015-11-06,-0.000334945
RUSSELL1000,return,RUSSELL1000_return,2015-11-09,-0.0095210765
RUSSELL1000,return,RUSSELL1000_return,2015-11-10,0.0018548609
RUSSELL1000,return,RUSSELL1000_return,2015-11-11,-0.0036187603
RUSSELL1000,return,RUSSELL1000_return,2015-11-12,-0.0141277799
RUSSELL1000,return,RUSSELL1000_return,2015-11-13,-0.0106887841
RUSSELL1000,return,RUSSELL1000_return,2015-11-16,0.0145690132
RUSSELL1000,return,RUSSELL1000_return,2015-11-17,-0.0011941481
RUSSELL1000,return,RUSSELL1000_return,2015-11-18,0.0162332346
RUSSELL1000,return,RUSSELL1000_return,2015-11-19,-0.0011429796
RUSSELL1000,return,RUSSELL1000_return,2015-11-20,0.0037529405
RUSSELL1000,return,RUSSELL1000_return,2015-11-23,-0.0008627183
RUSSELL1000,return,RUSSELL1000_return,2015-11-24,0.0016052123
RUSSELL1000,return,RUSSELL1000_return,2015-11-25,0.0003709089
RUSSELL1000,return,RUSSELL1000_return,2015-11-27,0.0009643633
RUSSELL1000,return,RUSSELL1000_return,2015-11-30,-0.0046732105
RUSSELL1000,return,RUSSELL1000_return,2015-12-01,0.0104530628
RUSSELL1000,return,RUSSELL1000_return,2015-12-02,-0.0106969663
RUSSELL1000,return,RUSSELL1000_return,2015-12-03,-0.0144577215
RUSSELL1000,return,RUSSELL1000_return,2015-12-04,0.0194304152
RUSSELL1000,return,RUSSELL1000_return,2015-12-07,-0.0075574687
RUSSELL1000,return,RUSSELL1000_return,2015-12-08,-0.0063345492
RUSSELL1000,return,RUSSELL1000_return,2015-12-09,-0.0078817332
RUSSELL1000,return,RUSSELL1000_return,2015-12-10,0.0025237973
RUSSELL1000,return,RUSSELL1000_return,2015-12-11,-0.0192557525
RUSSELL1000,return,RUSSELL1000_return,2015-12-14,0.0036524838
RUSSELL1000,return,RUSSELL1000_return,2015-12-15,0.0108172389
RUSSELL1000,return,RUSSELL1000_return,2015-12-16,0.0145692307
RUSSELL1000,return,RUSSELL1000_return,2015-12-17,-0.0147336186
RUSSELL1000,return,RUSSELL1000_return,2015-12-18,-0.0170678386
RUSSELL1000,return,RUSSELL1000_return,2015-12-21,0.0075336431
RUSSELL1000,return,RUSSELL1000_return,2015-12-22,0.0088193818
RUSSELL1000,return,RUSSELL1000_return,2015-12-23,0.0127370927
RUSSELL1000,return,RUSSELL1000_return,2015-12-24,-0.0013881548
RUSSELL1000,return,RUSSELL1000_return,2015-12-28,-0.0023225478
RUSSELL1000,return,RUSSELL1000_return,2015-12-29,0.0104870138
RUSSELL1000,return,RUSSELL1000_return,2015-12-30,-0.0071386873
RUSSELL1000,return,RUSSELL1000_return,2015-12-31,-0.0089690196
RUSSELL1000,return,RUSSELL1000_return,2016-01-04,-0.0148421497
RUSSELL1000,return,RUSSELL1000_return,2016-01-05,0.0017783952
RUSSELL1000,return,RUSSELL1000_return,2016-01-06,-0.013139269
RUSSELL1000,return,RUSSELL1000_return,2016-01-07,-0.0240420535
RUSSELL1000,return,RUSSELL1000_return,2016-01-08,-0.0109082138
RUSSELL1000,return,RUSSELL1000_return,2016-01-11,8.28155e-05
RUSSELL1000,return,RUSSELL1000_return,2016-01-12,0.0071817903
RUSSELL1000,return,RUSSELL1000_return,2016-01-13,-0.0253765826
RUSSELL1000,return,RUSSELL1000_return,2016-01-14,0.0159514405
RUSSELL1000,return,RUSSELL1000_return,2016-01-15,-0.0212493617
RUSSELL1000,return,RUSSELL1000_return,2016-01-19,-0.0005917064
RUSSELL1000,return,RUSSELL1000_return,2016-01-20,-0.0111648001
RUSSELL1000,return,RUSSELL1000_return,2016-01-21,0.004785628
RUSSELL1000,return,RUSSELL1000_return,2016-01-22,0.0209407124
RUSSELL1000,return,RUSSELL1000_return,2016-01-25,-0.016134405
RUSSELL1000,return,RUSSELL1000_return,2016-01-26,0.0148758503
RUSSELL1000,return,RUSSELL1000_return,2016-01-27,-0.0110702255
RUSSELL1000,return,RUSSELL1000_return,2016-01-28,0.0044071996
RUSSELL1000,return,RUSSELL1000_return,2016-01-29,0.0253691649
RUSSELL1000,return,RUSSELL1000_return,2016-02-01,-9.45269e-05
RUSSELL1000,return,RUSSELL1000_return,2016-02-02,-0.019297108
RUSSELL1000,return,RUSSELL1000_return,2016-02-03,0.0055053459
RUSSELL1000,return,RUSSELL1000_return,2016-02-04,0.002499317
RUSSELL1000,return,RUSSELL1000_return,2016-02-05,-0.0197115324
RUSSELL1000,return,RUSSELL1000_return,2016-02-08,-0.0156081341
RUSSELL1000,return,RUSSELL1000_return,2016-02-09,-0.0009831041
RUSSELL1000,return,RUSSELL1000_return,2016-02-10,0.0005480461
RUSSELL1000,return,RUSSELL1000_return,2016-02-11,-0.0124469412
RUSSELL1000,return,RUSSELL1000_return,2016-02-12,0.0197355601
RUSSELL1000,return,RUSSELL1000_return,2016-02-16,0.0175773785
RUSSELL1000,return,RUSSELL1000_return,2016-02-17,0.0170872217
RUSSELL1000,return,RUSSELL1000_return,2016-02-18,-0.0044814518
RUSSELL1000,return,RUSSELL1000_return,2016-02-19,0.0001306038
RUSSELL1000,return,RUSSELL1000_return,2016-02-22,0.0146364662
RUSSELL1000,return,RUSSELL1000_return,2016-02-23,-0.0121121099
RUSSELL1000,return,RUSSELL1000_return,2016-02-24,0.0046914138
RUSSELL1000,return,RUSSELL1000_return,2016-02-25,0.0116962713
RUSSELL1000,return,RUSSELL1000_return,2016-02-26,-0.0008486355
RUSSELL1000,return,RUSSELL1000_return,2016-02-29,-0.0074753584
RUSSELL1000,return,RUSSELL1000_return,2016-03-01,0.0236432485
RUSSELL1000,return,RUSSELL1000_return,2016-03-02,0.0047952642
RUSSELL1000,return,RUSSELL1000_return,2016-03-03,0.0044595483
RUSSELL1000,return,RUSSELL1000_return,2016-03-04,0.0036391049
RUSSELL1000,return,RUSSELL1000_return,2016-03-07,0.0013875321
RUSSELL1000,return,RUSSELL1000_return,2016-03-08,-0.0120523949
RUSSELL1000,return,RUSSELL1000_return,2016-03-09,0.0052008493
RUSSELL1000,return,RUSSELL1000_return,2016-03-10,-0.0002223143
RUSSELL1000,return,RUSSELL1000_return,2016-03-11,0.0171814632
RUSSELL1000,return,RUSSELL1000_return,2016-03-14,-0.0013771587
RUSSELL1000,return,RUSSELL1000_return,2016-03-15,-0.0025938008
RUSSELL1000,return,RUSSELL1000_return,2016-03-16,0.0062287929
RUSSELL1000,return,RUSSELL1000_return,2016-03-17,0.0069429673
RUSSELL1000,return,RUSSELL1000_return,2016-03-18,0.0045020359
RUSSELL1000,return,RUSSELL1000_return,2016-03-21,0.0011006349
RUSSELL1000,return,RUSSELL1000_return,2016-03-22,-0.0004551155
RUSSELL1000,return,RUSSELL1000_return,2016-03-23,-0.0072767169
RUSSELL1000,return,RUSSELL1000_return,2016-03-24,-0.0001938995
RUSSELL1000,return,RUSSELL1000_return,2016-03-28,0.0006346419
RUSSELL1000,return,RUSSELL1000_return,2016-03-29,0.0096512618
RUSSELL1000,return,RUSSELL1000_return,2016-03-30,0.0042033162
RUSSELL1000,return,RUSSELL1000_return,2016-03-31,-0.0013793516
RUSSELL1000,return,RUSSELL1000_return,2016-04-01,0.0060955163
RUSSELL1000,return,RUSSELL1000_return,2016-04-04,-0.003380432
RUSSELL1000,return,RUSSELL1000_return,2016-04-05,-0.0099581101
RUSSELL1000,return,RUSSELL1000_return,2016-04-06,0.0109993361
RUSSELL1000,return,RUSSELL1000_return,2016-04-07,-0.0119676289
RUSSELL1000,return,RUSSELL1000_return,2016-04-08,0.003036007
RUSSELL1000,return,RUSSELL1000_return,2016-04-11,-0.002780658
RUSSELL1000,return,RUSSELL1000_return,2016-04-12,0.0096007447
RUSSELL1000,return,RUSSELL1000_return,2016-04-13,0.0110075552
RUSSELL1000,return,RUSSELL1000_return,2016-04-14,3.01512e-05
RUSSELL1000,return,RUSSELL1000_return,2016-04-15,-0.000630647
RUSSELL1000,return,RUSSELL1000_return,2016-04-18,0.0062569976
RUSSELL1000,return,RUSSELL1000_return,2016-04-19,0.0032061542
RUSSELL1000,return,RUSSELL1000_return,2016-04-20,0.0009270837
RUSSELL1000,return,RUSSELL1000_return,2016-04-21,-0.0051424406
RUSSELL1000,return,RUSSELL1000_return,2016-04-22,0.0008084655
RUSSELL1000,return,RUSSELL1000_return,2016-04-25,-0.0021141821
RUSSELL1000,return,RUSSELL1000_return,2016-04-26,0.0023866114
RUSSELL1000,return,RUSSELL1000_return,2016-04-27,0.0018681465
RUSSELL1000,return,RUSSELL1000_return,2016-04-28,-0.0093619536
RUSSELL1000,return,RUSSELL1000_return,2016-04-29,-0.0050395699
RUSSELL1000,return,RUSSELL1000_return,2016-05-02,0.0077892852
RUSSELL1000,return,RUSSELL1000_return,2016-05-03,-0.0093062762
RUSSELL1000,return,RUSSELL1000_return,2016-05-04,-0.0058118185
RUSSELL1000,return,RUSSELL1000_return,2016-05-05,-0.0003001369
RUSSELL1000,return,RUSSELL1000_return,2016-05-06,0.0033699699
RUSSELL1000,return,RUSSELL1000_return,2016-05-09,0.0007095932
RUSSELL1000,return,RUSSELL1000_return,2016-05-10,0.012543921
RUSSELL1000,return,RUSSELL1000_return,2016-05-11,-0.0090857549
RUSSELL1000,return,RUSSELL1000_return,2016-05-12,-0.0004473144
RUSSELL1000,return,RUSSELL1000_return,2016-05-13,-0.0082629372
RUSSELL1000,return,RUSSELL1000_return,2016-05-16,0.0098986909
RUSSELL1000,return,RUSSELL1000_return,2016-05-17,-0.0088859098
RUSSELL1000,return,RUSSELL1000_return,2016-05-18,0.0001211584
RUSSELL1000,return,RUSSELL1000_return,2016-05-19,-0.0038726992
RUSSELL1000,return,RUSSELL1000_return,2016-05-20,0.0069133601
RUSSELL1000,return,RUSSELL1000_return,2016-05-23,-0.0020538577
RUSSELL1000,return,RUSSELL1000_return,2016-05-24,0.0137339252
RUSSELL1000,return,RUSSELL1000_return,2016-05-25,0.0071148197
RUSSELL1000,return,RUSSELL1000_return,2016-05-26,-0.0003350475
RUSSELL1000,return,RUSSELL1000_return,2016-05-27,0.0046209942
RUSSELL1000,return,RUSSELL1000_return,2016-05-31,-0.0005920423
RUSSELL1000,return,RUSSELL1000_return,2016-06-01,0.001627386
RUSSELL1000,return,RUSSELL1000_return,2016-06-02,0.0034276152
RUSSELL1000,return,RUSSELL1000_return,2016-06-03,-0.0031456324
RUSSELL1000,return,RUSSELL1000_return,2016-06-06,0.0051639331
RUSSELL1000,return,RUSSELL1000_return,2016-06-07,0.0015110337
RUSSELL1000,return,RUSSELL1000_return,2016-06-08,0.0034926884
RUSSELL1000,return,RUSSELL1000_return,2016-06-09,-0.0019518569
RUSSELL1000,return,RUSSELL1000_return,2016-06-10,-0.0099414052
RUSSELL1000,return,RUSSELL1000_return,2016-06-13,-0.0077787885
RUSSELL1000,return,RUSSELL1000_return,2016-06-14,-0.0019788823
RUSSELL1000,return,RUSSELL1000_return,2016-06-15,-0.0012471795
RUSSELL1000,return,RUSSELL1000_return,2016-06-16,0.0028091875
RUSSELL1000,return,RUSSELL1000_return,2016-06-17,-0.0028489508
RUSSELL1000,return,RUSSELL1000_return,2016-06-20,0.0062992976
RUSSELL1000,return,RUSSELL1000_return,2016-06-21,0.0024270061
RUSSELL1000,return,RUSSELL1000_return,2016-06-22,-0.0017769021
RUSSELL1000,return,RUSSELL1000_return,2016-06-23,0.013726263
RUSSELL1000,return,RUSSELL1000_return,2016-06-24,-0.0363310151
RUSSELL1000,return,RUSSELL1000_return,2016-06-27,-0.0191263688
RUSSELL1000,return,RUSSELL1000_return,2016-06-28,0.0183333711
RUSSELL1000,return,RUSSELL1000_return,2016-06-29,0.0174493834
RUSSELL1000,return,RUSSELL1000_return,2016-06-30,0.0136352199
RUSSELL1000,return,RUSSELL1000_return,2016-07-01,0.0023605346
RUSSELL1000,return,RUSSELL1000_return,2016-07-05,-0.0072505407
RUSSELL1000,return,RUSSELL1000_return,2016-07-06,0.0056705184
RUSSELL1000,return,RUSSELL1000_return,2016-07-07,-0.0003786689
RUSSELL1000,return,RUSSELL1000_return,2016-07-08,0.0154316167
RUSSELL1000,return,RUSSELL1000_return,2016-07-11,0.0036292221
RUSSELL1000,return,RUSSELL1000_return,2016-07-12,0.0071020288
RUSSELL1000,return,RUSSELL1000_return,2016-07-13,-7.97337e-05
RUSSELL1000,return,RUSSELL1000_return,2016-07-14,0.0049580176
RUSSELL1000,return,RUSSELL1000_return,2016-07-15,-0.0008049313
RUSSELL1000,return,RUSSELL1000_return,2016-07-18,0.0023854431
RUSSELL1000,return,RUSSELL1000_return,2016-07-19,-0.0015214967
RUSSELL1000,return,RUSSELL1000_return,2016-07-20,0.0046423551
RUSSELL1000,return,RUSSELL1000_return,2016-07-21,-0.0035624517
RUSSELL1000,return,RUSSELL1000_return,2016-07-22,0.0047412924
RUSSELL1000,return,RUSSELL1000_return,2016-07-25,-0.0029744286
RUSSELL1000,return,RUSSELL1000_return,2016-07-26,0.0008236022
RUSSELL1000,return,RUSSELL1000_return,2016-07-27,-0.0015098805
RUSSELL1000,return,RUSSELL1000_return,2016-07-28,0.0020286205
RUSSELL1000,return,RUSSELL1000_return,2016-07-29,0.0019449024
RUSSELL1000,return,RUSSELL1000_return,2016-08-01,-0.0014631639
RUSSELL1000,return,RUSSELL1000_return,2016-08-02,-0.0068305368
RUSSELL1000,return,RUSSELL1000_return,2016-08-03,0.0037917952
RUSSELL1000,return,RUSSELL1000_return,2016-08-04,0.000498142
RUSSELL1000,return,RUSSELL1000_return,2016-08-05,0.0083465808
RUSSELL1000,return,RUSSELL1000_return,2016-08-08,-0.0007144794
RUSSELL1000,return,RUSSELL1000_return,2016-08-09,0.0005667617
RUSSELL1000,return,RUSSELL1000_return,2016-08-10,-0.002600116
RUSSELL1000,return,RUSSELL1000_return,2016-08-11,0.0047085149
RUSSELL1000,return,RUSSELL1000_return,2016-08-12,-0.0007077553
RUSSELL1000,return,RUSSELL1000_return,2016-08-15,0.0033546778
RUSSELL1000,return,RUSSELL1000_return,2016-08-16,-0.0057115832
RUSSELL1000,return,RUSSELL1000_return,2016-08-17,0.0016390464
RUSSELL1000,return,RUSSELL1000_return,2016-08-18,0.0025800062
RUSSELL1000,return,RUSSELL1000_return,2016-08-19,-0.0012733378
RUSSELL1000,return,RUSSELL1000_return,2016-08-22,-0.0003058375
RUSSELL1000,return,RUSSELL1000_return,2016-08-23,0.0022798385
RUSSELL1000,return,RUSSELL1000_return,2016-08-24,-0.0054886794
RUSSELL1000,return,RUSSELL1000_return,2016-08-25,-0.0009892432
RUSSELL1000,return,RUSSELL1000_return,2016-08-26,-0.0017812343
RUSSELL1000,return,RUSSELL1000_return,2016-08-29,0.005425523
RUSSELL1000,return,RUSSELL1000_return,2016-08-30,-0.001657683
RUSSELL1000,return,RUSSELL1000_return,2016-08-31,-0.0021920888
RUSSELL1000,return,RUSSELL1000_return,2016-09-01,0.0002189756
RUSSELL1000,return,RUSSELL1000_return,2016-09-02,0.0047364489
RUSSELL1000,return,RUSSELL1000_return,2016-09-06,0.0028914184
RUSSELL1000,return,RUSSELL1000_return,2016-09-07,0.0005399101
RUSSELL1000,return,RUSSELL1000_return,2016-09-08,-0.0022998893
RUSSELL1000,return,RUSSELL1000_return,2016-09-09,-0.0248672351
RUSSELL1000,return,RUSSELL1000_return,2016-09-12,0.0144356302
RUSSELL1000,return,RUSSELL1000_return,2016-09-13,-0.0148369189
RUSSELL1000,return,RUSSELL1000_return,2016-09-14,-0.0005495289
RUSSELL1000,return,RUSSELL1000_return,2016-09-15,0.0102079429
RUSSELL1000,return,RUSSELL1000_return,2016-09-16,-0.0036989535
RUSSELL1000,return,RUSSELL1000_return,2016-09-19,0.0005359968
RUSSELL1000,return,RUSSELL1000_return,2016-09-20,-4.65606e-05
RUSSELL1000,return,RUSSELL1000_return,2016-09-21,0.0110014214
RUSSELL1000,return,RUSSELL1000_return,2016-09-22,0.0069612163
RUSSELL1000,return,RUSSELL1000_return,2016-09-23,-0.0056604312
RUSSELL1000,return,RUSSELL1000_return,2016-09-26,-0.0080993237
RUSSELL1000,return,RUSSELL1000_return,2016-09-27,0.0059221958
RUSSELL1000,return,RUSSELL1000_return,2016-09-28,0.0057915577
RUSSELL1000,return,RUSSELL1000_return,2016-09-29,-0.0093938446
RUSSELL1000,return,RUSSELL1000_return,2016-09-30,0.0078497616
RUSSELL1000,return,RUSSELL1000_return,2016-10-03,-0.0031621949
RUSSELL1000,return,RUSSELL1000_return,2016-10-04,-0.0048916967
RUSSELL1000,return,RUSSELL1000_return,2016-10-05,0.0046410854
RUSSELL1000,return,RUSSELL1000_return,2016-10-06,2.45194e-05
RUSSELL1000,return,RUSSELL1000_return,2016-10-07,-0.0034152783
RUSSELL1000,return,RUSSELL1000_return,2016-10-10,0.0047542126
RUSSELL1000,return,RUSSELL1000_return,2016-10-11,-0.012573711
RUSSELL1000,return,RUSSELL1000_return,2016-10-12,0.0011925441
RUSSELL1000,return,RUSSELL1000_return,2016-10-13,-0.0030276714
RUSSELL1000,return,RUSSELL1000_return,2016-10-14,-3.57528e-05
RUSSELL1000,return,RUSSELL1000_return,2016-10-17,-0.0028563418
RUSSELL1000,return,RUSSELL1000_return,2016-10-18,0.006197735
RUSSELL1000,return,RUSSELL1000_return,2016-10-19,0.0025520346
RUSSELL1000,return,RUSSELL1000_return,2016-10-20,-0.0015319049
RUSSELL1000,return,RUSSELL1000_return,2016-10-21,-8.4487e-05
RUSSELL1000,return,RUSSELL1000_return,2016-10-24,0.0047335272
RUSSELL1000,return,RUSSELL1000_return,2016-10-25,-0.0042666615
RUSSELL1000,return,RUSSELL1000_return,2016-10-26,-0.0020205909
RUSSELL1000,return,RUSSELL1000_return,2016-10-27,-0.0034581171
RUSSELL1000,return,RUSSELL1000_return,2016-10-28,-0.0026893338
RUSSELL1000,return,RUSSELL1000_return,2016-10-31,0.0004148654
RUSSELL1000,return,RUSSELL1000_return,2016-11-01,-0.0069189542
RUSSELL1000,return,RUSSELL1000_return,2016-11-02,-0.0069163431
RUSSELL1000,return,RUSSELL1000_return,2016-11-03,-0.0039718001
RUSSELL1000,return,RUSSELL1000_return,2016-11-04,-0.0011977763
RUSSELL1000,return,RUSSELL1000_return,2016-11-07,0.0219663312
RUSSELL1000,return,RUSSELL1000_return,2016-11-08,0.0041594853
RUSSELL1000,return,RUSSELL1000_return,2016-11-09,0.0115776456
RUSSELL1000,return,RUSSELL1000_return,2016-11-10,0.0017683204
RUSSELL1000,return,RUSSELL1000_return,2016-11-11,-0.0006996384
RUSSELL1000,return,RUSSELL1000_return,2016-11-14,0.0013931115
RUSSELL1000,return,RUSSELL1000_return,2016-11-15,0.0076014326
RUSSELL1000,return,RUSSELL1000_return,2016-11-16,-0.0012335169
RUSSELL1000,return,RUSSELL1000_return,2016-11-17,0.0050081822
RUSSELL1000,return,RUSSELL1000_return,2016-11-18,-0.0020991633
RUSSELL1000,return,RUSSELL1000_return,2016-11-21,0.007448961
RUSSELL1000,return,RUSSELL1000_return,2016-11-22,0.0024294973
RUSSELL1000,return,RUSSELL1000_return,2016-11-23,0.0012053578
RUSSELL1000,return,RUSSELL1000_return,2016-11-25,0.0039222394
RUSSELL1000,return,RUSSELL1000_return,2016-11-28,-0.0055490731
RUSSELL1000,return,RUSSELL1000_return,2016-11-29,0.0015239002
RUSSELL1000,return,RUSSELL1000_return,2016-11-30,-0.0022774116
RUSSELL1000,return,RUSSELL1000_return,2016-12-01,-0.0037398102
RUSSELL1000,return,RUSSELL1000_return,2016-12-02,0.0004016349
RUSSELL1000,return,RUSSELL1000_return,2016-12-05,0.0063765635
RUSSELL1000,return,RUSSELL1000_return,2016-12-06,0.0040411678
RUSSELL1000,return,RUSSELL1000_return,2016-12-07,0.0130093465
RUSSELL1000,return,RUSSELL1000_return,2016-12-08,0.0028005706
RUSSELL1000,return,RUSSELL1000_return,2016-12-09,0.0051543653
RUSSELL1000,return,RUSSELL1000_return,2016-12-12,-0.001728273
RUSSELL1000,return,RUSSELL1000_return,2016-12-13,0.0062725534
RUSSELL1000,return,RUSSELL1000_return,2016-12-14,-0.0083441187
RUSSELL1000,return,RUSSELL1000_return,2016-12-15,0.0038114016
RUSSELL1000,return,RUSSELL1000_return,2016-12-16,-0.0015269687
RUSSELL1000,return,RUSSELL1000_return,2016-12-19,0.0021315647
RUSSELL1000,return,RUSSELL1000_return,2016-12-20,0.003903814
RUSSELL1000,return,RUSSELL1000_return,2016-12-21,-0.0025225669
RUSSELL1000,return,RUSSELL1000_return,2016-12-22,-0.0022053132
RUSSELL1000,return,RUSSELL1000_return,2016-12-23,0.0015614613
RUSSELL1000,return,RUSSELL1000_return,2016-12-27,0.002316963
RUSSELL1000,return,RUSSELL1000_return,2016-12-28,-0.008309985
RUSSELL1000,return,RUSSELL1000_return,2016-12-29,-0.0001063227
RUSSELL1000,return,RUSSELL1000_return,2016-12-30,-0.0044200602
RUSSELL1000,return,RUSSELL1000_return,2017-01-03,0.0084401193
RUSSELL1000,return,RUSSELL1000_return,2017-01-04,0.0071116965
RUSSELL1000,return,RUSSELL1000_return,2017-01-05,-0.0011284823
RUSSELL1000,return,RUSSELL1000_return,2017-01-06,0.0035856666
RUSSELL1000,return,RUSSELL1000_return,2017-01-09,-0.0036388519
RUSSELL1000,return,RUSSELL1000_return,2017-01-10,0.0005196395
RUSSELL1000,return,RUSSELL1000_return,2017-01-11,0.0028423395
RUSSELL1000,return,RUSSELL1000_return,2017-01-12,-0.0022075205
RUSSELL1000,return,RUSSELL1000_return,2017-01-13,0.0022011001
RUSSELL1000,return,RUSSELL1000_return,2017-01-17,-0.0034035471
RUSSELL1000,return,RUSSELL1000_return,2017-01-18,0.0022218667
RUSSELL1000,return,RUSSELL1000_return,2017-01-19,-0.0036781526
RUSSELL1000,return,RUSSELL1000_return,2017-01-20,0.0032869507
RUSSELL1000,return,RUSSELL1000_return,2017-01-23,-0.0025421786
RUSSELL1000,return,RUSSELL1000_return,2017-01-24,0.0071486035
RUSSELL1000,return,RUSSELL1000_return,2017-01-25,0.0078628139
RUSSELL1000,return,RUSSELL1000_return,2017-01-26,-0.0008443759
RUSSELL1000,return,RUSSELL1000_return,2017-01-27,-0.0011260519
RUSSELL1000,return,RUSSELL1000_return,2017-01-30,-0.0061907619
RUSSELL1000,return,RUSSELL1000_return,2017-01-31,-0.0003685501
RUSSELL1000,return,RUSSELL1000_return,2017-02-01,0.0002865076
RUSSELL1000,return,RUSSELL1000_return,2017-02-02,0.0008142448
RUSSELL1000,return,RUSSELL1000_return,2017-02-03,0.0076933862
RUSSELL1000,return,RUSSELL1000_return,2017-02-06,-0.0021135656
RUSSELL1000,return,RUSSELL1000_return,2017-02-07,3.57855e-05
RUSSELL1000,return,RUSSELL1000_return,2017-02-08,0.0010869378
RUSSELL1000,return,RUSSELL1000_return,2017-02-09,0.0062079653
RUSSELL1000,return,RUSSELL1000_return,2017-02-10,0.0036318573
RUSSELL1000,return,RUSSELL1000_return,2017-02-13,0.0052845472
RUSSELL1000,return,RUSSELL1000_return,2017-02-14,0.0041993635
RUSSELL1000,return,RUSSELL1000_return,2017-02-15,0.0049833274
RUSSELL1000,return,RUSSELL1000_return,2017-02-16,-0.0008700498
RUSSELL1000,return,RUSSELL1000_return,2017-02-17,0.0017279685
RUSSELL1000,return,RUSSELL1000_return,2017-02-21,0.006152109
RUSSELL1000,return,RUSSELL1000_return,2017-02-22,-0.0012434754
RUSSELL1000,return,RUSSELL1000_return,2017-02-23,-2.05915e-05
RUSSELL1000,return,RUSSELL1000_return,2017-02-24,0.0017355786
RUSSELL1000,return,RUSSELL1000_return,2017-02-27,0.0016276017
RUSSELL1000,return,RUSSELL1000_return,2017-02-28,-0.0031191843
RUSSELL1000,return,RUSSELL1000_return,2017-03-01,0.0136142021
RUSSELL1000,return,RUSSELL1000_return,2017-03-02,-0.0061508432
RUSSELL1000,return,RUSSELL1000_return,2017-03-03,0.0007219069
RUSSELL1000,return,RUSSELL1000_return,2017-03-06,-0.0035338175
RUSSELL1000,return,RUSSELL1000_return,2017-03-07,-0.0031261134
RUSSELL1000,return,RUSSELL1000_return,2017-03-08,-0.0022051589
RUSSELL1000,return,RUSSELL1000_return,2017-03-09,0.0003942877
RUSSELL1000,return,RUSSELL1000_return,2017-03-10,0.003327551
RUSSELL1000,return,RUSSELL1000_return,2017-03-13,0.0008591277
RUSSELL1000,return,RUSSELL1000_return,2017-03-14,-0.0033741467
RUSSELL1000,return,RUSSELL1000_return,2017-03-15,0.00874939
RUSSELL1000,return,RUSSELL1000_return,2017-03-16,-0.0013677299
RUSSELL1000,return,RUSSELL1000_return,2017-03-17,-0.0010808237
RUSSELL1000,return,RUSSELL1000_return,2017-03-20,-0.0022625184
RUSSELL1000,return,RUSSELL1000_return,2017-03-21,-0.013005377
RUSSELL1000,return,RUSSELL1000_return,2017-03-22,0.0018908366
RUSSELL1000,return,RUSSELL1000_return,2017-03-23,-0.0007780347
RUSSELL1000,return,RUSSELL1000_return,2017-03-24,-0.0007273257
RUSSELL1000,return,RUSSELL1000_return,2017-03-27,-0.000915806
RUSSELL1000,return,RUSSELL1000_return,2017-03-28,0.0073348857
RUSSELL1000,return,RUSSELL1000_return,2017-03-29,0.0015142784
RUSSELL1000,return,RUSSELL1000_return,2017-03-30,0.0029898367
RUSSELL1000,return,RUSSELL1000_return,2017-03-31,-0.0019361133
RUSSELL1000,return,RUSSELL1000_return,2017-04-03,-0.0019479933
RUSSELL1000,return,RUSSELL1000_return,2017-04-04,0.0006744771
RUSSELL1000,return,RUSSELL1000_return,2017-04-05,-0.0033988335
RUSSELL1000,return,RUSSELL1000_return,2017-04-06,0.0027857942
RUSSELL1000,return,RUSSELL1000_return,2017-04-07,-0.0008008577
RUSSELL1000,return,RUSSELL1000_return,2017-04-10,0.0009969812
RUSSELL1000,return,RUSSELL1000_return,2017-04-11,-0.0008766524
RUSSELL1000,return,RUSSELL1000_return,2017-04-12,-0.0041970706
RUSSELL1000,return,RUSSELL1000_return,2017-04-13,-0.0068766561
RUSSELL1000,return,RUSSELL1000_return,2017-04-17,0.0087503235
RUSSELL1000,return,RUSSELL1000_return,2017-04-18,-0.0026396609
RUSSELL1000,return,RUSSELL1000_return,2017-04-19,-0.0012447357
RUSSELL1000,return,RUSSELL1000_return,2017-04-20,0.0076056222
RUSSELL1000,return,RUSSELL1000_return,2017-04-21,-0.0029780842
RUSSELL1000,return,RUSSELL1000_return,2017-04-24,0.0107154618
RUSSELL1000,return,RUSSELL1000_return,2017-04-25,0.0060871038
RUSSELL1000,return,RUSSELL1000_return,2017-04-26,-0.0002551282
RUSSELL1000,return,RUSSELL1000_return,2017-04-27,0.0007730578
RUSSELL1000,return,RUSSELL1000_return,2017-04-28,-0.0024563826
RUSSELL1000,return,RUSSELL1000_return,2017-05-01,0.0019377934
RUSSELL1000,return,RUSSELL1000_return,2017-05-02,0.0009418836
RUSSELL1000,return,RUSSELL1000_return,2017-05-03,-0.0016190888
RUSSELL1000,return,RUSSELL1000_return,2017-05-04,0.000196427
RUSSELL1000,return,RUSSELL1000_return,2017-05-05,0.0046860057
RUSSELL1000,return,RUSSELL1000_return,2017-05-08,-0.0003233012
RUSSELL1000,return,RUSSELL1000_return,2017-05-09,-0.000869517
RUSSELL1000,return,RUSSELL1000_return,2017-05-10,0.0016749527
RUSSELL1000,return,RUSSELL1000_return,2017-05-11,-0.0021629969
RUSSELL1000,return,RUSSELL1000_return,2017-05-12,-0.0016293666
RUSSELL1000,return,RUSSELL1000_return,2017-05-15,0.0050905982
RUSSELL1000,return,RUSSELL1000_return,2017-05-16,-0.0005992137
RUSSELL1000,return,RUSSELL1000_return,2017-05-17,-0.0178933267
RUSSELL1000,return,RUSSELL1000_return,2017-05-18,0.0036309751
RUSSELL1000,return,RUSSELL1000_return,2017-05-19,0.0070365167
RUSSELL1000,return,RUSSELL1000_return,2017-05-22,0.0052953197
RUSSELL1000,return,RUSSELL1000_return,2017-05-23,0.0017183033
RUSSELL1000,return,RUSSELL1000_return,2017-05-24,0.0026286644
RUSSELL1000,return,RUSSELL1000_return,2017-05-25,0.0043103311
RUSSELL1000,return,RUSSELL1000_return,2017-05-26,0.0003689341
RUSSELL1000,return,RUSSELL1000_return,2017-05-30,-0.0013721515
RUSSELL1000,return,RUSSELL1000_return,2017-05-31,-0.0001105774
RUSSELL1000,return,RUSSELL1000_return,2017-06-01,0.0084154604
RUSSELL1000,return,RUSSELL1000_return,2017-06-02,0.0035922712
RUSSELL1000,return,RUSSELL1000_return,2017-06-05,-0.0015089317
RUSSELL1000,return,RUSSELL1000_return,2017-06-06,-0.0028642974
RUSSELL1000,return,RUSSELL1000_return,2017-06-07,0.0015875033
RUSSELL1000,return,RUSSELL1000_return,2017-06-08,0.0005526234
RUSSELL1000,return,RUSSELL1000_return,2017-06-09,-0.0008693525
RUSSELL1000,return,RUSSELL1000_return,2017-06-12,-0.0007489476
RUSSELL1000,return,RUSSELL1000_return,2017-06-13,0.0051463385
RUSSELL1000,return,RUSSELL1000_return,2017-06-14,-0.0011294754
RUSSELL1000,return,RUSSELL1000_return,2017-06-15,-0.0022463557
RUSSELL1000,return,RUSSELL1000_return,2017-06-16,0.0001315153
RUSSELL1000,return,RUSSELL1000_return,2017-06-19,0.0083375369
RUSSELL1000,return,RUSSELL1000_return,2017-06-20,-0.0069203726
RUSSELL1000,return,RUSSELL1000_return,2017-06-21,-0.0007115092
RUSSELL1000,return,RUSSELL1000_return,2017-06-22,-0.0002198839
RUSSELL1000,return,RUSSELL1000_return,2017-06-23,0.0020066437
RUSSELL1000,return,RUSSELL1000_return,2017-06-26,0.0006307947
RUSSELL1000,return,RUSSELL1000_return,2017-06-27,-0.0082755045
RUSSELL1000,return,RUSSELL1000_return,2017-06-28,0.0092024393
RUSSELL1000,return,RUSSELL1000_return,2017-06-29,-0.0085679909
RUSSELL1000,return,RUSSELL1000_return,2017-06-30,0.0016585101
RUSSELL1000,return,RUSSELL1000_return,2017-07-03,0.0025748107
RUSSELL1000,return,RUSSELL1000_return,2017-07-05,0.0011567397
RUSSELL1000,return,RUSSELL1000_return,2017-07-06,-0.0095353368
RUSSELL1000,return,RUSSELL1000_return,2017-07-07,0.0066767271
RUSSELL1000,return,RUSSELL1000_return,2017-07-10,0.000667348
RUSSELL1000,return,RUSSELL1000_return,2017-07-11,-0.0003966709
RUSSELL1000,return,RUSSELL1000_return,2017-07-12,0.0073839005
RUSSELL1000,return,RUSSELL1000_return,2017-07-13,0.0018591496
RUSSELL1000,return,RUSSELL1000_return,2017-07-14,0.0045882746
RUSSELL1000,return,RUSSELL1000_return,2017-07-17,4.97011e-05
RUSSELL1000,return,RUSSELL1000_return,2017-07-18,0.0004498719
RUSSELL1000,return,RUSSELL1000_return,2017-07-19,0.005784703
RUSSELL1000,return,RUSSELL1000_return,2017-07-20,-0.0001419946
RUSSELL1000,return,RUSSELL1000_return,2017-07-21,-0.0004301673
RUSSELL1000,return,RUSSELL1000_return,2017-07-24,-0.000625972
RUSSELL1000,return,RUSSELL1000_return,2017-07-25,0.003152932
RUSSELL1000,return,RUSSELL1000_return,2017-07-26,-1.28297e-05
RUSSELL1000,return,RUSSELL1000_return,2017-07-27,-0.0013710189
RUSSELL1000,return,RUSSELL1000_return,2017-07-28,-0.0013528534
RUSSELL1000,return,RUSSELL1000_return,2017-07-31,-0.0007311356
RUSSELL1000,return,RUSSELL1000_return,2017-08-01,0.0024294791
RUSSELL1000,return,RUSSELL1000_return,2017-08-02,5.80833e-05
RUSSELL1000,return,RUSSELL1000_return,2017-08-03,-0.0018966121
RUSSELL1000,return,RUSSELL1000_return,2017-08-04,0.0021072307
RUSSELL1000,return,RUSSELL1000_return,2017-08-07,0.0015488518
RUSSELL1000,return,RUSSELL1000_return,2017-08-08,-0.0023791932
RUSSELL1000,return,RUSSELL1000_return,2017-08-09,-0.0007040989
RUSSELL1000,return,RUSSELL1000_return,2017-08-10,-0.0143074278
RUSSELL1000,return,RUSSELL1000_return,2017-08-11,0.0016050719
RUSSELL1000,return,RUSSELL1000_return,2017-08-14,0.0101300678
RUSSELL1000,return,RUSSELL1000_return,2017-08-15,-0.0005532381
RUSSELL1000,return,RUSSELL1000_return,2017-08-16,0.0019477225
RUSSELL1000,return,RUSSELL1000_return,2017-08-17,-0.0153737632
RUSSELL1000,return,RUSSELL1000_return,2017-08-18,-0.0018005267
RUSSELL1000,return,RUSSELL1000_return,2017-08-21,0.001126307
RUSSELL1000,return,RUSSELL1000_return,2017-08-22,0.0099509833
RUSSELL1000,return,RUSSELL1000_return,2017-08-23,-0.0030675381
RUSSELL1000,return,RUSSELL1000_return,2017-08-24,-0.0017593055
RUSSELL1000,return,RUSSELL1000_return,2017-08-25,0.0018270277
RUSSELL1000,return,RUSSELL1000_return,2017-08-28,0.0003765959
RUSSELL1000,return,RUSSELL1000_return,2017-08-29,0.000774752
RUSSELL1000,return,RUSSELL1000_return,2017-08-30,0.0052190464
RUSSELL1000,return,RUSSELL1000_return,2017-08-31,0.006244291
RUSSELL1000,return,RUSSELL1000_return,2017-09-01,0.0022780855
RUSSELL1000,return,RUSSELL1000_return,2017-09-05,-0.0078698585
RUSSELL1000,return,RUSSELL1000_return,2017-09-06,0.0028875735
RUSSELL1000,return,RUSSELL1000_return,2017-09-07,-0.0002724721
RUSSELL1000,return,RUSSELL1000_return,2017-09-08,-0.0011767478
RUSSELL1000,return,RUSSELL1000_return,2017-09-11,0.0109724981
RUSSELL1000,return,RUSSELL1000_return,2017-09-12,0.003589407
RUSSELL1000,return,RUSSELL1000_return,2017-09-13,0.0005765226
RUSSELL1000,return,RUSSELL1000_return,2017-09-14,-0.0007560572
RUSSELL1000,return,RUSSELL1000_return,2017-09-15,0.0020675082
RUSSELL1000,return,RUSSELL1000_return,2017-09-18,0.0018765051
RUSSELL1000,return,RUSSELL1000_return,2017-09-19,0.0009684113
RUSSELL1000,return,RUSSELL1000_return,2017-09-20,0.0009639251
RUSSELL1000,return,RUSSELL1000_return,2017-09-21,-0.0029830203
RUSSELL1000,return,RUSSELL1000_return,2017-09-22,0.0008051493
RUSSELL1000,return,RUSSELL1000_return,2017-09-25,-0.0021267654
RUSSELL1000,return,RUSSELL1000_return,2017-09-26,0.000103573
RUSSELL1000,return,RUSSELL1000_return,2017-09-27,0.0041976836
RUSSELL1000,return,RUSSELL1000_return,2017-09-28,0.0014680374
RUSSELL1000,return,RUSSELL1000_return,2017-09-29,0.0036354185
RUSSELL1000,return,RUSSELL1000_return,2017-10-02,0.0041689585
RUSSELL1000,return,RUSSELL1000_return,2017-10-03,0.0023370303
RUSSELL1000,return,RUSSELL1000_return,2017-10-04,0.0013361826
RUSSELL1000,return,RUSSELL1000_return,2017-10-05,0.0055811307
RUSSELL1000,return,RUSSELL1000_return,2017-10-06,-0.0007726704
RUSSELL1000,return,RUSSELL1000_return,2017-10-09,-0.0019155482
RUSSELL1000,return,RUSSELL1000_return,2017-10-10,0.0022630605
RUSSELL1000,return,RUSSELL1000_return,2017-10-11,0.0017440983
RUSSELL1000,return,RUSSELL1000_return,2017-10-12,-0.0014605527
RUSSELL1000,return,RUSSELL1000_return,2017-10-13,0.0007995954
RUSSELL1000,return,RUSSELL1000_return,2017-10-16,0.0016316209
RUSSELL1000,return,RUSSELL1000_return,2017-10-17,0.0005386992
RUSSELL1000,return,RUSSELL1000_return,2017-10-18,0.0007779316
RUSSELL1000,return,RUSSELL1000_return,2017-10-19,0.0003995308
RUSSELL1000,return,RUSSELL1000_return,2017-10-20,0.0052650653
RUSSELL1000,return,RUSSELL1000_return,2017-10-23,-0.0041582315
RUSSELL1000,return,RUSSELL1000_return,2017-10-24,0.001637263
RUSSELL1000,return,RUSSELL1000_return,2017-10-25,-0.0049126064
RUSSELL1000,return,RUSSELL1000_return,2017-10-26,0.0016337287
RUSSELL1000,return,RUSSELL1000_return,2017-10-27,0.0078224807
RUSSELL1000,return,RUSSELL1000_return,2017-10-30,-0.00334869
RUSSELL1000,return,RUSSELL1000_return,2017-10-31,0.0014204898
RUSSELL1000,return,RUSSELL1000_return,2017-11-01,0.0012754001
RUSSELL1000,return,RUSSELL1000_return,2017-11-02,0.0001797249
RUSSELL1000,return,RUSSELL1000_return,2017-11-03,0.0032668443
RUSSELL1000,return,RUSSELL1000_return,2017-11-06,0.001569875
RUSSELL1000,return,RUSSELL1000_return,2017-11-07,-0.0007094409
RUSSELL1000,return,RUSSELL1000_return,2017-11-08,0.001509848
RUSSELL1000,return,RUSSELL1000_return,2017-11-09,-0.0036737259
RUSSELL1000,return,RUSSELL1000_return,2017-11-10,-0.0003204638
RUSSELL1000,return,RUSSELL1000_return,2017-11-13,0.0009989424
RUSSELL1000,return,RUSSELL1000_return,2017-11-14,-0.0021765915
RUSSELL1000,return,RUSSELL1000_return,2017-11-15,-0.0051949605
RUSSELL1000,return,RUSSELL1000_return,2017-11-16,0.0086258836
RUSSELL1000,return,RUSSELL1000_return,2017-11-17,-0.0018394544
RUSSELL1000,return,RUSSELL1000_return,2017-11-20,0.0014753542
RUSSELL1000,return,RUSSELL1000_return,2017-11-21,0.0066637572
RUSSELL1000,return,RUSSELL1000_return,2017-11-22,-0.0005798322
RUSSELL1000,return,RUSSELL1000_return,2017-11-24,0.0020663201
RUSSELL1000,return,RUSSELL1000_return,2017-11-27,-0.0006071121
RUSSELL1000,return,RUSSELL1000_return,2017-11-28,0.0097391498
RUSSELL1000,return,RUSSELL1000_return,2017-11-29,-0.0003135593
RUSSELL1000,return,RUSSELL1000_return,2017-11-30,0.0082618227
RUSSELL1000,return,RUSSELL1000_return,2017-12-01,-0.0018884619
RUSSELL1000,return,RUSSELL1000_return,2017-12-04,-0.0012337815
RUSSELL1000,return,RUSSELL1000_return,2017-12-05,-0.0038959422
RUSSELL1000,return,RUSSELL1000_return,2017-12-06,-0.0004454137
RUSSELL1000,return,RUSSELL1000_return,2017-12-07,0.0035980618
RUSSELL1000,return,RUSSELL1000_return,2017-12-08,0.0055772377
RUSSELL1000,return,RUSSELL1000_return,2017-12-11,0.0029870205
RUSSELL1000,return,RUSSELL1000_return,2017-12-12,0.0011787106
RUSSELL1000,return,RUSSELL1000_return,2017-12-13,-0.000474339
RUSSELL1000,return,RUSSELL1000_return,2017-12-14,-0.0040879549
RUSSELL1000,return,RUSSELL1000_return,2017-12-15,0.0090185838
RUSSELL1000,return,RUSSELL1000_return,2017-12-18,0.0058087891
RUSSELL1000,return,RUSSELL1000_return,2017-12-19,-0.0032839026
RUSSELL1000,return,RUSSELL1000_return,2017-12-20,-0.0005412716
RUSSELL1000,return,RUSSELL1000_return,2017-12-21,0.0020917745
RUSSELL1000,return,RUSSELL1000_return,2017-12-22,-0.0003029023
RUSSELL1000,return,RUSSELL1000_return,2017-12-26,-0.0008741733
RUSSELL1000,return,RUSSELL1000_return,2017-12-27,0.000874468
RUSSELL1000,return,RUSSELL1000_return,2017-12-28,0.0022263739
RUSSELL1000,return,RUSSELL1000_return,2017-12-29,-0.0051193294
RUSSELL1000,return,RUSSELL1000_return,2018-01-02,0.0082222127
RUSSELL1000,return,RUSSELL1000_return,2018-01-03,0.0061885681
RUSSELL1000,return,RUSSELL1000_return,2018-01-04,0.0039517988
RUSSELL1000,return,RUSSELL1000_return,2018-01-05,0.0067262649
RUSSELL1000,return,RUSSELL1000_return,2018-01-08,0.0019089482
RUSSELL1000,return,RUSSELL1000_return,2018-01-09,0.0014055683
RUSSELL1000,return,RUSSELL1000_return,2018-01-10,-0.0012829538
RUSSELL1000,return,RUSSELL1000_return,2018-01-11,0.0076037925
RUSSELL1000,return,RUSSELL1000_return,2018-01-12,0.006337607
RUSSELL1000,return,RUSSELL1000_return,2018-01-16,-0.0039328806
RUSSELL1000,return,RUSSELL1000_return,2018-01-17,0.0092714785
RUSSELL1000,return,RUSSELL1000_return,2018-01-18,-0.0016706509
RUSSELL1000,return,RUSSELL1000_return,2018-01-19,0.0049318753
RUSSELL1000,return,RUSSELL1000_return,2018-01-22,0.0080966718
RUSSELL1000,return,RUSSELL1000_return,2018-01-23,0.0023633003
RUSSELL1000,return,RUSSELL1000_return,2018-01-24,-0.0008528699
RUSSELL1000,return,RUSSELL1000_return,2018-01-25,0.0004181276
RUSSELL1000,return,RUSSELL1000_return,2018-01-26,0.0112455134
RUSSELL1000,return,RUSSELL1000_return,2018-01-29,-0.006794865
RUSSELL1000,return,RUSSELL1000_return,2018-01-30,-0.01070869
RUSSELL1000,return,RUSSELL1000_return,2018-01-31,0.0003897528
RUSSELL1000,return,RUSSELL1000_return,2018-02-01,-0.0002715172
RUSSELL1000,return,RUSSELL1000_return,2018-02-02,-0.0208824667
RUSSELL1000,return,RUSSELL1000_return,2018-02-05,-0.040102127
RUSSELL1000,return,RUSSELL1000_return,2018-02-06,0.016574176
RUSSELL1000,return,RUSSELL1000_return,2018-02-07,-0.0044947687
RUSSELL1000,return,RUSSELL1000_return,2018-02-08,-0.0370382748
RUSSELL1000,return,RUSSELL1000_return,2018-02-09,0.0146181969
RUSSELL1000,return,RUSSELL1000_return,2018-02-12,0.0137219552
RUSSELL1000,return,RUSSELL1000_return,2018-02-13,0.002844027
RUSSELL1000,return,RUSSELL1000_return,2018-02-14,0.0140282647
RUSSELL1000,return,RUSSELL1000_return,2018-02-15,0.0122158527
RUSSELL1000,return,RUSSELL1000_return,2018-02-16,0.0004494239
RUSSELL1000,return,RUSSELL1000_return,2018-02-20,-0.0056360144
RUSSELL1000,return,RUSSELL1000_return,2018-02-21,-0.0052338118
RUSSELL1000,return,RUSSELL1000_return,2018-02-22,0.0006998683
RUSSELL1000,return,RUSSELL1000_return,2018-02-23,0.0157198914
RUSSELL1000,return,RUSSELL1000_return,2018-02-26,0.0112017197
RUSSELL1000,return,RUSSELL1000_return,2018-02-27,-0.0125760242
RUSSELL1000,return,RUSSELL1000_return,2018-02-28,-0.0106200801
RUSSELL1000,return,RUSSELL1000_return,2018-03-01,-0.0123950748
RUSSELL1000,return,RUSSELL1000_return,2018-03-02,0.0057009938
RUSSELL1000,return,RUSSELL1000_return,2018-03-05,0.0110315822
RUSSELL1000,return,RUSSELL1000_return,2018-03-06,0.0032091862
RUSSELL1000,return,RUSSELL1000_return,2018-03-07,-6.45344e-05
RUSSELL1000,return,RUSSELL1000_return,2018-03-08,0.0043543191
RUSSELL1000,return,RUSSELL1000_return,2018-03-09,0.0168827651
RUSSELL1000,return,RUSSELL1000_return,2018-03-12,-0.0008810358
RUSSELL1000,return,RUSSELL1000_return,2018-03-13,-0.0061993456
RUSSELL1000,return,RUSSELL1000_return,2018-03-14,-0.0052838731
RUSSELL1000,return,RUSSELL1000_return,2018-03-15,-0.0010542646
RUSSELL1000,return,RUSSELL1000_return,2018-03-16,0.0020604203
RUSSELL1000,return,RUSSELL1000_return,2018-03-19,-0.0137938255
RUSSELL1000,return,RUSSELL1000_return,2018-03-20,0.0015618408
RUSSELL1000,return,RUSSELL1000_return,2018-03-21,-0.0013098337
RUSSELL1000,return,RUSSELL1000_return,2018-03-22,-0.0249347758
RUSSELL1000,return,RUSSELL1000_return,2018-03-23,-0.0205784015
RUSSELL1000,return,RUSSELL1000_return,2018-03-26,0.0265206546
RUSSELL1000,return,RUSSELL1000_return,2018-03-27,-0.0172568519
RUSSELL1000,return,RUSSELL1000_return,2018-03-28,-0.0026982319
RUSSELL1000,return,RUSSELL1000_return,2018-03-29,0.0137371837
RUSSELL1000,return,RUSSELL1000_return,2018-04-02,-0.0223929389
RUSSELL1000,return,RUSSELL1000_return,2018-04-03,0.012433495
RUSSELL1000,return,RUSSELL1000_return,2018-04-04,0.0114123683
RUSSELL1000,return,RUSSELL1000_return,2018-04-05,0.0070764031
RUSSELL1000,return,RUSSELL1000_return,2018-04-06,-0.0215452076
RUSSELL1000,return,RUSSELL1000_return,2018-04-09,0.0031718836
RUSSELL1000,return,RUSSELL1000_return,2018-04-10,0.0167364275
RUSSELL1000,return,RUSSELL1000_return,2018-04-11,-0.0050739066
RUSSELL1000,return,RUSSELL1000_return,2018-04-12,0.0079686539
RUSSELL1000,return,RUSSELL1000_return,2018-04-13,-0.0030548086
RUSSELL1000,return,RUSSELL1000_return,2018-04-16,0.0082355007
RUSSELL1000,return,RUSSELL1000_return,2018-04-17,0.0106634424
RUSSELL1000,return,RUSSELL1000_return,2018-04-18,0.0011171551
RUSSELL1000,return,RUSSELL1000_return,2018-04-19,-0.005584675
RUSSELL1000,return,RUSSELL1000_return,2018-04-20,-0.0081788877
RUSSELL1000,return,RUSSELL1000_return,2018-04-23,-0.0001197171
RUSSELL1000,return,RUSSELL1000_return,2018-04-24,-0.0129708284
RUSSELL1000,return,RUSSELL1000_return,2018-04-25,0.0015056001
RUSSELL1000,return,RUSSELL1000_return,2018-04-26,0.0100934759
RUSSELL1000,return,RUSSELL1000_return,2018-04-27,0.0009654006
RUSSELL1000,return,RUSSELL1000_return,2018-04-30,-0.0079083975
RUSSELL1000,return,RUSSELL1000_return,2018-05-01,0.002495522
RUSSELL1000,return,RUSSELL1000_return,2018-05-02,-0.0068590488
RUSSELL1000,return,RUSSELL1000_return,2018-05-03,-0.0021826025
RUSSELL1000,return,RUSSELL1000_return,2018-05-04,0.0131156698
RUSSELL1000,return,RUSSELL1000_return,2018-05-07,0.0038899753
RUSSELL1000,return,RUSSELL1000_return,2018-05-08,3.88967e-05
RUSSELL1000,return,RUSSELL1000_return,2018-05-09,0.0095087846
RUSSELL1000,return,RUSSELL1000_return,2018-05-10,0.0091448588
RUSSELL1000,return,RUSSELL1000_return,2018-05-11,0.0018304346
RUSSELL1000,return,RUSSELL1000_return,2018-05-14,0.0007548987
RUSSELL1000,return,RUSSELL1000_return,2018-05-15,-0.0064842789
RUSSELL1000,return,RUSSELL1000_return,2018-05-16,0.0043818489
RUSSELL1000,return,RUSSELL1000_return,2018-05-17,-0.0003540567
RUSSELL1000,return,RUSSELL1000_return,2018-05-18,-0.0022212273
RUSSELL1000,return,RUSSELL1000_return,2018-05-21,0.0074474894
RUSSELL1000,return,RUSSELL1000_return,2018-05-22,-0.0034131967
RUSSELL1000,return,RUSSELL1000_return,2018-05-23,0.0030841927
RUSSELL1000,return,RUSSELL1000_return,2018-05-24,-0.0017559324
RUSSELL1000,return,RUSSELL1000_return,2018-05-25,-0.0020740493
RUSSELL1000,return,RUSSELL1000_return,2018-05-29,-0.0107759223
RUSSELL1000,return,RUSSELL1000_return,2018-05-30,0.0128075748
RUSSELL1000,return,RUSSELL1000_return,2018-05-31,-0.0067259586
RUSSELL1000,return,RUSSELL1000_return,2018-06-01,0.0106067604
RUSSELL1000,return,RUSSELL1000_return,2018-06-04,0.004812973
RUSSELL1000,return,RUSSELL1000_return,2018-06-05,0.0010608425
RUSSELL1000,return,RUSSELL1000_return,2018-06-06,0.008649426
RUSSELL1000,return,RUSSELL1000_return,2018-06-07,-0.0006165005
RUSSELL1000,return,RUSSELL1000_return,2018-06-08,0.0033043313
RUSSELL1000,return,RUSSELL1000_return,2018-06-11,0.0009997565
RUSSELL1000,return,RUSSELL1000_return,2018-06-12,0.0020145729
RUSSELL1000,return,RUSSELL1000_return,2018-06-13,-0.0041558167
RUSSELL1000,return,RUSSELL1000_return,2018-06-14,0.0028188301
RUSSELL1000,return,RUSSELL1000_return,2018-06-15,-0.0008160574
RUSSELL1000,return,RUSSELL1000_return,2018-06-18,-0.0016347919
RUSSELL1000,return,RUSSELL1000_return,2018-06-19,-0.0040934363
RUSSELL1000,return,RUSSELL1000_return,2018-06-20,0.0021677365
RUSSELL1000,return,RUSSELL1000_return,2018-06-21,-0.0065611993
RUSSELL1000,return,RUSSELL1000_return,2018-06-22,0.0018282722
RUSSELL1000,return,RUSSELL1000_return,2018-06-25,-0.0141732397
RUSSELL1000,return,RUSSELL1000_return,2018-06-26,0.0023267066
RUSSELL1000,return,RUSSELL1000_return,2018-06-27,-0.0090525852
RUSSELL1000,return,RUSSELL1000_return,2018-06-28,0.0064258405
RUSSELL1000,return,RUSSELL1000_return,2018-06-29,0.0008609607
RUSSELL1000,return,RUSSELL1000_return,2018-07-02,0.0030403258
RUSSELL1000,return,RUSSELL1000_return,2018-07-03,-0.0045135109
RUSSELL1000,return,RUSSELL1000_return,2018-07-05,0.0087233521
RUSSELL1000,return,RUSSELL1000_return,2018-07-06,0.0087207799
RUSSELL1000,return,RUSSELL1000_return,2018-07-09,0.0090499865
RUSSELL1000,return,RUSSELL1000_return,2018-07-10,0.0031477261
RUSSELL1000,return,RUSSELL1000_return,2018-07-11,-0.0070046188
RUSSELL1000,return,RUSSELL1000_return,2018-07-12,0.0085670762
RUSSELL1000,return,RUSSELL1000_return,2018-07-13,0.0008685851
RUSSELL1000,return,RUSSELL1000_return,2018-07-16,-0.0014842067
RUSSELL1000,return,RUSSELL1000_return,2018-07-17,0.0042506641
RUSSELL1000,return,RUSSELL1000_return,2018-07-18,0.0023198184
RUSSELL1000,return,RUSSELL1000_return,2018-07-19,-0.0033922072
RUSSELL1000,return,RUSSELL1000_return,2018-07-20,-0.0012631256
RUSSELL1000,return,RUSSELL1000_return,2018-07-23,0.0015503318
RUSSELL1000,return,RUSSELL1000_return,2018-07-24,0.0032397606
RUSSELL1000,return,RUSSELL1000_return,2018-07-25,0.0088945483
RUSSELL1000,return,RUSSELL1000_return,2018-07-26,-0.0024188346
RUSSELL1000,return,RUSSELL1000_return,2018-07-27,-0.0071597512
RUSSELL1000,return,RUSSELL1000_return,2018-07-30,-0.0062410513
RUSSELL1000,return,RUSSELL1000_return,2018-07-31,0.0053591208
RUSSELL1000,return,RUSSELL1000_return,2018-08-01,-0.0009317352
RUSSELL1000,return,RUSSELL1000_return,2018-08-02,0.0058863944
RUSSELL1000,return,RUSSELL1000_return,2018-08-03,0.0042368237
RUSSELL1000,return,RUSSELL1000_return,2018-08-06,0.0039407858
RUSSELL1000,return,RUSSELL1000_return,2018-08-07,0.0029812002
RUSSELL1000,return,RUSSELL1000_return,2018-08-08,-0.0004451331
RUSSELL1000,return,RUSSELL1000_return,2018-08-09,-0.0008531083
RUSSELL1000,return,RUSSELL1000_return,2018-08-10,-0.0064562173
RUSSELL1000,return,RUSSELL1000_return,2018-08-13,-0.0041412458
RUSSELL1000,return,RUSSELL1000_return,2018-08-14,0.0065150406
RUSSELL1000,return,RUSSELL1000_return,2018-08-15,-0.0077505944
RUSSELL1000,return,RUSSELL1000_return,2018-08-16,0.0081534102
RUSSELL1000,return,RUSSELL1000_return,2018-08-17,0.0033849054
RUSSELL1000,return,RUSSELL1000_return,2018-08-20,0.0025944886
RUSSELL1000,return,RUSSELL1000_return,2018-08-21,0.0026496907
RUSSELL1000,return,RUSSELL1000_return,2018-08-22,-0.0001156788
RUSSELL1000,return,RUSSELL1000_return,2018-08-23,-0.001739669
RUSSELL1000,return,RUSSELL1000_return,2018-08-24,0.0063551972
RUSSELL1000,return,RUSSELL1000_return,2018-08-27,0.0075683679
RUSSELL1000,return,RUSSELL1000_return,2018-08-28,0.0004533046
RUSSELL1000,return,RUSSELL1000_return,2018-08-29,0.0056179968
RUSSELL1000,return,RUSSELL1000_return,2018-08-30,-0.0042908527
RUSSELL1000,return,RUSSELL1000_return,2018-08-31,0.0005048307
RUSSELL1000,return,RUSSELL1000_return,2018-09-04,-0.0013576997
RUSSELL1000,return,RUSSELL1000_return,2018-09-05,-0.0032784444
RUSSELL1000,return,RUSSELL1000_return,2018-09-06,-0.0034171497
RUSSELL1000,return,RUSSELL1000_return,2018-09-07,-0.002204077
RUSSELL1000,return,RUSSELL1000_return,2018-09-10,0.0021535053
RUSSELL1000,return,RUSSELL1000_return,2018-09-11,0.0036131767
RUSSELL1000,return,RUSSELL1000_return,2018-09-12,0.0004194462
RUSSELL1000,return,RUSSELL1000_return,2018-09-13,0.0053790402
RUSSELL1000,return,RUSSELL1000_return,2018-09-14,0.0007282931
RUSSELL1000,return,RUSSELL1000_return,2018-09-17,-0.0062478428
RUSSELL1000,return,RUSSELL1000_return,2018-09-18,0.0053563058
RUSSELL1000,return,RUSSELL1000_return,2018-09-19,0.0006496458
RUSSELL1000,return,RUSSELL1000_return,2018-09-20,0.0077345942
RUSSELL1000,return,RUSSELL1000_return,2018-09-21,-0.0005660946
RUSSELL1000,return,RUSSELL1000_return,2018-09-24,-0.0035731588
RUSSELL1000,return,RUSSELL1000_return,2018-09-25,-0.0009142959
RUSSELL1000,return,RUSSELL1000_return,2018-09-26,-0.0036532747
RUSSELL1000,return,RUSSELL1000_return,2018-09-27,0.0028887025
RUSSELL1000,return,RUSSELL1000_return,2018-09-28,0.0001990577
RUSSELL1000,return,RUSSELL1000_return,2018-10-01,0.0028277008
RUSSELL1000,return,RUSSELL1000_return,2018-10-02,-0.0008487757
RUSSELL1000,return,RUSSELL1000_return,2018-10-03,0.0010489734
RUSSELL1000,return,RUSSELL1000_return,2018-10-04,-0.0085660631
RUSSELL1000,return,RUSSELL1000_return,2018-10-05,-0.0057853919
RUSSELL1000,return,RUSSELL1000_return,2018-10-08,-0.0010825189
RUSSELL1000,return,RUSSELL1000_return,2018-10-09,-0.0014594766
RUSSELL1000,return,RUSSELL1000_return,2018-10-10,-0.0327218496
RUSSELL1000,return,RUSSELL1000_return,2018-10-11,-0.0202105165
RUSSELL1000,return,RUSSELL1000_return,2018-10-12,0.0140330908
RUSSELL1000,return,RUSSELL1000_return,2018-10-15,-0.0052255212
RUSSELL1000,return,RUSSELL1000_return,2018-10-16,0.0218050777
RUSSELL1000,return,RUSSELL1000_return,2018-10-17,-0.0005200355
RUSSELL1000,return,RUSSELL1000_return,2018-10-18,-0.0144543487
RUSSELL1000,return,RUSSELL1000_return,2018-10-19,-0.0011625308
RUSSELL1000,return,RUSSELL1000_return,2018-10-22,-0.0042544817
RUSSELL1000,return,RUSSELL1000_return,2018-10-23,-0.0055125521
RUSSELL1000,return,RUSSELL1000_return,2018-10-24,-0.0311728474
RUSSELL1000,return,RUSSELL1000_return,2018-10-25,0.0185264286
RUSSELL1000,return,RUSSELL1000_return,2018-10-26,-0.0169144366
RUSSELL1000,return,RUSSELL1000_return,2018-10-29,-0.0067028169
RUSSELL1000,return,RUSSELL1000_return,2018-10-30,0.0159049012
RUSSELL1000,return,RUSSELL1000_return,2018-10-31,0.0113692377
RUSSELL1000,return,RUSSELL1000_return,2018-11-01,0.0116293512
RUSSELL1000,return,RUSSELL1000_return,2018-11-02,-0.0060815311
RUSSELL1000,return,RUSSELL1000_return,2018-11-05,0.0049028482
RUSSELL1000,return,RUSSELL1000_return,2018-11-06,0.0061357477
RUSSELL1000,return,RUSSELL1000_return,2018-11-07,0.0207819355
RUSSELL1000,return,RUSSELL1000_return,2018-11-08,-0.0024487524
RUSSELL1000,return,RUSSELL1000_return,2018-11-09,-0.0092640593
RUSSELL1000,return,RUSSELL1000_return,2018-11-12,-0.0196930894
RUSSELL1000,return,RUSSELL1000_return,2018-11-13,-0.0011501427
RUSSELL1000,return,RUSSELL1000_return,2018-11-14,-0.0073957693
RUSSELL1000,return,RUSSELL1000_return,2018-11-15,0.0111403465
RUSSELL1000,return,RUSSELL1000_return,2018-11-16,0.0022507679
RUSSELL1000,return,RUSSELL1000_return,2018-11-19,-0.0172181604
RUSSELL1000,return,RUSSELL1000_return,2018-11-20,-0.0176841477
RUSSELL1000,return,RUSSELL1000_return,2018-11-21,0.0040793128
RUSSELL1000,return,RUSSELL1000_return,2018-11-23,-0.0059462648
RUSSELL1000,return,RUSSELL1000_return,2018-11-26,0.0157343603
RUSSELL1000,return,RUSSELL1000_return,2018-11-27,0.0020941373
RUSSELL1000,return,RUSSELL1000_return,2018-11-28,0.0231549074
RUSSELL1000,return,RUSSELL1000_return,2018-11-29,-0.0017990096
RUSSELL1000,return,RUSSELL1000_return,2018-11-30,0.0083472285
RUSSELL1000,return,RUSSELL1000_return,2018-12-03,0.0110789369
RUSSELL1000,return,RUSSELL1000_return,2018-12-04,-0.0324694452
RUSSELL1000,return,RUSSELL1000_return,2018-12-06,-0.0008085559
RUSSELL1000,return,RUSSELL1000_return,2018-12-07,-0.0232255388
RUSSELL1000,return,RUSSELL1000_return,2018-12-10,0.001285601
RUSSELL1000,return,RUSSELL1000_return,2018-12-11,-0.000555508
RUSSELL1000,return,RUSSELL1000_return,2018-12-12,0.0055983205
RUSSELL1000,return,RUSSELL1000_return,2018-12-13,-0.0008719894
RUSSELL1000,return,RUSSELL1000_return,2018-12-14,-0.0183555078
RUSSELL1000,return,RUSSELL1000_return,2018-12-17,-0.0212368936
RUSSELL1000,return,RUSSELL1000_return,2018-12-18,0.0001845951
RUSSELL1000,return,RUSSELL1000_return,2018-12-19,-0.015301143
RUSSELL1000,return,RUSSELL1000_return,2018-12-20,-0.0159331224
RUSSELL1000,return,RUSSELL1000_return,2018-12-21,-0.0207216157
RUSSELL1000,return,RUSSELL1000_return,2018-12-24,-0.0268685504
RUSSELL1000,return,RUSSELL1000_return,2018-12-26,0.0496888986
RUSSELL1000,return,RUSSELL1000_return,2018-12-27,0.0083876607
RUSSELL1000,return,RUSSELL1000_return,2018-12-28,-0.0008097551
RUSSELL1000,return,RUSSELL1000_return,2018-12-31,0.008830066
RUSSELL1000,return,RUSSELL1000_return,2019-01-02,0.0007032204
RUSSELL1000,return,RUSSELL1000_return,2019-01-03,-0.0238445155
RUSSELL1000,return,RUSSELL1000_return,2019-01-04,0.0343729766
RUSSELL1000,return,RUSSELL1000_return,2019-01-07,0.0078881064
RUSSELL1000,return,RUSSELL1000_return,2019-01-08,0.01020108
RUSSELL1000,return,RUSSELL1000_return,2019-01-09,0.0049336646
RUSSELL1000,return,RUSSELL1000_return,2019-01-10,0.004741671
RUSSELL1000,return,RUSSELL1000_return,2019-01-11,-7.25104e-05
RUSSELL1000,return,RUSSELL1000_return,2019-01-14,-0.0053494362
RUSSELL1000,return,RUSSELL1000_return,2019-01-15,0.0105079297
RUSSELL1000,return,RUSSELL1000_return,2019-01-16,0.002722369
RUSSELL1000,return,RUSSELL1000_return,2019-01-17,0.0077936829
RUSSELL1000,return,RUSSELL1000_return,2019-01-18,0.013088509
RUSSELL1000,return,RUSSELL1000_return,2019-01-22,-0.0141736562
RUSSELL1000,return,RUSSELL1000_return,2019-01-23,0.0018540979
RUSSELL1000,return,RUSSELL1000_return,2019-01-24,0.0021112153
RUSSELL1000,return,RUSSELL1000_return,2019-01-25,0.0090342238
RUSSELL1000,return,RUSSELL1000_return,2019-01-28,-0.007293511
RUSSELL1000,return,RUSSELL1000_return,2019-01-29,-0.0014124561
RUSSELL1000,return,RUSSELL1000_return,2019-01-30,0.0154198615
RUSSELL1000,return,RUSSELL1000_return,2019-01-31,0.0087397406
RUSSELL1000,return,RUSSELL1000_return,2019-02-01,0.0016936695
RUSSELL1000,return,RUSSELL1000_return,2019-02-04,0.0069270709
RUSSELL1000,return,RUSSELL1000_return,2019-02-05,0.0047500892
RUSSELL1000,return,RUSSELL1000_return,2019-02-06,-0.0021454345
RUSSELL1000,return,RUSSELL1000_return,2019-02-07,-0.0087883019
RUSSELL1000,return,RUSSELL1000_return,2019-02-08,0.0010610704
RUSSELL1000,return,RUSSELL1000_return,2019-02-11,0.0010913732
RUSSELL1000,return,RUSSELL1000_return,2019-02-12,0.0128565286
RUSSELL1000,return,RUSSELL1000_return,2019-02-13,0.0030245678
RUSSELL1000,return,RUSSELL1000_return,2019-02-14,-0.002113956
RUSSELL1000,return,RUSSELL1000_return,2019-02-15,0.0107645917
RUSSELL1000,return,RUSSELL1000_return,2019-02-19,0.0015543489
RUSSELL1000,return,RUSSELL1000_return,2019-02-20,0.0017821514
RUSSELL1000,return,RUSSELL1000_return,2019-02-21,-0.0034658585
RUSSELL1000,return,RUSSELL1000_return,2019-02-22,0.0067287804
RUSSELL1000,return,RUSSELL1000_return,2019-02-25,0.0014356126
RUSSELL1000,return,RUSSELL1000_return,2019-02-26,-0.0011863293
RUSSELL1000,return,RUSSELL1000_return,2019-02-27,0.0002567808
RUSSELL1000,return,RUSSELL1000_return,2019-02-28,-0.002666881
RUSSELL1000,return,RUSSELL1000_return,2019-03-01,0.0067947211
RUSSELL1000,return,RUSSELL1000_return,2019-03-04,-0.0043630589
RUSSELL1000,return,RUSSELL1000_return,2019-03-05,-0.0012446721
RUSSELL1000,return,RUSSELL1000_return,2019-03-06,-0.0069759548
RUSSELL1000,return,RUSSELL1000_return,2019-03-07,-0.0077194094
RUSSELL1000,return,RUSSELL1000_return,2019-03-08,-0.0020524624
RUSSELL1000,return,RUSSELL1000_return,2019-03-11,0.0147112776
RUSSELL1000,return,RUSSELL1000_return,2019-03-12,0.0030079737
RUSSELL1000,return,RUSSELL1000_return,2019-03-13,0.0068074729
RUSSELL1000,return,RUSSELL1000_return,2019-03-14,-0.0005813575
RUSSELL1000,return,RUSSELL1000_return,2019-03-15,0.0047075157
RUSSELL1000,return,RUSSELL1000_return,2019-03-18,0.0038528001
RUSSELL1000,return,RUSSELL1000_return,2019-03-19,-0.0004279874
RUSSELL1000,return,RUSSELL1000_return,2019-03-20,-0.0031908669
RUSSELL1000,return,RUSSELL1000_return,2019-03-21,0.0113463182
RUSSELL1000,return,RUSSELL1000_return,2019-03-22,-0.0196255343
RUSSELL1000,return,RUSSELL1000_return,2019-03-25,-0.0008690977
RUSSELL1000,return,RUSSELL1000_return,2019-03-26,0.0073673539
RUSSELL1000,return,RUSSELL1000_return,2019-03-27,-0.0046451236
RUSSELL1000,return,RUSSELL1000_return,2019-03-28,0.0041939278
RUSSELL1000,return,RUSSELL1000_return,2019-03-29,0.0067427322
RUSSELL1000,return,RUSSELL1000_return,2019-04-01,0.011739325
RUSSELL1000,return,RUSSELL1000_return,2019-04-02,-1.11644e-05
RUSSELL1000,return,RUSSELL1000_return,2019-04-03,0.0024697431
RUSSELL1000,return,RUSSELL1000_return,2019-04-04,0.0018618956
RUSSELL1000,return,RUSSELL1000_return,2019-04-05,0.004885216
RUSSELL1000,return,RUSSELL1000_return,2019-04-08,0.0010651971
RUSSELL1000,return,RUSSELL1000_return,2019-04-09,-0.0060470957
RUSSELL1000,return,RUSSELL1000_return,2019-04-10,0.0041563269
RUSSELL1000,return,RUSSELL1000_return,2019-04-11,0.0002283945
RUSSELL1000,return,RUSSELL1000_return,2019-04-12,0.0067666012
RUSSELL1000,return,RUSSELL1000_return,2019-04-15,-0.000682091
RUSSELL1000,return,RUSSELL1000_return,2019-04-16,0.0003277286
RUSSELL1000,return,RUSSELL1000_return,2019-04-17,-0.0029058748
RUSSELL1000,return,RUSSELL1000_return,2019-04-18,0.0015240302
RUSSELL1000,return,RUSSELL1000_return,2019-04-22,0.0008592002
RUSSELL1000,return,RUSSELL1000_return,2019-04-23,0.0092431533
RUSSELL1000,return,RUSSELL1000_return,2019-04-24,-0.0019521376
RUSSELL1000,return,RUSSELL1000_return,2019-04-25,-0.0008657079
RUSSELL1000,return,RUSSELL1000_return,2019-04-26,0.0050338249
RUSSELL1000,return,RUSSELL1000_return,2019-04-29,0.0011577375
RUSSELL1000,return,RUSSELL1000_return,2019-04-30,0.000935575
RUSSELL1000,return,RUSSELL1000_return,2019-05-01,-0.0075766227
RUSSELL1000,return,RUSSELL1000_return,2019-05-02,-0.0018853436
RUSSELL1000,return,RUSSELL1000_return,2019-05-03,0.0100553587
RUSSELL1000,return,RUSSELL1000_return,2019-05-06,-0.0041444744
RUSSELL1000,return,RUSSELL1000_return,2019-05-07,-0.0167148357
RUSSELL1000,return,RUSSELL1000_return,2019-05-08,-0.0015767267
RUSSELL1000,return,RUSSELL1000_return,2019-05-09,-0.0025108533
RUSSELL1000,return,RUSSELL1000_return,2019-05-10,0.003933357
RUSSELL1000,return,RUSSELL1000_return,2019-05-13,-0.0247737115
RUSSELL1000,return,RUSSELL1000_return,2019-05-14,0.0086582356
RUSSELL1000,return,RUSSELL1000_return,2019-05-15,0.0060089574
RUSSELL1000,return,RUSSELL1000_return,2019-05-16,0.0092361161
RUSSELL1000,return,RUSSELL1000_return,2019-05-17,-0.0062622191
RUSSELL1000,return,RUSSELL1000_return,2019-05-20,-0.0070142894
RUSSELL1000,return,RUSSELL1000_return,2019-05-21,0.008979561
RUSSELL1000,return,RUSSELL1000_return,2019-05-22,-0.0031564443
RUSSELL1000,return,RUSSELL1000_return,2019-05-23,-0.0122685493
RUSSELL1000,return,RUSSELL1000_return,2019-05-24,0.0017488396
RUSSELL1000,return,RUSSELL1000_return,2019-05-28,-0.0082800855
RUSSELL1000,return,RUSSELL1000_return,2019-05-29,-0.0068905813
RUSSELL1000,return,RUSSELL1000_return,2019-05-30,0.0020847844
RUSSELL1000,return,RUSSELL1000_return,2019-05-31,-0.0125364496
RUSSELL1000,return,RUSSELL1000_return,2019-06-03,-0.0026348027
RUSSELL1000,return,RUSSELL1000_return,2019-06-04,0.0219059644
RUSSELL1000,return,RUSSELL1000_return,2019-06-05,0.0081569154
RUSSELL1000,return,RUSSELL1000_return,2019-06-06,0.0060227001
RUSSELL1000,return,RUSSELL1000_return,2019-06-07,0.0102338815
RUSSELL1000,return,RUSSELL1000_return,2019-06-10,0.0049187493
RUSSELL1000,return,RUSSELL1000_return,2019-06-11,-0.0005268951
RUSSELL1000,return,RUSSELL1000_return,2019-06-12,-0.0019669836
RUSSELL1000,return,RUSSELL1000_return,2019-06-13,0.0045227874
RUSSELL1000,return,RUSSELL1000_return,2019-06-14,-0.0019836288
RUSSELL1000,return,RUSSELL1000_return,2019-06-17,0.0010966925
RUSSELL1000,return,RUSSELL1000_return,2019-06-18,0.0098802546
RUSSELL1000,return,RUSSELL1000_return,2019-06-19,0.0032484404
RUSSELL1000,return,RUSSELL1000_return,2019-06-20,0.0092651501
RUSSELL1000,return,RUSSELL1000_return,2019-06-21,-0.0017239384
RUSSELL1000,return,RUSSELL1000_return,2019-06-24,-0.0023964656
RUSSELL1000,return,RUSSELL1000_return,2019-06-25,-0.0094800015
RUSSELL1000,return,RUSSELL1000_return,2019-06-26,-0.0012233388
RUSSELL1000,return,RUSSELL1000_return,2019-06-27,0.004841181
RUSSELL1000,return,RUSSELL1000_return,2019-06-28,0.0062407367
RUSSELL1000,return,RUSSELL1000_return,2019-07-01,0.0076740315
RUSSELL1000,return,RUSSELL1000_return,2019-07-02,0.0026654409
RUSSELL1000,return,RUSSELL1000_return,2019-07-03,0.0080720376
RUSSELL1000,return,RUSSELL1000_return,2019-07-05,-0.0014198657
RUSSELL1000,return,RUSSELL1000_return,2019-07-08,-0.0051122938
RUSSELL1000,return,RUSSELL1000_return,2019-07-09,0.0020152091
RUSSELL1000,return,RUSSELL1000_return,2019-07-10,0.0042571451
RUSSELL1000,return,RUSSELL1000_return,2019-07-11,0.0020296482
RUSSELL1000,return,RUSSELL1000_return,2019-07-12,0.0049379797
RUSSELL1000,return,RUSSELL1000_return,2019-07-15,0.0001460102
RUSSELL1000,return,RUSSELL1000_return,2019-07-16,-0.0032604218
RUSSELL1000,return,RUSSELL1000_return,2019-07-17,-0.0061529789
RUSSELL1000,return,RUSSELL1000_return,2019-07-18,0.0036336891
RUSSELL1000,return,RUSSELL1000_return,2019-07-19,-0.0061007556
RUSSELL1000,return,RUSSELL1000_return,2019-07-22,0.002713139
RUSSELL1000,return,RUSSELL1000_return,2019-07-23,0.0068492441
RUSSELL1000,return,RUSSELL1000_return,2019-07-24,0.0054400005
RUSSELL1000,return,RUSSELL1000_return,2019-07-25,-0.0056805619
RUSSELL1000,return,RUSSELL1000_return,2019-07-26,0.0076558199
RUSSELL1000,return,RUSSELL1000_return,2019-07-29,-0.0020809862
RUSSELL1000,return,RUSSELL1000_return,2019-07-30,-0.0019839648
RUSSELL1000,return,RUSSELL1000_return,2019-07-31,-0.0105851021
RUSSELL1000,return,RUSSELL1000_return,2019-08-01,-0.0093083951
RUSSELL1000,return,RUSSELL1000_return,2019-08-02,-0.0078713957
RUSSELL1000,return,RUSSELL1000_return,2019-08-05,-0.0298462303
RUSSELL1000,return,RUSSELL1000_return,2019-08-06,0.0132024108
RUSSELL1000,return,RUSSELL1000_return,2019-08-07,0.0011904522
RUSSELL1000,return,RUSSELL1000_return,2019-08-08,0.0193383055
RUSSELL1000,return,RUSSELL1000_return,2019-08-09,-0.006834799
RUSSELL1000,return,RUSSELL1000_return,2019-08-12,-0.0121987704
RUSSELL1000,return,RUSSELL1000_return,2019-08-13,0.0144061004
RUSSELL1000,return,RUSSELL1000_return,2019-08-14,-0.0289725569
RUSSELL1000,return,RUSSELL1000_return,2019-08-15,0.0023413711
RUSSELL1000,return,RUSSELL1000_return,2019-08-16,0.0148928921
RUSSELL1000,return,RUSSELL1000_return,2019-08-19,0.0116767074
RUSSELL1000,return,RUSSELL1000_return,2019-08-20,-0.0075315879
RUSSELL1000,return,RUSSELL1000_return,2019-08-21,0.0083469392
RUSSELL1000,return,RUSSELL1000_return,2019-08-22,-0.000523457
RUSSELL1000,return,RUSSELL1000_return,2019-08-23,-0.0256880441
RUSSELL1000,return,RUSSELL1000_return,2019-08-26,0.0106575971
RUSSELL1000,return,RUSSELL1000_return,2019-08-27,-0.003662745
RUSSELL1000,return,RUSSELL1000_return,2019-08-28,0.0063696693
RUSSELL1000,return,RUSSELL1000_return,2019-08-29,0.0129792636
RUSSELL1000,return,RUSSELL1000_return,2019-08-30,0.0007270911
RUSSELL1000,return,RUSSELL1000_return,2019-09-03,-0.0071589225
RUSSELL1000,return,RUSSELL1000_return,2019-09-04,0.0108914342
RUSSELL1000,return,RUSSELL1000_return,2019-09-05,0.0131733691
RUSSELL1000,return,RUSSELL1000_return,2019-09-06,0.000722729
RUSSELL1000,return,RUSSELL1000_return,2019-09-09,-0.0003243108
RUSSELL1000,return,RUSSELL1000_return,2019-09-10,0.0003281212
RUSSELL1000,return,RUSSELL1000_return,2019-09-11,0.0076359435
RUSSELL1000,return,RUSSELL1000_return,2019-09-12,0.0027690126
RUSSELL1000,return,RUSSELL1000_return,2019-09-13,-0.0007399753
RUSSELL1000,return,RUSSELL1000_return,2019-09-16,-0.0022073127
RUSSELL1000,return,RUSSELL1000_return,2019-09-17,0.0026140836
RUSSELL1000,return,RUSSELL1000_return,2019-09-18,1.58661e-05
RUSSELL1000,return,RUSSELL1000_return,2019-09-19,6.06402e-05
RUSSELL1000,return,RUSSELL1000_return,2019-09-20,-0.0047148571
RUSSELL1000,return,RUSSELL1000_return,2019-09-23,1.02255e-05
RUSSELL1000,return,RUSSELL1000_return,2019-09-24,-0.0088986315
RUSSELL1000,return,RUSSELL1000_return,2019-09-25,0.0063079822
RUSSELL1000,return,RUSSELL1000_return,2019-09-26,-0.0026046105
RUSSELL1000,return,RUSSELL1000_return,2019-09-27,-0.0056695683
RUSSELL1000,return,RUSSELL1000_return,2019-09-30,0.0052881575
RUSSELL1000,return,RUSSELL1000_return,2019-10-01,-0.01244735
RUSSELL1000,return,RUSSELL1000_return,2019-10-02,-0.0174154585
RUSSELL1000,return,RUSSELL1000_return,2019-10-03,0.0084146145
RUSSELL1000,return,RUSSELL1000_return,2019-10-04,0.0140009014
RUSSELL1000,return,RUSSELL1000_return,2019-10-07,-0.0042038912
RUSSELL1000,return,RUSSELL1000_return,2019-10-08,-0.0159377828
RUSSELL1000,return,RUSSELL1000_return,2019-10-09,0.0094008209
RUSSELL1000,return,RUSSELL1000_return,2019-10-10,0.0060962834
RUSSELL1000,return,RUSSELL1000_return,2019-10-11,0.0114599637
RUSSELL1000,return,RUSSELL1000_return,2019-10-14,-0.0014239822
RUSSELL1000,return,RUSSELL1000_return,2019-10-15,0.0097368063
RUSSELL1000,return,RUSSELL1000_return,2019-10-16,-0.0024991173
RUSSELL1000,return,RUSSELL1000_return,2019-10-17,0.0031348955
RUSSELL1000,return,RUSSELL1000_return,2019-10-18,-0.0040080845
RUSSELL1000,return,RUSSELL1000_return,2019-10-21,0.006780905
RUSSELL1000,return,RUSSELL1000_return,2019-10-22,-0.0038559077
RUSSELL1000,return,RUSSELL1000_return,2019-10-23,0.0027123629
RUSSELL1000,return,RUSSELL1000_return,2019-10-24,0.0026993212
RUSSELL1000,return,RUSSELL1000_return,2019-10-25,0.0043054171
RUSSELL1000,return,RUSSELL1000_return,2019-10-28,0.0056498765
RUSSELL1000,return,RUSSELL1000_return,2019-10-29,-0.0008363245
RUSSELL1000,return,RUSSELL1000_return,2019-10-30,0.0032909265
RUSSELL1000,return,RUSSELL1000_return,2019-10-31,-0.0033162516
RUSSELL1000,return,RUSSELL1000_return,2019-11-01,0.0100506987
RUSSELL1000,return,RUSSELL1000_return,2019-11-04,0.00363299
RUSSELL1000,return,RUSSELL1000_return,2019-11-05,-0.0012363975
RUSSELL1000,return,RUSSELL1000_return,2019-11-06,0.0004191309
RUSSELL1000,return,RUSSELL1000_return,2019-11-07,0.0032018622
RUSSELL1000,return,RUSSELL1000_return,2019-11-08,0.0029947069
RUSSELL1000,return,RUSSELL1000_return,2019-11-11,-0.0015730805
RUSSELL1000,return,RUSSELL1000_return,2019-11-12,0.0015601323
RUSSELL1000,return,RUSSELL1000_return,2019-11-13,0.0007186057
RUSSELL1000,return,RUSSELL1000_return,2019-11-14,0.0012265483
RUSSELL1000,return,RUSSELL1000_return,2019-11-15,0.0079168756
RUSSELL1000,return,RUSSELL1000_return,2019-11-18,0.0005453167
RUSSELL1000,return,RUSSELL1000_return,2019-11-19,-9.42246e-05
RUSSELL1000,return,RUSSELL1000_return,2019-11-20,-0.0031292748
RUSSELL1000,return,RUSSELL1000_return,2019-11-21,-0.0018823622
RUSSELL1000,return,RUSSELL1000_return,2019-11-22,0.0022112922
RUSSELL1000,return,RUSSELL1000_return,2019-11-25,0.0080277848
RUSSELL1000,return,RUSSELL1000_return,2019-11-26,0.0024020058
RUSSELL1000,return,RUSSELL1000_return,2019-11-27,0.0043718822
RUSSELL1000,return,RUSSELL1000_return,2019-11-29,-0.0041055759
RUSSELL1000,return,RUSSELL1000_return,2019-12-02,-0.0088300561
RUSSELL1000,return,RUSSELL1000_return,2019-12-03,-0.0062712967
RUSSELL1000,return,RUSSELL1000_return,2019-12-04,0.0061387481
RUSSELL1000,return,RUSSELL1000_return,2019-12-05,0.0015506766
RUSSELL1000,return,RUSSELL1000_return,2019-12-06,0.0089859373
RUSSELL1000,return,RUSSELL1000_return,2019-12-09,-0.0031487692
RUSSELL1000,return,RUSSELL1000_return,2019-12-10,-0.0011320636
RUSSELL1000,return,RUSSELL1000_return,2019-12-11,0.002642882
RUSSELL1000,return,RUSSELL1000_return,2019-12-12,0.0083269501
RUSSELL1000,return,RUSSELL1000_return,2019-12-13,0.0001538835
RUSSELL1000,return,RUSSELL1000_return,2019-12-16,0.0073395667
RUSSELL1000,return,RUSSELL1000_return,2019-12-17,0.0003521206
RUSSELL1000,return,RUSSELL1000_return,2019-12-18,-0.0002065451
RUSSELL1000,return,RUSSELL1000_return,2019-12-19,0.0046211915
RUSSELL1000,return,RUSSELL1000_return,2019-12-20,0.0050678497
RUSSELL1000,return,RUSSELL1000_return,2019-12-23,0.0008419319
RUSSELL1000,return,RUSSELL1000_return,2019-12-24,-4.1602e-06
RUSSELL1000,return,RUSSELL1000_return,2019-12-26,0.0049821548
RUSSELL1000,return,RUSSELL1000_return,2019-12-27,-0.0001842584
RUSSELL1000,return,RUSSELL1000_return,2019-12-30,-0.0055684408
RUSSELL1000,return,RUSSELL1000_return,2019-12-31,0.0030572704
RUSSELL1000,return,RUSSELL1000_return,2020-01-02,0.0082529757
RUSSELL1000,return,RUSSELL1000_return,2020-01-03,-0.0063761194
RUSSELL1000,return,RUSSELL1000_return,2020-01-06,0.0035041341
RUSSELL1000,return,RUSSELL1000_return,2020-01-07,-0.0024548042
RUSSELL1000,return,RUSSELL1000_return,2020-01-08,0.0048935838
RUSSELL1000,return,RUSSELL1000_return,2020-01-09,0.0067461025
RUSSELL1000,return,RUSSELL1000_return,2020-01-10,-0.002721975
RUSSELL1000,return,RUSSELL1000_return,2020-01-13,0.0072991461
RUSSELL1000,return,RUSSELL1000_return,2020-01-14,-0.0010466665
RUSSELL1000,return,RUSSELL1000_return,2020-01-15,0.0017995244
RUSSELL1000,return,RUSSELL1000_return,2020-01-16,0.0084781574
RUSSELL1000,return,RUSSELL1000_return,2020-01-17,0.003344378
RUSSELL1000,return,RUSSELL1000_return,2020-01-21,-0.0024600077
RUSSELL1000,return,RUSSELL1000_return,2020-01-22,0.0004827883
RUSSELL1000,return,RUSSELL1000_return,2020-01-23,0.0011960326
RUSSELL1000,return,RUSSELL1000_return,2020-01-24,-0.008933225
RUSSELL1000,return,RUSSELL1000_return,2020-01-27,-0.0155912489
RUSSELL1000,return,RUSSELL1000_return,2020-01-28,0.0101376518
RUSSELL1000,return,RUSSELL1000_return,2020-01-29,-0.0007884545
RUSSELL1000,return,RUSSELL1000_return,2020-01-30,0.0033938565
RUSSELL1000,return,RUSSELL1000_return,2020-01-31,-0.017525873
RUSSELL1000,return,RUSSELL1000_return,2020-02-03,0.0080731121
RUSSELL1000,return,RUSSELL1000_return,2020-02-04,0.0155056459
RUSSELL1000,return,RUSSELL1000_return,2020-02-05,0.0098119687
RUSSELL1000,return,RUSSELL1000_return,2020-02-06,0.0031244549
RUSSELL1000,return,RUSSELL1000_return,2020-02-07,-0.0052022087
RUSSELL1000,return,RUSSELL1000_return,2020-02-10,0.007448023
RUSSELL1000,return,RUSSELL1000_return,2020-02-11,0.0021984963
RUSSELL1000,return,RUSSELL1000_return,2020-02-12,0.0065109379
RUSSELL1000,return,RUSSELL1000_return,2020-02-13,-0.0008278264
RUSSELL1000,return,RUSSELL1000_return,2020-02-14,0.0021863519
RUSSELL1000,return,RUSSELL1000_return,2020-02-18,-0.0024001079
RUSSELL1000,return,RUSSELL1000_return,2020-02-19,0.0049800814
RUSSELL1000,return,RUSSELL1000_return,2020-02-20,-0.0031698052
RUSSELL1000,return,RUSSELL1000_return,2020-02-21,-0.0105498608
RUSSELL1000,return,RUSSELL1000_return,2020-02-24,-0.0331008181
RUSSELL1000,return,RUSSELL1000_return,2020-02-25,-0.0305843036
RUSSELL1000,return,RUSSELL1000_return,2020-02-26,-0.0048990688
RUSSELL1000,return,RUSSELL1000_return,2020-02-27,-0.0436489492
RUSSELL1000,return,RUSSELL1000_return,2020-02-28,-0.0082926875
RUSSELL1000,return,RUSSELL1000_return,2020-03-02,0.0446154177
RUSSELL1000,return,RUSSELL1000_return,2020-03-03,-0.0273511624
RUSSELL1000,return,RUSSELL1000_return,2020-03-04,0.0412420628
RUSSELL1000,return,RUSSELL1000_return,2020-03-05,-0.0335535388
RUSSELL1000,return,RUSSELL1000_return,2020-03-06,-0.0175631987
RUSSELL1000,return,RUSSELL1000_return,2020-03-09,-0.0773808011
RUSSELL1000,return,RUSSELL1000_return,2020-03-10,0.0486080248
RUSSELL1000,return,RUSSELL1000_return,2020-03-11,-0.0498927075
RUSSELL1000,return,RUSSELL1000_return,2020-03-12,-0.0954634394
RUSSELL1000,return,RUSSELL1000_return,2020-03-13,0.090729872
RUSSELL1000,return,RUSSELL1000_return,2020-03-16,-0.1219440676
RUSSELL1000,return,RUSSELL1000_return,2020-03-17,0.0574125349
RUSSELL1000,return,RUSSELL1000_return,2020-03-18,-0.0556701916
RUSSELL1000,return,RUSSELL1000_return,2020-03-19,0.0087562035
RUSSELL1000,return,RUSSELL1000_return,2020-03-20,-0.0417993363
RUSSELL1000,return,RUSSELL1000_return,2020-03-23,-0.0287460255
RUSSELL1000,return,RUSSELL1000_return,2020-03-24,0.0947186853
RUSSELL1000,return,RUSSELL1000_return,2020-03-25,0.013819832
RUSSELL1000,return,RUSSELL1000_return,2020-03-26,0.0617712916
RUSSELL1000,return,RUSSELL1000_return,2020-03-27,-0.0332969236
RUSSELL1000,return,RUSSELL1000_return,2020-03-30,0.0321320789
RUSSELL1000,return,RUSSELL1000_return,2020-03-31,-0.0156303177
RUSSELL1000,return,RUSSELL1000_return,2020-04-01,-0.0450543901
RUSSELL1000,return,RUSSELL1000_return,2020-04-02,0.0212152858
RUSSELL1000,return,RUSSELL1000_return,2020-04-03,-0.0158944786
RUSSELL1000,return,RUSSELL1000_return,2020-04-06,0.0710554346
RUSSELL1000,return,RUSSELL1000_return,2020-04-07,-0.0004703938
RUSSELL1000,return,RUSSELL1000_return,2020-04-08,0.0353802712
RUSSELL1000,return,RUSSELL1000_return,2020-04-09,0.0160863802
RUSSELL1000,return,RUSSELL1000_return,2020-04-13,-0.0106359577
RUSSELL1000,return,RUSSELL1000_return,2020-04-14,0.0305377564
RUSSELL1000,return,RUSSELL1000_return,2020-04-15,-0.0221814176
RUSSELL1000,return,RUSSELL1000_return,2020-04-16,0.0052949329
RUSSELL1000,return,RUSSELL1000_return,2020-04-17,0.0279002123
RUSSELL1000,return,RUSSELL1000_return,2020-04-20,-0.0172377361
RUSSELL1000,return,RUSSELL1000_return,2020-04-21,-0.0309045019
RUSSELL1000,return,RUSSELL1000_return,2020-04-22,0.022765242
RUSSELL1000,return,RUSSELL1000_return,2020-04-23,7.10265e-05
RUSSELL1000,return,RUSSELL1000_return,2020-04-24,0.0139881389
RUSSELL1000,return,RUSSELL1000_return,2020-04-27,0.016605087
RUSSELL1000,return,RUSSELL1000_return,2020-04-28,-0.0047041905
RUSSELL1000,return,RUSSELL1000_return,2020-04-29,0.0279092534
RUSSELL1000,return,RUSSELL1000_return,2020-04-30,-0.0103340527
RUSSELL1000,return,RUSSELL1000_return,2020-05-01,-0.0286381613
RUSSELL1000,return,RUSSELL1000_return,2020-05-04,0.0047736358
RUSSELL1000,return,RUSSELL1000_return,2020-05-05,0.0094899334
RUSSELL1000,return,RUSSELL1000_return,2020-05-06,-0.0062622011
RUSSELL1000,return,RUSSELL1000_return,2020-05-07,0.01299306
RUSSELL1000,return,RUSSELL1000_return,2020-05-08,0.0179461191
RUSSELL1000,return,RUSSELL1000_return,2020-05-11,9.59276e-05
RUSSELL1000,return,RUSSELL1000_return,2020-05-12,-0.0209564164
RUSSELL1000,return,RUSSELL1000_return,2020-05-13,-0.0186139249
RUSSELL1000,return,RUSSELL1000_return,2020-05-14,0.0118597311
RUSSELL1000,return,RUSSELL1000_return,2020-05-15,0.0044458896
RUSSELL1000,return,RUSSELL1000_return,2020-05-18,0.0324403365
RUSSELL1000,return,RUSSELL1000_return,2020-05-19,-0.0099792423
RUSSELL1000,return,RUSSELL1000_return,2020-05-20,0.0171664561
RUSSELL1000,return,RUSSELL1000_return,2020-05-21,-0.0068904624
RUSSELL1000,return,RUSSELL1000_return,2020-05-22,0.0028491147
RUSSELL1000,return,RUSSELL1000_return,2020-05-26,0.0129800564
RUSSELL1000,return,RUSSELL1000_return,2020-05-27,0.0149612015
RUSSELL1000,return,RUSSELL1000_return,2020-05-28,-0.0024522754
RUSSELL1000,return,RUSSELL1000_return,2020-05-29,0.0053730973
RUSSELL1000,return,RUSSELL1000_return,2020-06-01,0.0050235638
RUSSELL1000,return,RUSSELL1000_return,2020-06-02,0.0082453922
RUSSELL1000,return,RUSSELL1000_return,2020-06-03,0.014536951
RUSSELL1000,return,RUSSELL1000_return,2020-06-04,-0.0033466078
RUSSELL1000,return,RUSSELL1000_return,2020-06-05,0.0257926903
RUSSELL1000,return,RUSSELL1000_return,2020-06-08,0.0132776631
RUSSELL1000,return,RUSSELL1000_return,2020-06-09,-0.0088244992
RUSSELL1000,return,RUSSELL1000_return,2020-06-10,-0.0057718831
RUSSELL1000,return,RUSSELL1000_return,2020-06-11,-0.0590930605
RUSSELL1000,return,RUSSELL1000_return,2020-06-12,0.0136659489
RUSSELL1000,return,RUSSELL1000_return,2020-06-15,0.00935241
RUSSELL1000,return,RUSSELL1000_return,2020-06-16,0.018751718
RUSSELL1000,return,RUSSELL1000_return,2020-06-17,-0.0035626364
RUSSELL1000,return,RUSSELL1000_return,2020-06-18,0.0008855042
RUSSELL1000,return,RUSSELL1000_return,2020-06-19,-0.0053125771
RUSSELL1000,return,RUSSELL1000_return,2020-06-22,0.0063755562
RUSSELL1000,return,RUSSELL1000_return,2020-06-23,0.0040188416
RUSSELL1000,return,RUSSELL1000_return,2020-06-24,-0.0264127033
RUSSELL1000,return,RUSSELL1000_return,2020-06-25,0.0115289025
RUSSELL1000,return,RUSSELL1000_return,2020-06-26,-0.0236715777
RUSSELL1000,return,RUSSELL1000_return,2020-06-29,0.0144045623
RUSSELL1000,return,RUSSELL1000_return,2020-06-30,0.0157433323
RUSSELL1000,return,RUSSELL1000_return,2020-07-01,0.0054207836
RUSSELL1000,return,RUSSELL1000_return,2020-07-02,0.0049933497
RUSSELL1000,return,RUSSELL1000_return,2020-07-06,0.0160793661
RUSSELL1000,return,RUSSELL1000_return,2020-07-07,-0.0105805431
RUSSELL1000,return,RUSSELL1000_return,2020-07-08,0.0085228023
RUSSELL1000,return,RUSSELL1000_return,2020-07-09,-0.0051337933
RUSSELL1000,return,RUSSELL1000_return,2020-07-10,0.0105370033
RUSSELL1000,return,RUSSELL1000_return,2020-07-13,-0.0113160459
RUSSELL1000,return,RUSSELL1000_return,2020-07-14,0.0134706082
RUSSELL1000,return,RUSSELL1000_return,2020-07-15,0.0103950378
RUSSELL1000,return,RUSSELL1000_return,2020-07-16,-0.0037471167
RUSSELL1000,return,RUSSELL1000_return,2020-07-17,0.0034351878
RUSSELL1000,return,RUSSELL1000_return,2020-07-20,0.0094747864
RUSSELL1000,return,RUSSELL1000_return,2020-07-21,0.0011622905
RUSSELL1000,return,RUSSELL1000_return,2020-07-22,0.0059434618
RUSSELL1000,return,RUSSELL1000_return,2020-07-23,-0.012224653
RUSSELL1000,return,RUSSELL1000_return,2020-07-24,-0.0069599686
RUSSELL1000,return,RUSSELL1000_return,2020-07-27,0.0083741559
RUSSELL1000,return,RUSSELL1000_return,2020-07-28,-0.0069085886
RUSSELL1000,return,RUSSELL1000_return,2020-07-29,0.0133842014
RUSSELL1000,return,RUSSELL1000_return,2020-07-30,-0.0032131518
RUSSELL1000,return,RUSSELL1000_return,2020-07-31,0.0066709304
RUSSELL1000,return,RUSSELL1000_return,2020-08-03,0.0082121195
RUSSELL1000,return,RUSSELL1000_return,2020-08-04,0.0035358395
RUSSELL1000,return,RUSSELL1000_return,2020-08-05,0.0068198484
RUSSELL1000,return,RUSSELL1000_return,2020-08-06,0.0055000764
RUSSELL1000,return,RUSSELL1000_return,2020-08-07,1.45558e-05
RUSSELL1000,return,RUSSELL1000_return,2020-08-10,0.0017936156
RUSSELL1000,return,RUSSELL1000_return,2020-08-11,-0.0080501945
RUSSELL1000,return,RUSSELL1000_return,2020-08-12,0.0140892637
RUSSELL1000,return,RUSSELL1000_return,2020-08-13,-0.0008440654
RUSSELL1000,return,RUSSELL1000_return,2020-08-14,-0.0003163882
RUSSELL1000,return,RUSSELL1000_return,2020-08-17,0.0041902558
RUSSELL1000,return,RUSSELL1000_return,2020-08-18,0.0022835589
RUSSELL1000,return,RUSSELL1000_return,2020-08-19,-0.0045378871
RUSSELL1000,return,RUSSELL1000_return,2020-08-20,0.0037639381
RUSSELL1000,return,RUSSELL1000_return,2020-08-21,0.0030304522
RUSSELL1000,return,RUSSELL1000_return,2020-08-24,0.0094635414
RUSSELL1000,return,RUSSELL1000_return,2020-08-25,0.0035835911
RUSSELL1000,return,RUSSELL1000_return,2020-08-26,0.0103336904
RUSSELL1000,return,RUSSELL1000_return,2020-08-27,0.0022003686
RUSSELL1000,return,RUSSELL1000_return,2020-08-28,0.0068540708
RUSSELL1000,return,RUSSELL1000_return,2020-08-31,-0.0007175816
RUSSELL1000,return,RUSSELL1000_return,2020-09-01,0.0084144546
RUSSELL1000,return,RUSSELL1000_return,2020-09-02,0.0136385457
RUSSELL1000,return,RUSSELL1000_return,2020-09-03,-0.0360541708
RUSSELL1000,return,RUSSELL1000_return,2020-09-04,-0.0085580812
RUSSELL1000,return,RUSSELL1000_return,2020-09-08,-0.0289336786
RUSSELL1000,return,RUSSELL1000_return,2020-09-09,0.0205675492
RUSSELL1000,return,RUSSELL1000_return,2020-09-10,-0.0166677295
RUSSELL1000,return,RUSSELL1000_return,2020-09-11,0.0001479771
RUSSELL1000,return,RUSSELL1000_return,2020-09-14,0.0151802965
RUSSELL1000,return,RUSSELL1000_return,2020-09-15,0.0059715915
RUSSELL1000,return,RUSSELL1000_return,2020-09-16,-0.0041768369
RUSSELL1000,return,RUSSELL1000_return,2020-09-17,-0.0086650402
RUSSELL1000,return,RUSSELL1000_return,2020-09-18,-0.0099443119
RUSSELL1000,return,RUSSELL1000_return,2020-09-21,-0.0106730182
RUSSELL1000,return,RUSSELL1000_return,2020-09-22,0.0099640324
RUSSELL1000,return,RUSSELL1000_return,2020-09-23,-0.0240686048
RUSSELL1000,return,RUSSELL1000_return,2020-09-24,0.0023611808
RUSSELL1000,return,RUSSELL1000_return,2020-09-25,0.0168712403
RUSSELL1000,return,RUSSELL1000_return,2020-09-28,0.0163926736
RUSSELL1000,return,RUSSELL1000_return,2020-09-29,-0.0045327805
RUSSELL1000,return,RUSSELL1000_return,2020-09-30,0.0080869329
RUSSELL1000,return,RUSSELL1000_return,2020-10-01,0.0071096067
RUSSELL1000,return,RUSSELL1000_return,2020-10-02,-0.0091136808
RUSSELL1000,return,RUSSELL1000_return,2020-10-05,0.0183448068
RUSSELL1000,return,RUSSELL1000_return,2020-10-06,-0.0130428626
RUSSELL1000,return,RUSSELL1000_return,2020-10-07,0.017553309
RUSSELL1000,return,RUSSELL1000_return,2020-10-08,0.0082805984
RUSSELL1000,return,RUSSELL1000_return,2020-10-09,0.0088166488
RUSSELL1000,return,RUSSELL1000_return,2020-10-12,0.0152976304
RUSSELL1000,return,RUSSELL1000_return,2020-10-13,-0.005235239
RUSSELL1000,return,RUSSELL1000_return,2020-10-14,-0.0061676647
RUSSELL1000,return,RUSSELL1000_return,2020-10-15,-0.0012766622
RUSSELL1000,return,RUSSELL1000_return,2020-10-16,-0.0002718819
RUSSELL1000,return,RUSSELL1000_return,2020-10-19,-0.0155664637
RUSSELL1000,return,RUSSELL1000_return,2020-10-20,0.0039363628
RUSSELL1000,return,RUSSELL1000_return,2020-10-21,-0.0030602703
RUSSELL1000,return,RUSSELL1000_return,2020-10-22,0.0057365195
RUSSELL1000,return,RUSSELL1000_return,2020-10-23,0.0037061842
RUSSELL1000,return,RUSSELL1000_return,2020-10-26,-0.0185077944
RUSSELL1000,return,RUSSELL1000_return,2020-10-27,-0.0030127406
RUSSELL1000,return,RUSSELL1000_return,2020-10-28,-0.0343054851
RUSSELL1000,return,RUSSELL1000_return,2020-10-29,0.0115305874
RUSSELL1000,return,RUSSELL1000_return,2020-10-30,-0.0133737665
RUSSELL1000,return,RUSSELL1000_return,2020-11-02,0.0120106467
RUSSELL1000,return,RUSSELL1000_return,2020-11-03,0.0184483293
RUSSELL1000,return,RUSSELL1000_return,2020-11-04,0.0223494972
RUSSELL1000,return,RUSSELL1000_return,2020-11-05,0.0204085673
RUSSELL1000,return,RUSSELL1000_return,2020-11-06,0.0001107202
RUSSELL1000,return,RUSSELL1000_return,2020-11-09,0.0096542183
RUSSELL1000,return,RUSSELL1000_return,2020-11-10,-0.0017979419
RUSSELL1000,return,RUSSELL1000_return,2020-11-11,0.0083019368
RUSSELL1000,return,RUSSELL1000_return,2020-11-12,-0.0094448665
RUSSELL1000,return,RUSSELL1000_return,2020-11-13,0.0132508362
RUSSELL1000,return,RUSSELL1000_return,2020-11-16,0.0116597145
RUSSELL1000,return,RUSSELL1000_return,2020-11-17,-0.0028038726
RUSSELL1000,return,RUSSELL1000_return,2020-11-18,-0.0100272086
RUSSELL1000,return,RUSSELL1000_return,2020-11-19,0.0052230187
RUSSELL1000,return,RUSSELL1000_return,2020-11-20,-0.0057839686
RUSSELL1000,return,RUSSELL1000_return,2020-11-23,0.0071158153
RUSSELL1000,return,RUSSELL1000_return,2020-11-24,0.0154659873
RUSSELL1000,return,RUSSELL1000_return,2020-11-25,-0.000453674
RUSSELL1000,return,RUSSELL1000_return,2020-11-27,0.0034967408
RUSSELL1000,return,RUSSELL1000_return,2020-11-30,-0.0046420809
RUSSELL1000,return,RUSSELL1000_return,2020-12-01,0.0105170131
RUSSELL1000,return,RUSSELL1000_return,2020-12-02,0.0012146625
RUSSELL1000,return,RUSSELL1000_return,2020-12-03,0.000983957
RUSSELL1000,return,RUSSELL1000_return,2020-12-04,0.0094960261
RUSSELL1000,return,RUSSELL1000_return,2020-12-07,-0.0008926813
RUSSELL1000,return,RUSSELL1000_return,2020-12-08,0.0033485812
RUSSELL1000,return,RUSSELL1000_return,2020-12-09,-0.0092617819
RUSSELL1000,return,RUSSELL1000_return,2020-12-10,0.0007965947
RUSSELL1000,return,RUSSELL1000_return,2020-12-11,-0.0015396146
RUSSELL1000,return,RUSSELL1000_return,2020-12-14,-0.0031658182
RUSSELL1000,return,RUSSELL1000_return,2020-12-15,0.0128939216
RUSSELL1000,return,RUSSELL1000_return,2020-12-16,0.0015544962
RUSSELL1000,return,RUSSELL1000_return,2020-12-17,0.0073534742
RUSSELL1000,return,RUSSELL1000_return,2020-12-18,-0.0021275111
RUSSELL1000,return,RUSSELL1000_return,2020-12-21,-0.003301319
RUSSELL1000,return,RUSSELL1000_return,2020-12-22,-0.0004936296
RUSSELL1000,return,RUSSELL1000_return,2020-12-23,0.0005034426
RUSSELL1000,return,RUSSELL1000_return,2020-12-24,0.003089587
RUSSELL1000,return,RUSSELL1000_return,2020-12-28,0.006144929
RUSSELL1000,return,RUSSELL1000_return,2020-12-29,-0.0029234777
RUSSELL1000,return,RUSSELL1000_return,2020-12-30,0.0021711595
RUSSELL1000,return,RUSSELL1000_return,2020-12-31,0.0053641001
RUSSELL1000,return,RUSSELL1000_return,2021-01-04,-0.0146338769
RUSSELL1000,return,RUSSELL1000_return,2021-01-05,0.0077504697
RUSSELL1000,return,RUSSELL1000_return,2021-01-06,0.0061654602
RUSSELL1000,return,RUSSELL1000_return,2021-01-07,0.0160108631
RUSSELL1000,return,RUSSELL1000_return,2021-01-08,0.0053863345
RUSSELL1000,return,RUSSELL1000_return,2021-01-11,-0.0059348281
RUSSELL1000,return,RUSSELL1000_return,2021-01-12,0.0017664186
RUSSELL1000,return,RUSSELL1000_return,2021-01-13,0.0015689716
RUSSELL1000,return,RUSSELL1000_return,2021-01-14,-0.0028457304
RUSSELL1000,return,RUSSELL1000_return,2021-01-15,-0.0073789045
RUSSELL1000,return,RUSSELL1000_return,2021-01-19,0.0082076316
RUSSELL1000,return,RUSSELL1000_return,2021-01-20,0.0135523478
RUSSELL1000,return,RUSSELL1000_return,2021-01-21,-0.0002414262
RUSSELL1000,return,RUSSELL1000_return,2021-01-22,-0.0025451059
RUSSELL1000,return,RUSSELL1000_return,2021-01-25,0.0029457968
RUSSELL1000,return,RUSSELL1000_return,2021-01-26,-0.0030042631
RUSSELL1000,return,RUSSELL1000_return,2021-01-27,-0.0262085109
RUSSELL1000,return,RUSSELL1000_return,2021-01-28,0.0109056315
RUSSELL1000,return,RUSSELL1000_return,2021-01-29,-0.0186656068
RUSSELL1000,return,RUSSELL1000_return,2021-02-01,0.0164652016
RUSSELL1000,return,RUSSELL1000_return,2021-02-02,0.0147337583
RUSSELL1000,return,RUSSELL1000_return,2021-02-03,0.0008157702
RUSSELL1000,return,RUSSELL1000_return,2021-02-04,0.0114428251
RUSSELL1000,return,RUSSELL1000_return,2021-02-05,0.0048806993
RUSSELL1000,return,RUSSELL1000_return,2021-02-08,0.0080346546
RUSSELL1000,return,RUSSELL1000_return,2021-02-09,-0.0002166838
RUSSELL1000,return,RUSSELL1000_return,2021-02-10,0.0001105444
RUSSELL1000,return,RUSSELL1000_return,2021-02-11,0.0024907472
RUSSELL1000,return,RUSSELL1000_return,2021-02-12,0.0050913476
RUSSELL1000,return,RUSSELL1000_return,2021-02-16,-0.0009888533
RUSSELL1000,return,RUSSELL1000_return,2021-02-17,-0.0011673356
RUSSELL1000,return,RUSSELL1000_return,2021-02-18,-0.0047985892
RUSSELL1000,return,RUSSELL1000_return,2021-02-19,-0.0001693127
RUSSELL1000,return,RUSSELL1000_return,2021-02-22,-0.0094306036
RUSSELL1000,return,RUSSELL1000_return,2021-02-23,0.0005874123
RUSSELL1000,return,RUSSELL1000_return,2021-02-24,0.0105875419
RUSSELL1000,return,RUSSELL1000_return,2021-02-25,-0.0254577438
RUSSELL1000,return,RUSSELL1000_return,2021-02-26,-0.0036263739
RUSSELL1000,return,RUSSELL1000_return,2021-03-01,0.0244161978
RUSSELL1000,return,RUSSELL1000_return,2021-03-02,-0.0088518266
RUSSELL1000,return,RUSSELL1000_return,2021-03-03,-0.0145907626
RUSSELL1000,return,RUSSELL1000_return,2021-03-04,-0.0148669559
RUSSELL1000,return,RUSSELL1000_return,2021-03-05,0.0188172464
RUSSELL1000,return,RUSSELL1000_return,2021-03-08,-0.0060290615
RUSSELL1000,return,RUSSELL1000_return,2021-03-09,0.0155247332
RUSSELL1000,return,RUSSELL1000_return,2021-03-10,0.0058752041
RUSSELL1000,return,RUSSELL1000_return,2021-03-11,0.0121562739
RUSSELL1000,return,RUSSELL1000_return,2021-03-12,0.0012308751
RUSSELL1000,return,RUSSELL1000_return,2021-03-15,0.0074360923
RUSSELL1000,return,RUSSELL1000_return,2021-03-16,-0.0025716621
RUSSELL1000,return,RUSSELL1000_return,2021-03-17,0.0028773918
RUSSELL1000,return,RUSSELL1000_return,2021-03-18,-0.0161916989
RUSSELL1000,return,RUSSELL1000_return,2021-03-19,0.000280297
RUSSELL1000,return,RUSSELL1000_return,2021-03-22,0.0066761564
RUSSELL1000,return,RUSSELL1000_return,2021-03-23,-0.0087907567
RUSSELL1000,return,RUSSELL1000_return,2021-03-24,-0.0068922016
RUSSELL1000,return,RUSSELL1000_return,2021-03-25,0.005550884
RUSSELL1000,return,RUSSELL1000_return,2021-03-26,0.0164433399
RUSSELL1000,return,RUSSELL1000_return,2021-03-29,-0.0025213637
RUSSELL1000,return,RUSSELL1000_return,2021-03-30,-0.0019784717
RUSSELL1000,return,RUSSELL1000_return,2021-03-31,0.0045171831
RUSSELL1000,return,RUSSELL1000_return,2021-04-01,0.012608596
RUSSELL1000,return,RUSSELL1000_return,2021-04-05,0.0132222992
RUSSELL1000,return,RUSSELL1000_return,2021-04-06,0.0001327419
RUSSELL1000,return,RUSSELL1000_return,2021-04-07,0.0006286006
RUSSELL1000,return,RUSSELL1000_return,2021-04-08,0.0052023115
RUSSELL1000,return,RUSSELL1000_return,2021-04-09,0.0071545376
RUSSELL1000,return,RUSSELL1000_return,2021-04-12,0.0002753383
RUSSELL1000,return,RUSSELL1000_return,2021-04-13,0.0041061695
RUSSELL1000,return,RUSSELL1000_return,2021-04-14,-0.003969925
RUSSELL1000,return,RUSSELL1000_return,2021-04-15,0.0114286056
RUSSELL1000,return,RUSSELL1000_return,2021-04-16,0.0031018925
RUSSELL1000,return,RUSSELL1000_return,2021-04-19,-0.005886349
RUSSELL1000,return,RUSSELL1000_return,2021-04-20,-0.0073266587
RUSSELL1000,return,RUSSELL1000_return,2021-04-21,0.0096044423
RUSSELL1000,return,RUSSELL1000_return,2021-04-22,-0.0081528225
RUSSELL1000,return,RUSSELL1000_return,2021-04-23,0.0114178224
RUSSELL1000,return,RUSSELL1000_return,2021-04-26,0.0027380694
RUSSELL1000,return,RUSSELL1000_return,2021-04-27,-0.0002923071
RUSSELL1000,return,RUSSELL1000_return,2021-04-28,-0.0010910142
RUSSELL1000,return,RUSSELL1000_return,2021-04-29,0.0054503049
RUSSELL1000,return,RUSSELL1000_return,2021-04-30,-0.007395397
RUSSELL1000,return,RUSSELL1000_return,2021-05-03,0.0020032802
RUSSELL1000,return,RUSSELL1000_return,2021-05-04,-0.0075115773
RUSSELL1000,return,RUSSELL1000_return,2021-05-05,-0.0001632634
RUSSELL1000,return,RUSSELL1000_return,2021-05-06,0.0065929832
RUSSELL1000,return,RUSSELL1000_return,2021-05-07,0.0079996388
RUSSELL1000,return,RUSSELL1000_return,2021-05-10,-0.0110220264
RUSSELL1000,return,RUSSELL1000_return,2021-05-11,-0.0077704244
RUSSELL1000,return,RUSSELL1000_return,2021-05-12,-0.0222118153
RUSSELL1000,return,RUSSELL1000_return,2021-05-13,0.0115362427
RUSSELL1000,return,RUSSELL1000_return,2021-05-14,0.0159103511
RUSSELL1000,return,RUSSELL1000_return,2021-05-17,-0.0027791326
RUSSELL1000,return,RUSSELL1000_return,2021-05-18,-0.0076011551
RUSSELL1000,return,RUSSELL1000_return,2021-05-19,-0.0029370242
RUSSELL1000,return,RUSSELL1000_return,2021-05-20,0.0112026836
RUSSELL1000,return,RUSSELL1000_return,2021-05-21,-0.0007109376
RUSSELL1000,return,RUSSELL1000_return,2021-05-24,0.0099181408
RUSSELL1000,return,RUSSELL1000_return,2021-05-25,-0.002190758
RUSSELL1000,return,RUSSELL1000_return,2021-05-26,0.002662857
RUSSELL1000,return,RUSSELL1000_return,2021-05-27,0.001505645
RUSSELL1000,return,RUSSELL1000_return,2021-05-28,0.0010754119
RUSSELL1000,return,RUSSELL1000_return,2021-06-01,-0.0002400144
RUSSELL1000,return,RUSSELL1000_return,2021-06-02,0.0011568558
RUSSELL1000,return,RUSSELL1000_return,2021-06-03,-0.0042891196
RUSSELL1000,return,RUSSELL1000_return,2021-06-04,0.0089522135
RUSSELL1000,return,RUSSELL1000_return,2021-06-07,0.0001075633
RUSSELL1000,return,RUSSELL1000_return,2021-06-08,0.0008200449
RUSSELL1000,return,RUSSELL1000_return,2021-06-09,-0.002136586
RUSSELL1000,return,RUSSELL1000_return,2021-06-10,0.0050665087
RUSSELL1000,return,RUSSELL1000_return,2021-06-11,0.0026063918
RUSSELL1000,return,RUSSELL1000_return,2021-06-14,0.0018403708
RUSSELL1000,return,RUSSELL1000_return,2021-06-15,-0.0026891509
RUSSELL1000,return,RUSSELL1000_return,2021-06-16,-0.005091434
RUSSELL1000,return,RUSSELL1000_return,2021-06-17,-1.29682e-05
RUSSELL1000,return,RUSSELL1000_return,2021-06-18,-0.0123542392
RUSSELL1000,return,RUSSELL1000_return,2021-06-21,0.0137822108
RUSSELL1000,return,RUSSELL1000_return,2021-06-22,0.0054556962
RUSSELL1000,return,RUSSELL1000_return,2021-06-23,-0.0008105439
RUSSELL1000,return,RUSSELL1000_return,2021-06-24,0.006195813
RUSSELL1000,return,RUSSELL1000_return,2021-06-25,0.0038048855
RUSSELL1000,return,RUSSELL1000_return,2021-06-28,0.0020302351
RUSSELL1000,return,RUSSELL1000_return,2021-06-29,0.0003559306
RUSSELL1000,return,RUSSELL1000_return,2021-06-30,0.0004994812
RUSSELL1000,return,RUSSELL1000_return,2021-07-01,0.004702837
RUSSELL1000,return,RUSSELL1000_return,2021-07-02,0.0068995746
RUSSELL1000,return,RUSSELL1000_return,2021-07-06,-0.0016985299
RUSSELL1000,return,RUSSELL1000_return,2021-07-07,0.0023025706
RUSSELL1000,return,RUSSELL1000_return,2021-07-08,-0.0085467507
RUSSELL1000,return,RUSSELL1000_return,2021-07-09,0.0118673856
RUSSELL1000,return,RUSSELL1000_return,2021-07-12,0.0027309508
RUSSELL1000,return,RUSSELL1000_return,2021-07-13,-0.0046892159
RUSSELL1000,return,RUSSELL1000_return,2021-07-14,-0.0003406633
RUSSELL1000,return,RUSSELL1000_return,2021-07-15,-0.0032469666
RUSSELL1000,return,RUSSELL1000_return,2021-07-16,-0.0070606665
RUSSELL1000,return,RUSSELL1000_return,2021-07-19,-0.014867148
RUSSELL1000,return,RUSSELL1000_return,2021-07-20,0.0164277862
RUSSELL1000,return,RUSSELL1000_return,2021-07-21,0.0085920066
RUSSELL1000,return,RUSSELL1000_return,2021-07-22,0.0017605198
RUSSELL1000,return,RUSSELL1000_return,2021-07-23,0.0101364374
RUSSELL1000,return,RUSSELL1000_return,2021-07-26,0.0018361647
RUSSELL1000,return,RUSSELL1000_return,2021-07-27,-0.0051753369
RUSSELL1000,return,RUSSELL1000_return,2021-07-28,0.0009705716
RUSSELL1000,return,RUSSELL1000_return,2021-07-29,0.0041123316
RUSSELL1000,return,RUSSELL1000_return,2021-07-30,-0.0055883033
RUSSELL1000,return,RUSSELL1000_return,2021-08-02,-0.0014764141
RUSSELL1000,return,RUSSELL1000_return,2021-08-03,0.0074691947
RUSSELL1000,return,RUSSELL1000_return,2021-08-04,-0.0042147736
RUSSELL1000,return,RUSSELL1000_return,2021-08-05,0.0065118543
RUSSELL1000,return,RUSSELL1000_return,2021-08-06,0.0008813222
RUSSELL1000,return,RUSSELL1000_return,2021-08-09,-0.0005499761
RUSSELL1000,return,RUSSELL1000_return,2021-08-10,0.0003744743
RUSSELL1000,return,RUSSELL1000_return,2021-08-11,0.0021534919
RUSSELL1000,return,RUSSELL1000_return,2021-08-12,0.0032388277
RUSSELL1000,return,RUSSELL1000_return,2021-08-13,0.0011933096
RUSSELL1000,return,RUSSELL1000_return,2021-08-16,0.0012945558
RUSSELL1000,return,RUSSELL1000_return,2021-08-17,-0.00720945
RUSSELL1000,return,RUSSELL1000_return,2021-08-18,-0.0101600641
RUSSELL1000,return,RUSSELL1000_return,2021-08-19,0.0002546257
RUSSELL1000,return,RUSSELL1000_return,2021-08-20,0.0086043135
RUSSELL1000,return,RUSSELL1000_return,2021-08-23,0.0092044011
RUSSELL1000,return,RUSSELL1000_return,2021-08-24,0.0028134993
RUSSELL1000,return,RUSSELL1000_return,2021-08-25,0.0026414779
RUSSELL1000,return,RUSSELL1000_return,2021-08-26,-0.0058721105
RUSSELL1000,return,RUSSELL1000_return,2021-08-27,0.0094265753
RUSSELL1000,return,RUSSELL1000_return,2021-08-30,0.0039945082
RUSSELL1000,return,RUSSELL1000_return,2021-08-31,-0.0017382734
RUSSELL1000,return,RUSSELL1000_return,2021-09-01,0.0009981805
RUSSELL1000,return,RUSSELL1000_return,2021-09-02,0.0032843476
RUSSELL1000,return,RUSSELL1000_return,2021-09-03,-9.76379e-05
RUSSELL1000,return,RUSSELL1000_return,2021-09-07,-0.0040249328
RUSSELL1000,return,RUSSELL1000_return,2021-09-08,-0.0018845145
RUSSELL1000,return,RUSSELL1000_return,2021-09-09,-0.0040060072
RUSSELL1000,return,RUSSELL1000_return,2021-09-10,-0.0077208809
RUSSELL1000,return,RUSSELL1000_return,2021-09-13,0.0019487605
RUSSELL1000,return,RUSSELL1000_return,2021-09-14,-0.0056723843
RUSSELL1000,return,RUSSELL1000_return,2021-09-15,0.008412047
RUSSELL1000,return,RUSSELL1000_return,2021-09-16,-0.0007509316
RUSSELL1000,return,RUSSELL1000_return,2021-09-17,-0.0083580236
RUSSELL1000,return,RUSSELL1000_return,2021-09-20,-0.0171971968
RUSSELL1000,return,RUSSELL1000_return,2021-09-21,-0.000285788
RUSSELL1000,return,RUSSELL1000_return,2021-09-22,0.0096767844
RUSSELL1000,return,RUSSELL1000_return,2021-09-23,0.011982775
RUSSELL1000,return,RUSSELL1000_return,2021-09-24,0.0008686535
RUSSELL1000,return,RUSSELL1000_return,2021-09-27,-0.0027707387
RUSSELL1000,return,RUSSELL1000_return,2021-09-28,-0.0208226874
RUSSELL1000,return,RUSSELL1000_return,2021-09-29,0.0010549763
RUSSELL1000,return,RUSSELL1000_return,2021-09-30,-0.0109623423
RUSSELL1000,return,RUSSELL1000_return,2021-10-01,0.0114118747
RUSSELL1000,return,RUSSELL1000_return,2021-10-04,-0.0135579819
RUSSELL1000,return,RUSSELL1000_return,2021-10-05,0.0104083158
RUSSELL1000,return,RUSSELL1000_return,2021-10-06,0.0043213327
RUSSELL1000,return,RUSSELL1000_return,2021-10-07,0.0091973598
RUSSELL1000,return,RUSSELL1000_return,2021-10-08,-0.0024015071
RUSSELL1000,return,RUSSELL1000_return,2021-10-11,-0.006826084
RUSSELL1000,return,RUSSELL1000_return,2021-10-12,-0.0010780458
RUSSELL1000,return,RUSSELL1000_return,2021-10-13,0.0041988368
RUSSELL1000,return,RUSSELL1000_return,2021-10-14,0.0169340423
RUSSELL1000,return,RUSSELL1000_return,2021-10-15,0.0068240046
RUSSELL1000,return,RUSSELL1000_return,2021-10-18,0.0036994711
RUSSELL1000,return,RUSSELL1000_return,2021-10-19,0.0071478449
RUSSELL1000,return,RUSSELL1000_return,2021-10-20,0.003727912
RUSSELL1000,return,RUSSELL1000_return,2021-10-21,0.0036234756
RUSSELL1000,return,RUSSELL1000_return,2021-10-22,-0.0013831147
RUSSELL1000,return,RUSSELL1000_return,2021-10-25,0.0047237645
RUSSELL1000,return,RUSSELL1000_return,2021-10-26,0.0010150909
RUSSELL1000,return,RUSSELL1000_return,2021-10-27,-0.0065888341
RUSSELL1000,return,RUSSELL1000_return,2021-10-28,0.0102952273
RUSSELL1000,return,RUSSELL1000_return,2021-10-29,0.0019907016
RUSSELL1000,return,RUSSELL1000_return,2021-11-01,0.0029225582
RUSSELL1000,return,RUSSELL1000_return,2021-11-02,0.0029685546
RUSSELL1000,return,RUSSELL1000_return,2021-11-03,0.0066378789
RUSSELL1000,return,RUSSELL1000_return,2021-11-04,0.003605337
RUSSELL1000,return,RUSSELL1000_return,2021-11-05,0.0032243324
RUSSELL1000,return,RUSSELL1000_return,2021-11-08,0.0014048575
RUSSELL1000,return,RUSSELL1000_return,2021-11-09,-0.0029558573
RUSSELL1000,return,RUSSELL1000_return,2021-11-10,-0.0092440948
RUSSELL1000,return,RUSSELL1000_return,2021-11-11,0.0009033781
RUSSELL1000,return,RUSSELL1000_return,2021-11-12,0.0075938765
RUSSELL1000,return,RUSSELL1000_return,2021-11-15,-8.71082e-05
RUSSELL1000,return,RUSSELL1000_return,2021-11-16,0.0042677068
RUSSELL1000,return,RUSSELL1000_return,2021-11-17,-0.0033313718
RUSSELL1000,return,RUSSELL1000_return,2021-11-18,0.0023169179
RUSSELL1000,return,RUSSELL1000_return,2021-11-19,-0.0022402304
RUSSELL1000,return,RUSSELL1000_return,2021-11-22,-0.0046052882
RUSSELL1000,return,RUSSELL1000_return,2021-11-23,0.0006365496
RUSSELL1000,return,RUSSELL1000_return,2021-11-24,0.0029803161
RUSSELL1000,return,RUSSELL1000_return,2021-11-26,-0.0221272701
RUSSELL1000,return,RUSSELL1000_return,2021-11-29,0.0120099225
RUSSELL1000,return,RUSSELL1000_return,2021-11-30,-0.0197144759
RUSSELL1000,return,RUSSELL1000_return,2021-12-01,-0.0138920299
RUSSELL1000,return,RUSSELL1000_return,2021-12-02,0.0154064721
RUSSELL1000,return,RUSSELL1000_return,2021-12-03,-0.0099670387
RUSSELL1000,return,RUSSELL1000_return,2021-12-06,0.0116910579
RUSSELL1000,return,RUSSELL1000_return,2021-12-07,0.0213615791
RUSSELL1000,return,RUSSELL1000_return,2021-12-08,0.0040984392
RUSSELL1000,return,RUSSELL1000_return,2021-12-09,-0.0085847534
RUSSELL1000,return,RUSSELL1000_return,2021-12-10,0.0079446934
RUSSELL1000,return,RUSSELL1000_return,2021-12-13,-0.0091755017
RUSSELL1000,return,RUSSELL1000_return,2021-12-14,-0.0077044752
RUSSELL1000,return,RUSSELL1000_return,2021-12-15,0.0161265731
RUSSELL1000,return,RUSSELL1000_return,2021-12-16,-0.0096893519
RUSSELL1000,return,RUSSELL1000_return,2021-12-17,-0.0080429969
RUSSELL1000,return,RUSSELL1000_return,2021-12-20,-0.0119730658
RUSSELL1000,return,RUSSELL1000_return,2021-12-21,0.0194246125
RUSSELL1000,return,RUSSELL1000_return,2021-12-22,0.0098888682
RUSSELL1000,return,RUSSELL1000_return,2021-12-23,0.0063489745
RUSSELL1000,return,RUSSELL1000_return,2021-12-27,0.0130736867
RUSSELL1000,return,RUSSELL1000_return,2021-12-28,-0.0016128537
RUSSELL1000,return,RUSSELL1000_return,2021-12-29,0.0012661016
RUSSELL1000,return,RUSSELL1000_return,2021-12-30,-0.0021345748
RUSSELL1000,return,RUSSELL1000_return,2021-12-31,-0.002812492
RUSSELL1000,return,RUSSELL1000_return,2022-01-03,0.005628565
RUSSELL1000,return,RUSSELL1000_return,2022-01-04,-0.001547536
RUSSELL1000,return,RUSSELL1000_return,2022-01-05,-0.0209975364
RUSSELL1000,return,RUSSELL1000_return,2022-01-06,-0.0003553233
RUSSELL1000,return,RUSSELL1000_return,2022-01-07,-0.0043312544
RUSSELL1000,return,RUSSELL1000_return,2022-01-10,-0.0012969156
RUSSELL1000,return,RUSSELL1000_return,2022-01-11,0.0098676743
RUSSELL1000,return,RUSSELL1000_return,2022-01-12,0.0021176384
RUSSELL1000,return,RUSSELL1000_return,2022-01-13,-0.0147656671
RUSSELL1000,return,RUSSELL1000_return,2022-01-14,0.0004210045
RUSSELL1000,return,RUSSELL1000_return,2022-01-18,-0.0189362686
RUSSELL1000,return,RUSSELL1000_return,2022-01-19,-0.009736518
RUSSELL1000,return,RUSSELL1000_return,2022-01-20,-0.0111697778
RUSSELL1000,return,RUSSELL1000_return,2022-01-21,-0.0195008081
RUSSELL1000,return,RUSSELL1000_return,2022-01-24,0.0041363147
RUSSELL1000,return,RUSSELL1000_return,2022-01-25,-0.013399914
RUSSELL1000,return,RUSSELL1000_return,2022-01-26,-0.0023617641
RUSSELL1000,return,RUSSELL1000_return,2022-01-27,-0.0060616468
RUSSELL1000,return,RUSSELL1000_return,2022-01-28,0.0248314758
RUSSELL1000,return,RUSSELL1000_return,2022-01-31,0.0209630145
RUSSELL1000,return,RUSSELL1000_return,2022-02-01,0.0075239092
RUSSELL1000,return,RUSSELL1000_return,2022-02-02,0.0075036796
RUSSELL1000,return,RUSSELL1000_return,2022-02-03,-0.0247909647
RUSSELL1000,return,RUSSELL1000_return,2022-02-04,0.0066104802
RUSSELL1000,return,RUSSELL1000_return,2022-02-07,-0.0031813158
RUSSELL1000,return,RUSSELL1000_return,2022-02-08,0.0088812741
RUSSELL1000,return,RUSSELL1000_return,2022-02-09,0.015731224
RUSSELL1000,return,RUSSELL1000_return,2022-02-10,-0.0175596057
RUSSELL1000,return,RUSSELL1000_return,2022-02-11,-0.019052036
RUSSELL1000,return,RUSSELL1000_return,2022-02-14,-0.00392623
RUSSELL1000,return,RUSSELL1000_return,2022-02-15,0.0169960205
RUSSELL1000,return,RUSSELL1000_return,2022-02-16,0.000402451
RUSSELL1000,return,RUSSELL1000_return,2022-02-17,-0.0220873563
RUSSELL1000,return,RUSSELL1000_return,2022-02-18,-0.0077185741
RUSSELL1000,return,RUSSELL1000_return,2022-02-22,-0.0104092307
RUSSELL1000,return,RUSSELL1000_return,2022-02-23,-0.0189746332
RUSSELL1000,return,RUSSELL1000_return,2022-02-24,0.0168390821
RUSSELL1000,return,RUSSELL1000_return,2022-02-25,0.0227391948
RUSSELL1000,return,RUSSELL1000_return,2022-02-28,-0.0013944332
RUSSELL1000,return,RUSSELL1000_return,2022-03-01,-0.0154492335
RUSSELL1000,return,RUSSELL1000_return,2022-03-02,0.0186208207
RUSSELL1000,return,RUSSELL1000_return,2022-03-03,-0.0069562308
RUSSELL1000,return,RUSSELL1000_return,2022-03-04,-0.0093775788
RUSSELL1000,return,RUSSELL1000_return,2022-03-07,-0.0309132756
RUSSELL1000,return,RUSSELL1000_return,2022-03-08,-0.0062962897
RUSSELL1000,return,RUSSELL1000_return,2022-03-09,0.0267714974
RUSSELL1000,return,RUSSELL1000_return,2022-03-10,-0.0043072973
RUSSELL1000,return,RUSSELL1000_return,2022-03-11,-0.0137486586
RUSSELL1000,return,RUSSELL1000_return,2022-03-14,-0.0085944972
RUSSELL1000,return,RUSSELL1000_return,2022-03-15,0.0211428131
RUSSELL1000,return,RUSSELL1000_return,2022-03-16,0.0240819181
RUSSELL1000,return,RUSSELL1000_return,2022-03-17,0.0131733442
RUSSELL1000,return,RUSSELL1000_return,2022-03-18,0.0125214308
RUSSELL1000,return,RUSSELL1000_return,2022-03-21,-0.0010814578
RUSSELL1000,return,RUSSELL1000_return,2022-03-22,0.0119122455
RUSSELL1000,return,RUSSELL1000_return,2022-03-23,-0.012506334
RUSSELL1000,return,RUSSELL1000_return,2022-03-24,0.0141444989
RUSSELL1000,return,RUSSELL1000_return,2022-03-25,0.004169144
RUSSELL1000,return,RUSSELL1000_return,2022-03-28,0.0073121041
RUSSELL1000,return,RUSSELL1000_return,2022-03-29,0.013753514
RUSSELL1000,return,RUSSELL1000_return,2022-03-30,-0.0071282614
RUSSELL1000,return,RUSSELL1000_return,2022-03-31,-0.0154993088
RUSSELL1000,return,RUSSELL1000_return,2022-04-01,0.0039941215
RUSSELL1000,return,RUSSELL1000_return,2022-04-04,0.0082273536
RUSSELL1000,return,RUSSELL1000_return,2022-04-05,-0.0136012536
RUSSELL1000,return,RUSSELL1000_return,2022-04-06,-0.0105769107
RUSSELL1000,return,RUSSELL1000_return,2022-04-07,0.0037361846
RUSSELL1000,return,RUSSELL1000_return,2022-04-08,-0.002972704
RUSSELL1000,return,RUSSELL1000_return,2022-04-11,-0.0158090128
RUSSELL1000,return,RUSSELL1000_return,2022-04-12,-0.0033283141
RUSSELL1000,return,RUSSELL1000_return,2022-04-13,0.0124769633
RUSSELL1000,return,RUSSELL1000_return,2022-04-14,-0.0122833923
RUSSELL1000,return,RUSSELL1000_return,2022-04-18,-0.0012989539
RUSSELL1000,return,RUSSELL1000_return,2022-04-19,0.0172310614
RUSSELL1000,return,RUSSELL1000_return,2022-04-20,-0.0011786091
RUSSELL1000,return,RUSSELL1000_return,2022-04-21,-0.0159930043
RUSSELL1000,return,RUSSELL1000_return,2022-04-22,-0.0273938514
RUSSELL1000,return,RUSSELL1000_return,2022-04-25,0.0063709505
RUSSELL1000,return,RUSSELL1000_return,2022-04-26,-0.0286442202
RUSSELL1000,return,RUSSELL1000_return,2022-04-27,0.0016911449
RUSSELL1000,return,RUSSELL1000_return,2022-04-28,0.0245278835
RUSSELL1000,return,RUSSELL1000_return,2022-04-29,-0.0359948381
RUSSELL1000,return,RUSSELL1000_return,2022-05-02,0.0063512646
RUSSELL1000,return,RUSSELL1000_return,2022-05-03,0.0044407596
RUSSELL1000,return,RUSSELL1000_return,2022-05-04,0.0294205827
RUSSELL1000,return,RUSSELL1000_return,2022-05-05,-0.0365852356
RUSSELL1000,return,RUSSELL1000_return,2022-05-06,-0.00717827
RUSSELL1000,return,RUSSELL1000_return,2022-05-09,-0.0339460449
RUSSELL1000,return,RUSSELL1000_return,2022-05-10,0.0022484755
RUSSELL1000,return,RUSSELL1000_return,2022-05-11,-0.0173838641
RUSSELL1000,return,RUSSELL1000_return,2022-05-12,0.0004610306
RUSSELL1000,return,RUSSELL1000_return,2022-05-13,0.0258876156
RUSSELL1000,return,RUSSELL1000_return,2022-05-16,-0.0051020378
RUSSELL1000,return,RUSSELL1000_return,2022-05-17,0.0206614463
RUSSELL1000,return,RUSSELL1000_return,2022-05-18,-0.0401114159
RUSSELL1000,return,RUSSELL1000_return,2022-05-19,-0.0043139985
RUSSELL1000,return,RUSSELL1000_return,2022-05-20,0.000132819
RUSSELL1000,return,RUSSELL1000_return,2022-05-23,0.0178269318
RUSSELL1000,return,RUSSELL1000_return,2022-05-24,-0.0097525345
RUSSELL1000,return,RUSSELL1000_return,2022-05-25,0.0108633786
RUSSELL1000,return,RUSSELL1000_return,2022-05-26,0.0204877131
RUSSELL1000,return,RUSSELL1000_return,2022-05-27,0.0252456318
RUSSELL1000,return,RUSSELL1000_return,2022-05-31,-0.0070660163
RUSSELL1000,return,RUSSELL1000_return,2022-06-01,-0.0075308227
RUSSELL1000,return,RUSSELL1000_return,2022-06-02,0.0198694445
RUSSELL1000,return,RUSSELL1000_return,2022-06-03,-0.0163327411
RUSSELL1000,return,RUSSELL1000_return,2022-06-06,0.0031855908
RUSSELL1000,return,RUSSELL1000_return,2022-06-07,0.0101417734
RUSSELL1000,return,RUSSELL1000_return,2022-06-08,-0.0107655756
RUSSELL1000,return,RUSSELL1000_return,2022-06-09,-0.0239284405
RUSSELL1000,return,RUSSELL1000_return,2022-06-10,-0.0296064969
RUSSELL1000,return,RUSSELL1000_return,2022-06-13,-0.040315371
RUSSELL1000,return,RUSSELL1000_return,2022-06-14,-0.0033039792
RUSSELL1000,return,RUSSELL1000_return,2022-06-15,0.0150625346
RUSSELL1000,return,RUSSELL1000_return,2022-06-16,-0.0339829241
RUSSELL1000,return,RUSSELL1000_return,2022-06-17,0.0037054673
RUSSELL1000,return,RUSSELL1000_return,2022-06-21,0.0236118615
RUSSELL1000,return,RUSSELL1000_return,2022-06-22,-0.0010925935
RUSSELL1000,return,RUSSELL1000_return,2022-06-23,0.0105945365
RUSSELL1000,return,RUSSELL1000_return,2022-06-24,0.0313717257
RUSSELL1000,return,RUSSELL1000_return,2022-06-27,-0.0030923967
RUSSELL1000,return,RUSSELL1000_return,2022-06-28,-0.0203447432
RUSSELL1000,return,RUSSELL1000_return,2022-06-29,-0.0014807406
RUSSELL1000,return,RUSSELL1000_return,2022-06-30,-0.0093978626
RUSSELL1000,return,RUSSELL1000_return,2022-07-01,0.0113760652
RUSSELL1000,return,RUSSELL1000_return,2022-07-05,0.0030810065
RUSSELL1000,return,RUSSELL1000_return,2022-07-06,0.0022727917
RUSSELL1000,return,RUSSELL1000_return,2022-07-07,0.0161664322
RUSSELL1000,return,RUSSELL1000_return,2022-07-08,-0.001140917
RUSSELL1000,return,RUSSELL1000_return,2022-07-11,-0.0122572727
RUSSELL1000,return,RUSSELL1000_return,2022-07-12,-0.0091358028
RUSSELL1000,return,RUSSELL1000_return,2022-07-13,-0.0043189066
RUSSELL1000,return,RUSSELL1000_return,2022-07-14,-0.004153044
RUSSELL1000,return,RUSSELL1000_return,2022-07-15,0.0195088162
RUSSELL1000,return,RUSSELL1000_return,2022-07-18,-0.0074876791
RUSSELL1000,return,RUSSELL1000_return,2022-07-19,0.027939611
RUSSELL1000,return,RUSSELL1000_return,2022-07-20,0.0074870921
RUSSELL1000,return,RUSSELL1000_return,2022-07-21,0.0098081419
RUSSELL1000,return,RUSSELL1000_return,2022-07-22,-0.0101995086
RUSSELL1000,return,RUSSELL1000_return,2022-07-25,0.0011670328
RUSSELL1000,return,RUSSELL1000_return,2022-07-26,-0.01233115
RUSSELL1000,return,RUSSELL1000_return,2022-07-27,0.0263307953
RUSSELL1000,return,RUSSELL1000_return,2022-07-28,0.0125411412
RUSSELL1000,return,RUSSELL1000_return,2022-07-29,0.0140576226
RUSSELL1000,return,RUSSELL1000_return,2022-08-01,-0.0023773498
RUSSELL1000,return,RUSSELL1000_return,2022-08-02,-0.0058014744
RUSSELL1000,return,RUSSELL1000_return,2022-08-03,0.0161889637
RUSSELL1000,return,RUSSELL1000_return,2022-08-04,-0.0006709093
RUSSELL1000,return,RUSSELL1000_return,2022-08-05,-0.0005456039
RUSSELL1000,return,RUSSELL1000_return,2022-08-08,-0.0002739654
RUSSELL1000,return,RUSSELL1000_return,2022-08-09,-0.0054334725
RUSSELL1000,return,RUSSELL1000_return,2022-08-10,0.0228027222
RUSSELL1000,return,RUSSELL1000_return,2022-08-11,-0.0007076982
RUSSELL1000,return,RUSSELL1000_return,2022-08-12,0.0173873773
RUSSELL1000,return,RUSSELL1000_return,2022-08-15,0.0037680515
RUSSELL1000,return,RUSSELL1000_return,2022-08-16,0.0018812793
RUSSELL1000,return,RUSSELL1000_return,2022-08-17,-0.0082353037
RUSSELL1000,return,RUSSELL1000_return,2022-08-18,0.0023823047
RUSSELL1000,return,RUSSELL1000_return,2022-08-19,-0.0139088227
RUSSELL1000,return,RUSSELL1000_return,2022-08-22,-0.0213299291
RUSSELL1000,return,RUSSELL1000_return,2022-08-23,-0.0019353227
RUSSELL1000,return,RUSSELL1000_return,2022-08-24,0.0035758835
RUSSELL1000,return,RUSSELL1000_return,2022-08-25,0.0146476525
RUSSELL1000,return,RUSSELL1000_return,2022-08-26,-0.0335501574
RUSSELL1000,return,RUSSELL1000_return,2022-08-29,-0.0068569525
RUSSELL1000,return,RUSSELL1000_return,2022-08-30,-0.0109514736
RUSSELL1000,return,RUSSELL1000_return,2022-08-31,-0.0074618907
RUSSELL1000,return,RUSSELL1000_return,2022-09-01,0.0015674828
RUSSELL1000,return,RUSSELL1000_return,2022-09-02,-0.0101174399
RUSSELL1000,return,RUSSELL1000_return,2022-09-06,-0.004243173
RUSSELL1000,return,RUSSELL1000_return,2022-09-07,0.0188866775
RUSSELL1000,return,RUSSELL1000_return,2022-09-08,0.007514967
RUSSELL1000,return,RUSSELL1000_return,2022-09-09,0.0162939245
RUSSELL1000,return,RUSSELL1000_return,2022-09-12,0.0106701823
RUSSELL1000,return,RUSSELL1000_return,2022-09-13,-0.0429014314
RUSSELL1000,return,RUSSELL1000_return,2022-09-14,0.003711938
RUSSELL1000,return,RUSSELL1000_return,2022-09-15,-0.0108332603
RUSSELL1000,return,RUSSELL1000_return,2022-09-16,-0.0086746587
RUSSELL1000,return,RUSSELL1000_return,2022-09-19,0.0069761769
RUSSELL1000,return,RUSSELL1000_return,2022-09-20,-0.0119188197
RUSSELL1000,return,RUSSELL1000_return,2022-09-21,-0.0169380888
RUSSELL1000,return,RUSSELL1000_return,2022-09-22,-0.0101646827
RUSSELL1000,return,RUSSELL1000_return,2022-09-23,-0.0175464835
RUSSELL1000,return,RUSSELL1000_return,2022-09-26,-0.0110225887
RUSSELL1000,return,RUSSELL1000_return,2022-09-27,-0.0013499027
RUSSELL1000,return,RUSSELL1000_return,2022-09-28,0.0207379932
RUSSELL1000,return,RUSSELL1000_return,2022-09-29,-0.0211078529
RUSSELL1000,return,RUSSELL1000_return,2022-09-30,-0.0140788647
RUSSELL1000,return,RUSSELL1000_return,2022-10-03,0.0259785626
RUSSELL1000,return,RUSSELL1000_return,2022-10-04,0.0321529819
RUSSELL1000,return,RUSSELL1000_return,2022-10-05,-0.0020846558
RUSSELL1000,return,RUSSELL1000_return,2022-10-06,-0.0094401979
RUSSELL1000,return,RUSSELL1000_return,2022-10-07,-0.0285154611
RUSSELL1000,return,RUSSELL1000_return,2022-10-10,-0.0081170741
RUSSELL1000,return,RUSSELL1000_return,2022-10-11,-0.0066507138
RUSSELL1000,return,RUSSELL1000_return,2022-10-12,-0.0030165757
RUSSELL1000,return,RUSSELL1000_return,2022-10-13,0.0248534489
RUSSELL1000,return,RUSSELL1000_return,2022-10-14,-0.0240235221
RUSSELL1000,return,RUSSELL1000_return,2022-10-17,0.0272216585
RUSSELL1000,return,RUSSELL1000_return,2022-10-18,0.0119170012
RUSSELL1000,return,RUSSELL1000_return,2022-10-19,-0.0081119861
RUSSELL1000,return,RUSSELL1000_return,2022-10-20,-0.007687851
RUSSELL1000,return,RUSSELL1000_return,2022-10-21,0.0230963897
RUSSELL1000,return,RUSSELL1000_return,2022-10-24,0.0109855086
RUSSELL1000,return,RUSSELL1000_return,2022-10-25,0.0177006717
RUSSELL1000,return,RUSSELL1000_return,2022-10-26,-0.0070877942
RUSSELL1000,return,RUSSELL1000_return,2022-10-27,-0.0054389123
RUSSELL1000,return,RUSSELL1000_return,2022-10-28,0.0237834781
RUSSELL1000,return,RUSSELL1000_return,2022-10-31,-0.0070939512
RUSSELL1000,return,RUSSELL1000_return,2022-11-01,-0.0034495229
RUSSELL1000,return,RUSSELL1000_return,2022-11-02,-0.0258184093
RUSSELL1000,return,RUSSELL1000_return,2022-11-03,-0.0101398315
RUSSELL1000,return,RUSSELL1000_return,2022-11-04,0.0125612809
RUSSELL1000,return,RUSSELL1000_return,2022-11-07,0.0092973045
RUSSELL1000,return,RUSSELL1000_return,2022-11-08,0.0055717345
RUSSELL1000,return,RUSSELL1000_return,2022-11-09,-0.0211521662
RUSSELL1000,return,RUSSELL1000_return,2022-11-10,0.0572008568
RUSSELL1000,return,RUSSELL1000_return,2022-11-11,0.0101792034
RUSSELL1000,return,RUSSELL1000_return,2022-11-14,-0.009473036
RUSSELL1000,return,RUSSELL1000_return,2022-11-15,0.0098102777
RUSSELL1000,return,RUSSELL1000_return,2022-11-16,-0.0093934041
RUSSELL1000,return,RUSSELL1000_return,2022-11-17,-0.003808727
RUSSELL1000,return,RUSSELL1000_return,2022-11-18,0.0045818826
RUSSELL1000,return,RUSSELL1000_return,2022-11-21,-0.0042253907
RUSSELL1000,return,RUSSELL1000_return,2022-11-22,0.0136340757
RUSSELL1000,return,RUSSELL1000_return,2022-11-23,0.006167813
RUSSELL1000,return,RUSSELL1000_return,2022-11-25,1.62534e-05
RUSSELL1000,return,RUSSELL1000_return,2022-11-28,-0.0156964853
RUSSELL1000,return,RUSSELL1000_return,2022-11-29,-0.0012583294
RUSSELL1000,return,RUSSELL1000_return,2022-11-30,0.0313495272
RUSSELL1000,return,RUSSELL1000_return,2022-12-01,-0.0001976748
RUSSELL1000,return,RUSSELL1000_return,2022-12-02,-0.0011159418
RUSSELL1000,return,RUSSELL1000_return,2022-12-05,-0.0191211017
RUSSELL1000,return,RUSSELL1000_return,2022-12-06,-0.0145945692
RUSSELL1000,return,RUSSELL1000_return,2022-12-07,-0.0019095529
RUSSELL1000,return,RUSSELL1000_return,2022-12-08,0.0079970587
RUSSELL1000,return,RUSSELL1000_return,2022-12-09,-0.0074630878
RUSSELL1000,return,RUSSELL1000_return,2022-12-12,0.0145515594
RUSSELL1000,return,RUSSELL1000_return,2022-12-13,0.007521432
RUSSELL1000,return,RUSSELL1000_return,2022-12-14,-0.0055885281
RUSSELL1000,return,RUSSELL1000_return,2022-12-15,-0.0251364962
RUSSELL1000,return,RUSSELL1000_return,2022-12-16,-0.0110697696
RUSSELL1000,return,RUSSELL1000_return,2022-12-19,-0.0097119576
RUSSELL1000,return,RUSSELL1000_return,2022-12-20,0.0015110866
RUSSELL1000,return,RUSSELL1000_return,2022-12-21,0.0151170757
RUSSELL1000,return,RUSSELL1000_return,2022-12-22,-0.0144986655
RUSSELL1000,return,RUSSELL1000_return,2022-12-23,0.0057106795
RUSSELL1000,return,RUSSELL1000_return,2022-12-27,-0.0040809356
RUSSELL1000,return,RUSSELL1000_return,2022-12-28,-0.0121763614
RUSSELL1000,return,RUSSELL1000_return,2022-12-29,0.0181981663
RUSSELL1000,return,RUSSELL1000_return,2022-12-30,-0.0024293026
RUSSELL1000,return,RUSSELL1000_return,2023-01-03,-0.0041764484
RUSSELL1000,return,RUSSELL1000_return,2023-01-04,0.0082992152
RUSSELL1000,return,RUSSELL1000_return,2023-01-05,-0.0118109266
RUSSELL1000,return,RUSSELL1000_return,2023-01-06,0.0224819115
RUSSELL1000,return,RUSSELL1000_return,2023-01-09,5.02116e-05
RUSSELL1000,return,RUSSELL1000_return,2023-01-10,0.0073102139
RUSSELL1000,return,RUSSELL1000_return,2023-01-11,0.0133653609
RUSSELL1000,return,RUSSELL1000_return,2023-01-12,0.0041015378
RUSSELL1000,return,RUSSELL1000_return,2023-01-13,0.0042132794
RUSSELL1000,return,RUSSELL1000_return,2023-01-17,-0.001573714
RUSSELL1000,return,RUSSELL1000_return,2023-01-18,-0.0153644092
RUSSELL1000,return,RUSSELL1000_return,2023-01-19,-0.0079924068
RUSSELL1000,return,RUSSELL1000_return,2023-01-20,0.0194644188
RUSSELL1000,return,RUSSELL1000_return,2023-01-23,0.0123969715
RUSSELL1000,return,RUSSELL1000_return,2023-01-24,-0.0012471579
RUSSELL1000,return,RUSSELL1000_return,2023-01-25,-3.58521e-05
RUSSELL1000,return,RUSSELL1000_return,2023-01-26,0.011176274
RUSSELL1000,return,RUSSELL1000_return,2023-01-27,0.0032085669
RUSSELL1000,return,RUSSELL1000_return,2023-01-30,-0.0132724212
RUSSELL1000,return,RUSSELL1000_return,2023-01-31,0.0154842308
RUSSELL1000,return,RUSSELL1000_return,2023-02-01,0.0113030404
RUSSELL1000,return,RUSSELL1000_return,2023-02-02,0.0153482028
RUSSELL1000,return,RUSSELL1000_return,2023-02-03,-0.0109038184
RUSSELL1000,return,RUSSELL1000_return,2023-02-06,-0.0066457785
RUSSELL1000,return,RUSSELL1000_return,2023-02-07,0.0127883022
RUSSELL1000,return,RUSSELL1000_return,2023-02-08,-0.0109952962
RUSSELL1000,return,RUSSELL1000_return,2023-02-09,-0.0092071531
RUSSELL1000,return,RUSSELL1000_return,2023-02-10,0.0017569006
RUSSELL1000,return,RUSSELL1000_return,2023-02-13,0.0116290057
RUSSELL1000,return,RUSSELL1000_return,2023-02-14,0.0006406791
RUSSELL1000,return,RUSSELL1000_return,2023-02-15,0.0044573783
RUSSELL1000,return,RUSSELL1000_return,2023-02-16,-0.0136309773
RUSSELL1000,return,RUSSELL1000_return,2023-02-17,-0.0032079767
RUSSELL1000,return,RUSSELL1000_return,2023-02-21,-0.0205511695
RUSSELL1000,return,RUSSELL1000_return,2023-02-22,-0.0008604654
RUSSELL1000,return,RUSSELL1000_return,2023-02-23,0.0050620659
RUSSELL1000,return,RUSSELL1000_return,2023-02-24,-0.0105530893
RUSSELL1000,return,RUSSELL1000_return,2023-02-27,0.0030887297
RUSSELL1000,return,RUSSELL1000_return,2023-02-28,-0.0026858301
