index_name,series_id,unique_id,ds,y
TOPIX1000,return,TOPIX1000_return,2009-01-05,0.0200208232
TOPIX1000,return,TOPIX1000_return,2009-01-06,0.0003021609
TOPIX1000,return,TOPIX1000_return,2009-01-07,0.0140060647
TOPIX1000,return,TOPIX1000_return,2009-01-08,-0.0311665698
TOPIX1000,return,TOPIX1000_return,2009-01-09,-0.0068209919
TOPIX1000,return,TOPIX1000_return,2009-01-13,-0.0481666776
TOPIX1000,return,TOPIX1000_return,2009-01-14,0.006552803
TOPIX1000,return,TOPIX1000_return,2009-01-15,-0.0291285334
TOPIX1000,return,TOPIX1000_return,2009-01-16,0.027758978
TOPIX1000,return,TOPIX1000_return,2009-01-19,-0.0002878303
TOPIX1000,return,TOPIX1000_return,2009-01-20,-0.0155959486
TOPIX1000,return,TOPIX1000_return,2009-01-21,-0.0224482655
TOPIX1000,return,TOPIX1000_return,2009-01-22,0.0113449207
TOPIX1000,return,TOPIX1000_return,2009-01-23,-0.0285124198
TOPIX1000,return,TOPIX1000_return,2009-01-26,-0.0070804225
TOPIX1000,return,TOPIX1000_return,2009-01-27,0.0491872423
TOPIX1000,return,TOPIX1000_return,2009-01-28,-0.0014859385
TOPIX1000,return,TOPIX1000_return,2009-01-29,0.0178706176
TOPIX1000,return,TOPIX1000_return,2009-01-30,-0.0304397578
TOPIX1000,return,TOPIX1000_return,2009-02-02,-0.0207283004
TOPIX1000,return,TOPIX1000_return,2009-02-03,-0.0051874502
TOPIX1000,return,TOPIX1000_return,2009-02-04,0.0250710668
TOPIX1000,return,TOPIX1000_return,2009-02-05,-0.0082311993
TOPIX1000,return,TOPIX1000_return,2009-02-06,0.0060405248
TOPIX1000,return,TOPIX1000_return,2009-02-09,-0.0149483966
TOPIX1000,return,TOPIX1000_return,2009-02-10,-0.0009697254
TOPIX1000,return,TOPIX1000_return,2009-02-12,-0.0231691874
TOPIX1000,return,TOPIX1000_return,2009-02-13,0.0055620142
TOPIX1000,return,TOPIX1000_return,2009-02-16,0.006942725
TOPIX1000,return,TOPIX1000_return,2009-02-17,-0.0177152313
TOPIX1000,return,TOPIX1000_return,2009-02-18,-0.0097829851
TOPIX1000,return,TOPIX1000_return,2009-02-19,0.0030921005
TOPIX1000,return,TOPIX1000_return,2009-02-20,-0.0161973785
TOPIX1000,return,TOPIX1000_return,2009-02-23,-0.0056163852
TOPIX1000,return,TOPIX1000_return,2009-02-24,-0.0064761262
TOPIX1000,return,TOPIX1000_return,2009-02-25,0.0213422576
TOPIX1000,return,TOPIX1000_return,2009-02-26,-0.0043161131
TOPIX1000,return,TOPIX1000_return,2009-02-27,0.0194139339
TOPIX1000,return,TOPIX1000_return,2009-03-02,-0.0298044932
TOPIX1000,return,TOPIX1000_return,2009-03-03,-0.0106363981
TOPIX1000,return,TOPIX1000_return,2009-03-04,0.0070365886
TOPIX1000,return,TOPIX1000_return,2009-03-05,0.0128350521
TOPIX1000,return,TOPIX1000_return,2009-03-06,-0.0276223353
TOPIX1000,return,TOPIX1000_return,2009-03-09,-0.0152383022
TOPIX1000,return,TOPIX1000_return,2009-03-10,-0.0097630624
TOPIX1000,return,TOPIX1000_return,2009-03-11,0.0272875159
TOPIX1000,return,TOPIX1000_return,2009-03-12,-0.0302602072
TOPIX1000,return,TOPIX1000_return,2009-03-13,0.0340361591
TOPIX1000,return,TOPIX1000_return,2009-03-16,0.0240496616
TOPIX1000,return,TOPIX1000_return,2009-03-17,0.0261855396
TOPIX1000,return,TOPIX1000_return,2009-03-18,0.0055343935
TOPIX1000,return,TOPIX1000_return,2009-03-19,-3.85272e-05
TOPIX1000,return,TOPIX1000_return,2009-03-23,0.0354236002
TOPIX1000,return,TOPIX1000_return,2009-03-24,0.0271243271
TOPIX1000,return,TOPIX1000_return,2009-03-25,0.0067317358
TOPIX1000,return,TOPIX1000_return,2009-03-26,0.0223366087
TOPIX1000,return,TOPIX1000_return,2009-03-27,-0.002766381
TOPIX1000,return,TOPIX1000_return,2009-03-30,-0.0433365607
TOPIX1000,return,TOPIX1000_return,2009-03-31,-0.0201864231
TOPIX1000,return,TOPIX1000_return,2009-04-01,0.0266837792
TOPIX1000,return,TOPIX1000_return,2009-04-02,0.0421249691
TOPIX1000,return,TOPIX1000_return,2009-04-03,0.0060356402
TOPIX1000,return,TOPIX1000_return,2009-04-06,-0.0003961906
TOPIX1000,return,TOPIX1000_return,2009-04-07,0.002027819
TOPIX1000,return,TOPIX1000_return,2009-04-08,-0.0209583903
TOPIX1000,return,TOPIX1000_return,2009-04-09,0.0330134322
TOPIX1000,return,TOPIX1000_return,2009-04-10,0.0052210183
TOPIX1000,return,TOPIX1000_return,2009-04-13,0.0034206112
TOPIX1000,return,TOPIX1000_return,2009-04-14,-0.006612759
TOPIX1000,return,TOPIX1000_return,2009-04-15,-0.0100194903
TOPIX1000,return,TOPIX1000_return,2009-04-16,-0.0039531988
TOPIX1000,return,TOPIX1000_return,2009-04-17,0.0166675256
TOPIX1000,return,TOPIX1000_return,2009-04-20,0.0031712346
TOPIX1000,return,TOPIX1000_return,2009-04-21,-0.0209187675
TOPIX1000,return,TOPIX1000_return,2009-04-22,-0.0006178082
TOPIX1000,return,TOPIX1000_return,2009-04-23,0.0116049303
TOPIX1000,return,TOPIX1000_return,2009-04-24,-0.0112989735
TOPIX1000,return,TOPIX1000_return,2009-04-27,0.0037084926
TOPIX1000,return,TOPIX1000_return,2009-04-28,-0.0256065161
TOPIX1000,return,TOPIX1000_return,2009-04-30,0.0321695783
TOPIX1000,return,TOPIX1000_return,2009-05-01,0.0111243224
TOPIX1000,return,TOPIX1000_return,2009-05-07,0.0469445548
TOPIX1000,return,TOPIX1000_return,2009-05-08,0.0106724625
TOPIX1000,return,TOPIX1000_return,2009-05-11,0.0057226078
TOPIX1000,return,TOPIX1000_return,2009-05-12,-0.0170271515
TOPIX1000,return,TOPIX1000_return,2009-05-13,0.0037135654
TOPIX1000,return,TOPIX1000_return,2009-05-14,-0.0296084875
TOPIX1000,return,TOPIX1000_return,2009-05-15,0.0223597422
TOPIX1000,return,TOPIX1000_return,2009-05-18,-0.025226767
TOPIX1000,return,TOPIX1000_return,2009-05-19,0.0235729077
TOPIX1000,return,TOPIX1000_return,2009-05-20,0.0073321612
TOPIX1000,return,TOPIX1000_return,2009-05-21,-0.0056418626
TOPIX1000,return,TOPIX1000_return,2009-05-22,-0.0065409254
TOPIX1000,return,TOPIX1000_return,2009-05-25,0.0079869868
TOPIX1000,return,TOPIX1000_return,2009-05-26,0.0007122582
TOPIX1000,return,TOPIX1000_return,2009-05-27,0.0106121361
TOPIX1000,return,TOPIX1000_return,2009-05-28,0.0029369635
TOPIX1000,return,TOPIX1000_return,2009-05-29,0.0026363587
TOPIX1000,return,TOPIX1000_return,2009-06-01,0.0164774024
TOPIX1000,return,TOPIX1000_return,2009-06-02,0.0010601868
TOPIX1000,return,TOPIX1000_return,2009-06-03,0.0009742542
TOPIX1000,return,TOPIX1000_return,2009-06-04,-0.0041791783
TOPIX1000,return,TOPIX1000_return,2009-06-05,0.0046747771
TOPIX1000,return,TOPIX1000_return,2009-06-08,0.0112943439
TOPIX1000,return,TOPIX1000_return,2009-06-09,-0.0095786924
TOPIX1000,return,TOPIX1000_return,2009-06-10,0.020567597
TOPIX1000,return,TOPIX1000_return,2009-06-11,0.0038588667
TOPIX1000,return,TOPIX1000_return,2009-06-12,0.010656263
TOPIX1000,return,TOPIX1000_return,2009-06-15,-0.0043337721
TOPIX1000,return,TOPIX1000_return,2009-06-16,-0.034032468
TOPIX1000,return,TOPIX1000_return,2009-06-17,0.0089270671
TOPIX1000,return,TOPIX1000_return,2009-06-18,-0.0131566731
TOPIX1000,return,TOPIX1000_return,2009-06-19,0.0091792282
TOPIX1000,return,TOPIX1000_return,2009-06-22,0.0035452407
TOPIX1000,return,TOPIX1000_return,2009-06-23,-0.0227426834
TOPIX1000,return,TOPIX1000_return,2009-06-24,0.0007961676
TOPIX1000,return,TOPIX1000_return,2009-06-25,0.01977025
TOPIX1000,return,TOPIX1000_return,2009-06-26,0.0076325324
TOPIX1000,return,TOPIX1000_return,2009-06-29,-0.0126278468
TOPIX1000,return,TOPIX1000_return,2009-06-30,0.0159787971
TOPIX1000,return,TOPIX1000_return,2009-07-01,-0.0016894415
TOPIX1000,return,TOPIX1000_return,2009-07-02,-0.0047325848
TOPIX1000,return,TOPIX1000_return,2009-07-03,-0.0037264218
TOPIX1000,return,TOPIX1000_return,2009-07-06,-0.0091557876
TOPIX1000,return,TOPIX1000_return,2009-07-07,-0.0037536342
TOPIX1000,return,TOPIX1000_return,2009-07-08,-0.022820079
TOPIX1000,return,TOPIX1000_return,2009-07-09,-0.0166025359
TOPIX1000,return,TOPIX1000_return,2009-07-10,-0.0017769796
TOPIX1000,return,TOPIX1000_return,2009-07-13,-0.0227990814
TOPIX1000,return,TOPIX1000_return,2009-07-14,0.0191975453
TOPIX1000,return,TOPIX1000_return,2009-07-15,-0.0025248974
TOPIX1000,return,TOPIX1000_return,2009-07-16,0.0068771671
TOPIX1000,return,TOPIX1000_return,2009-07-17,0.0069301313
TOPIX1000,return,TOPIX1000_return,2009-07-21,0.0267343693
TOPIX1000,return,TOPIX1000_return,2009-07-22,0.0054552082
TOPIX1000,return,TOPIX1000_return,2009-07-23,0.0024610742
TOPIX1000,return,TOPIX1000_return,2009-07-24,0.0130557371
TOPIX1000,return,TOPIX1000_return,2009-07-27,0.0085246048
TOPIX1000,return,TOPIX1000_return,2009-07-28,0.0022985825
TOPIX1000,return,TOPIX1000_return,2009-07-29,0.0002086961
TOPIX1000,return,TOPIX1000_return,2009-07-30,0.0072538119
TOPIX1000,return,TOPIX1000_return,2009-07-31,0.0146203948
TOPIX1000,return,TOPIX1000_return,2009-08-03,0.0076689523
TOPIX1000,return,TOPIX1000_return,2009-08-04,0.0015281957
TOPIX1000,return,TOPIX1000_return,2009-08-05,-0.010084762
TOPIX1000,return,TOPIX1000_return,2009-08-06,0.008584783
TOPIX1000,return,TOPIX1000_return,2009-08-07,-0.0007590787
TOPIX1000,return,TOPIX1000_return,2009-08-10,0.0131775898
TOPIX1000,return,TOPIX1000_return,2009-08-11,0.0042987108
TOPIX1000,return,TOPIX1000_return,2009-08-12,-0.0141548989
TOPIX1000,return,TOPIX1000_return,2009-08-13,0.0088855298
TOPIX1000,return,TOPIX1000_return,2009-08-14,0.0053342344
TOPIX1000,return,TOPIX1000_return,2009-08-17,-0.0249971578
TOPIX1000,return,TOPIX1000_return,2009-08-18,0.0001121707
TOPIX1000,return,TOPIX1000_return,2009-08-19,-0.0068401053
TOPIX1000,return,TOPIX1000_return,2009-08-20,0.0163651411
TOPIX1000,return,TOPIX1000_return,2009-08-21,-0.0119143043
TOPIX1000,return,TOPIX1000_return,2009-08-24,0.0244228886
TOPIX1000,return,TOPIX1000_return,2009-08-25,-0.0053456006
TOPIX1000,return,TOPIX1000_return,2009-08-26,0.0110501982
TOPIX1000,return,TOPIX1000_return,2009-08-27,-0.0118237983
TOPIX1000,return,TOPIX1000_return,2009-08-28,0.0053491705
TOPIX1000,return,TOPIX1000_return,2009-08-31,-0.0036603496
TOPIX1000,return,TOPIX1000_return,2009-09-01,0.0031518039
TOPIX1000,return,TOPIX1000_return,2009-09-02,-0.0196624865
TOPIX1000,return,TOPIX1000_return,2009-09-03,-0.0074308012
TOPIX1000,return,TOPIX1000_return,2009-09-04,-0.0074658438
TOPIX1000,return,TOPIX1000_return,2009-09-07,0.009739114
TOPIX1000,return,TOPIX1000_return,2009-09-08,0.0017443081
TOPIX1000,return,TOPIX1000_return,2009-09-09,-0.0070778694
TOPIX1000,return,TOPIX1000_return,2009-09-10,0.0200234305
TOPIX1000,return,TOPIX1000_return,2009-09-11,-0.0084649331
TOPIX1000,return,TOPIX1000_return,2009-09-14,-0.0173807033
TOPIX1000,return,TOPIX1000_return,2009-09-15,-0.0015986134
TOPIX1000,return,TOPIX1000_return,2009-09-16,-0.0009980663
TOPIX1000,return,TOPIX1000_return,2009-09-17,0.0087837366
TOPIX1000,return,TOPIX1000_return,2009-09-18,-7.20314e-05
TOPIX1000,return,TOPIX1000_return,2009-09-24,0.0112562654
TOPIX1000,return,TOPIX1000_return,2009-09-25,-0.0221600712
TOPIX1000,return,TOPIX1000_return,2009-09-28,-0.0219319521
TOPIX1000,return,TOPIX1000_return,2009-09-29,0.0013868681
TOPIX1000,return,TOPIX1000_return,2009-09-30,0.0064555345
TOPIX1000,return,TOPIX1000_return,2009-10-01,-0.015030223
TOPIX1000,return,TOPIX1000_return,2009-10-02,-0.0239961253
TOPIX1000,return,TOPIX1000_return,2009-10-05,-0.008610231
TOPIX1000,return,TOPIX1000_return,2009-10-06,0.0052864922
TOPIX1000,return,TOPIX1000_return,2009-10-07,0.0161515197
TOPIX1000,return,TOPIX1000_return,2009-10-08,0.002294122
TOPIX1000,return,TOPIX1000_return,2009-10-09,0.0118015848
TOPIX1000,return,TOPIX1000_return,2009-10-13,0.0038917331
TOPIX1000,return,TOPIX1000_return,2009-10-14,-0.0080093128
TOPIX1000,return,TOPIX1000_return,2009-10-15,0.011012887
TOPIX1000,return,TOPIX1000_return,2009-10-16,-0.003503248
TOPIX1000,return,TOPIX1000_return,2009-10-19,0.0052892565
TOPIX1000,return,TOPIX1000_return,2009-10-20,0.008514043
TOPIX1000,return,TOPIX1000_return,2009-10-21,0.000179351
TOPIX1000,return,TOPIX1000_return,2009-10-22,-0.0056271893
TOPIX1000,return,TOPIX1000_return,2009-10-23,-0.0073862604
TOPIX1000,return,TOPIX1000_return,2009-10-26,0.0095764471
TOPIX1000,return,TOPIX1000_return,2009-10-27,-0.0167612428
TOPIX1000,return,TOPIX1000_return,2009-10-28,-0.007560881
TOPIX1000,return,TOPIX1000_return,2009-10-29,-0.0073364382
TOPIX1000,return,TOPIX1000_return,2009-10-30,0.014235734
TOPIX1000,return,TOPIX1000_return,2009-11-02,-0.0160489041
TOPIX1000,return,TOPIX1000_return,2009-11-04,0.000864263
TOPIX1000,return,TOPIX1000_return,2009-11-05,-0.0071701704
TOPIX1000,return,TOPIX1000_return,2009-11-06,-0.0008146531
TOPIX1000,return,TOPIX1000_return,2009-11-09,-0.0038011376
TOPIX1000,return,TOPIX1000_return,2009-11-10,0.0020240667
TOPIX1000,return,TOPIX1000_return,2009-11-11,-1.10487e-05
TOPIX1000,return,TOPIX1000_return,2009-11-12,-0.0049669971
TOPIX1000,return,TOPIX1000_return,2009-11-13,-0.0009985247
TOPIX1000,return,TOPIX1000_return,2009-11-16,-0.0072175722
TOPIX1000,return,TOPIX1000_return,2009-11-17,-0.0037021973
TOPIX1000,return,TOPIX1000_return,2009-11-18,-0.008206172
TOPIX1000,return,TOPIX1000_return,2009-11-19,-0.0147148716
TOPIX1000,return,TOPIX1000_return,2009-11-20,0.0012290284
TOPIX1000,return,TOPIX1000_return,2009-11-24,-0.0112558516
TOPIX1000,return,TOPIX1000_return,2009-11-25,0.0049668339
TOPIX1000,return,TOPIX1000_return,2009-11-26,-0.0045614203
TOPIX1000,return,TOPIX1000_return,2009-11-27,-0.0226437264
TOPIX1000,return,TOPIX1000_return,2009-11-30,0.0358209055
TOPIX1000,return,TOPIX1000_return,2009-12-01,0.0212783406
TOPIX1000,return,TOPIX1000_return,2009-12-02,0.0011893684
TOPIX1000,return,TOPIX1000_return,2009-12-03,0.0344375296
TOPIX1000,return,TOPIX1000_return,2009-12-04,0.0020151347
TOPIX1000,return,TOPIX1000_return,2009-12-07,0.0095573077
TOPIX1000,return,TOPIX1000_return,2009-12-08,-0.0023988675
TOPIX1000,return,TOPIX1000_return,2009-12-09,-0.0133865499
TOPIX1000,return,TOPIX1000_return,2009-12-10,-0.0127085634
TOPIX1000,return,TOPIX1000_return,2009-12-11,0.0170159601
TOPIX1000,return,TOPIX1000_return,2009-12-14,-0.0039877015
TOPIX1000,return,TOPIX1000_return,2009-12-15,-0.000511315
TOPIX1000,return,TOPIX1000_return,2009-12-16,0.0155551407
TOPIX1000,return,TOPIX1000_return,2009-12-17,-0.0022510076
TOPIX1000,return,TOPIX1000_return,2009-12-18,-0.0031045382
TOPIX1000,return,TOPIX1000_return,2009-12-21,-0.002273899
TOPIX1000,return,TOPIX1000_return,2009-12-22,0.0132093208
TOPIX1000,return,TOPIX1000_return,2009-12-24,0.0119711134
TOPIX1000,return,TOPIX1000_return,2009-12-25,-0.0047929579
TOPIX1000,return,TOPIX1000_return,2009-12-28,0.0067531055
TOPIX1000,return,TOPIX1000_return,2009-12-29,0.0010934554
TOPIX1000,return,TOPIX1000_return,2009-12-30,-0.009094992
TOPIX1000,return,TOPIX1000_return,2010-01-04,0.0091042065
TOPIX1000,return,TOPIX1000_return,2010-01-05,0.0042852587
TOPIX1000,return,TOPIX1000_return,2010-01-06,0.0127169112
TOPIX1000,return,TOPIX1000_return,2010-01-07,0.0007538313
TOPIX1000,return,TOPIX1000_return,2010-01-08,0.0102262448
TOPIX1000,return,TOPIX1000_return,2010-01-12,0.0137180184
TOPIX1000,return,TOPIX1000_return,2010-01-13,-0.0107714808
TOPIX1000,return,TOPIX1000_return,2010-01-14,0.0160732781
TOPIX1000,return,TOPIX1000_return,2010-01-15,0.0079098381
TOPIX1000,return,TOPIX1000_return,2010-01-18,-0.0093396923
TOPIX1000,return,TOPIX1000_return,2010-01-19,-0.008343017
TOPIX1000,return,TOPIX1000_return,2010-01-20,-0.0053355946
TOPIX1000,return,TOPIX1000_return,2010-01-21,0.0121635424
TOPIX1000,return,TOPIX1000_return,2010-01-22,-0.0159093229
TOPIX1000,return,TOPIX1000_return,2010-01-25,-0.0068466754
TOPIX1000,return,TOPIX1000_return,2010-01-26,-0.0196014409
TOPIX1000,return,TOPIX1000_return,2010-01-27,-0.0095504415
TOPIX1000,return,TOPIX1000_return,2010-01-28,0.0073750266
TOPIX1000,return,TOPIX1000_return,2010-01-29,-0.014484391
TOPIX1000,return,TOPIX1000_return,2010-02-01,-0.0025828737
TOPIX1000,return,TOPIX1000_return,2010-02-02,0.0161369624
TOPIX1000,return,TOPIX1000_return,2010-02-03,0.0030225476
TOPIX1000,return,TOPIX1000_return,2010-02-04,-0.0052076354
TOPIX1000,return,TOPIX1000_return,2010-02-05,-0.0213619182
TOPIX1000,return,TOPIX1000_return,2010-02-08,-0.0099437255
TOPIX1000,return,TOPIX1000_return,2010-02-09,-0.0016339517
TOPIX1000,return,TOPIX1000_return,2010-02-10,0.0023241506
TOPIX1000,return,TOPIX1000_return,2010-02-12,0.0099601599
TOPIX1000,return,TOPIX1000_return,2010-02-15,-0.0098943004
TOPIX1000,return,TOPIX1000_return,2010-02-16,0.0019486188
TOPIX1000,return,TOPIX1000_return,2010-02-17,0.0222618092
TOPIX1000,return,TOPIX1000_return,2010-02-18,6.38325e-05
TOPIX1000,return,TOPIX1000_return,2010-02-19,-0.0174504448
TOPIX1000,return,TOPIX1000_return,2010-02-22,0.0233739099
TOPIX1000,return,TOPIX1000_return,2010-02-23,-0.0026846063
TOPIX1000,return,TOPIX1000_return,2010-02-24,-0.0126428627
TOPIX1000,return,TOPIX1000_return,2010-02-25,-0.0049804013
TOPIX1000,return,TOPIX1000_return,2010-02-26,0.0030096227
TOPIX1000,return,TOPIX1000_return,2010-03-01,0.0053988588
TOPIX1000,return,TOPIX1000_return,2010-03-02,0.0042038087
TOPIX1000,return,TOPIX1000_return,2010-03-03,0.0033235909
TOPIX1000,return,TOPIX1000_return,2010-03-04,-0.0088545395
TOPIX1000,return,TOPIX1000_return,2010-03-05,0.0147500136
TOPIX1000,return,TOPIX1000_return,2010-03-08,0.018367573
TOPIX1000,return,TOPIX1000_return,2010-03-09,-0.0032341899
TOPIX1000,return,TOPIX1000_return,2010-03-10,-0.0020902552
TOPIX1000,return,TOPIX1000_return,2010-03-11,0.0085660392
TOPIX1000,return,TOPIX1000_return,2010-03-12,0.0065095277
TOPIX1000,return,TOPIX1000_return,2010-03-15,0.0026383508
TOPIX1000,return,TOPIX1000_return,2010-03-16,-0.00095238
TOPIX1000,return,TOPIX1000_return,2010-03-17,0.0099922136
TOPIX1000,return,TOPIX1000_return,2010-03-18,-0.007143298
TOPIX1000,return,TOPIX1000_return,2010-03-19,0.008687032
TOPIX1000,return,TOPIX1000_return,2010-03-23,-0.0017327883
TOPIX1000,return,TOPIX1000_return,2010-03-24,0.0047705185
TOPIX1000,return,TOPIX1000_return,2010-03-25,0.0001615318
TOPIX1000,return,TOPIX1000_return,2010-03-26,0.015331497
TOPIX1000,return,TOPIX1000_return,2010-03-29,0.007927883
TOPIX1000,return,TOPIX1000_return,2010-03-30,0.0139055758
TOPIX1000,return,TOPIX1000_return,2010-03-31,-0.0007592276
TOPIX1000,return,TOPIX1000_return,2010-04-01,0.0067019625
TOPIX1000,return,TOPIX1000_return,2010-04-02,0.0042671221
TOPIX1000,return,TOPIX1000_return,2010-04-05,0.0062918291
TOPIX1000,return,TOPIX1000_return,2010-04-06,-0.0049406358
TOPIX1000,return,TOPIX1000_return,2010-04-07,0.0047630961
TOPIX1000,return,TOPIX1000_return,2010-04-08,-0.0097970676
TOPIX1000,return,TOPIX1000_return,2010-04-09,0.0033270146
TOPIX1000,return,TOPIX1000_return,2010-04-12,0.0053306343
TOPIX1000,return,TOPIX1000_return,2010-04-13,-0.0064242087
TOPIX1000,return,TOPIX1000_return,2010-04-14,0.002653851
TOPIX1000,return,TOPIX1000_return,2010-04-15,0.0079308553
TOPIX1000,return,TOPIX1000_return,2010-04-16,-0.0101125838
TOPIX1000,return,TOPIX1000_return,2010-04-19,-0.0182802946
TOPIX1000,return,TOPIX1000_return,2010-04-20,0.0012970678
TOPIX1000,return,TOPIX1000_return,2010-04-21,0.0152992149
TOPIX1000,return,TOPIX1000_return,2010-04-22,-0.009163051
TOPIX1000,return,TOPIX1000_return,2010-04-23,-8.7893e-05
TOPIX1000,return,TOPIX1000_return,2010-04-26,0.0189266588
TOPIX1000,return,TOPIX1000_return,2010-04-27,0.0009766186
TOPIX1000,return,TOPIX1000_return,2010-04-28,-0.0201351584
TOPIX1000,return,TOPIX1000_return,2010-04-30,0.0096838128
TOPIX1000,return,TOPIX1000_return,2010-05-06,-0.0309094982
TOPIX1000,return,TOPIX1000_return,2010-05-07,-0.026048958
TOPIX1000,return,TOPIX1000_return,2010-05-10,0.0137979473
TOPIX1000,return,TOPIX1000_return,2010-05-11,-0.013509266
TOPIX1000,return,TOPIX1000_return,2010-05-12,0.0007784357
TOPIX1000,return,TOPIX1000_return,2010-05-13,0.0163239338
TOPIX1000,return,TOPIX1000_return,2010-05-14,-0.0121947378
TOPIX1000,return,TOPIX1000_return,2010-05-17,-0.0169432284
TOPIX1000,return,TOPIX1000_return,2010-05-18,-0.0069686836
TOPIX1000,return,TOPIX1000_return,2010-05-19,-0.0035191162
TOPIX1000,return,TOPIX1000_return,2010-05-20,-0.0139066675
TOPIX1000,return,TOPIX1000_return,2010-05-21,-0.020479325
TOPIX1000,return,TOPIX1000_return,2010-05-24,0.0003146862
TOPIX1000,return,TOPIX1000_return,2010-05-25,-0.0230810444
TOPIX1000,return,TOPIX1000_return,2010-05-26,-0.0008549224
TOPIX1000,return,TOPIX1000_return,2010-05-27,0.0130122243
TOPIX1000,return,TOPIX1000_return,2010-05-28,0.0099053685
TOPIX1000,return,TOPIX1000_return,2010-05-31,0.0018029567
TOPIX1000,return,TOPIX1000_return,2010-06-01,-0.0004444337
TOPIX1000,return,TOPIX1000_return,2010-06-02,-0.0114654043
TOPIX1000,return,TOPIX1000_return,2010-06-03,0.0239208787
TOPIX1000,return,TOPIX1000_return,2010-06-04,-0.0006323703
TOPIX1000,return,TOPIX1000_return,2010-06-07,-0.0346896752
TOPIX1000,return,TOPIX1000_return,2010-06-08,-0.0010444235
TOPIX1000,return,TOPIX1000_return,2010-06-09,-0.0094076932
TOPIX1000,return,TOPIX1000_return,2010-06-10,0.0077010681
TOPIX1000,return,TOPIX1000_return,2010-06-11,0.011307066
TOPIX1000,return,TOPIX1000_return,2010-06-14,0.0139896592
TOPIX1000,return,TOPIX1000_return,2010-06-15,0.0002715886
TOPIX1000,return,TOPIX1000_return,2010-06-16,0.0155524497
TOPIX1000,return,TOPIX1000_return,2010-06-17,-0.005571674
TOPIX1000,return,TOPIX1000_return,2010-06-18,-0.0033659333
TOPIX1000,return,TOPIX1000_return,2010-06-21,0.0202967499
TOPIX1000,return,TOPIX1000_return,2010-06-22,-0.0089471331
TOPIX1000,return,TOPIX1000_return,2010-06-23,-0.0154520722
TOPIX1000,return,TOPIX1000_return,2010-06-24,-0.0012789046
TOPIX1000,return,TOPIX1000_return,2010-06-25,-0.0142497323
TOPIX1000,return,TOPIX1000_return,2010-06-28,-0.0068038438
TOPIX1000,return,TOPIX1000_return,2010-06-29,-0.0100985581
TOPIX1000,return,TOPIX1000_return,2010-06-30,-0.0126648222
TOPIX1000,return,TOPIX1000_return,2010-07-01,-0.015549462
TOPIX1000,return,TOPIX1000_return,2010-07-02,0.0031336421
TOPIX1000,return,TOPIX1000_return,2010-07-05,0.0070515903
TOPIX1000,return,TOPIX1000_return,2010-07-06,0.0125334912
TOPIX1000,return,TOPIX1000_return,2010-07-07,-0.0066565045
TOPIX1000,return,TOPIX1000_return,2010-07-08,0.0234711955
TOPIX1000,return,TOPIX1000_return,2010-07-09,8.87185e-05
TOPIX1000,return,TOPIX1000_return,2010-07-12,-0.004098991
TOPIX1000,return,TOPIX1000_return,2010-07-13,-0.0037372898
TOPIX1000,return,TOPIX1000_return,2010-07-14,0.0193156386
TOPIX1000,return,TOPIX1000_return,2010-07-15,-0.0162879902
TOPIX1000,return,TOPIX1000_return,2010-07-16,-0.0188846907
TOPIX1000,return,TOPIX1000_return,2010-07-20,-0.0100665984
TOPIX1000,return,TOPIX1000_return,2010-07-21,-0.0033478475
TOPIX1000,return,TOPIX1000_return,2010-07-22,-0.0046818478
TOPIX1000,return,TOPIX1000_return,2010-07-23,0.0193123621
TOPIX1000,return,TOPIX1000_return,2010-07-26,0.0053743212
TOPIX1000,return,TOPIX1000_return,2010-07-27,0.0002254965
TOPIX1000,return,TOPIX1000_return,2010-07-28,0.0232716869
TOPIX1000,return,TOPIX1000_return,2010-07-29,-0.0048481086
TOPIX1000,return,TOPIX1000_return,2010-07-30,-0.0136523072
TOPIX1000,return,TOPIX1000_return,2010-08-02,0.001459386
TOPIX1000,return,TOPIX1000_return,2010-08-03,0.0101107712
TOPIX1000,return,TOPIX1000_return,2010-08-04,-0.0154470133
TOPIX1000,return,TOPIX1000_return,2010-08-05,0.0133448753
TOPIX1000,return,TOPIX1000_return,2010-08-06,0.0047828297
TOPIX1000,return,TOPIX1000_return,2010-08-09,-0.0042398164
TOPIX1000,return,TOPIX1000_return,2010-08-10,-0.0033350758
TOPIX1000,return,TOPIX1000_return,2010-08-11,-0.0237248335
TOPIX1000,return,TOPIX1000_return,2010-08-12,-0.0079861891
TOPIX1000,return,TOPIX1000_return,2010-08-13,0.004146292
TOPIX1000,return,TOPIX1000_return,2010-08-16,-0.0031082161
TOPIX1000,return,TOPIX1000_return,2010-08-17,-0.0022895556
TOPIX1000,return,TOPIX1000_return,2010-08-18,0.0103555021
TOPIX1000,return,TOPIX1000_return,2010-08-19,0.010603254
TOPIX1000,return,TOPIX1000_return,2010-08-20,-0.0171665509
TOPIX1000,return,TOPIX1000_return,2010-08-23,-0.0058030543
TOPIX1000,return,TOPIX1000_return,2010-08-24,-0.0086570469
TOPIX1000,return,TOPIX1000_return,2010-08-25,-0.0129533759
TOPIX1000,return,TOPIX1000_return,2010-08-26,0.0055398018
TOPIX1000,return,TOPIX1000_return,2010-08-27,0.0099614488
TOPIX1000,return,TOPIX1000_return,2010-08-30,0.0116081612
TOPIX1000,return,TOPIX1000_return,2010-08-31,-0.0296295675
TOPIX1000,return,TOPIX1000_return,2010-09-01,0.0086374992
TOPIX1000,return,TOPIX1000_return,2010-09-02,0.009973724
TOPIX1000,return,TOPIX1000_return,2010-09-03,0.0052340797
TOPIX1000,return,TOPIX1000_return,2010-09-06,0.0183278565
TOPIX1000,return,TOPIX1000_return,2010-09-07,-0.004579112
TOPIX1000,return,TOPIX1000_return,2010-09-08,-0.0168367498
TOPIX1000,return,TOPIX1000_return,2010-09-09,0.0071288401
TOPIX1000,return,TOPIX1000_return,2010-09-10,0.0083924495
TOPIX1000,return,TOPIX1000_return,2010-09-13,0.0048471986
TOPIX1000,return,TOPIX1000_return,2010-09-14,-0.0033903092
TOPIX1000,return,TOPIX1000_return,2010-09-15,0.0167581023
TOPIX1000,return,TOPIX1000_return,2010-09-16,-0.0046483437
TOPIX1000,return,TOPIX1000_return,2010-09-17,0.0087758247
TOPIX1000,return,TOPIX1000_return,2010-09-21,-0.0025494856
TOPIX1000,return,TOPIX1000_return,2010-09-22,-0.0041029011
TOPIX1000,return,TOPIX1000_return,2010-09-24,-0.0096244258
TOPIX1000,return,TOPIX1000_return,2010-09-27,0.013002594
TOPIX1000,return,TOPIX1000_return,2010-09-28,-1.0962e-05
TOPIX1000,return,TOPIX1000_return,2010-09-29,0.0049367854
TOPIX1000,return,TOPIX1000_return,2010-09-30,-0.020655392
TOPIX1000,return,TOPIX1000_return,2010-10-01,0.0007751583
TOPIX1000,return,TOPIX1000_return,2010-10-04,-0.0086461403
TOPIX1000,return,TOPIX1000_return,2010-10-05,0.0122608935
TOPIX1000,return,TOPIX1000_return,2010-10-06,0.0145191236
TOPIX1000,return,TOPIX1000_return,2010-10-07,0.0017677409
TOPIX1000,return,TOPIX1000_return,2010-10-08,-0.0078967716
TOPIX1000,return,TOPIX1000_return,2010-10-12,-0.0174170191
TOPIX1000,return,TOPIX1000_return,2010-10-13,-0.0022916332
TOPIX1000,return,TOPIX1000_return,2010-10-14,0.0176629993
TOPIX1000,return,TOPIX1000_return,2010-10-15,-0.012616724
TOPIX1000,return,TOPIX1000_return,2010-10-18,0.0049715983
TOPIX1000,return,TOPIX1000_return,2010-10-19,0.0039918693
TOPIX1000,return,TOPIX1000_return,2010-10-20,-0.0120184213
TOPIX1000,return,TOPIX1000_return,2010-10-21,-0.0039098822
TOPIX1000,return,TOPIX1000_return,2010-10-22,0.0055020041
TOPIX1000,return,TOPIX1000_return,2010-10-25,-0.0044529177
TOPIX1000,return,TOPIX1000_return,2010-10-26,-0.0041281064
TOPIX1000,return,TOPIX1000_return,2010-10-27,-0.0002077522
TOPIX1000,return,TOPIX1000_return,2010-10-28,-0.0040767183
TOPIX1000,return,TOPIX1000_return,2010-10-29,-0.0040817984
TOPIX1000,return,TOPIX1000_return,2010-11-01,-0.0094310547
TOPIX1000,return,TOPIX1000_return,2010-11-02,-9.4117e-05
TOPIX1000,return,TOPIX1000_return,2010-11-04,0.0164576171
TOPIX1000,return,TOPIX1000_return,2010-11-05,0.0228179324
TOPIX1000,return,TOPIX1000_return,2010-11-08,0.0079942003
TOPIX1000,return,TOPIX1000_return,2010-11-09,-0.0022210282
TOPIX1000,return,TOPIX1000_return,2010-11-10,0.0156718344
TOPIX1000,return,TOPIX1000_return,2010-11-11,0.0039846477
TOPIX1000,return,TOPIX1000_return,2010-11-12,-0.0110249962
TOPIX1000,return,TOPIX1000_return,2010-11-15,0.0054180029
TOPIX1000,return,TOPIX1000_return,2010-11-16,-0.004457329
TOPIX1000,return,TOPIX1000_return,2010-11-17,0.0029847643
TOPIX1000,return,TOPIX1000_return,2010-11-18,0.0218757361
TOPIX1000,return,TOPIX1000_return,2010-11-19,0.0008364901
TOPIX1000,return,TOPIX1000_return,2010-11-22,0.0067859563
TOPIX1000,return,TOPIX1000_return,2010-11-24,-0.0103204269
TOPIX1000,return,TOPIX1000_return,2010-11-25,0.0036284517
TOPIX1000,return,TOPIX1000_return,2010-11-26,-0.0034417128
TOPIX1000,return,TOPIX1000_return,2010-11-29,0.0089992059
TOPIX1000,return,TOPIX1000_return,2010-11-30,-0.0157323801
TOPIX1000,return,TOPIX1000_return,2010-12-01,0.0060776053
TOPIX1000,return,TOPIX1000_return,2010-12-02,0.0129214166
TOPIX1000,return,TOPIX1000_return,2010-12-03,0.0022389284
TOPIX1000,return,TOPIX1000_return,2010-12-06,0.0022879535
TOPIX1000,return,TOPIX1000_return,2010-12-07,-0.0027327335
TOPIX1000,return,TOPIX1000_return,2010-12-08,0.0093917809
TOPIX1000,return,TOPIX1000_return,2010-12-09,0.0048332241
TOPIX1000,return,TOPIX1000_return,2010-12-10,-0.003898727
TOPIX1000,return,TOPIX1000_return,2010-12-13,0.0102956078
TOPIX1000,return,TOPIX1000_return,2010-12-14,0.0049374032
TOPIX1000,return,TOPIX1000_return,2010-12-15,0.0005342825
TOPIX1000,return,TOPIX1000_return,2010-12-16,0.0015076645
TOPIX1000,return,TOPIX1000_return,2010-12-17,-0.0008466213
TOPIX1000,return,TOPIX1000_return,2010-12-20,-0.0051167615
TOPIX1000,return,TOPIX1000_return,2010-12-21,0.0086767227
TOPIX1000,return,TOPIX1000_return,2010-12-22,-0.0004378409
TOPIX1000,return,TOPIX1000_return,2010-12-24,-0.0044959687
TOPIX1000,return,TOPIX1000_return,2010-12-27,0.0034474511
TOPIX1000,return,TOPIX1000_return,2010-12-28,-0.0012739473
TOPIX1000,return,TOPIX1000_return,2010-12-29,0.0056564763
TOPIX1000,return,TOPIX1000_return,2010-12-30,-0.0101890704
TOPIX1000,return,TOPIX1000_return,2011-01-04,0.0144534917
TOPIX1000,return,TOPIX1000_return,2011-01-05,-0.000300058
TOPIX1000,return,TOPIX1000_return,2011-01-06,0.0141585309
TOPIX1000,return,TOPIX1000_return,2011-01-07,0.0020323442
TOPIX1000,return,TOPIX1000_return,2011-01-11,0.0003262193
TOPIX1000,return,TOPIX1000_return,2011-01-12,0.0030260426
TOPIX1000,return,TOPIX1000_return,2011-01-13,0.0087866203
TOPIX1000,return,TOPIX1000_return,2011-01-14,-0.0081262234
TOPIX1000,return,TOPIX1000_return,2011-01-17,-0.0017966949
TOPIX1000,return,TOPIX1000_return,2011-01-18,0.002969672
TOPIX1000,return,TOPIX1000_return,2011-01-19,0.0056783824
TOPIX1000,return,TOPIX1000_return,2011-01-20,-0.0103953662
TOPIX1000,return,TOPIX1000_return,2011-01-21,-0.0174639216
TOPIX1000,return,TOPIX1000_return,2011-01-24,0.0069374701
TOPIX1000,return,TOPIX1000_return,2011-01-25,0.0131822052
TOPIX1000,return,TOPIX1000_return,2011-01-26,-0.007237039
TOPIX1000,return,TOPIX1000_return,2011-01-27,0.0076482511
TOPIX1000,return,TOPIX1000_return,2011-01-28,-0.0107503667
TOPIX1000,return,TOPIX1000_return,2011-01-31,-0.010487029
TOPIX1000,return,TOPIX1000_return,2011-02-01,0.0038198516
TOPIX1000,return,TOPIX1000_return,2011-02-02,0.0177345053
TOPIX1000,return,TOPIX1000_return,2011-02-03,-0.002347145
TOPIX1000,return,TOPIX1000_return,2011-02-04,0.0084531372
TOPIX1000,return,TOPIX1000_return,2011-02-07,0.0052919038
TOPIX1000,return,TOPIX1000_return,2011-02-08,0.0039077486
TOPIX1000,return,TOPIX1000_return,2011-02-09,-3.00504e-05
TOPIX1000,return,TOPIX1000_return,2011-02-10,0.0027820758
TOPIX1000,return,TOPIX1000_return,2011-02-14,0.0133424824
TOPIX1000,return,TOPIX1000_return,2011-02-15,0.0035648586
TOPIX1000,return,TOPIX1000_return,2011-02-16,0.0050145237
TOPIX1000,return,TOPIX1000_return,2011-02-17,0.0070984309
TOPIX1000,return,TOPIX1000_return,2011-02-18,-0.0005915031
TOPIX1000,return,TOPIX1000_return,2011-02-21,0.0009603912
TOPIX1000,return,TOPIX1000_return,2011-02-22,-0.0185011939
TOPIX1000,return,TOPIX1000_return,2011-02-23,-0.0103188412
TOPIX1000,return,TOPIX1000_return,2011-02-24,-0.0129205038
TOPIX1000,return,TOPIX1000_return,2011-02-25,0.0082178154
TOPIX1000,return,TOPIX1000_return,2011-02-28,0.0097949094
TOPIX1000,return,TOPIX1000_return,2011-03-01,0.0131151773
TOPIX1000,return,TOPIX1000_return,2011-03-02,-0.0217163283
TOPIX1000,return,TOPIX1000_return,2011-03-03,0.0059903146
TOPIX1000,return,TOPIX1000_return,2011-03-04,0.0073588528
TOPIX1000,return,TOPIX1000_return,2011-03-07,-0.0147088618
TOPIX1000,return,TOPIX1000_return,2011-03-08,-0.0025881904
TOPIX1000,return,TOPIX1000_return,2011-03-09,0.0056124385
TOPIX1000,return,TOPIX1000_return,2011-03-10,-0.0142532814
TOPIX1000,return,TOPIX1000_return,2011-03-11,-0.0165596067
TOPIX1000,return,TOPIX1000_return,2011-03-14,-0.0743810287
TOPIX1000,return,TOPIX1000_return,2011-03-15,-0.0939796371
TOPIX1000,return,TOPIX1000_return,2011-03-16,0.0664123925
TOPIX1000,return,TOPIX1000_return,2011-03-17,-0.0089985947
TOPIX1000,return,TOPIX1000_return,2011-03-18,0.0233647119
TOPIX1000,return,TOPIX1000_return,2011-03-22,0.0451737314
TOPIX1000,return,TOPIX1000_return,2011-03-23,-0.0085112782
TOPIX1000,return,TOPIX1000_return,2011-03-24,-0.0087054915
TOPIX1000,return,TOPIX1000_return,2011-03-25,0.0041638641
TOPIX1000,return,TOPIX1000_return,2011-03-28,0.0005403687
TOPIX1000,return,TOPIX1000_return,2011-03-29,0.0016425615
TOPIX1000,return,TOPIX1000_return,2011-03-30,0.0186409354
TOPIX1000,return,TOPIX1000_return,2011-03-31,0.0037485229
TOPIX1000,return,TOPIX1000_return,2011-04-01,-0.0076306455
TOPIX1000,return,TOPIX1000_return,2011-04-04,-0.0033618387
TOPIX1000,return,TOPIX1000_return,2011-04-05,-0.0143205548
TOPIX1000,return,TOPIX1000_return,2011-04-06,-0.008732418
TOPIX1000,return,TOPIX1000_return,2011-04-07,0.0020493264
TOPIX1000,return,TOPIX1000_return,2011-04-08,0.0142817369
TOPIX1000,return,TOPIX1000_return,2011-04-11,-0.0011835328
TOPIX1000,return,TOPIX1000_return,2011-04-12,-0.0161819439
TOPIX1000,return,TOPIX1000_return,2011-04-13,0.0073264549
TOPIX1000,return,TOPIX1000_return,2011-04-14,0.0022472744
TOPIX1000,return,TOPIX1000_return,2011-04-15,-0.0064834661
TOPIX1000,return,TOPIX1000_return,2011-04-18,-0.0060480828
TOPIX1000,return,TOPIX1000_return,2011-04-19,-0.0105138437
TOPIX1000,return,TOPIX1000_return,2011-04-20,0.0118464716
TOPIX1000,return,TOPIX1000_return,2011-04-21,0.0056305125
TOPIX1000,return,TOPIX1000_return,2011-04-22,0.0004887299
TOPIX1000,return,TOPIX1000_return,2011-04-25,-0.0018764396
TOPIX1000,return,TOPIX1000_return,2011-04-26,-0.0084101595
TOPIX1000,return,TOPIX1000_return,2011-04-27,0.0076625393
TOPIX1000,return,TOPIX1000_return,2011-04-28,0.0144289746
TOPIX1000,return,TOPIX1000_return,2011-05-02,0.0161443906
TOPIX1000,return,TOPIX1000_return,2011-05-06,-0.0107359011
TOPIX1000,return,TOPIX1000_return,2011-05-09,-0.0039196549
TOPIX1000,return,TOPIX1000_return,2011-05-10,0.0038692476
TOPIX1000,return,TOPIX1000_return,2011-05-11,0.001441345
TOPIX1000,return,TOPIX1000_return,2011-05-12,-0.0096929072
TOPIX1000,return,TOPIX1000_return,2011-05-13,-0.0108774534
TOPIX1000,return,TOPIX1000_return,2011-05-16,-0.0123329894
TOPIX1000,return,TOPIX1000_return,2011-05-17,-0.0007549842
TOPIX1000,return,TOPIX1000_return,2011-05-18,0.0109398765
TOPIX1000,return,TOPIX1000_return,2011-05-19,-0.007229217
TOPIX1000,return,TOPIX1000_return,2011-05-20,-0.0050006187
TOPIX1000,return,TOPIX1000_return,2011-05-23,-0.0122201312
TOPIX1000,return,TOPIX1000_return,2011-05-24,0.0017951661
TOPIX1000,return,TOPIX1000_return,2011-05-25,-0.0016094411
TOPIX1000,return,TOPIX1000_return,2011-05-26,0.0115116803
TOPIX1000,return,TOPIX1000_return,2011-05-27,-0.0025880842
TOPIX1000,return,TOPIX1000_return,2011-05-30,-0.0016202258
TOPIX1000,return,TOPIX1000_return,2011-05-31,0.0180678252
TOPIX1000,return,TOPIX1000_return,2011-06-01,0.0010034672
TOPIX1000,return,TOPIX1000_return,2011-06-02,-0.0164041927
TOPIX1000,return,TOPIX1000_return,2011-06-03,-0.0110959458
TOPIX1000,return,TOPIX1000_return,2011-06-06,-0.0105677527
TOPIX1000,return,TOPIX1000_return,2011-06-07,0.0072902063
TOPIX1000,return,TOPIX1000_return,2011-06-08,0.0008500942
TOPIX1000,return,TOPIX1000_return,2011-06-09,-0.0018710889
TOPIX1000,return,TOPIX1000_return,2011-06-10,0.0054278117
TOPIX1000,return,TOPIX1000_return,2011-06-13,-0.0064277787
TOPIX1000,return,TOPIX1000_return,2011-06-14,0.0130770018
TOPIX1000,return,TOPIX1000_return,2011-06-15,0.0021591392
TOPIX1000,return,TOPIX1000_return,2011-06-16,-0.0150008284
TOPIX1000,return,TOPIX1000_return,2011-06-17,-0.0086794827
TOPIX1000,return,TOPIX1000_return,2011-06-20,0.0017882906
TOPIX1000,return,TOPIX1000_return,2011-06-21,0.0110348899
TOPIX1000,return,TOPIX1000_return,2011-06-22,0.0162683894
TOPIX1000,return,TOPIX1000_return,2011-06-23,-0.0043095002
TOPIX1000,return,TOPIX1000_return,2011-06-24,0.0093699609
TOPIX1000,return,TOPIX1000_return,2011-06-27,-0.0092043272
TOPIX1000,return,TOPIX1000_return,2011-06-28,0.0066160334
TOPIX1000,return,TOPIX1000_return,2011-06-29,0.0167358345
TOPIX1000,return,TOPIX1000_return,2011-06-30,0.0059995357
TOPIX1000,return,TOPIX1000_return,2011-07-01,0.0054906867
TOPIX1000,return,TOPIX1000_return,2011-07-04,0.0120924188
TOPIX1000,return,TOPIX1000_return,2011-07-05,0.0013082772
TOPIX1000,return,TOPIX1000_return,2011-07-06,0.0097618316
TOPIX1000,return,TOPIX1000_return,2011-07-07,-0.0036144589
TOPIX1000,return,TOPIX1000_return,2011-07-08,0.0045399692
TOPIX1000,return,TOPIX1000_return,2011-07-11,-0.0050111547
TOPIX1000,return,TOPIX1000_return,2011-07-12,-0.0151191219
TOPIX1000,return,TOPIX1000_return,2011-07-13,0.0038815284
TOPIX1000,return,TOPIX1000_return,2011-07-14,-0.0043011165
TOPIX1000,return,TOPIX1000_return,2011-07-15,0.0029016346
TOPIX1000,return,TOPIX1000_return,2011-07-19,-0.0067540681
TOPIX1000,return,TOPIX1000_return,2011-07-20,0.0082345193
TOPIX1000,return,TOPIX1000_return,2011-07-21,-0.0005647679
TOPIX1000,return,TOPIX1000_return,2011-07-22,0.0102256068
TOPIX1000,return,TOPIX1000_return,2011-07-25,-0.0080568723
TOPIX1000,return,TOPIX1000_return,2011-07-26,0.0050207455
TOPIX1000,return,TOPIX1000_return,2011-07-27,-0.0081246808
TOPIX1000,return,TOPIX1000_return,2011-07-28,-0.0125973021
TOPIX1000,return,TOPIX1000_return,2011-07-29,-0.0081308521
TOPIX1000,return,TOPIX1000_return,2011-08-01,0.0123517116
TOPIX1000,return,TOPIX1000_return,2011-08-02,-0.0090848583
TOPIX1000,return,TOPIX1000_return,2011-08-03,-0.0204067324
TOPIX1000,return,TOPIX1000_return,2011-08-04,-0.0005086018
TOPIX1000,return,TOPIX1000_return,2011-08-05,-0.0308510263
TOPIX1000,return,TOPIX1000_return,2011-08-08,-0.0225679901
TOPIX1000,return,TOPIX1000_return,2011-08-09,-0.0161886057
TOPIX1000,return,TOPIX1000_return,2011-08-10,0.0080212984
TOPIX1000,return,TOPIX1000_return,2011-08-11,-0.0080056706
TOPIX1000,return,TOPIX1000_return,2011-08-12,-0.0035920546
TOPIX1000,return,TOPIX1000_return,2011-08-15,0.0117409502
TOPIX1000,return,TOPIX1000_return,2011-08-16,0.0025277775
TOPIX1000,return,TOPIX1000_return,2011-08-17,-0.0032780353
TOPIX1000,return,TOPIX1000_return,2011-08-18,-0.0121793826
TOPIX1000,return,TOPIX1000_return,2011-08-19,-0.0206595246
TOPIX1000,return,TOPIX1000_return,2011-08-22,-0.0118052657
TOPIX1000,return,TOPIX1000_return,2011-08-23,0.010156968
TOPIX1000,return,TOPIX1000_return,2011-08-24,-0.0109904585
TOPIX1000,return,TOPIX1000_return,2011-08-25,0.0130551242
TOPIX1000,return,TOPIX1000_return,2011-08-26,0.0055904756
TOPIX1000,return,TOPIX1000_return,2011-08-29,0.003739315
TOPIX1000,return,TOPIX1000_return,2011-08-30,0.0110897181
TOPIX1000,return,TOPIX1000_return,2011-08-31,0.0044652113
TOPIX1000,return,TOPIX1000_return,2011-09-01,0.010166428
TOPIX1000,return,TOPIX1000_return,2011-09-02,-0.0111942823
TOPIX1000,return,TOPIX1000_return,2011-09-05,-0.0183979014
TOPIX1000,return,TOPIX1000_return,2011-09-06,-0.0195729275
TOPIX1000,return,TOPIX1000_return,2011-09-07,0.0170575165
TOPIX1000,return,TOPIX1000_return,2011-09-08,0.0050684899
TOPIX1000,return,TOPIX1000_return,2011-09-09,-0.0022865325
TOPIX1000,return,TOPIX1000_return,2011-09-12,-0.0191284876
TOPIX1000,return,TOPIX1000_return,2011-09-13,0.01162006
TOPIX1000,return,TOPIX1000_return,2011-09-14,-0.0108001332
TOPIX1000,return,TOPIX1000_return,2011-09-15,0.0136695144
TOPIX1000,return,TOPIX1000_return,2011-09-16,0.0217778297
TOPIX1000,return,TOPIX1000_return,2011-09-20,-0.017085087
TOPIX1000,return,TOPIX1000_return,2011-09-21,0.0030250446
TOPIX1000,return,TOPIX1000_return,2011-09-22,-0.0167855352
TOPIX1000,return,TOPIX1000_return,2011-09-26,-0.020919417
TOPIX1000,return,TOPIX1000_return,2011-09-27,0.0270416861
TOPIX1000,return,TOPIX1000_return,2011-09-28,0.0169780739
TOPIX1000,return,TOPIX1000_return,2011-09-29,0.0107198694
TOPIX1000,return,TOPIX1000_return,2011-09-30,-0.0014351587
TOPIX1000,return,TOPIX1000_return,2011-10-03,-0.0184171602
TOPIX1000,return,TOPIX1000_return,2011-10-04,-0.0147294467
TOPIX1000,return,TOPIX1000_return,2011-10-05,-0.0131994484
TOPIX1000,return,TOPIX1000_return,2011-10-06,0.0146012091
TOPIX1000,return,TOPIX1000_return,2011-10-07,0.0063901255
TOPIX1000,return,TOPIX1000_return,2011-10-11,0.0182619575
TOPIX1000,return,TOPIX1000_return,2011-10-12,-0.0021236131
TOPIX1000,return,TOPIX1000_return,2011-10-13,0.0073193227
TOPIX1000,return,TOPIX1000_return,2011-10-14,-0.0131280093
TOPIX1000,return,TOPIX1000_return,2011-10-17,0.0176213539
TOPIX1000,return,TOPIX1000_return,2011-10-18,-0.0140695227
TOPIX1000,return,TOPIX1000_return,2011-10-19,0.0003700758
TOPIX1000,return,TOPIX1000_return,2011-10-20,-0.0072247635
TOPIX1000,return,TOPIX1000_return,2011-10-21,-0.0024962247
TOPIX1000,return,TOPIX1000_return,2011-10-24,0.0151765297
TOPIX1000,return,TOPIX1000_return,2011-10-25,-0.0103138471
TOPIX1000,return,TOPIX1000_return,2011-10-26,-0.0015985824
TOPIX1000,return,TOPIX1000_return,2011-10-27,0.022216583
TOPIX1000,return,TOPIX1000_return,2011-10-28,0.0115711894
TOPIX1000,return,TOPIX1000_return,2011-10-31,-0.0096864488
TOPIX1000,return,TOPIX1000_return,2011-11-01,-0.0126778201
TOPIX1000,return,TOPIX1000_return,2011-11-02,-0.0213354812
TOPIX1000,return,TOPIX1000_return,2011-11-04,0.018388789
TOPIX1000,return,TOPIX1000_return,2011-11-07,-0.0022294677
TOPIX1000,return,TOPIX1000_return,2011-11-08,-0.0164798756
TOPIX1000,return,TOPIX1000_return,2011-11-09,0.0154883024
TOPIX1000,return,TOPIX1000_return,2011-11-10,-0.0256717977
TOPIX1000,return,TOPIX1000_return,2011-11-11,-0.0016362003
TOPIX1000,return,TOPIX1000_return,2011-11-14,0.0093136468
TOPIX1000,return,TOPIX1000_return,2011-11-15,-0.0068232612
TOPIX1000,return,TOPIX1000_return,2011-11-16,-0.0092787146
TOPIX1000,return,TOPIX1000_return,2011-11-17,0.0049772141
TOPIX1000,return,TOPIX1000_return,2011-11-18,-0.0107452642
TOPIX1000,return,TOPIX1000_return,2011-11-21,-0.004131011
TOPIX1000,return,TOPIX1000_return,2011-11-22,0.0008915914
TOPIX1000,return,TOPIX1000_return,2011-11-24,-0.016513187
TOPIX1000,return,TOPIX1000_return,2011-11-25,0.000905754
TOPIX1000,return,TOPIX1000_return,2011-11-28,0.0130110974
TOPIX1000,return,TOPIX1000_return,2011-11-29,0.0195511082
TOPIX1000,return,TOPIX1000_return,2011-11-30,-0.0016764072
TOPIX1000,return,TOPIX1000_return,2011-12-01,0.015939083
TOPIX1000,return,TOPIX1000_return,2011-12-02,0.0055969079
TOPIX1000,return,TOPIX1000_return,2011-12-05,0.0059642902
TOPIX1000,return,TOPIX1000_return,2011-12-06,-0.0140858897
TOPIX1000,return,TOPIX1000_return,2011-12-07,0.01583131
TOPIX1000,return,TOPIX1000_return,2011-12-08,-0.0062041434
TOPIX1000,return,TOPIX1000_return,2011-12-09,-0.0096129696
TOPIX1000,return,TOPIX1000_return,2011-12-12,0.0116400522
TOPIX1000,return,TOPIX1000_return,2011-12-13,-0.0082542892
TOPIX1000,return,TOPIX1000_return,2011-12-14,-0.0049811406
TOPIX1000,return,TOPIX1000_return,2011-12-15,-0.0162886349
TOPIX1000,return,TOPIX1000_return,2011-12-16,-0.0019051635
TOPIX1000,return,TOPIX1000_return,2011-12-19,-0.0100563055
TOPIX1000,return,TOPIX1000_return,2011-12-20,0.0027951316
TOPIX1000,return,TOPIX1000_return,2011-12-21,0.010194736
TOPIX1000,return,TOPIX1000_return,2011-12-22,-0.0035641807
TOPIX1000,return,TOPIX1000_return,2011-12-26,0.0047566199
TOPIX1000,return,TOPIX1000_return,2011-12-27,-0.0030625096
TOPIX1000,return,TOPIX1000_return,2011-12-28,-0.0028028727
TOPIX1000,return,TOPIX1000_return,2011-12-29,0.000898374
TOPIX1000,return,TOPIX1000_return,2011-12-30,0.0089506449
TOPIX1000,return,TOPIX1000_return,2012-01-04,0.0197634163
TOPIX1000,return,TOPIX1000_return,2012-01-05,-0.0092226696
TOPIX1000,return,TOPIX1000_return,2012-01-06,-0.0092080989
TOPIX1000,return,TOPIX1000_return,2012-01-10,0.0029964201
TOPIX1000,return,TOPIX1000_return,2012-01-11,0.0021265063
TOPIX1000,return,TOPIX1000_return,2012-01-12,-0.0086526128
TOPIX1000,return,TOPIX1000_return,2012-01-13,0.0102315554
TOPIX1000,return,TOPIX1000_return,2012-01-16,-0.0130790703
TOPIX1000,return,TOPIX1000_return,2012-01-17,0.008639088
TOPIX1000,return,TOPIX1000_return,2012-01-18,0.0047890909
TOPIX1000,return,TOPIX1000_return,2012-01-19,0.0078436019
TOPIX1000,return,TOPIX1000_return,2012-01-20,0.0202063309
TOPIX1000,return,TOPIX1000_return,2012-01-23,0.0015698187
TOPIX1000,return,TOPIX1000_return,2012-01-24,0.0008448108
TOPIX1000,return,TOPIX1000_return,2012-01-25,0.0132988996
TOPIX1000,return,TOPIX1000_return,2012-01-26,-0.0036583961
TOPIX1000,return,TOPIX1000_return,2012-01-27,-0.0045685585
TOPIX1000,return,TOPIX1000_return,2012-01-30,-0.0056487878
TOPIX1000,return,TOPIX1000_return,2012-01-31,-0.0024240701
TOPIX1000,return,TOPIX1000_return,2012-02-01,0.0035346832
TOPIX1000,return,TOPIX1000_return,2012-02-02,0.0060167791
TOPIX1000,return,TOPIX1000_return,2012-02-03,-0.0022125286
TOPIX1000,return,TOPIX1000_return,2012-02-06,0.0120981753
TOPIX1000,return,TOPIX1000_return,2012-02-07,0.0038640233
TOPIX1000,return,TOPIX1000_return,2012-02-08,0.0123030561
TOPIX1000,return,TOPIX1000_return,2012-02-09,0.0028665247
TOPIX1000,return,TOPIX1000_return,2012-02-10,-0.0068863018
TOPIX1000,return,TOPIX1000_return,2012-02-13,0.0033778835
TOPIX1000,return,TOPIX1000_return,2012-02-14,0.0064957158
TOPIX1000,return,TOPIX1000_return,2012-02-15,0.0209042441
TOPIX1000,return,TOPIX1000_return,2012-02-16,-0.003287844
TOPIX1000,return,TOPIX1000_return,2012-02-17,0.0129514623
TOPIX1000,return,TOPIX1000_return,2012-02-20,0.0108775371
TOPIX1000,return,TOPIX1000_return,2012-02-21,-0.0035719324
TOPIX1000,return,TOPIX1000_return,2012-02-22,0.0109807409
TOPIX1000,return,TOPIX1000_return,2012-02-23,0.0047012477
TOPIX1000,return,TOPIX1000_return,2012-02-24,0.0059969739
TOPIX1000,return,TOPIX1000_return,2012-02-27,0.0015987903
TOPIX1000,return,TOPIX1000_return,2012-02-28,0.0038570447
TOPIX1000,return,TOPIX1000_return,2012-02-29,-0.0029370667
TOPIX1000,return,TOPIX1000_return,2012-03-01,-0.0051047117
TOPIX1000,return,TOPIX1000_return,2012-03-02,0.0075575049
TOPIX1000,return,TOPIX1000_return,2012-03-05,-0.0060428395
TOPIX1000,return,TOPIX1000_return,2012-03-06,-0.0068683458
TOPIX1000,return,TOPIX1000_return,2012-03-07,-0.0058639766
TOPIX1000,return,TOPIX1000_return,2012-03-08,0.0166150868
TOPIX1000,return,TOPIX1000_return,2012-03-09,0.0151697489
TOPIX1000,return,TOPIX1000_return,2012-03-12,-0.0041448618
TOPIX1000,return,TOPIX1000_return,2012-03-13,0.0001315649
TOPIX1000,return,TOPIX1000_return,2012-03-14,0.0141928987
TOPIX1000,return,TOPIX1000_return,2012-03-15,0.0076667507
TOPIX1000,return,TOPIX1000_return,2012-03-16,0.0035574965
TOPIX1000,return,TOPIX1000_return,2012-03-19,0.001794087
TOPIX1000,return,TOPIX1000_return,2012-03-21,-0.0110853351
TOPIX1000,return,TOPIX1000_return,2012-03-22,0.0038371407
TOPIX1000,return,TOPIX1000_return,2012-03-23,-0.011263211
TOPIX1000,return,TOPIX1000_return,2012-03-26,-0.0005973222
TOPIX1000,return,TOPIX1000_return,2012-03-27,0.024263655
TOPIX1000,return,TOPIX1000_return,2012-03-28,0.0012729675
TOPIX1000,return,TOPIX1000_return,2012-03-29,-0.008009897
TOPIX1000,return,TOPIX1000_return,2012-03-30,-0.0041439322
TOPIX1000,return,TOPIX1000_return,2012-04-02,0.0021664738
TOPIX1000,return,TOPIX1000_return,2012-04-03,-0.005832442
TOPIX1000,return,TOPIX1000_return,2012-04-04,-0.0184614685
TOPIX1000,return,TOPIX1000_return,2012-04-05,-0.0033559919
TOPIX1000,return,TOPIX1000_return,2012-04-06,-0.0084289713
TOPIX1000,return,TOPIX1000_return,2012-04-09,-0.0146820354
TOPIX1000,return,TOPIX1000_return,2012-04-10,-0.0002026536
TOPIX1000,return,TOPIX1000_return,2012-04-11,-0.0093276149
TOPIX1000,return,TOPIX1000_return,2012-04-12,0.0049577107
TOPIX1000,return,TOPIX1000_return,2012-04-13,0.0068797102
TOPIX1000,return,TOPIX1000_return,2012-04-16,-0.0144629679
TOPIX1000,return,TOPIX1000_return,2012-04-17,-0.000946521
TOPIX1000,return,TOPIX1000_return,2012-04-18,0.0202819401
TOPIX1000,return,TOPIX1000_return,2012-04-19,-0.0062422593
TOPIX1000,return,TOPIX1000_return,2012-04-20,-0.0029266389
TOPIX1000,return,TOPIX1000_return,2012-04-23,-0.0029581141
TOPIX1000,return,TOPIX1000_return,2012-04-24,-0.0069978382
TOPIX1000,return,TOPIX1000_return,2012-04-25,0.0067963148
TOPIX1000,return,TOPIX1000_return,2012-04-26,0.0007134218
TOPIX1000,return,TOPIX1000_return,2012-04-27,-0.0071642519
TOPIX1000,return,TOPIX1000_return,2012-05-01,-0.0184678075
TOPIX1000,return,TOPIX1000_return,2012-05-02,0.0042972822
TOPIX1000,return,TOPIX1000_return,2012-05-07,-0.0263444328
TOPIX1000,return,TOPIX1000_return,2012-05-08,0.0057132036
TOPIX1000,return,TOPIX1000_return,2012-05-09,-0.0136407711
TOPIX1000,return,TOPIX1000_return,2012-05-10,-0.0006346297
TOPIX1000,return,TOPIX1000_return,2012-05-11,-0.0088301932
TOPIX1000,return,TOPIX1000_return,2012-05-14,-0.0017163722
TOPIX1000,return,TOPIX1000_return,2012-05-15,-0.012217678
TOPIX1000,return,TOPIX1000_return,2012-05-16,-0.011351254
TOPIX1000,return,TOPIX1000_return,2012-05-17,0.0110974477
TOPIX1000,return,TOPIX1000_return,2012-05-18,-0.0292719703
TOPIX1000,return,TOPIX1000_return,2012-05-21,-0.0007704242
TOPIX1000,return,TOPIX1000_return,2012-05-22,0.0114035881
TOPIX1000,return,TOPIX1000_return,2012-05-23,-0.01610015
TOPIX1000,return,TOPIX1000_return,2012-05-24,0.0008765374
TOPIX1000,return,TOPIX1000_return,2012-05-25,-0.0001775682
TOPIX1000,return,TOPIX1000_return,2012-05-28,-0.0012060255
TOPIX1000,return,TOPIX1000_return,2012-05-29,0.0081858096
TOPIX1000,return,TOPIX1000_return,2012-05-30,-0.0048162671
TOPIX1000,return,TOPIX1000_return,2012-05-31,-0.0057516924
TOPIX1000,return,TOPIX1000_return,2012-06-01,-0.0146789281
TOPIX1000,return,TOPIX1000_return,2012-06-04,-0.0189192582
TOPIX1000,return,TOPIX1000_return,2012-06-05,0.0185066126
TOPIX1000,return,TOPIX1000_return,2012-06-06,0.0144299793
TOPIX1000,return,TOPIX1000_return,2012-06-07,0.0173122992
TOPIX1000,return,TOPIX1000_return,2012-06-08,-0.0180709064
TOPIX1000,return,TOPIX1000_return,2012-06-11,0.0175351086
TOPIX1000,return,TOPIX1000_return,2012-06-12,-0.0081834751
TOPIX1000,return,TOPIX1000_return,2012-06-13,0.0030370409
TOPIX1000,return,TOPIX1000_return,2012-06-14,-0.0010093869
TOPIX1000,return,TOPIX1000_return,2012-06-15,0.0014272745
TOPIX1000,return,TOPIX1000_return,2012-06-18,0.016873762
TOPIX1000,return,TOPIX1000_return,2012-06-19,-0.0056675153
TOPIX1000,return,TOPIX1000_return,2012-06-20,0.0173119925
TOPIX1000,return,TOPIX1000_return,2012-06-21,0.0088520174
TOPIX1000,return,TOPIX1000_return,2012-06-22,-0.0042535099
TOPIX1000,return,TOPIX1000_return,2012-06-25,-0.007798732
TOPIX1000,return,TOPIX1000_return,2012-06-26,-0.0086351361
TOPIX1000,return,TOPIX1000_return,2012-06-27,0.0097524139
TOPIX1000,return,TOPIX1000_return,2012-06-28,0.01810025
TOPIX1000,return,TOPIX1000_return,2012-06-29,0.0150510098
TOPIX1000,return,TOPIX1000_return,2012-07-02,-0.0010108086
TOPIX1000,return,TOPIX1000_return,2012-07-03,0.0101529857
TOPIX1000,return,TOPIX1000_return,2012-07-04,0.0020384363
TOPIX1000,return,TOPIX1000_return,2012-07-05,-0.0029397587
TOPIX1000,return,TOPIX1000_return,2012-07-06,-0.0058850473
TOPIX1000,return,TOPIX1000_return,2012-07-09,-0.0104043334
TOPIX1000,return,TOPIX1000_return,2012-07-10,-0.0070969498
TOPIX1000,return,TOPIX1000_return,2012-07-11,-0.0015817587
TOPIX1000,return,TOPIX1000_return,2012-07-12,-0.0130000495
TOPIX1000,return,TOPIX1000_return,2012-07-13,-0.0017155128
TOPIX1000,return,TOPIX1000_return,2012-07-17,-0.0039151428
TOPIX1000,return,TOPIX1000_return,2012-07-18,-0.00368416
TOPIX1000,return,TOPIX1000_return,2012-07-19,0.0089786064
TOPIX1000,return,TOPIX1000_return,2012-07-20,-0.0178952779
TOPIX1000,return,TOPIX1000_return,2012-07-23,-0.0178721498
TOPIX1000,return,TOPIX1000_return,2012-07-24,-0.0041681347
TOPIX1000,return,TOPIX1000_return,2012-07-25,-0.0157469424
TOPIX1000,return,TOPIX1000_return,2012-07-26,0.0118371759
TOPIX1000,return,TOPIX1000_return,2012-07-27,0.016413883
TOPIX1000,return,TOPIX1000_return,2012-07-30,0.0072234352
TOPIX1000,return,TOPIX1000_return,2012-07-31,0.0063829508
TOPIX1000,return,TOPIX1000_return,2012-08-01,-0.0089418235
TOPIX1000,return,TOPIX1000_return,2012-08-02,0.0045302369
TOPIX1000,return,TOPIX1000_return,2012-08-03,-0.0122924172
TOPIX1000,return,TOPIX1000_return,2012-08-06,0.0165179234
TOPIX1000,return,TOPIX1000_return,2012-08-07,0.0110360203
TOPIX1000,return,TOPIX1000_return,2012-08-08,0.0024119917
TOPIX1000,return,TOPIX1000_return,2012-08-09,0.008348231
TOPIX1000,return,TOPIX1000_return,2012-08-10,-0.006866611
TOPIX1000,return,TOPIX1000_return,2012-08-13,0.0001837663
TOPIX1000,return,TOPIX1000_return,2012-08-14,0.0031992136
TOPIX1000,return,TOPIX1000_return,2012-08-15,-0.0029569441
TOPIX1000,return,TOPIX1000_return,2012-08-16,0.0159304001
TOPIX1000,return,TOPIX1000_return,2012-08-17,0.0089139879
TOPIX1000,return,TOPIX1000_return,2012-08-20,-0.0014585267
TOPIX1000,return,TOPIX1000_return,2012-08-21,0.0007062092
TOPIX1000,return,TOPIX1000_return,2012-08-22,-0.003314175
TOPIX1000,return,TOPIX1000_return,2012-08-23,0.002521008
TOPIX1000,return,TOPIX1000_return,2012-08-24,-0.0097350516
TOPIX1000,return,TOPIX1000_return,2012-08-27,-0.0024062473
TOPIX1000,return,TOPIX1000_return,2012-08-28,-0.0120238572
TOPIX1000,return,TOPIX1000_return,2012-08-29,0.0053982833
TOPIX1000,return,TOPIX1000_return,2012-08-30,-0.0083832947
TOPIX1000,return,TOPIX1000_return,2012-08-31,-0.0165511387
TOPIX1000,return,TOPIX1000_return,2012-09-03,-0.00411677
TOPIX1000,return,TOPIX1000_return,2012-09-04,-0.0024877562
TOPIX1000,return,TOPIX1000_return,2012-09-05,-0.0119030507
TOPIX1000,return,TOPIX1000_return,2012-09-06,0.001389287
TOPIX1000,return,TOPIX1000_return,2012-09-07,0.0229138875
TOPIX1000,return,TOPIX1000_return,2012-09-10,0.0028499042
TOPIX1000,return,TOPIX1000_return,2012-09-11,-0.0069863509
TOPIX1000,return,TOPIX1000_return,2012-09-12,0.0131590837
TOPIX1000,return,TOPIX1000_return,2012-09-13,0.003243802
TOPIX1000,return,TOPIX1000_return,2012-09-14,0.0171261936
TOPIX1000,return,TOPIX1000_return,2012-09-18,0.0019462231
TOPIX1000,return,TOPIX1000_return,2012-09-19,0.0085534988
TOPIX1000,return,TOPIX1000_return,2012-09-20,-0.0145097129
TOPIX1000,return,TOPIX1000_return,2012-09-21,0.0034351056
TOPIX1000,return,TOPIX1000_return,2012-09-24,-0.0036652113
TOPIX1000,return,TOPIX1000_return,2012-09-25,0.0051841397
TOPIX1000,return,TOPIX1000_return,2012-09-26,-0.0105442188
TOPIX1000,return,TOPIX1000_return,2012-09-27,0.0042724089
TOPIX1000,return,TOPIX1000_return,2012-09-28,-0.0110489605
TOPIX1000,return,TOPIX1000_return,2012-10-01,-0.0068460348
TOPIX1000,return,TOPIX1000_return,2012-10-02,-0.0013982801
TOPIX1000,return,TOPIX1000_return,2012-10-03,-0.0052049154
TOPIX1000,return,TOPIX1000_return,2012-10-04,0.0111994098
TOPIX1000,return,TOPIX1000_return,2012-10-05,0.0023776103
TOPIX1000,return,TOPIX1000_return,2012-10-09,-0.0129787883
TOPIX1000,return,TOPIX1000_return,2012-10-10,-0.015004797
TOPIX1000,return,TOPIX1000_return,2012-10-11,-0.0040199877
TOPIX1000,return,TOPIX1000_return,2012-10-12,0.0063463869
TOPIX1000,return,TOPIX1000_return,2012-10-15,0.0066343078
TOPIX1000,return,TOPIX1000_return,2012-10-16,0.0131937098
TOPIX1000,return,TOPIX1000_return,2012-10-17,0.0100537705
TOPIX1000,return,TOPIX1000_return,2012-10-18,0.0170674654
TOPIX1000,return,TOPIX1000_return,2012-10-19,0.0026723767
TOPIX1000,return,TOPIX1000_return,2012-10-22,-0.0009364893
TOPIX1000,return,TOPIX1000_return,2012-10-23,-0.0058163679
TOPIX1000,return,TOPIX1000_return,2012-10-24,-0.0083401645
TOPIX1000,return,TOPIX1000_return,2012-10-25,0.0110189306
TOPIX1000,return,TOPIX1000_return,2012-10-26,-0.0138646097
TOPIX1000,return,TOPIX1000_return,2012-10-29,-0.0013082341
TOPIX1000,return,TOPIX1000_return,2012-10-30,-0.0091567684
TOPIX1000,return,TOPIX1000_return,2012-10-31,0.0121201644
TOPIX1000,return,TOPIX1000_return,2012-11-01,0.0012206883
TOPIX1000,return,TOPIX1000_return,2012-11-02,0.0119238126
TOPIX1000,return,TOPIX1000_return,2012-11-05,-0.0055544163
TOPIX1000,return,TOPIX1000_return,2012-11-06,-0.0040346028
TOPIX1000,return,TOPIX1000_return,2012-11-07,0.0011558789
TOPIX1000,return,TOPIX1000_return,2012-11-08,-0.0140097448
TOPIX1000,return,TOPIX1000_return,2012-11-09,-0.0062603425
TOPIX1000,return,TOPIX1000_return,2012-11-12,-0.0112477475
TOPIX1000,return,TOPIX1000_return,2012-11-13,6.27728e-05
TOPIX1000,return,TOPIX1000_return,2012-11-14,-0.0002256544
TOPIX1000,return,TOPIX1000_return,2012-11-15,0.0210615299
TOPIX1000,return,TOPIX1000_return,2012-11-16,0.0189561539
TOPIX1000,return,TOPIX1000_return,2012-11-19,0.014419842
TOPIX1000,return,TOPIX1000_return,2012-11-20,-0.0002138536
TOPIX1000,return,TOPIX1000_return,2012-11-21,0.0065502566
TOPIX1000,return,TOPIX1000_return,2012-11-22,0.0123301529
TOPIX1000,return,TOPIX1000_return,2012-11-26,0.0039315286
TOPIX1000,return,TOPIX1000_return,2012-11-27,0.0024986933
TOPIX1000,return,TOPIX1000_return,2012-11-28,-0.0131106821
TOPIX1000,return,TOPIX1000_return,2012-11-29,0.0105361737
TOPIX1000,return,TOPIX1000_return,2012-11-30,0.0026851177
TOPIX1000,return,TOPIX1000_return,2012-12-03,0.000185375
TOPIX1000,return,TOPIX1000_return,2012-12-04,0.0001972323
TOPIX1000,return,TOPIX1000_return,2012-12-05,-0.0002665014
TOPIX1000,return,TOPIX1000_return,2012-12-06,0.0087742632
TOPIX1000,return,TOPIX1000_return,2012-12-07,0.0018500636
TOPIX1000,return,TOPIX1000_return,2012-12-10,-0.0023052955
TOPIX1000,return,TOPIX1000_return,2012-12-11,-0.0030807337
TOPIX1000,return,TOPIX1000_return,2012-12-12,0.0067686056
TOPIX1000,return,TOPIX1000_return,2012-12-13,0.0101709234
TOPIX1000,return,TOPIX1000_return,2012-12-14,0.002335465
TOPIX1000,return,TOPIX1000_return,2012-12-17,0.0085744622
TOPIX1000,return,TOPIX1000_return,2012-12-18,0.0112718021
TOPIX1000,return,TOPIX1000_return,2012-12-19,0.027815454
TOPIX1000,return,TOPIX1000_return,2012-12-20,-0.0009281028
TOPIX1000,return,TOPIX1000_return,2012-12-21,-0.0071714378
TOPIX1000,return,TOPIX1000_return,2012-12-25,0.0062984531
TOPIX1000,return,TOPIX1000_return,2012-12-26,0.0127455787
TOPIX1000,return,TOPIX1000_return,2012-12-27,0.0076323641
TOPIX1000,return,TOPIX1000_return,2012-12-28,0.006875208
TOPIX1000,return,TOPIX1000_return,2013-01-04,0.0336152505
TOPIX1000,return,TOPIX1000_return,2013-01-07,-0.0087744635
TOPIX1000,return,TOPIX1000_return,2013-01-08,-0.0105975848
TOPIX1000,return,TOPIX1000_return,2013-01-09,0.0081266985
TOPIX1000,return,TOPIX1000_return,2013-01-10,0.0113765594
TOPIX1000,return,TOPIX1000_return,2013-01-11,0.0111059312
TOPIX1000,return,TOPIX1000_return,2013-01-15,0.0083967259
TOPIX1000,return,TOPIX1000_return,2013-01-16,-0.0202776578
TOPIX1000,return,TOPIX1000_return,2013-01-17,0.0029248444
TOPIX1000,return,TOPIX1000_return,2013-01-18,0.0237664423
TOPIX1000,return,TOPIX1000_return,2013-01-21,-0.0073146749
TOPIX1000,return,TOPIX1000_return,2013-01-22,-0.0044194345
TOPIX1000,return,TOPIX1000_return,2013-01-23,-0.0149030323
TOPIX1000,return,TOPIX1000_return,2013-01-24,0.0112037585
TOPIX1000,return,TOPIX1000_return,2013-01-25,0.0218971295
TOPIX1000,return,TOPIX1000_return,2013-01-28,-0.0037291718
TOPIX1000,return,TOPIX1000_return,2013-01-29,0.0078230438
TOPIX1000,return,TOPIX1000_return,2013-01-30,0.0151510685
TOPIX1000,return,TOPIX1000_return,2013-01-31,0.0060590222
TOPIX1000,return,TOPIX1000_return,2013-02-01,0.00257824
TOPIX1000,return,TOPIX1000_return,2013-02-04,0.0140005387
TOPIX1000,return,TOPIX1000_return,2013-02-05,-0.0169017697
TOPIX1000,return,TOPIX1000_return,2013-02-06,0.0314676978
TOPIX1000,return,TOPIX1000_return,2013-02-07,0.0003360616
TOPIX1000,return,TOPIX1000_return,2013-02-08,-0.0123239336
TOPIX1000,return,TOPIX1000_return,2013-02-12,0.0119959761
TOPIX1000,return,TOPIX1000_return,2013-02-13,-0.0116671967
TOPIX1000,return,TOPIX1000_return,2013-02-14,-0.0021532187
TOPIX1000,return,TOPIX1000_return,2013-02-15,-0.0128997741
TOPIX1000,return,TOPIX1000_return,2013-02-18,0.0214578559
TOPIX1000,return,TOPIX1000_return,2013-02-19,0.0007133806
TOPIX1000,return,TOPIX1000_return,2013-02-20,0.0104211583
TOPIX1000,return,TOPIX1000_return,2013-02-21,-0.0113811478
TOPIX1000,return,TOPIX1000_return,2013-02-22,0.0007510141
TOPIX1000,return,TOPIX1000_return,2013-02-25,0.0179779721
TOPIX1000,return,TOPIX1000_return,2013-02-26,-0.0141301663
TOPIX1000,return,TOPIX1000_return,2013-02-27,-0.0137809828
TOPIX1000,return,TOPIX1000_return,2013-02-28,0.0231786532
TOPIX1000,return,TOPIX1000_return,2013-03-01,0.0089132779
TOPIX1000,return,TOPIX1000_return,2013-03-04,0.0079067333
TOPIX1000,return,TOPIX1000_return,2013-03-05,-0.003772016
TOPIX1000,return,TOPIX1000_return,2013-03-06,0.0147704858
TOPIX1000,return,TOPIX1000_return,2013-03-07,0.0010636842
TOPIX1000,return,TOPIX1000_return,2013-03-08,0.0162956461
TOPIX1000,return,TOPIX1000_return,2013-03-11,0.0190995924
TOPIX1000,return,TOPIX1000_return,2013-03-12,-0.0037901392
TOPIX1000,return,TOPIX1000_return,2013-03-13,-0.0045286303
TOPIX1000,return,TOPIX1000_return,2013-03-14,0.0064953592
TOPIX1000,return,TOPIX1000_return,2013-03-15,0.0130547621
TOPIX1000,return,TOPIX1000_return,2013-03-18,-0.0226783181
TOPIX1000,return,TOPIX1000_return,2013-03-19,0.0173021082
TOPIX1000,return,TOPIX1000_return,2013-03-21,0.0115866585
TOPIX1000,return,TOPIX1000_return,2013-03-22,-0.018616743
TOPIX1000,return,TOPIX1000_return,2013-03-25,0.008605136
TOPIX1000,return,TOPIX1000_return,2013-03-26,-0.0027978796
TOPIX1000,return,TOPIX1000_return,2013-03-27,0.0106861066
TOPIX1000,return,TOPIX1000_return,2013-03-28,-0.0093905519
TOPIX1000,return,TOPIX1000_return,2013-03-29,-0.0017039164
TOPIX1000,return,TOPIX1000_return,2013-04-01,-0.0327329123
TOPIX1000,return,TOPIX1000_return,2013-04-02,-0.0093245313
TOPIX1000,return,TOPIX1000_return,2013-04-03,0.0191229656
TOPIX1000,return,TOPIX1000_return,2013-04-04,0.0271745553
TOPIX1000,return,TOPIX1000_return,2013-04-05,0.0276737425
TOPIX1000,return,TOPIX1000_return,2013-04-08,0.0333831196
TOPIX1000,return,TOPIX1000_return,2013-04-09,0.0003822568
TOPIX1000,return,TOPIX1000_return,2013-04-10,0.0175365269
TOPIX1000,return,TOPIX1000_return,2013-04-11,0.0238419457
TOPIX1000,return,TOPIX1000_return,2013-04-12,0.0011705764
TOPIX1000,return,TOPIX1000_return,2013-04-15,-0.0129237209
TOPIX1000,return,TOPIX1000_return,2013-04-16,-0.0132034061
TOPIX1000,return,TOPIX1000_return,2013-04-17,0.0150686621
TOPIX1000,return,TOPIX1000_return,2013-04-18,-0.0117230478
TOPIX1000,return,TOPIX1000_return,2013-04-19,0.0032866672
TOPIX1000,return,TOPIX1000_return,2013-04-22,0.0166334579
TOPIX1000,return,TOPIX1000_return,2013-04-23,-0.0018691247
TOPIX1000,return,TOPIX1000_return,2013-04-24,0.0180844362
TOPIX1000,return,TOPIX1000_return,2013-04-25,0.0072807111
TOPIX1000,return,TOPIX1000_return,2013-04-26,-0.009741973
TOPIX1000,return,TOPIX1000_return,2013-04-30,0.0032331296
TOPIX1000,return,TOPIX1000_return,2013-05-01,-0.0060760185
TOPIX1000,return,TOPIX1000_return,2013-05-02,-0.0045964207
TOPIX1000,return,TOPIX1000_return,2013-05-07,0.030675469
TOPIX1000,return,TOPIX1000_return,2013-05-08,0.0048799624
TOPIX1000,return,TOPIX1000_return,2013-05-09,-0.0105081446
TOPIX1000,return,TOPIX1000_return,2013-05-10,0.0248653588
TOPIX1000,return,TOPIX1000_return,2013-05-13,0.0181262411
TOPIX1000,return,TOPIX1000_return,2013-05-14,-0.0011921604
TOPIX1000,return,TOPIX1000_return,2013-05-15,0.0188727956
TOPIX1000,return,TOPIX1000_return,2013-05-16,-0.0057933655
TOPIX1000,return,TOPIX1000_return,2013-05-17,0.0059563858
TOPIX1000,return,TOPIX1000_return,2013-05-20,0.01291399
TOPIX1000,return,TOPIX1000_return,2013-05-21,0.000860294
TOPIX1000,return,TOPIX1000_return,2013-05-22,0.0046992972
TOPIX1000,return,TOPIX1000_return,2013-05-23,-0.0688634117
TOPIX1000,return,TOPIX1000_return,2013-05-24,0.0048877479
TOPIX1000,return,TOPIX1000_return,2013-05-27,-0.033665595
TOPIX1000,return,TOPIX1000_return,2013-05-28,0.0125641791
TOPIX1000,return,TOPIX1000_return,2013-05-29,0.0087930275
TOPIX1000,return,TOPIX1000_return,2013-05-30,-0.0377963827
TOPIX1000,return,TOPIX1000_return,2013-05-31,0.0009233951
TOPIX1000,return,TOPIX1000_return,2013-06-03,-0.0343569711
TOPIX1000,return,TOPIX1000_return,2013-06-04,0.0263947216
TOPIX1000,return,TOPIX1000_return,2013-06-05,-0.032007636
TOPIX1000,return,TOPIX1000_return,2013-06-06,-0.0169439423
TOPIX1000,return,TOPIX1000_return,2013-06-07,-0.0116605657
TOPIX1000,return,TOPIX1000_return,2013-06-10,0.0518780649
TOPIX1000,return,TOPIX1000_return,2013-06-11,-0.0098413643
TOPIX1000,return,TOPIX1000_return,2013-06-12,-0.004376893
TOPIX1000,return,TOPIX1000_return,2013-06-13,-0.0482260051
TOPIX1000,return,TOPIX1000_return,2013-06-14,0.0120395554
TOPIX1000,return,TOPIX1000_return,2013-06-17,0.0267227527
TOPIX1000,return,TOPIX1000_return,2013-06-18,0.0014514507
TOPIX1000,return,TOPIX1000_return,2013-06-19,0.0188086548
TOPIX1000,return,TOPIX1000_return,2013-06-20,-0.0135874327
TOPIX1000,return,TOPIX1000_return,2013-06-21,0.0071781515
TOPIX1000,return,TOPIX1000_return,2013-06-24,-0.009160952
TOPIX1000,return,TOPIX1000_return,2013-06-25,-0.0099354619
TOPIX1000,return,TOPIX1000_return,2013-06-26,-0.0074971193
TOPIX1000,return,TOPIX1000_return,2013-06-27,0.0278007571
TOPIX1000,return,TOPIX1000_return,2013-06-28,0.0318943089
TOPIX1000,return,TOPIX1000_return,2013-07-01,0.0146938695
TOPIX1000,return,TOPIX1000_return,2013-07-02,0.0184256311
TOPIX1000,return,TOPIX1000_return,2013-07-03,0.0015935378
TOPIX1000,return,TOPIX1000_return,2013-07-04,-0.0028240846
TOPIX1000,return,TOPIX1000_return,2013-07-05,0.015297674
TOPIX1000,return,TOPIX1000_return,2013-07-08,-0.0136010486
TOPIX1000,return,TOPIX1000_return,2013-07-09,0.0209537022
TOPIX1000,return,TOPIX1000_return,2013-07-10,-0.0014558432
TOPIX1000,return,TOPIX1000_return,2013-07-11,-0.0003962676
TOPIX1000,return,TOPIX1000_return,2013-07-12,0.0061632821
TOPIX1000,return,TOPIX1000_return,2013-07-16,0.0072629145
TOPIX1000,return,TOPIX1000_return,2013-07-17,0.0022878166
TOPIX1000,return,TOPIX1000_return,2013-07-18,0.0072898846
TOPIX1000,return,TOPIX1000_return,2013-07-19,-0.0080777216
TOPIX1000,return,TOPIX1000_return,2013-07-22,0.0036922125
TOPIX1000,return,TOPIX1000_return,2013-07-23,0.0051398026
TOPIX1000,return,TOPIX1000_return,2013-07-24,-0.0023887444
TOPIX1000,return,TOPIX1000_return,2013-07-25,-0.0145279537
TOPIX1000,return,TOPIX1000_return,2013-07-26,-0.0296400703
TOPIX1000,return,TOPIX1000_return,2013-07-29,-0.0330266785
TOPIX1000,return,TOPIX1000_return,2013-07-30,0.0177149039
TOPIX1000,return,TOPIX1000_return,2013-07-31,-0.0145818419
TOPIX1000,return,TOPIX1000_return,2013-08-01,0.0284028205
TOPIX1000,return,TOPIX1000_return,2013-08-02,0.0283555639
TOPIX1000,return,TOPIX1000_return,2013-08-05,-0.0098258079
TOPIX1000,return,TOPIX1000_return,2013-08-06,0.0076309043
TOPIX1000,return,TOPIX1000_return,2013-08-07,-0.0324931201
TOPIX1000,return,TOPIX1000_return,2013-08-08,-0.0135901036
TOPIX1000,return,TOPIX1000_return,2013-08-09,0.0012076471
TOPIX1000,return,TOPIX1000_return,2013-08-12,-0.0053882667
TOPIX1000,return,TOPIX1000_return,2013-08-13,0.0199613371
TOPIX1000,return,TOPIX1000_return,2013-08-14,0.0122983874
TOPIX1000,return,TOPIX1000_return,2013-08-15,-0.016839151
TOPIX1000,return,TOPIX1000_return,2013-08-16,-0.0081293876
TOPIX1000,return,TOPIX1000_return,2013-08-19,0.0056699539
TOPIX1000,return,TOPIX1000_return,2013-08-20,-0.0209966405
TOPIX1000,return,TOPIX1000_return,2013-08-21,-0.003090109
TOPIX1000,return,TOPIX1000_return,2013-08-22,-0.0020079204
TOPIX1000,return,TOPIX1000_return,2013-08-23,0.0200318592
TOPIX1000,return,TOPIX1000_return,2013-08-26,-0.0015654353
TOPIX1000,return,TOPIX1000_return,2013-08-27,-0.0052994673
TOPIX1000,return,TOPIX1000_return,2013-08-28,-0.0173307917
TOPIX1000,return,TOPIX1000_return,2013-08-29,0.0022858405
TOPIX1000,return,TOPIX1000_return,2013-08-30,-0.0093384012
TOPIX1000,return,TOPIX1000_return,2013-09-02,0.0107024887
TOPIX1000,return,TOPIX1000_return,2013-09-03,0.0283311534
TOPIX1000,return,TOPIX1000_return,2013-09-04,0.0061162015
TOPIX1000,return,TOPIX1000_return,2013-09-05,0.0014522634
TOPIX1000,return,TOPIX1000_return,2013-09-06,-0.0086696285
TOPIX1000,return,TOPIX1000_return,2013-09-09,0.02170793
TOPIX1000,return,TOPIX1000_return,2013-09-10,0.0146138275
TOPIX1000,return,TOPIX1000_return,2013-09-11,-0.0008480632
TOPIX1000,return,TOPIX1000_return,2013-09-12,-0.004281851
TOPIX1000,return,TOPIX1000_return,2013-09-13,0.0005281026
TOPIX1000,return,TOPIX1000_return,2013-09-17,-0.0033931534
TOPIX1000,return,TOPIX1000_return,2013-09-18,0.009911402
TOPIX1000,return,TOPIX1000_return,2013-09-19,0.0187968249
TOPIX1000,return,TOPIX1000_return,2013-09-20,0.0028311851
TOPIX1000,return,TOPIX1000_return,2013-09-24,-0.0036224647
TOPIX1000,return,TOPIX1000_return,2013-09-25,-0.0028185901
TOPIX1000,return,TOPIX1000_return,2013-09-26,0.0143323468
TOPIX1000,return,TOPIX1000_return,2013-09-27,-0.0025465845
TOPIX1000,return,TOPIX1000_return,2013-09-30,-0.0195347562
TOPIX1000,return,TOPIX1000_return,2013-10-01,-0.0005132765
TOPIX1000,return,TOPIX1000_return,2013-10-02,-0.0153639219
TOPIX1000,return,TOPIX1000_return,2013-10-03,-0.000899545
TOPIX1000,return,TOPIX1000_return,2013-10-04,-0.0085804984
TOPIX1000,return,TOPIX1000_return,2013-10-07,-0.0138905552
TOPIX1000,return,TOPIX1000_return,2013-10-08,0.0021361404
TOPIX1000,return,TOPIX1000_return,2013-10-09,0.0145272291
TOPIX1000,return,TOPIX1000_return,2013-10-10,0.0096374149
TOPIX1000,return,TOPIX1000_return,2013-10-11,0.0163315463
TOPIX1000,return,TOPIX1000_return,2013-10-15,0.0002595071
TOPIX1000,return,TOPIX1000_return,2013-10-16,-0.0004596935
TOPIX1000,return,TOPIX1000_return,2013-10-17,0.0078876134
TOPIX1000,return,TOPIX1000_return,2013-10-18,-0.0007362144
TOPIX1000,return,TOPIX1000_return,2013-10-21,0.0056141609
TOPIX1000,return,TOPIX1000_return,2013-10-22,0.0016484483
TOPIX1000,return,TOPIX1000_return,2013-10-23,-0.015367511
TOPIX1000,return,TOPIX1000_return,2013-10-24,0.0060243953
TOPIX1000,return,TOPIX1000_return,2013-10-25,-0.021125628
TOPIX1000,return,TOPIX1000_return,2013-10-28,0.0172365463
TOPIX1000,return,TOPIX1000_return,2013-10-29,-0.004063745
TOPIX1000,return,TOPIX1000_return,2013-10-30,0.0094414882
TOPIX1000,return,TOPIX1000_return,2013-10-31,-0.0086007332
TOPIX1000,return,TOPIX1000_return,2013-11-01,-0.0092704891
TOPIX1000,return,TOPIX1000_return,2013-11-05,-0.0003980204
TOPIX1000,return,TOPIX1000_return,2013-11-06,0.0080988091
TOPIX1000,return,TOPIX1000_return,2013-11-07,-0.0062823441
TOPIX1000,return,TOPIX1000_return,2013-11-08,-0.0071170908
TOPIX1000,return,TOPIX1000_return,2013-11-11,0.0081122726
TOPIX1000,return,TOPIX1000_return,2013-11-12,0.0168057033
TOPIX1000,return,TOPIX1000_return,2013-11-13,-0.0010241768
TOPIX1000,return,TOPIX1000_return,2013-11-14,0.012037914
TOPIX1000,return,TOPIX1000_return,2013-11-15,0.0170260662
TOPIX1000,return,TOPIX1000_return,2013-11-18,0.0021427856
TOPIX1000,return,TOPIX1000_return,2013-11-19,-0.0039689069
TOPIX1000,return,TOPIX1000_return,2013-11-20,-0.0028934825
TOPIX1000,return,TOPIX1000_return,2013-11-21,0.0105632976
TOPIX1000,return,TOPIX1000_return,2013-11-22,0.0019523178
TOPIX1000,return,TOPIX1000_return,2013-11-25,0.008953065
TOPIX1000,return,TOPIX1000_return,2013-11-26,-0.0054129935
TOPIX1000,return,TOPIX1000_return,2013-11-27,-0.0047337915
TOPIX1000,return,TOPIX1000_return,2013-11-28,0.0114281239
TOPIX1000,return,TOPIX1000_return,2013-11-29,-0.0019359653
TOPIX1000,return,TOPIX1000_return,2013-12-02,0.00011991
TOPIX1000,return,TOPIX1000_return,2013-12-03,0.0029338458
TOPIX1000,return,TOPIX1000_return,2013-12-04,-0.017298779
TOPIX1000,return,TOPIX1000_return,2013-12-05,-0.0092239492
TOPIX1000,return,TOPIX1000_return,2013-12-06,0.0056407409
TOPIX1000,return,TOPIX1000_return,2013-12-09,0.0159798342
TOPIX1000,return,TOPIX1000_return,2013-12-10,0.0008199318
TOPIX1000,return,TOPIX1000_return,2013-12-11,-0.0046827573
TOPIX1000,return,TOPIX1000_return,2013-12-12,-0.0066777371
TOPIX1000,return,TOPIX1000_return,2013-12-13,-0.0026790498
TOPIX1000,return,TOPIX1000_return,2013-12-16,-0.0128797994
TOPIX1000,return,TOPIX1000_return,2013-12-17,0.0076922697
TOPIX1000,return,TOPIX1000_return,2013-12-18,0.01501498
TOPIX1000,return,TOPIX1000_return,2013-12-19,0.0103157925
TOPIX1000,return,TOPIX1000_return,2013-12-20,-0.0010742904
TOPIX1000,return,TOPIX1000_return,2013-12-24,-0.0030932597
TOPIX1000,return,TOPIX1000_return,2013-12-25,0.0004372814
TOPIX1000,return,TOPIX1000_return,2013-12-26,0.0174314513
TOPIX1000,return,TOPIX1000_return,2013-12-27,0.0081749721
TOPIX1000,return,TOPIX1000_return,2013-12-30,0.0093042337
TOPIX1000,return,TOPIX1000_return,2014-01-06,-0.0081496093
TOPIX1000,return,TOPIX1000_return,2014-01-07,-0.0069329357
TOPIX1000,return,TOPIX1000_return,2014-01-08,0.0179719361
TOPIX1000,return,TOPIX1000_return,2014-01-09,-0.0074286684
TOPIX1000,return,TOPIX1000_return,2014-01-10,0.0013341453
TOPIX1000,return,TOPIX1000_return,2014-01-14,-0.0228938793
TOPIX1000,return,TOPIX1000_return,2014-01-15,0.0202208782
TOPIX1000,return,TOPIX1000_return,2014-01-16,-0.0001644827
TOPIX1000,return,TOPIX1000_return,2014-01-17,0.0020907136
TOPIX1000,return,TOPIX1000_return,2014-01-20,-0.0029961079
TOPIX1000,return,TOPIX1000_return,2014-01-21,0.0016123633
TOPIX1000,return,TOPIX1000_return,2014-01-22,0.0028836907
TOPIX1000,return,TOPIX1000_return,2014-01-23,-0.0092479397
TOPIX1000,return,TOPIX1000_return,2014-01-24,-0.0178136193
TOPIX1000,return,TOPIX1000_return,2014-01-27,-0.0278859854
TOPIX1000,return,TOPIX1000_return,2014-01-28,-0.0040506137
TOPIX1000,return,TOPIX1000_return,2014-01-29,0.026040498
TOPIX1000,return,TOPIX1000_return,2014-01-30,-0.0256692192
TOPIX1000,return,TOPIX1000_return,2014-01-31,-0.0028718328
TOPIX1000,return,TOPIX1000_return,2014-02-03,-0.0198178964
TOPIX1000,return,TOPIX1000_return,2014-02-04,-0.0474190029
TOPIX1000,return,TOPIX1000_return,2014-02-05,0.0206330924
TOPIX1000,return,TOPIX1000_return,2014-02-06,-0.0005112375
TOPIX1000,return,TOPIX1000_return,2014-02-07,0.0230743388
TOPIX1000,return,TOPIX1000_return,2014-02-10,0.012717367
TOPIX1000,return,TOPIX1000_return,2014-02-12,0.0127492741
TOPIX1000,return,TOPIX1000_return,2014-02-13,-0.0163364478
TOPIX1000,return,TOPIX1000_return,2014-02-14,-0.0132564249
TOPIX1000,return,TOPIX1000_return,2014-02-17,0.0068897274
TOPIX1000,return,TOPIX1000_return,2014-02-18,0.0271247023
TOPIX1000,return,TOPIX1000_return,2014-02-19,-0.0044727399
TOPIX1000,return,TOPIX1000_return,2014-02-20,-0.0198278639
TOPIX1000,return,TOPIX1000_return,2014-02-21,0.0233713959
TOPIX1000,return,TOPIX1000_return,2014-02-24,-0.0027149652
TOPIX1000,return,TOPIX1000_return,2014-02-25,0.0119957645
TOPIX1000,return,TOPIX1000_return,2014-02-26,-0.0064734705
TOPIX1000,return,TOPIX1000_return,2014-02-27,-0.0065517026
TOPIX1000,return,TOPIX1000_return,2014-02-28,-0.0046566927
TOPIX1000,return,TOPIX1000_return,2014-03-03,-0.012387818
TOPIX1000,return,TOPIX1000_return,2014-03-04,0.006026925
TOPIX1000,return,TOPIX1000_return,2014-03-05,0.0073909781
TOPIX1000,return,TOPIX1000_return,2014-03-06,0.0128814499
TOPIX1000,return,TOPIX1000_return,2014-03-07,0.0070988662
TOPIX1000,return,TOPIX1000_return,2014-03-10,-0.007694278
TOPIX1000,return,TOPIX1000_return,2014-03-11,0.0045671343
TOPIX1000,return,TOPIX1000_return,2014-03-12,-0.0214944768
TOPIX1000,return,TOPIX1000_return,2014-03-13,-0.0029627125
TOPIX1000,return,TOPIX1000_return,2014-03-14,-0.0323845127
TOPIX1000,return,TOPIX1000_return,2014-03-17,-0.0081917881
TOPIX1000,return,TOPIX1000_return,2014-03-18,0.0093506169
TOPIX1000,return,TOPIX1000_return,2014-03-19,-0.0013168812
TOPIX1000,return,TOPIX1000_return,2014-03-20,-0.0157320234
TOPIX1000,return,TOPIX1000_return,2014-03-24,0.0144577737
TOPIX1000,return,TOPIX1000_return,2014-03-25,0.000320761
TOPIX1000,return,TOPIX1000_return,2014-03-26,0.0072495288
TOPIX1000,return,TOPIX1000_return,2014-03-27,0.0134779875
TOPIX1000,return,TOPIX1000_return,2014-03-28,0.0080435368
TOPIX1000,return,TOPIX1000_return,2014-03-31,0.0138897129
TOPIX1000,return,TOPIX1000_return,2014-04-01,0.000980025
TOPIX1000,return,TOPIX1000_return,2014-04-02,0.0061160357
TOPIX1000,return,TOPIX1000_return,2014-04-03,0.0045463789
TOPIX1000,return,TOPIX1000_return,2014-04-04,-0.0007085123
TOPIX1000,return,TOPIX1000_return,2014-04-07,-0.0157357835
TOPIX1000,return,TOPIX1000_return,2014-04-08,-0.0185747363
TOPIX1000,return,TOPIX1000_return,2014-04-09,-0.0205440465
TOPIX1000,return,TOPIX1000_return,2014-04-10,-0.0008105525
TOPIX1000,return,TOPIX1000_return,2014-04-11,-0.0134539179
TOPIX1000,return,TOPIX1000_return,2014-04-14,-0.0011558363
TOPIX1000,return,TOPIX1000_return,2014-04-15,0.0029512591
TOPIX1000,return,TOPIX1000_return,2014-04-16,0.0269548249
TOPIX1000,return,TOPIX1000_return,2014-04-17,-6.03214e-05
TOPIX1000,return,TOPIX1000_return,2014-04-18,0.0058892282
TOPIX1000,return,TOPIX1000_return,2014-04-21,-0.0017017002
TOPIX1000,return,TOPIX1000_return,2014-04-22,-0.0075844228
TOPIX1000,return,TOPIX1000_return,2014-04-23,0.009798728
TOPIX1000,return,TOPIX1000_return,2014-04-24,-0.0078078601
TOPIX1000,return,TOPIX1000_return,2014-04-25,0.004282014
TOPIX1000,return,TOPIX1000_return,2014-04-28,-0.0079785542
TOPIX1000,return,TOPIX1000_return,2014-04-30,0.0015765855
TOPIX1000,return,TOPIX1000_return,2014-05-01,0.0171731555
TOPIX1000,return,TOPIX1000_return,2014-05-02,0.0002157818
TOPIX1000,return,TOPIX1000_return,2014-05-07,-0.0257990389
TOPIX1000,return,TOPIX1000_return,2014-05-08,0.0070404569
TOPIX1000,return,TOPIX1000_return,2014-05-09,0.0047620535
TOPIX1000,return,TOPIX1000_return,2014-05-12,-0.0064223512
TOPIX1000,return,TOPIX1000_return,2014-05-13,0.0178648755
TOPIX1000,return,TOPIX1000_return,2014-05-14,0.0040668774
TOPIX1000,return,TOPIX1000_return,2014-05-15,-0.0040504049
TOPIX1000,return,TOPIX1000_return,2014-05-16,-0.0162901204
TOPIX1000,return,TOPIX1000_return,2014-05-19,-0.0077073219
TOPIX1000,return,TOPIX1000_return,2014-05-20,0.0029586113
TOPIX1000,return,TOPIX1000_return,2014-05-21,-0.0029651282
TOPIX1000,return,TOPIX1000_return,2014-05-22,0.0168111567
TOPIX1000,return,TOPIX1000_return,2014-05-23,0.009473404
TOPIX1000,return,TOPIX1000_return,2014-05-26,0.0120432726
TOPIX1000,return,TOPIX1000_return,2014-05-27,0.0003532477
TOPIX1000,return,TOPIX1000_return,2014-05-28,0.0025160746
TOPIX1000,return,TOPIX1000_return,2014-05-29,0.0021206851
TOPIX1000,return,TOPIX1000_return,2014-05-30,0.0006005375
TOPIX1000,return,TOPIX1000_return,2014-06-02,0.0159757909
TOPIX1000,return,TOPIX1000_return,2014-06-03,0.0067063096
TOPIX1000,return,TOPIX1000_return,2014-06-04,0.0043504801
TOPIX1000,return,TOPIX1000_return,2014-06-05,-0.0010116482
TOPIX1000,return,TOPIX1000_return,2014-06-06,0.0023106053
TOPIX1000,return,TOPIX1000_return,2014-06-09,8.53095e-05
TOPIX1000,return,TOPIX1000_return,2014-06-10,-0.0049801155
TOPIX1000,return,TOPIX1000_return,2014-06-11,0.0084442909
TOPIX1000,return,TOPIX1000_return,2014-06-12,-0.0010777794
TOPIX1000,return,TOPIX1000_return,2014-06-13,0.0049045344
TOPIX1000,return,TOPIX1000_return,2014-06-16,-0.0075929351
TOPIX1000,return,TOPIX1000_return,2014-06-17,0.0027259726
TOPIX1000,return,TOPIX1000_return,2014-06-18,0.0088865551
TOPIX1000,return,TOPIX1000_return,2014-06-19,0.0161884505
TOPIX1000,return,TOPIX1000_return,2014-06-20,-6.9925e-06
TOPIX1000,return,TOPIX1000_return,2014-06-23,-0.0011768983
TOPIX1000,return,TOPIX1000_return,2014-06-24,0.0006514913
TOPIX1000,return,TOPIX1000_return,2014-06-25,-0.00604026
TOPIX1000,return,TOPIX1000_return,2014-06-26,0.0028294457
TOPIX1000,return,TOPIX1000_return,2014-06-27,-0.0081933605
TOPIX1000,return,TOPIX1000_return,2014-06-30,0.0072730139
TOPIX1000,return,TOPIX1000_return,2014-07-01,0.0108099843
TOPIX1000,return,TOPIX1000_return,2014-07-02,0.0036956165
TOPIX1000,return,TOPIX1000_return,2014-07-03,-0.0017484076
TOPIX1000,return,TOPIX1000_return,2014-07-04,0.0051857245
TOPIX1000,return,TOPIX1000_return,2014-07-07,-0.0043185033
TOPIX1000,return,TOPIX1000_return,2014-07-08,-0.0034382871
TOPIX1000,return,TOPIX1000_return,2014-07-09,-0.0036566725
TOPIX1000,return,TOPIX1000_return,2014-07-10,-0.0090749438
TOPIX1000,return,TOPIX1000_return,2014-07-11,-0.0032504708
TOPIX1000,return,TOPIX1000_return,2014-07-14,0.0081454694
TOPIX1000,return,TOPIX1000_return,2014-07-15,0.0065662743
TOPIX1000,return,TOPIX1000_return,2014-07-16,-2.75835e-05
TOPIX1000,return,TOPIX1000_return,2014-07-17,-0.0001586098
TOPIX1000,return,TOPIX1000_return,2014-07-18,-0.0079869925
TOPIX1000,return,TOPIX1000_return,2014-07-22,0.0077384961
TOPIX1000,return,TOPIX1000_return,2014-07-23,-0.0007106981
TOPIX1000,return,TOPIX1000_return,2014-07-24,-0.0020988824
TOPIX1000,return,TOPIX1000_return,2014-07-25,0.0090774559
TOPIX1000,return,TOPIX1000_return,2014-07-28,0.0037161546
TOPIX1000,return,TOPIX1000_return,2014-07-29,0.0034771058
TOPIX1000,return,TOPIX1000_return,2014-07-30,0.0014976378
TOPIX1000,return,TOPIX1000_return,2014-07-31,-0.002181922
TOPIX1000,return,TOPIX1000_return,2014-08-01,-0.0062604822
TOPIX1000,return,TOPIX1000_return,2014-08-04,-0.0040992479
TOPIX1000,return,TOPIX1000_return,2014-08-05,-0.0099325447
TOPIX1000,return,TOPIX1000_return,2014-08-06,-0.0096497431
TOPIX1000,return,TOPIX1000_return,2014-08-07,0.0053984233
TOPIX1000,return,TOPIX1000_return,2014-08-08,-0.0239565557
TOPIX1000,return,TOPIX1000_return,2014-08-11,0.0197014758
TOPIX1000,return,TOPIX1000_return,2014-08-12,0.004181183
TOPIX1000,return,TOPIX1000_return,2014-08-13,0.0035071298
TOPIX1000,return,TOPIX1000_return,2014-08-14,0.0066486822
TOPIX1000,return,TOPIX1000_return,2014-08-15,4.14955e-05
TOPIX1000,return,TOPIX1000_return,2014-08-18,0.0003112033
TOPIX1000,return,TOPIX1000_return,2014-08-19,0.0071761208
TOPIX1000,return,TOPIX1000_return,2014-08-20,-0.0005216807
TOPIX1000,return,TOPIX1000_return,2014-08-21,0.0090791658
TOPIX1000,return,TOPIX1000_return,2014-08-22,-0.0040427014
TOPIX1000,return,TOPIX1000_return,2014-08-25,0.0040182461
TOPIX1000,return,TOPIX1000_return,2014-08-26,-0.0050367199
TOPIX1000,return,TOPIX1000_return,2014-08-27,0.0008756149
TOPIX1000,return,TOPIX1000_return,2014-08-28,-0.0041624351
TOPIX1000,return,TOPIX1000_return,2014-08-29,-0.0022647599
TOPIX1000,return,TOPIX1000_return,2014-09-01,0.003872754
TOPIX1000,return,TOPIX1000_return,2014-09-02,0.0110870601
TOPIX1000,return,TOPIX1000_return,2014-09-03,0.0034971845
TOPIX1000,return,TOPIX1000_return,2014-09-04,-0.003842803
TOPIX1000,return,TOPIX1000_return,2014-09-05,-0.002420339
TOPIX1000,return,TOPIX1000_return,2014-09-08,0.0040912582
TOPIX1000,return,TOPIX1000_return,2014-09-09,0.0008325155
TOPIX1000,return,TOPIX1000_return,2014-09-10,0.0056131144
TOPIX1000,return,TOPIX1000_return,2014-09-11,0.0035037458
TOPIX1000,return,TOPIX1000_return,2014-09-12,0.0019433852
TOPIX1000,return,TOPIX1000_return,2014-09-16,-0.0023209307
TOPIX1000,return,TOPIX1000_return,2014-09-17,-0.0045252815
TOPIX1000,return,TOPIX1000_return,2014-09-18,0.0100614875
TOPIX1000,return,TOPIX1000_return,2014-09-19,0.0107013562
TOPIX1000,return,TOPIX1000_return,2014-09-22,-0.0007519824
TOPIX1000,return,TOPIX1000_return,2014-09-24,-0.0035981568
TOPIX1000,return,TOPIX1000_return,2014-09-25,0.0153916815
TOPIX1000,return,TOPIX1000_return,2014-09-26,-0.0038892007
TOPIX1000,return,TOPIX1000_return,2014-09-29,0.0040681547
TOPIX1000,return,TOPIX1000_return,2014-09-30,-0.0083119883
TOPIX1000,return,TOPIX1000_return,2014-10-01,-0.0060657504
TOPIX1000,return,TOPIX1000_return,2014-10-02,-0.0288921066
TOPIX1000,return,TOPIX1000_return,2014-10-03,0.0016630997
TOPIX1000,return,TOPIX1000_return,2014-10-06,0.0107105439
TOPIX1000,return,TOPIX1000_return,2014-10-07,-0.0041337223
TOPIX1000,return,TOPIX1000_return,2014-10-08,-0.0125610811
TOPIX1000,return,TOPIX1000_return,2014-10-09,-0.010838081
TOPIX1000,return,TOPIX1000_return,2014-10-10,-0.0139121125
TOPIX1000,return,TOPIX1000_return,2014-10-14,-0.0232966231
TOPIX1000,return,TOPIX1000_return,2014-10-15,0.0075888982
TOPIX1000,return,TOPIX1000_return,2014-10-16,-0.0230377198
TOPIX1000,return,TOPIX1000_return,2014-10-17,-0.0153605794
TOPIX1000,return,TOPIX1000_return,2014-10-20,0.0401496997
TOPIX1000,return,TOPIX1000_return,2014-10-21,-0.0155683798
TOPIX1000,return,TOPIX1000_return,2014-10-22,0.0258000341
TOPIX1000,return,TOPIX1000_return,2014-10-23,-0.0032613087
TOPIX1000,return,TOPIX1000_return,2014-10-24,0.0082790624
TOPIX1000,return,TOPIX1000_return,2014-10-27,0.0096648896
TOPIX1000,return,TOPIX1000_return,2014-10-28,-0.0018157596
TOPIX1000,return,TOPIX1000_return,2014-10-29,0.0149979799
TOPIX1000,return,TOPIX1000_return,2014-10-30,0.0067015481
TOPIX1000,return,TOPIX1000_return,2014-10-31,0.0430927499
TOPIX1000,return,TOPIX1000_return,2014-11-04,0.026835458
TOPIX1000,return,TOPIX1000_return,2014-11-05,0.0021969486
TOPIX1000,return,TOPIX1000_return,2014-11-06,-0.0112656554
TOPIX1000,return,TOPIX1000_return,2014-11-07,0.0053918182
TOPIX1000,return,TOPIX1000_return,2014-11-10,-0.002691135
TOPIX1000,return,TOPIX1000_return,2014-11-11,0.0112994644
TOPIX1000,return,TOPIX1000_return,2014-11-12,0.0015843944
TOPIX1000,return,TOPIX1000_return,2014-11-13,0.0091180031
TOPIX1000,return,TOPIX1000_return,2014-11-14,0.0079634442
TOPIX1000,return,TOPIX1000_return,2014-11-17,-0.0246408087
TOPIX1000,return,TOPIX1000_return,2014-11-18,0.021092106
TOPIX1000,return,TOPIX1000_return,2014-11-19,0.0012742355
TOPIX1000,return,TOPIX1000_return,2014-11-20,0.0008046163
TOPIX1000,return,TOPIX1000_return,2014-11-21,0.0017453829
TOPIX1000,return,TOPIX1000_return,2014-11-25,0.0064216072
TOPIX1000,return,TOPIX1000_return,2014-11-26,-0.0020341781
TOPIX1000,return,TOPIX1000_return,2014-11-27,-0.0104453827
TOPIX1000,return,TOPIX1000_return,2014-11-28,0.0133479225
TOPIX1000,return,TOPIX1000_return,2014-12-01,0.0080935764
TOPIX1000,return,TOPIX1000_return,2014-12-02,0.0042839282
TOPIX1000,return,TOPIX1000_return,2014-12-03,0.0014096798
TOPIX1000,return,TOPIX1000_return,2014-12-04,0.007653841
TOPIX1000,return,TOPIX1000_return,2014-12-05,0.0037315098
TOPIX1000,return,TOPIX1000_return,2014-12-08,0.0013496334
TOPIX1000,return,TOPIX1000_return,2014-12-09,-0.0078944012
TOPIX1000,return,TOPIX1000_return,2014-12-10,-0.0206691424
TOPIX1000,return,TOPIX1000_return,2014-12-11,-0.0070785571
TOPIX1000,return,TOPIX1000_return,2014-12-12,0.0019709729
TOPIX1000,return,TOPIX1000_return,2014-12-15,-0.0147591006
TOPIX1000,return,TOPIX1000_return,2014-12-16,-0.0188782349
TOPIX1000,return,TOPIX1000_return,2014-12-17,-0.0010624707
TOPIX1000,return,TOPIX1000_return,2014-12-18,0.0180436296
TOPIX1000,return,TOPIX1000_return,2014-12-19,0.0244929491
TOPIX1000,return,TOPIX1000_return,2014-12-22,0.0025032295
TOPIX1000,return,TOPIX1000_return,2014-12-24,0.0093281585
TOPIX1000,return,TOPIX1000_return,2014-12-25,-0.0033657284
TOPIX1000,return,TOPIX1000_return,2014-12-26,0.0052955421
TOPIX1000,return,TOPIX1000_return,2014-12-29,-0.002182695
TOPIX1000,return,TOPIX1000_return,2014-12-30,-0.0122690398
TOPIX1000,return,TOPIX1000_return,2015-01-05,-0.0047693871
TOPIX1000,return,TOPIX1000_return,2015-01-06,-0.0287098877
TOPIX1000,return,TOPIX1000_return,2015-01-07,-0.0009791637
TOPIX1000,return,TOPIX1000_return,2015-01-08,0.013291655
TOPIX1000,return,TOPIX1000_return,2015-01-09,0.0022188789
TOPIX1000,return,TOPIX1000_return,2015-01-13,-0.0042134115
TOPIX1000,return,TOPIX1000_return,2015-01-14,-0.0122695745
TOPIX1000,return,TOPIX1000_return,2015-01-15,0.0137942985
TOPIX1000,return,TOPIX1000_return,2015-01-16,-0.0092102988
TOPIX1000,return,TOPIX1000_return,2015-01-19,0.006442039
TOPIX1000,return,TOPIX1000_return,2015-01-20,0.018491672
TOPIX1000,return,TOPIX1000_return,2015-01-21,-0.0049578027
TOPIX1000,return,TOPIX1000_return,2015-01-22,-0.0008387113
TOPIX1000,return,TOPIX1000_return,2015-01-23,0.0100485519
TOPIX1000,return,TOPIX1000_return,2015-01-26,-0.0009241629
TOPIX1000,return,TOPIX1000_return,2015-01-27,0.0175009644
TOPIX1000,return,TOPIX1000_return,2015-01-28,0.0023794822
TOPIX1000,return,TOPIX1000_return,2015-01-29,-0.0115590407
TOPIX1000,return,TOPIX1000_return,2015-01-30,0.0009607238
TOPIX1000,return,TOPIX1000_return,2015-02-02,-0.0043865661
TOPIX1000,return,TOPIX1000_return,2015-02-03,-0.0115799823
TOPIX1000,return,TOPIX1000_return,2015-02-04,0.0178110378
TOPIX1000,return,TOPIX1000_return,2015-02-05,-0.0048953973
TOPIX1000,return,TOPIX1000_return,2015-02-06,0.0051602692
TOPIX1000,return,TOPIX1000_return,2015-02-09,0.0054222113
TOPIX1000,return,TOPIX1000_return,2015-02-10,0.002021707
TOPIX1000,return,TOPIX1000_return,2015-02-12,0.0153908055
TOPIX1000,return,TOPIX1000_return,2015-02-13,-3.60779e-05
TOPIX1000,return,TOPIX1000_return,2015-02-16,0.007005848
TOPIX1000,return,TOPIX1000_return,2015-02-17,0.0016989478
TOPIX1000,return,TOPIX1000_return,2015-02-18,0.0142891159
TOPIX1000,return,TOPIX1000_return,2015-02-19,0.0082379384
TOPIX1000,return,TOPIX1000_return,2015-02-20,0.0036721857
TOPIX1000,return,TOPIX1000_return,2015-02-23,0.001756868
TOPIX1000,return,TOPIX1000_return,2015-02-24,0.0036233352
TOPIX1000,return,TOPIX1000_return,2015-02-25,-0.0002192105
TOPIX1000,return,TOPIX1000_return,2015-02-26,0.009391026
TOPIX1000,return,TOPIX1000_return,2015-02-27,0.0015715634
TOPIX1000,return,TOPIX1000_return,2015-03-02,0.0007532238
TOPIX1000,return,TOPIX1000_return,2015-03-03,0.0013569034
TOPIX1000,return,TOPIX1000_return,2015-03-04,-0.0065364691
TOPIX1000,return,TOPIX1000_return,2015-03-05,0.0044818379
TOPIX1000,return,TOPIX1000_return,2015-03-06,0.0115882903
TOPIX1000,return,TOPIX1000_return,2015-03-09,-0.006006994
TOPIX1000,return,TOPIX1000_return,2015-03-10,-0.0046871137
TOPIX1000,return,TOPIX1000_return,2015-03-11,0.0005303186
TOPIX1000,return,TOPIX1000_return,2015-03-12,0.0138122019
TOPIX1000,return,TOPIX1000_return,2015-03-13,0.0089702733
TOPIX1000,return,TOPIX1000_return,2015-03-16,-0.0014037668
TOPIX1000,return,TOPIX1000_return,2015-03-17,0.0080383232
TOPIX1000,return,TOPIX1000_return,2015-03-18,0.007791662
TOPIX1000,return,TOPIX1000_return,2015-03-19,-0.0041732653
TOPIX1000,return,TOPIX1000_return,2015-03-20,0.0029114884
TOPIX1000,return,TOPIX1000_return,2015-03-23,0.0075049212
TOPIX1000,return,TOPIX1000_return,2015-03-24,-0.0029468968
TOPIX1000,return,TOPIX1000_return,2015-03-25,0.0028953463
TOPIX1000,return,TOPIX1000_return,2015-03-26,-0.0146804675
TOPIX1000,return,TOPIX1000_return,2015-03-27,-0.0024482403
TOPIX1000,return,TOPIX1000_return,2015-03-30,0.0032093128
TOPIX1000,return,TOPIX1000_return,2015-03-31,-0.0097187882
TOPIX1000,return,TOPIX1000_return,2015-04-01,-0.0092216904
TOPIX1000,return,TOPIX1000_return,2015-04-02,0.0165900648
TOPIX1000,return,TOPIX1000_return,2015-04-03,0.0064699224
TOPIX1000,return,TOPIX1000_return,2015-04-06,-0.0022107917
TOPIX1000,return,TOPIX1000_return,2015-04-07,0.0116199407
TOPIX1000,return,TOPIX1000_return,2015-04-08,0.0062374857
TOPIX1000,return,TOPIX1000_return,2015-04-09,0.0036857251
TOPIX1000,return,TOPIX1000_return,2015-04-10,-0.002990763
TOPIX1000,return,TOPIX1000_return,2015-04-13,-0.0020828521
TOPIX1000,return,TOPIX1000_return,2015-04-14,0.0027504634
TOPIX1000,return,TOPIX1000_return,2015-04-15,-0.0012359398
TOPIX1000,return,TOPIX1000_return,2015-04-16,0.0067680885
TOPIX1000,return,TOPIX1000_return,2015-04-17,-0.0067441534
TOPIX1000,return,TOPIX1000_return,2015-04-20,-0.0037125427
TOPIX1000,return,TOPIX1000_return,2015-04-21,0.0168610102
TOPIX1000,return,TOPIX1000_return,2015-04-22,0.0081274452
TOPIX1000,return,TOPIX1000_return,2015-04-23,0.0019662966
TOPIX1000,return,TOPIX1000_return,2015-04-24,-0.0038081903
TOPIX1000,return,TOPIX1000_return,2015-04-27,9.58349e-05
TOPIX1000,return,TOPIX1000_return,2015-04-28,0.0052436901
TOPIX1000,return,TOPIX1000_return,2015-04-30,-0.0216706938
TOPIX1000,return,TOPIX1000_return,2015-05-01,-0.0043088984
TOPIX1000,return,TOPIX1000_return,2015-05-07,-0.0070457984
TOPIX1000,return,TOPIX1000_return,2015-05-08,0.008360618
TOPIX1000,return,TOPIX1000_return,2015-05-11,0.0066297803
TOPIX1000,return,TOPIX1000_return,2015-05-12,0.0024381035
TOPIX1000,return,TOPIX1000_return,2015-05-13,0.001280604
TOPIX1000,return,TOPIX1000_return,2015-05-14,-0.0079750112
TOPIX1000,return,TOPIX1000_return,2015-05-15,0.0099351557
TOPIX1000,return,TOPIX1000_return,2015-05-18,0.0123155615
TOPIX1000,return,TOPIX1000_return,2015-05-19,0.0040376529
TOPIX1000,return,TOPIX1000_return,2015-05-20,0.006264302
TOPIX1000,return,TOPIX1000_return,2015-05-21,0.00221319
TOPIX1000,return,TOPIX1000_return,2015-05-22,0.0006436522
TOPIX1000,return,TOPIX1000_return,2015-05-25,0.0069448802
TOPIX1000,return,TOPIX1000_return,2015-05-26,0.0003063652
TOPIX1000,return,TOPIX1000_return,2015-05-27,0.001033192
TOPIX1000,return,TOPIX1000_return,2015-05-28,0.0070485881
TOPIX1000,return,TOPIX1000_return,2015-05-29,0.00045827
TOPIX1000,return,TOPIX1000_return,2015-06-01,0.0028674316
TOPIX1000,return,TOPIX1000_return,2015-06-02,-0.0026486699
TOPIX1000,return,TOPIX1000_return,2015-06-03,-0.0026043388
TOPIX1000,return,TOPIX1000_return,2015-06-04,0.0023014723
TOPIX1000,return,TOPIX1000_return,2015-06-05,-0.0033825522
TOPIX1000,return,TOPIX1000_return,2015-06-08,-0.0032440673
TOPIX1000,return,TOPIX1000_return,2015-06-09,-0.0167556362
TOPIX1000,return,TOPIX1000_return,2015-06-10,-0.0038478892
TOPIX1000,return,TOPIX1000_return,2015-06-11,0.0127522535
TOPIX1000,return,TOPIX1000_return,2015-06-12,0.0015046735
TOPIX1000,return,TOPIX1000_return,2015-06-15,0.0002764953
TOPIX1000,return,TOPIX1000_return,2015-06-16,-0.007327708
TOPIX1000,return,TOPIX1000_return,2015-06-17,-0.0038773625
TOPIX1000,return,TOPIX1000_return,2015-06-18,-0.0105277038
TOPIX1000,return,TOPIX1000_return,2015-06-19,0.008917958
TOPIX1000,return,TOPIX1000_return,2015-06-22,0.0109048882
TOPIX1000,return,TOPIX1000_return,2015-06-23,0.0170538224
TOPIX1000,return,TOPIX1000_return,2015-06-24,0.0020400927
TOPIX1000,return,TOPIX1000_return,2015-06-25,-0.0053642126
TOPIX1000,return,TOPIX1000_return,2015-06-26,-0.0014642949
TOPIX1000,return,TOPIX1000_return,2015-06-29,-0.025409726
TOPIX1000,return,TOPIX1000_return,2015-06-30,0.0032636096
TOPIX1000,return,TOPIX1000_return,2015-07-01,0.0034801783
TOPIX1000,return,TOPIX1000_return,2015-07-02,0.0072939164
TOPIX1000,return,TOPIX1000_return,2015-07-03,0.0025809537
TOPIX1000,return,TOPIX1000_return,2015-07-06,-0.0192808755
TOPIX1000,return,TOPIX1000_return,2015-07-07,0.0103134963
TOPIX1000,return,TOPIX1000_return,2015-07-08,-0.0335751363
TOPIX1000,return,TOPIX1000_return,2015-07-09,-0.0014148577
TOPIX1000,return,TOPIX1000_return,2015-07-10,0.0023978049
TOPIX1000,return,TOPIX1000_return,2015-07-13,0.0188814659
TOPIX1000,return,TOPIX1000_return,2015-07-14,0.0155861488
TOPIX1000,return,TOPIX1000_return,2015-07-15,0.0046392865
TOPIX1000,return,TOPIX1000_return,2015-07-16,0.0087336706
TOPIX1000,return,TOPIX1000_return,2015-07-17,0.0012961159
TOPIX1000,return,TOPIX1000_return,2015-07-21,0.0065447309
TOPIX1000,return,TOPIX1000_return,2015-07-22,-0.0111472855
TOPIX1000,return,TOPIX1000_return,2015-07-23,0.0056547074
TOPIX1000,return,TOPIX1000_return,2015-07-24,-0.0054935909
TOPIX1000,return,TOPIX1000_return,2015-07-27,-0.0107564919
TOPIX1000,return,TOPIX1000_return,2015-07-28,-0.0052789874
TOPIX1000,return,TOPIX1000_return,2015-07-29,0.002896651
TOPIX1000,return,TOPIX1000_return,2015-07-30,0.0082379888
TOPIX1000,return,TOPIX1000_return,2015-07-31,0.0074701377
TOPIX1000,return,TOPIX1000_return,2015-08-03,-0.0001245304
TOPIX1000,return,TOPIX1000_return,2015-08-04,8.822e-05
TOPIX1000,return,TOPIX1000_return,2015-08-05,0.0036218912
TOPIX1000,return,TOPIX1000_return,2015-08-06,0.0046997389
TOPIX1000,return,TOPIX1000_return,2015-08-07,0.0035198431
TOPIX1000,return,TOPIX1000_return,2015-08-10,0.0070356092
TOPIX1000,return,TOPIX1000_return,2015-08-11,-0.0022609228
TOPIX1000,return,TOPIX1000_return,2015-08-12,-0.0129837811
TOPIX1000,return,TOPIX1000_return,2015-08-13,0.001432324
TOPIX1000,return,TOPIX1000_return,2015-08-14,-0.0022409885
TOPIX1000,return,TOPIX1000_return,2015-08-17,0.0049473959
TOPIX1000,return,TOPIX1000_return,2015-08-18,-0.0004377649
TOPIX1000,return,TOPIX1000_return,2015-08-19,-0.0141726693
TOPIX1000,return,TOPIX1000_return,2015-08-20,-0.0149773988
TOPIX1000,return,TOPIX1000_return,2015-08-21,-0.0313599749
TOPIX1000,return,TOPIX1000_return,2015-08-24,-0.058468168
TOPIX1000,return,TOPIX1000_return,2015-08-25,-0.0325938503
TOPIX1000,return,TOPIX1000_return,2015-08-26,0.0322067949
TOPIX1000,return,TOPIX1000_return,2015-08-27,0.0147796182
TOPIX1000,return,TOPIX1000_return,2015-08-28,0.0329116555
TOPIX1000,return,TOPIX1000_return,2015-08-31,-0.0087090814
TOPIX1000,return,TOPIX1000_return,2015-09-01,-0.0384841269
TOPIX1000,return,TOPIX1000_return,2015-09-02,-0.0080877577
TOPIX1000,return,TOPIX1000_return,2015-09-03,0.0062783059
TOPIX1000,return,TOPIX1000_return,2015-09-04,-0.0206453032
TOPIX1000,return,TOPIX1000_return,2015-09-07,0.0009722504
TOPIX1000,return,TOPIX1000_return,2015-09-08,-0.0199756277
TOPIX1000,return,TOPIX1000_return,2015-09-09,0.0645109015
TOPIX1000,return,TOPIX1000_return,2015-09-10,-0.01886189
TOPIX1000,return,TOPIX1000_return,2015-09-11,0.0001105613
TOPIX1000,return,TOPIX1000_return,2015-09-14,-0.0121725603
TOPIX1000,return,TOPIX1000_return,2015-09-15,-0.0001709019
TOPIX1000,return,TOPIX1000_return,2015-09-16,0.0072262602
TOPIX1000,return,TOPIX1000_return,2015-09-17,0.0130907343
TOPIX1000,return,TOPIX1000_return,2015-09-18,-0.0200609974
TOPIX1000,return,TOPIX1000_return,2015-09-24,-0.0243798077
TOPIX1000,return,TOPIX1000_return,2015-09-25,0.018856526
TOPIX1000,return,TOPIX1000_return,2015-09-28,-0.0034572508
TOPIX1000,return,TOPIX1000_return,2015-09-29,-0.0443733205
TOPIX1000,return,TOPIX1000_return,2015-09-30,0.0261529073
TOPIX1000,return,TOPIX1000_return,2015-10-01,0.0227192131
TOPIX1000,return,TOPIX1000_return,2015-10-02,0.0015663531
TOPIX1000,return,TOPIX1000_return,2015-10-05,0.0133470591
TOPIX1000,return,TOPIX1000_return,2015-10-06,0.0081436385
TOPIX1000,return,TOPIX1000_return,2015-10-07,0.0119629685
TOPIX1000,return,TOPIX1000_return,2015-10-08,-0.0078561814
TOPIX1000,return,TOPIX1000_return,2015-10-09,0.023062204
TOPIX1000,return,TOPIX1000_return,2015-10-13,-0.0081237832
TOPIX1000,return,TOPIX1000_return,2015-10-14,-0.0216627204
TOPIX1000,return,TOPIX1000_return,2015-10-15,0.0135204327
TOPIX1000,return,TOPIX1000_return,2015-10-16,0.0105560473
TOPIX1000,return,TOPIX1000_return,2015-10-19,-0.0075205489
TOPIX1000,return,TOPIX1000_return,2015-10-20,0.0032451771
TOPIX1000,return,TOPIX1000_return,2015-10-21,0.0184888815
TOPIX1000,return,TOPIX1000_return,2015-10-22,-0.0056907052
TOPIX1000,return,TOPIX1000_return,2015-10-23,0.0198119075
TOPIX1000,return,TOPIX1000_return,2015-10-26,0.0072417092
TOPIX1000,return,TOPIX1000_return,2015-10-27,-0.0102990452
TOPIX1000,return,TOPIX1000_return,2015-10-28,0.0027040101
TOPIX1000,return,TOPIX1000_return,2015-10-29,-0.0001160497
TOPIX1000,return,TOPIX1000_return,2015-10-30,0.007262292
TOPIX1000,return,TOPIX1000_return,2015-11-02,-0.0202524554
TOPIX1000,return,TOPIX1000_return,2015-11-04,0.0089606242
TOPIX1000,return,TOPIX1000_return,2015-11-05,0.009663742
TOPIX1000,return,TOPIX1000_return,2015-11-06,0.0054205058
TOPIX1000,return,TOPIX1000_return,2015-11-09,0.0175683769
TOPIX1000,return,TOPIX1000_return,2015-11-10,-0.0008759316
TOPIX1000,return,TOPIX1000_return,2015-11-11,0.0035604188
TOPIX1000,return,TOPIX1000_return,2015-11-12,-0.0012165189
TOPIX1000,return,TOPIX1000_return,2015-11-13,-0.0048988845
TOPIX1000,return,TOPIX1000_return,2015-11-16,-0.009117914
TOPIX1000,return,TOPIX1000_return,2015-11-17,0.0092454031
TOPIX1000,return,TOPIX1000_return,2015-11-18,0.0003234016
TOPIX1000,return,TOPIX1000_return,2015-11-19,0.0087966656
TOPIX1000,return,TOPIX1000_return,2015-11-20,0.0016884665
TOPIX1000,return,TOPIX1000_return,2015-11-24,0.0015895538
TOPIX1000,return,TOPIX1000_return,2015-11-25,-0.0070830582
TOPIX1000,return,TOPIX1000_return,2015-11-26,0.0049398204
TOPIX1000,return,TOPIX1000_return,2015-11-27,-0.0049582898
TOPIX1000,return,TOPIX1000_return,2015-11-30,-0.009241877
TOPIX1000,return,TOPIX1000_return,2015-12-01,0.0139244557
TOPIX1000,return,TOPIX1000_return,2015-12-02,0.0001441669
TOPIX1000,return,TOPIX1000_return,2015-12-03,0.0004591853
TOPIX1000,return,TOPIX1000_return,2015-12-04,-0.0182395569
TOPIX1000,return,TOPIX1000_return,2015-12-07,0.007625967
TOPIX1000,return,TOPIX1000_return,2015-12-08,-0.0105134836
TOPIX1000,return,TOPIX1000_return,2015-12-09,-0.0083736212
TOPIX1000,return,TOPIX1000_return,2015-12-10,-0.0097309452
TOPIX1000,return,TOPIX1000_return,2015-12-11,0.0059292946
TOPIX1000,return,TOPIX1000_return,2015-12-14,-0.0141285583
TOPIX1000,return,TOPIX1000_return,2015-12-15,-0.0166990056
TOPIX1000,return,TOPIX1000_return,2015-12-16,0.0257955293
TOPIX1000,return,TOPIX1000_return,2015-12-17,0.0156175986
TOPIX1000,return,TOPIX1000_return,2015-12-18,-0.0178529585
TOPIX1000,return,TOPIX1000_return,2015-12-21,-0.0036332482
TOPIX1000,return,TOPIX1000_return,2015-12-22,0.0015803906
TOPIX1000,return,TOPIX1000_return,2015-12-24,-0.0063447614
TOPIX1000,return,TOPIX1000_return,2015-12-25,-0.0047974144
TOPIX1000,return,TOPIX1000_return,2015-12-28,0.0095903386
TOPIX1000,return,TOPIX1000_return,2015-12-29,0.0092144281
TOPIX1000,return,TOPIX1000_return,2015-12-30,0.0024125013
TOPIX1000,return,TOPIX1000_return,2016-01-04,-0.0244764397
TOPIX1000,return,TOPIX1000_return,2016-01-05,-0.0033839033
TOPIX1000,return,TOPIX1000_return,2016-01-06,-0.0106233782
TOPIX1000,return,TOPIX1000_return,2016-01-07,-0.0209698709
TOPIX1000,return,TOPIX1000_return,2016-01-08,-0.0071807076
TOPIX1000,return,TOPIX1000_return,2016-01-12,-0.0313158687
TOPIX1000,return,TOPIX1000_return,2016-01-13,0.0287442935
TOPIX1000,return,TOPIX1000_return,2016-01-14,-0.024765588
TOPIX1000,return,TOPIX1000_return,2016-01-15,-0.0028857315
TOPIX1000,return,TOPIX1000_return,2016-01-18,-0.0103089674
TOPIX1000,return,TOPIX1000_return,2016-01-19,0.0019269744
TOPIX1000,return,TOPIX1000_return,2016-01-20,-0.0372353133
TOPIX1000,return,TOPIX1000_return,2016-01-21,-0.0278322682
TOPIX1000,return,TOPIX1000_return,2016-01-22,0.0558861215
TOPIX1000,return,TOPIX1000_return,2016-01-25,0.0132800716
TOPIX1000,return,TOPIX1000_return,2016-01-26,-0.0233467328
TOPIX1000,return,TOPIX1000_return,2016-01-27,0.0299423894
TOPIX1000,return,TOPIX1000_return,2016-01-28,-0.0063256235
TOPIX1000,return,TOPIX1000_return,2016-01-29,0.0289256087
TOPIX1000,return,TOPIX1000_return,2016-02-01,0.0214362861
TOPIX1000,return,TOPIX1000_return,2016-02-02,-0.0073128867
TOPIX1000,return,TOPIX1000_return,2016-02-03,-0.0318555647
TOPIX1000,return,TOPIX1000_return,2016-02-04,-0.0122403063
TOPIX1000,return,TOPIX1000_return,2016-02-05,-0.0142499679
TOPIX1000,return,TOPIX1000_return,2016-02-08,0.0080831414
TOPIX1000,return,TOPIX1000_return,2016-02-09,-0.0553729021
TOPIX1000,return,TOPIX1000_return,2016-02-10,-0.0302172907
TOPIX1000,return,TOPIX1000_return,2016-02-12,-0.0542539546
TOPIX1000,return,TOPIX1000_return,2016-02-15,0.0809290691
TOPIX1000,return,TOPIX1000_return,2016-02-16,0.003814769
TOPIX1000,return,TOPIX1000_return,2016-02-17,-0.0115459818
TOPIX1000,return,TOPIX1000_return,2016-02-18,0.0224424114
TOPIX1000,return,TOPIX1000_return,2016-02-19,-0.0148852653
TOPIX1000,return,TOPIX1000_return,2016-02-22,0.0062121507
TOPIX1000,return,TOPIX1000_return,2016-02-23,-0.006627459
TOPIX1000,return,TOPIX1000_return,2016-02-24,-0.0053147838
TOPIX1000,return,TOPIX1000_return,2016-02-25,0.0181322167
TOPIX1000,return,TOPIX1000_return,2016-02-26,0.0028886349
TOPIX1000,return,TOPIX1000_return,2016-02-29,-0.0103288338
TOPIX1000,return,TOPIX1000_return,2016-03-01,0.0023637788
TOPIX1000,return,TOPIX1000_return,2016-03-02,0.0380224847
TOPIX1000,return,TOPIX1000_return,2016-03-03,0.0145366875
TOPIX1000,return,TOPIX1000_return,2016-03-04,0.0044102404
TOPIX1000,return,TOPIX1000_return,2016-03-07,-0.0100424797
TOPIX1000,return,TOPIX1000_return,2016-03-08,-0.0105018175
TOPIX1000,return,TOPIX1000_return,2016-03-09,-0.011545203
TOPIX1000,return,TOPIX1000_return,2016-03-10,0.0148230995
TOPIX1000,return,TOPIX1000_return,2016-03-11,0.0051637308
TOPIX1000,return,TOPIX1000_return,2016-03-14,0.0150282968
TOPIX1000,return,TOPIX1000_return,2016-03-15,-0.0059904971
TOPIX1000,return,TOPIX1000_return,2016-03-16,-0.0085318813
TOPIX1000,return,TOPIX1000_return,2016-03-17,-0.0011566555
TOPIX1000,return,TOPIX1000_return,2016-03-18,-0.0103899223
TOPIX1000,return,TOPIX1000_return,2016-03-22,0.018460763
TOPIX1000,return,TOPIX1000_return,2016-03-23,-0.0043082372
TOPIX1000,return,TOPIX1000_return,2016-03-24,-0.0071238383
TOPIX1000,return,TOPIX1000_return,2016-03-25,0.0087476163
TOPIX1000,return,TOPIX1000_return,2016-03-28,0.0115204583
TOPIX1000,return,TOPIX1000_return,2016-03-29,0.0065984344
TOPIX1000,return,TOPIX1000_return,2016-03-30,-0.0157790814
TOPIX1000,return,TOPIX1000_return,2016-03-31,-0.0065040147
TOPIX1000,return,TOPIX1000_return,2016-04-01,-0.0340410929
TOPIX1000,return,TOPIX1000_return,2016-04-04,0.0006446573
TOPIX1000,return,TOPIX1000_return,2016-04-05,-0.0261353936
TOPIX1000,return,TOPIX1000_return,2016-04-06,-0.0003540816
TOPIX1000,return,TOPIX1000_return,2016-04-07,0.0038293794
TOPIX1000,return,TOPIX1000_return,2016-04-08,0.0120237961
TOPIX1000,return,TOPIX1000_return,2016-04-11,-0.0063416644
TOPIX1000,return,TOPIX1000_return,2016-04-12,0.0155450362
TOPIX1000,return,TOPIX1000_return,2016-04-13,0.0258746488
TOPIX1000,return,TOPIX1000_return,2016-04-14,0.0294163158
TOPIX1000,return,TOPIX1000_return,2016-04-15,-0.0073954726
TOPIX1000,return,TOPIX1000_return,2016-04-18,-0.0307103543
TOPIX1000,return,TOPIX1000_return,2016-04-19,0.0328446975
TOPIX1000,return,TOPIX1000_return,2016-04-20,0.0021183545
TOPIX1000,return,TOPIX1000_return,2016-04-21,0.0205249357
TOPIX1000,return,TOPIX1000_return,2016-04-22,0.0101745788
TOPIX1000,return,TOPIX1000_return,2016-04-25,-0.0040408661
TOPIX1000,return,TOPIX1000_return,2016-04-26,-0.0071002067
TOPIX1000,return,TOPIX1000_return,2016-04-27,-0.0054908096
TOPIX1000,return,TOPIX1000_return,2016-04-28,-0.0321125038
TOPIX1000,return,TOPIX1000_return,2016-05-02,-0.0305563557
TOPIX1000,return,TOPIX1000_return,2016-05-06,-0.0014466217
TOPIX1000,return,TOPIX1000_return,2016-05-09,0.0062777104
TOPIX1000,return,TOPIX1000_return,2016-05-10,0.0217443495
TOPIX1000,return,TOPIX1000_return,2016-05-11,-0.0005012885
TOPIX1000,return,TOPIX1000_return,2016-05-12,0.0023178282
TOPIX1000,return,TOPIX1000_return,2016-05-13,-0.0127850988
TOPIX1000,return,TOPIX1000_return,2016-05-16,0.0013797153
TOPIX1000,return,TOPIX1000_return,2016-05-17,0.0107474516
TOPIX1000,return,TOPIX1000_return,2016-05-18,0.0021621417
TOPIX1000,return,TOPIX1000_return,2016-05-19,-0.0016132993
TOPIX1000,return,TOPIX1000_return,2016-05-20,0.0050443599
TOPIX1000,return,TOPIX1000_return,2016-05-23,-0.003638175
TOPIX1000,return,TOPIX1000_return,2016-05-24,-0.0093216639
TOPIX1000,return,TOPIX1000_return,2016-05-25,0.012622488
TOPIX1000,return,TOPIX1000_return,2016-05-26,-7.57624e-05
TOPIX1000,return,TOPIX1000_return,2016-05-27,0.0053435118
TOPIX1000,return,TOPIX1000_return,2016-05-30,0.0120296574
TOPIX1000,return,TOPIX1000_return,2016-05-31,0.010187631
TOPIX1000,return,TOPIX1000_return,2016-06-01,-0.0130803415
TOPIX1000,return,TOPIX1000_return,2016-06-02,-0.0224024494
TOPIX1000,return,TOPIX1000_return,2016-06-03,0.0039316345
TOPIX1000,return,TOPIX1000_return,2016-06-06,-0.0035612988
TOPIX1000,return,TOPIX1000_return,2016-06-07,0.0063278428
TOPIX1000,return,TOPIX1000_return,2016-06-08,0.0076279589
TOPIX1000,return,TOPIX1000_return,2016-06-09,-0.0103235032
TOPIX1000,return,TOPIX1000_return,2016-06-10,-0.0050888489
TOPIX1000,return,TOPIX1000_return,2016-06-13,-0.0348359481
TOPIX1000,return,TOPIX1000_return,2016-06-14,-0.009503511
TOPIX1000,return,TOPIX1000_return,2016-06-15,0.0041242907
TOPIX1000,return,TOPIX1000_return,2016-06-16,-0.0277564518
TOPIX1000,return,TOPIX1000_return,2016-06-17,0.0075143325
TOPIX1000,return,TOPIX1000_return,2016-06-20,0.0227405315
TOPIX1000,return,TOPIX1000_return,2016-06-21,0.0116044075
TOPIX1000,return,TOPIX1000_return,2016-06-22,-0.0071170698
TOPIX1000,return,TOPIX1000_return,2016-06-23,0.0111247469
TOPIX1000,return,TOPIX1000_return,2016-06-24,-0.072986374
TOPIX1000,return,TOPIX1000_return,2016-06-27,0.0173773572
TOPIX1000,return,TOPIX1000_return,2016-06-28,0.0001936256
TOPIX1000,return,TOPIX1000_return,2016-06-29,0.0189854615
TOPIX1000,return,TOPIX1000_return,2016-06-30,-0.0015741979
TOPIX1000,return,TOPIX1000_return,2016-07-01,0.0067211241
TOPIX1000,return,TOPIX1000_return,2016-07-04,0.0060820845
TOPIX1000,return,TOPIX1000_return,2016-07-05,-0.0043343778
TOPIX1000,return,TOPIX1000_return,2016-07-06,-0.0180734526
TOPIX1000,return,TOPIX1000_return,2016-07-07,-0.0065333914
TOPIX1000,return,TOPIX1000_return,2016-07-08,-0.0130973821
TOPIX1000,return,TOPIX1000_return,2016-07-11,0.0380848353
TOPIX1000,return,TOPIX1000_return,2016-07-12,0.0241730627
TOPIX1000,return,TOPIX1000_return,2016-07-13,0.0115740893
TOPIX1000,return,TOPIX1000_return,2016-07-14,0.0085193526
TOPIX1000,return,TOPIX1000_return,2016-07-15,0.004769099
TOPIX1000,return,TOPIX1000_return,2016-07-19,0.0107773432
TOPIX1000,return,TOPIX1000_return,2016-07-20,-0.0006354249
TOPIX1000,return,TOPIX1000_return,2016-07-21,0.0066762041
TOPIX1000,return,TOPIX1000_return,2016-07-22,-0.0090004737
TOPIX1000,return,TOPIX1000_return,2016-07-25,-0.0017590822
TOPIX1000,return,TOPIX1000_return,2016-07-26,-0.0140974563
TOPIX1000,return,TOPIX1000_return,2016-07-27,0.0115143508
TOPIX1000,return,TOPIX1000_return,2016-07-28,-0.0112424933
TOPIX1000,return,TOPIX1000_return,2016-07-29,0.0121213699
TOPIX1000,return,TOPIX1000_return,2016-08-01,-0.0003965837
TOPIX1000,return,TOPIX1000_return,2016-08-02,-0.0166594132
TOPIX1000,return,TOPIX1000_return,2016-08-03,-0.021712454
TOPIX1000,return,TOPIX1000_return,2016-08-04,0.0089348614
TOPIX1000,return,TOPIX1000_return,2016-08-05,-0.0021956851
TOPIX1000,return,TOPIX1000_return,2016-08-08,0.0204137617
TOPIX1000,return,TOPIX1000_return,2016-08-09,0.0092417497
TOPIX1000,return,TOPIX1000_return,2016-08-10,-0.0021241058
TOPIX1000,return,TOPIX1000_return,2016-08-12,0.0064693521
TOPIX1000,return,TOPIX1000_return,2016-08-15,-0.0049901607
TOPIX1000,return,TOPIX1000_return,2016-08-16,-0.013709587
TOPIX1000,return,TOPIX1000_return,2016-08-17,0.0101630923
TOPIX1000,return,TOPIX1000_return,2016-08-18,-0.0156489327
TOPIX1000,return,TOPIX1000_return,2016-08-19,0.003909067
TOPIX1000,return,TOPIX1000_return,2016-08-22,0.0060850878
TOPIX1000,return,TOPIX1000_return,2016-08-23,-0.00473891
TOPIX1000,return,TOPIX1000_return,2016-08-24,0.0071910305
TOPIX1000,return,TOPIX1000_return,2016-08-25,-0.0019207141
TOPIX1000,return,TOPIX1000_return,2016-08-26,-0.012706227
TOPIX1000,return,TOPIX1000_return,2016-08-29,0.0203121308
TOPIX1000,return,TOPIX1000_return,2016-08-30,-0.0002830183
TOPIX1000,return,TOPIX1000_return,2016-08-31,0.0128809764
TOPIX1000,return,TOPIX1000_return,2016-09-01,0.0059138637
TOPIX1000,return,TOPIX1000_return,2016-09-02,0.0026396854
TOPIX1000,return,TOPIX1000_return,2016-09-05,0.0022925038
TOPIX1000,return,TOPIX1000_return,2016-09-06,0.0063027691
TOPIX1000,return,TOPIX1000_return,2016-09-07,-0.0025165948
TOPIX1000,return,TOPIX1000_return,2016-09-08,-0.0027544481
TOPIX1000,return,TOPIX1000_return,2016-09-09,-0.0015003955
TOPIX1000,return,TOPIX1000_return,2016-09-12,-0.0156043365
TOPIX1000,return,TOPIX1000_return,2016-09-13,-0.0001276688
TOPIX1000,return,TOPIX1000_return,2016-09-14,-0.0062979622
TOPIX1000,return,TOPIX1000_return,2016-09-15,-0.0104968792
TOPIX1000,return,TOPIX1000_return,2016-09-16,0.007866869
TOPIX1000,return,TOPIX1000_return,2016-09-20,0.0042345745
TOPIX1000,return,TOPIX1000_return,2016-09-21,0.0272839318
TOPIX1000,return,TOPIX1000_return,2016-09-23,-0.0027552061
TOPIX1000,return,TOPIX1000_return,2016-09-26,-0.0103624323
TOPIX1000,return,TOPIX1000_return,2016-09-27,0.0099137141
TOPIX1000,return,TOPIX1000_return,2016-09-28,-0.0055537593
TOPIX1000,return,TOPIX1000_return,2016-09-29,0.0095056795
TOPIX1000,return,TOPIX1000_return,2016-09-30,-0.015366906
TOPIX1000,return,TOPIX1000_return,2016-10-03,0.0060181754
TOPIX1000,return,TOPIX1000_return,2016-10-04,0.0070727069
TOPIX1000,return,TOPIX1000_return,2016-10-05,0.0057148852
TOPIX1000,return,TOPIX1000_return,2016-10-06,0.0046367467
TOPIX1000,return,TOPIX1000_return,2016-10-07,-0.0023355512
TOPIX1000,return,TOPIX1000_return,2016-10-11,0.0043218187
TOPIX1000,return,TOPIX1000_return,2016-10-12,-0.0103006121
TOPIX1000,return,TOPIX1000_return,2016-10-13,-0.0002187154
TOPIX1000,return,TOPIX1000_return,2016-10-14,0.0036492416
TOPIX1000,return,TOPIX1000_return,2016-10-17,0.0039969493
TOPIX1000,return,TOPIX1000_return,2016-10-18,0.0028834445
TOPIX1000,return,TOPIX1000_return,2016-10-19,0.0003153463
TOPIX1000,return,TOPIX1000_return,2016-10-20,0.0101065052
TOPIX1000,return,TOPIX1000_return,2016-10-21,-0.0040389078
TOPIX1000,return,TOPIX1000_return,2016-10-24,0.0016835329
TOPIX1000,return,TOPIX1000_return,2016-10-25,0.007244261
TOPIX1000,return,TOPIX1000_return,2016-10-26,0.0038122384
TOPIX1000,return,TOPIX1000_return,2016-10-27,-0.0005216764
TOPIX1000,return,TOPIX1000_return,2016-10-28,0.0075691359
TOPIX1000,return,TOPIX1000_return,2016-10-31,0.0004938703
TOPIX1000,return,TOPIX1000_return,2016-11-01,0.0001445113
TOPIX1000,return,TOPIX1000_return,2016-11-02,-0.0177782214
TOPIX1000,return,TOPIX1000_return,2016-11-04,-0.0158261211
TOPIX1000,return,TOPIX1000_return,2016-11-07,0.0117894822
TOPIX1000,return,TOPIX1000_return,2016-11-08,0.0006093846
TOPIX1000,return,TOPIX1000_return,2016-11-09,-0.0458421023
TOPIX1000,return,TOPIX1000_return,2016-11-10,0.0582053601
TOPIX1000,return,TOPIX1000_return,2016-11-11,0.0015414236
TOPIX1000,return,TOPIX1000_return,2016-11-14,0.0157798376
TOPIX1000,return,TOPIX1000_return,2016-11-15,0.0022997229
TOPIX1000,return,TOPIX1000_return,2016-11-16,0.0133540465
TOPIX1000,return,TOPIX1000_return,2016-11-17,0.0009256486
TOPIX1000,return,TOPIX1000_return,2016-11-18,0.0036758427
TOPIX1000,return,TOPIX1000_return,2016-11-21,0.0101654533
TOPIX1000,return,TOPIX1000_return,2016-11-22,0.0031432259
TOPIX1000,return,TOPIX1000_return,2016-11-24,0.0088443371
TOPIX1000,return,TOPIX1000_return,2016-11-25,0.0032093629
TOPIX1000,return,TOPIX1000_return,2016-11-28,0.0033306627
TOPIX1000,return,TOPIX1000_return,2016-11-29,-0.0007072701
TOPIX1000,return,TOPIX1000_return,2016-11-30,0.0005365358
TOPIX1000,return,TOPIX1000_return,2016-12-01,0.0096467038
TOPIX1000,return,TOPIX1000_return,2016-12-02,-0.0036048097
TOPIX1000,return,TOPIX1000_return,2016-12-05,-0.0075874564
TOPIX1000,return,TOPIX1000_return,2016-12-06,0.0070569181
TOPIX1000,return,TOPIX1000_return,2016-12-07,0.0089422499
TOPIX1000,return,TOPIX1000_return,2016-12-08,0.0150995962
TOPIX1000,return,TOPIX1000_return,2016-12-09,0.0084874499
TOPIX1000,return,TOPIX1000_return,2016-12-12,0.0040212599
TOPIX1000,return,TOPIX1000_return,2016-12-13,0.005657367
TOPIX1000,return,TOPIX1000_return,2016-12-14,-0.0009466761
TOPIX1000,return,TOPIX1000_return,2016-12-15,0.0025976575
TOPIX1000,return,TOPIX1000_return,2016-12-16,0.0052090672
TOPIX1000,return,TOPIX1000_return,2016-12-19,-0.0010428341
TOPIX1000,return,TOPIX1000_return,2016-12-20,0.0020716179
TOPIX1000,return,TOPIX1000_return,2016-12-21,-0.0047340669
TOPIX1000,return,TOPIX1000_return,2016-12-22,-0.0007538401
TOPIX1000,return,TOPIX1000_return,2016-12-26,-0.0037668331
TOPIX1000,return,TOPIX1000_return,2016-12-27,-0.0012258708
TOPIX1000,return,TOPIX1000_return,2016-12-28,0.0014236463
TOPIX1000,return,TOPIX1000_return,2016-12-29,-0.0121526985
TOPIX1000,return,TOPIX1000_return,2016-12-30,2.19468e-05
TOPIX1000,return,TOPIX1000_return,2017-01-04,0.0236833367
TOPIX1000,return,TOPIX1000_return,2017-01-05,0.0007486789
TOPIX1000,return,TOPIX1000_return,2017-01-06,-0.0016201437
TOPIX1000,return,TOPIX1000_return,2017-01-10,-0.007299782
TOPIX1000,return,TOPIX1000_return,2017-01-11,0.0054363472
TOPIX1000,return,TOPIX1000_return,2017-01-12,-0.0097390516
TOPIX1000,return,TOPIX1000_return,2017-01-13,0.0062565122
TOPIX1000,return,TOPIX1000_return,2017-01-16,-0.0092693911
TOPIX1000,return,TOPIX1000_return,2017-01-17,-0.0141548209
TOPIX1000,return,TOPIX1000_return,2017-01-18,0.0033189221
TOPIX1000,return,TOPIX1000_return,2017-01-19,0.0094702876
TOPIX1000,return,TOPIX1000_return,2017-01-20,0.0034905667
TOPIX1000,return,TOPIX1000_return,2017-01-23,-0.0124448754
TOPIX1000,return,TOPIX1000_return,2017-01-24,-0.0056291783
TOPIX1000,return,TOPIX1000_return,2017-01-25,0.0102376158
TOPIX1000,return,TOPIX1000_return,2017-01-26,0.0155885947
TOPIX1000,return,TOPIX1000_return,2017-01-27,0.0028618121
TOPIX1000,return,TOPIX1000_return,2017-01-30,-0.0037182621
TOPIX1000,return,TOPIX1000_return,2017-01-31,-0.0145925508
TOPIX1000,return,TOPIX1000_return,2017-02-01,0.0039966534
TOPIX1000,return,TOPIX1000_return,2017-02-02,-0.0114102591
TOPIX1000,return,TOPIX1000_return,2017-02-03,0.0030116974
TOPIX1000,return,TOPIX1000_return,2017-02-06,0.0035832227
TOPIX1000,return,TOPIX1000_return,2017-02-07,-0.0027550032
TOPIX1000,return,TOPIX1000_return,2017-02-08,0.0053373155
TOPIX1000,return,TOPIX1000_return,2017-02-09,-0.0071281211
TOPIX1000,return,TOPIX1000_return,2017-02-10,0.0220584324
TOPIX1000,return,TOPIX1000_return,2017-02-13,0.0048525796
TOPIX1000,return,TOPIX1000_return,2017-02-14,-0.0099979524
TOPIX1000,return,TOPIX1000_return,2017-02-15,0.0095872242
TOPIX1000,return,TOPIX1000_return,2017-02-16,-0.0017149112
TOPIX1000,return,TOPIX1000_return,2017-02-17,-0.004213239
TOPIX1000,return,TOPIX1000_return,2017-02-20,0.0015730745
TOPIX1000,return,TOPIX1000_return,2017-02-21,0.0056380666
TOPIX1000,return,TOPIX1000_return,2017-02-22,0.000958708
TOPIX1000,return,TOPIX1000_return,2017-02-23,-0.0005864249
TOPIX1000,return,TOPIX1000_return,2017-02-24,-0.0037363927
TOPIX1000,return,TOPIX1000_return,2017-02-27,-0.0105213141
TOPIX1000,return,TOPIX1000_return,2017-02-28,0.0006771525
TOPIX1000,return,TOPIX1000_return,2017-03-01,0.011794095
TOPIX1000,return,TOPIX1000_return,2017-03-02,0.0075084417
TOPIX1000,return,TOPIX1000_return,2017-03-03,-0.0043204915
TOPIX1000,return,TOPIX1000_return,2017-03-06,-0.002129426
TOPIX1000,return,TOPIX1000_return,2017-03-07,0.0001832643
TOPIX1000,return,TOPIX1000_return,2017-03-08,-0.0031571605
TOPIX1000,return,TOPIX1000_return,2017-03-09,0.0028159137
TOPIX1000,return,TOPIX1000_return,2017-03-10,0.0125465109
TOPIX1000,return,TOPIX1000_return,2017-03-13,0.0022409464
TOPIX1000,return,TOPIX1000_return,2017-03-14,-0.0016516992
TOPIX1000,return,TOPIX1000_return,2017-03-15,-0.0020905281
TOPIX1000,return,TOPIX1000_return,2017-03-16,0.0007462432
TOPIX1000,return,TOPIX1000_return,2017-03-17,-0.0045862477
TOPIX1000,return,TOPIX1000_return,2017-03-21,-0.0016910506
TOPIX1000,return,TOPIX1000_return,2017-03-22,-0.0214359239
TOPIX1000,return,TOPIX1000_return,2017-03-23,0.0002136867
TOPIX1000,return,TOPIX1000_return,2017-03-24,0.0088336546
TOPIX1000,return,TOPIX1000_return,2017-03-27,-0.0127789637
TOPIX1000,return,TOPIX1000_return,2017-03-28,0.0132633699
TOPIX1000,return,TOPIX1000_return,2017-03-29,0.0072665751
TOPIX1000,return,TOPIX1000_return,2017-03-30,-0.0093800313
TOPIX1000,return,TOPIX1000_return,2017-03-31,-0.0096483833
TOPIX1000,return,TOPIX1000_return,2017-04-03,0.0029161244
TOPIX1000,return,TOPIX1000_return,2017-04-04,-0.0080658409
TOPIX1000,return,TOPIX1000_return,2017-04-05,0.000242894
TOPIX1000,return,TOPIX1000_return,2017-04-06,-0.0160768352
TOPIX1000,return,TOPIX1000_return,2017-04-07,0.0064954009
TOPIX1000,return,TOPIX1000_return,2017-04-10,0.0066151543
TOPIX1000,return,TOPIX1000_return,2017-04-11,-0.0029231834
TOPIX1000,return,TOPIX1000_return,2017-04-12,-0.0103333759
TOPIX1000,return,TOPIX1000_return,2017-04-13,-0.0076358877
TOPIX1000,return,TOPIX1000_return,2017-04-14,-0.006224735
TOPIX1000,return,TOPIX1000_return,2017-04-17,0.0044033816
TOPIX1000,return,TOPIX1000_return,2017-04-18,0.0038629155
TOPIX1000,return,TOPIX1000_return,2017-04-19,-0.0001692152
TOPIX1000,return,TOPIX1000_return,2017-04-20,0.0008520316
TOPIX1000,return,TOPIX1000_return,2017-04-21,0.0107696614
TOPIX1000,return,TOPIX1000_return,2017-04-24,0.0098348782
TOPIX1000,return,TOPIX1000_return,2017-04-25,0.010683611
TOPIX1000,return,TOPIX1000_return,2017-04-26,0.0120574127
TOPIX1000,return,TOPIX1000_return,2017-04-27,-0.0007291375
TOPIX1000,return,TOPIX1000_return,2017-04-28,-0.0031615588
TOPIX1000,return,TOPIX1000_return,2017-05-01,0.005128928
TOPIX1000,return,TOPIX1000_return,2017-05-02,0.0068719456
TOPIX1000,return,TOPIX1000_return,2017-05-08,0.0229557399
TOPIX1000,return,TOPIX1000_return,2017-05-09,-0.0026971076
TOPIX1000,return,TOPIX1000_return,2017-05-10,0.0021635318
TOPIX1000,return,TOPIX1000_return,2017-05-11,0.0009797952
TOPIX1000,return,TOPIX1000_return,2017-05-12,-0.0038946153
TOPIX1000,return,TOPIX1000_return,2017-05-15,-0.0004309235
TOPIX1000,return,TOPIX1000_return,2017-05-16,0.0026339726
TOPIX1000,return,TOPIX1000_return,2017-05-17,-0.0053851965
TOPIX1000,return,TOPIX1000_return,2017-05-18,-0.013327693
TOPIX1000,return,TOPIX1000_return,2017-05-19,0.0030404004
TOPIX1000,return,TOPIX1000_return,2017-05-22,0.0050180053
TOPIX1000,return,TOPIX1000_return,2017-05-23,-0.0016854833
TOPIX1000,return,TOPIX1000_return,2017-05-24,0.0062225903
TOPIX1000,return,TOPIX1000_return,2017-05-25,0.0022846379
TOPIX1000,return,TOPIX1000_return,2017-05-26,-0.0056013925
TOPIX1000,return,TOPIX1000_return,2017-05-29,0.0005294171
TOPIX1000,return,TOPIX1000_return,2017-05-30,0.0015239673
TOPIX1000,return,TOPIX1000_return,2017-05-31,-0.0027368115
TOPIX1000,return,TOPIX1000_return,2017-06-01,0.0113532749
TOPIX1000,return,TOPIX1000_return,2017-06-02,0.0166578837
TOPIX1000,return,TOPIX1000_return,2017-06-05,-0.0014529576
TOPIX1000,return,TOPIX1000_return,2017-06-06,-0.0083386309
TOPIX1000,return,TOPIX1000_return,2017-06-07,0.0009262054
TOPIX1000,return,TOPIX1000_return,2017-06-08,-0.004309628
TOPIX1000,return,TOPIX1000_return,2017-06-09,0.0007570054
TOPIX1000,return,TOPIX1000_return,2017-06-12,-1.03299e-05
TOPIX1000,return,TOPIX1000_return,2017-06-13,0.001142565
TOPIX1000,return,TOPIX1000_return,2017-06-14,-0.0011048345
TOPIX1000,return,TOPIX1000_return,2017-06-15,-0.0023267826
TOPIX1000,return,TOPIX1000_return,2017-06-16,0.0050200541
TOPIX1000,return,TOPIX1000_return,2017-06-19,0.0062436588
TOPIX1000,return,TOPIX1000_return,2017-06-20,0.0068616045
TOPIX1000,return,TOPIX1000_return,2017-06-21,-0.003517887
TOPIX1000,return,TOPIX1000_return,2017-06-22,-0.0008503018
TOPIX1000,return,TOPIX1000_return,2017-06-23,0.0007014422
TOPIX1000,return,TOPIX1000_return,2017-06-26,0.0004123542
TOPIX1000,return,TOPIX1000_return,2017-06-27,0.0042403448
TOPIX1000,return,TOPIX1000_return,2017-06-28,-0.0015340336
TOPIX1000,return,TOPIX1000_return,2017-06-29,0.0059400759
TOPIX1000,return,TOPIX1000_return,2017-06-30,-0.0076008847
TOPIX1000,return,TOPIX1000_return,2017-07-03,0.0014102842
TOPIX1000,return,TOPIX1000_return,2017-07-04,-0.0027087598
TOPIX1000,return,TOPIX1000_return,2017-07-05,0.0055302618
TOPIX1000,return,TOPIX1000_return,2017-07-06,-0.0019785238
TOPIX1000,return,TOPIX1000_return,2017-07-07,-0.0051922823
TOPIX1000,return,TOPIX1000_return,2017-07-10,0.0052038952
TOPIX1000,return,TOPIX1000_return,2017-07-11,0.0071901437
TOPIX1000,return,TOPIX1000_return,2017-07-12,-0.0048645922
TOPIX1000,return,TOPIX1000_return,2017-07-13,-9.22334e-05
TOPIX1000,return,TOPIX1000_return,2017-07-14,0.003976704
TOPIX1000,return,TOPIX1000_return,2017-07-18,-0.0032004185
TOPIX1000,return,TOPIX1000_return,2017-07-19,0.0007424932
TOPIX1000,return,TOPIX1000_return,2017-07-20,0.0068310371
TOPIX1000,return,TOPIX1000_return,2017-07-21,-0.0020226866
TOPIX1000,return,TOPIX1000_return,2017-07-24,-0.0055406121
TOPIX1000,return,TOPIX1000_return,2017-07-25,-0.0027498184
TOPIX1000,return,TOPIX1000_return,2017-07-26,0.0025109245
TOPIX1000,return,TOPIX1000_return,2017-07-27,0.0038158827
TOPIX1000,return,TOPIX1000_return,2017-07-28,-0.0035002733
TOPIX1000,return,TOPIX1000_return,2017-07-31,-0.0014440354
TOPIX1000,return,TOPIX1000_return,2017-08-01,0.0064150231
TOPIX1000,return,TOPIX1000_return,2017-08-02,0.0034902836
TOPIX1000,return,TOPIX1000_return,2017-08-03,-0.0003655806
TOPIX1000,return,TOPIX1000_return,2017-08-04,-0.0016660317
TOPIX1000,return,TOPIX1000_return,2017-08-07,0.0046757264
TOPIX1000,return,TOPIX1000_return,2017-08-08,-0.0025016965
TOPIX1000,return,TOPIX1000_return,2017-08-09,-0.0105598765
TOPIX1000,return,TOPIX1000_return,2017-08-10,-0.0004413213
TOPIX1000,return,TOPIX1000_return,2017-08-14,-0.0111752724
TOPIX1000,return,TOPIX1000_return,2017-08-15,0.0107772465
TOPIX1000,return,TOPIX1000_return,2017-08-16,-0.0002362549
TOPIX1000,return,TOPIX1000_return,2017-08-17,-0.0009041452
TOPIX1000,return,TOPIX1000_return,2017-08-18,-0.0108389428
TOPIX1000,return,TOPIX1000_return,2017-08-21,-0.0015127225
TOPIX1000,return,TOPIX1000_return,2017-08-22,0.0005414298
TOPIX1000,return,TOPIX1000_return,2017-08-23,0.0024351157
TOPIX1000,return,TOPIX1000_return,2017-08-24,-0.0051646461
TOPIX1000,return,TOPIX1000_return,2017-08-25,0.0029740011
TOPIX1000,return,TOPIX1000_return,2017-08-28,0.0018832031
TOPIX1000,return,TOPIX1000_return,2017-08-29,-0.0013812548
TOPIX1000,return,TOPIX1000_return,2017-08-30,0.0062238798
TOPIX1000,return,TOPIX1000_return,2017-08-31,0.0061232199
TOPIX1000,return,TOPIX1000_return,2017-09-01,0.001196709
TOPIX1000,return,TOPIX1000_return,2017-09-04,-0.0096182454
TOPIX1000,return,TOPIX1000_return,2017-09-05,-0.0076087576
TOPIX1000,return,TOPIX1000_return,2017-09-06,0.000667961
TOPIX1000,return,TOPIX1000_return,2017-09-07,0.003729385
TOPIX1000,return,TOPIX1000_return,2017-09-08,-0.0030087663
TOPIX1000,return,TOPIX1000_return,2017-09-11,0.0117949887
TOPIX1000,return,TOPIX1000_return,2017-09-12,0.0094371668
TOPIX1000,return,TOPIX1000_return,2017-09-13,0.0060268327
TOPIX1000,return,TOPIX1000_return,2017-09-14,-0.0031754407
TOPIX1000,return,TOPIX1000_return,2017-09-15,0.0038318781
TOPIX1000,return,TOPIX1000_return,2017-09-19,0.017930094
TOPIX1000,return,TOPIX1000_return,2017-09-20,9.97002e-05
TOPIX1000,return,TOPIX1000_return,2017-09-21,0.0005825557
TOPIX1000,return,TOPIX1000_return,2017-09-22,-0.0023389687
TOPIX1000,return,TOPIX1000_return,2017-09-25,0.0048186503
TOPIX1000,return,TOPIX1000_return,2017-09-26,-0.0002382903
TOPIX1000,return,TOPIX1000_return,2017-09-27,0.0025522503
TOPIX1000,return,TOPIX1000_return,2017-09-28,0.0070035321
TOPIX1000,return,TOPIX1000_return,2017-09-29,-0.0008558149
TOPIX1000,return,TOPIX1000_return,2017-10-02,-0.0008319345
TOPIX1000,return,TOPIX1000_return,2017-10-03,0.0066806259
TOPIX1000,return,TOPIX1000_return,2017-10-04,0.0001664481
TOPIX1000,return,TOPIX1000_return,2017-10-05,-0.001022744
TOPIX1000,return,TOPIX1000_return,2017-10-06,0.0028263609
TOPIX1000,return,TOPIX1000_return,2017-10-10,0.0045425685
TOPIX1000,return,TOPIX1000_return,2017-10-11,0.0011134883
TOPIX1000,return,TOPIX1000_return,2017-10-12,0.0018796051
TOPIX1000,return,TOPIX1000_return,2017-10-13,0.005027294
TOPIX1000,return,TOPIX1000_return,2017-10-16,0.0062997017
TOPIX1000,return,TOPIX1000_return,2017-10-17,0.0025069625
TOPIX1000,return,TOPIX1000_return,2017-10-18,0.0009754138
TOPIX1000,return,TOPIX1000_return,2017-10-19,0.0033533003
TOPIX1000,return,TOPIX1000_return,2017-10-20,0.0004046218
TOPIX1000,return,TOPIX1000_return,2017-10-23,0.0083185415
TOPIX1000,return,TOPIX1000_return,2017-10-24,0.0066358006
TOPIX1000,return,TOPIX1000_return,2017-10-25,-0.0031225064
TOPIX1000,return,TOPIX1000_return,2017-10-26,0.0013215063
TOPIX1000,return,TOPIX1000_return,2017-10-27,0.009816818
TOPIX1000,return,TOPIX1000_return,2017-10-30,-0.0002744753
TOPIX1000,return,TOPIX1000_return,2017-10-31,-0.0029543627
TOPIX1000,return,TOPIX1000_return,2017-11-01,0.0120999729
TOPIX1000,return,TOPIX1000_return,2017-11-02,0.0043985228
TOPIX1000,return,TOPIX1000_return,2017-11-06,-0.0007345131
TOPIX1000,return,TOPIX1000_return,2017-11-07,0.0118473947
TOPIX1000,return,TOPIX1000_return,2017-11-08,0.0023289781
TOPIX1000,return,TOPIX1000_return,2017-11-09,-0.0025318763
TOPIX1000,return,TOPIX1000_return,2017-11-10,-0.0071338401
TOPIX1000,return,TOPIX1000_return,2017-11-13,-0.0095451115
TOPIX1000,return,TOPIX1000_return,2017-11-14,-0.0024196529
TOPIX1000,return,TOPIX1000_return,2017-11-15,-0.0193994991
TOPIX1000,return,TOPIX1000_return,2017-11-16,0.0101818783
TOPIX1000,return,TOPIX1000_return,2017-11-17,0.0011822788
TOPIX1000,return,TOPIX1000_return,2017-11-20,-0.0026930995
TOPIX1000,return,TOPIX1000_return,2017-11-21,0.0064630431
TOPIX1000,return,TOPIX1000_return,2017-11-22,0.0033525685
TOPIX1000,return,TOPIX1000_return,2017-11-24,0.001844425
TOPIX1000,return,TOPIX1000_return,2017-11-27,-0.0023036111
TOPIX1000,return,TOPIX1000_return,2017-11-28,-0.0025778469
TOPIX1000,return,TOPIX1000_return,2017-11-29,0.0079581544
TOPIX1000,return,TOPIX1000_return,2017-11-30,0.0034450001
TOPIX1000,return,TOPIX1000_return,2017-12-01,0.0024864536
TOPIX1000,return,TOPIX1000_return,2017-12-04,-0.0054281051
TOPIX1000,return,TOPIX1000_return,2017-12-05,0.0023600074
TOPIX1000,return,TOPIX1000_return,2017-12-06,-0.0143892918
TOPIX1000,return,TOPIX1000_return,2017-12-07,0.0119492075
TOPIX1000,return,TOPIX1000_return,2017-12-08,0.009986952
TOPIX1000,return,TOPIX1000_return,2017-12-11,0.0053776763
TOPIX1000,return,TOPIX1000_return,2017-12-12,0.0010262093
TOPIX1000,return,TOPIX1000_return,2017-12-13,-0.002376868
TOPIX1000,return,TOPIX1000_return,2017-12-14,-0.0018278999
TOPIX1000,return,TOPIX1000_return,2017-12-15,-0.0083496418
TOPIX1000,return,TOPIX1000_return,2017-12-18,0.0139460713
TOPIX1000,return,TOPIX1000_return,2017-12-19,-0.0014043791
TOPIX1000,return,TOPIX1000_return,2017-12-20,0.0032846235
TOPIX1000,return,TOPIX1000_return,2017-12-21,0.0006465893
TOPIX1000,return,TOPIX1000_return,2017-12-22,0.0036016415
TOPIX1000,return,TOPIX1000_return,2017-12-25,0.0016345544
TOPIX1000,return,TOPIX1000_return,2017-12-26,-0.002733223
TOPIX1000,return,TOPIX1000_return,2017-12-27,0.0024205734
TOPIX1000,return,TOPIX1000_return,2017-12-28,-0.006012223
TOPIX1000,return,TOPIX1000_return,2017-12-29,-0.0008731451
TOPIX1000,return,TOPIX1000_return,2018-01-04,0.0258730705
TOPIX1000,return,TOPIX1000_return,2018-01-05,0.0091101738
TOPIX1000,return,TOPIX1000_return,2018-01-09,0.0048594423
TOPIX1000,return,TOPIX1000_return,2018-01-10,0.0015234879
TOPIX1000,return,TOPIX1000_return,2018-01-11,-0.0022469425
TOPIX1000,return,TOPIX1000_return,2018-01-12,-0.0063728552
TOPIX1000,return,TOPIX1000_return,2018-01-15,0.004134087
TOPIX1000,return,TOPIX1000_return,2018-01-16,0.0056450803
TOPIX1000,return,TOPIX1000_return,2018-01-17,-0.00168888
TOPIX1000,return,TOPIX1000_return,2018-01-18,-0.0073361954
TOPIX1000,return,TOPIX1000_return,2018-01-19,0.0068954641
TOPIX1000,return,TOPIX1000_return,2018-01-22,0.001048512
TOPIX1000,return,TOPIX1000_return,2018-01-23,0.0101920198
TOPIX1000,return,TOPIX1000_return,2018-01-24,-0.0053651489
TOPIX1000,return,TOPIX1000_return,2018-01-25,-0.0088502424
TOPIX1000,return,TOPIX1000_return,2018-01-26,-0.002976481
TOPIX1000,return,TOPIX1000_return,2018-01-29,0.0005602953
TOPIX1000,return,TOPIX1000_return,2018-01-30,-0.0118252343
TOPIX1000,return,TOPIX1000_return,2018-01-31,-0.01160814
TOPIX1000,return,TOPIX1000_return,2018-02-01,0.0183826958
TOPIX1000,return,TOPIX1000_return,2018-02-02,-0.0033955261
TOPIX1000,return,TOPIX1000_return,2018-02-05,-0.0216076466
TOPIX1000,return,TOPIX1000_return,2018-02-06,-0.0433984393
TOPIX1000,return,TOPIX1000_return,2018-02-07,0.0037723571
TOPIX1000,return,TOPIX1000_return,2018-02-08,0.0090195848
TOPIX1000,return,TOPIX1000_return,2018-02-09,-0.0192001927
TOPIX1000,return,TOPIX1000_return,2018-02-13,-0.008857665
TOPIX1000,return,TOPIX1000_return,2018-02-14,-0.0078975474
TOPIX1000,return,TOPIX1000_return,2018-02-15,0.0098044412
TOPIX1000,return,TOPIX1000_return,2018-02-16,0.0103976944
TOPIX1000,return,TOPIX1000_return,2018-02-19,0.0214756629
TOPIX1000,return,TOPIX1000_return,2018-02-20,-0.0075453345
TOPIX1000,return,TOPIX1000_return,2018-02-21,-0.0006767289
TOPIX1000,return,TOPIX1000_return,2018-02-22,-0.0089062259
TOPIX1000,return,TOPIX1000_return,2018-02-23,0.0081191631
TOPIX1000,return,TOPIX1000_return,2018-02-26,0.008511852
TOPIX1000,return,TOPIX1000_return,2018-02-27,0.0090100487
TOPIX1000,return,TOPIX1000_return,2018-02-28,-0.0127604719
TOPIX1000,return,TOPIX1000_return,2018-03-01,-0.0159451713
TOPIX1000,return,TOPIX1000_return,2018-03-02,-0.0185393646
TOPIX1000,return,TOPIX1000_return,2018-03-05,-0.0076163918
TOPIX1000,return,TOPIX1000_return,2018-03-06,0.0125438967
TOPIX1000,return,TOPIX1000_return,2018-03-07,-0.0071386867
TOPIX1000,return,TOPIX1000_return,2018-03-08,0.0036554155
TOPIX1000,return,TOPIX1000_return,2018-03-09,0.0032763523
TOPIX1000,return,TOPIX1000_return,2018-03-12,0.0151635287
TOPIX1000,return,TOPIX1000_return,2018-03-13,0.0053662431
TOPIX1000,return,TOPIX1000_return,2018-03-14,-0.0045765089
TOPIX1000,return,TOPIX1000_return,2018-03-15,0.000316353
TOPIX1000,return,TOPIX1000_return,2018-03-16,-0.0040487639
TOPIX1000,return,TOPIX1000_return,2018-03-19,-0.0094521967
TOPIX1000,return,TOPIX1000_return,2018-03-20,-0.0022050931
TOPIX1000,return,TOPIX1000_return,2018-03-22,0.0064811489
TOPIX1000,return,TOPIX1000_return,2018-03-23,-0.0361311619
TOPIX1000,return,TOPIX1000_return,2018-03-26,0.0038542084
TOPIX1000,return,TOPIX1000_return,2018-03-27,0.0274082852
TOPIX1000,return,TOPIX1000_return,2018-03-28,-0.0012553241
TOPIX1000,return,TOPIX1000_return,2018-03-29,0.0025040657
TOPIX1000,return,TOPIX1000_return,2018-03-30,0.0072256549
TOPIX1000,return,TOPIX1000_return,2018-04-02,-0.00439928
TOPIX1000,return,TOPIX1000_return,2018-04-03,-0.0029871687
TOPIX1000,return,TOPIX1000_return,2018-04-04,0.0009188895
TOPIX1000,return,TOPIX1000_return,2018-04-05,0.0111414975
TOPIX1000,return,TOPIX1000_return,2018-04-06,-0.0030170862
TOPIX1000,return,TOPIX1000_return,2018-04-09,0.0039227591
TOPIX1000,return,TOPIX1000_return,2018-04-10,0.0035341699
TOPIX1000,return,TOPIX1000_return,2018-04-11,-0.0037431025
TOPIX1000,return,TOPIX1000_return,2018-04-12,-0.0039791404
TOPIX1000,return,TOPIX1000_return,2018-04-13,0.0063248073
TOPIX1000,return,TOPIX1000_return,2018-04-16,0.0041444279
TOPIX1000,return,TOPIX1000_return,2018-04-17,-0.0033291387
TOPIX1000,return,TOPIX1000_return,2018-04-18,0.011368074
TOPIX1000,return,TOPIX1000_return,2018-04-19,0.0002142774
TOPIX1000,return,TOPIX1000_return,2018-04-20,0.0005821508
TOPIX1000,return,TOPIX1000_return,2018-04-23,-0.0002048909
TOPIX1000,return,TOPIX1000_return,2018-04-24,0.0109589772
TOPIX1000,return,TOPIX1000_return,2018-04-25,-0.00118804
TOPIX1000,return,TOPIX1000_return,2018-04-26,0.002425103
TOPIX1000,return,TOPIX1000_return,2018-04-27,0.0030815365
TOPIX1000,return,TOPIX1000_return,2018-05-01,-0.001540666
TOPIX1000,return,TOPIX1000_return,2018-05-02,-0.0017405102
TOPIX1000,return,TOPIX1000_return,2018-05-07,0.0007729358
TOPIX1000,return,TOPIX1000_return,2018-05-08,0.0035899369
TOPIX1000,return,TOPIX1000_return,2018-05-09,-0.0039435165
TOPIX1000,return,TOPIX1000_return,2018-05-10,0.0027590393
TOPIX1000,return,TOPIX1000_return,2018-05-11,0.0098868696
TOPIX1000,return,TOPIX1000_return,2018-05-14,0.0062935751
TOPIX1000,return,TOPIX1000_return,2018-05-15,-0.0004151005
TOPIX1000,return,TOPIX1000_return,2018-05-16,-0.0026545141
TOPIX1000,return,TOPIX1000_return,2018-05-17,0.0045807481
TOPIX1000,return,TOPIX1000_return,2018-05-18,0.0038748136
TOPIX1000,return,TOPIX1000_return,2018-05-21,-0.0010322217
TOPIX1000,return,TOPIX1000_return,2018-05-22,-0.0022285024
TOPIX1000,return,TOPIX1000_return,2018-05-23,-0.0070337048
TOPIX1000,return,TOPIX1000_return,2018-05-24,-0.0121398744
TOPIX1000,return,TOPIX1000_return,2018-05-25,-0.0020979545
TOPIX1000,return,TOPIX1000_return,2018-05-28,-0.00074055
TOPIX1000,return,TOPIX1000_return,2018-05-29,-0.0047003471
TOPIX1000,return,TOPIX1000_return,2018-05-30,-0.0147458568
TOPIX1000,return,TOPIX1000_return,2018-05-31,0.006553714
TOPIX1000,return,TOPIX1000_return,2018-06-01,0.0008908841
TOPIX1000,return,TOPIX1000_return,2018-06-04,0.0146274395
TOPIX1000,return,TOPIX1000_return,2018-06-05,0.0003398627
TOPIX1000,return,TOPIX1000_return,2018-06-06,0.0015656379
TOPIX1000,return,TOPIX1000_return,2018-06-07,0.0069906028
TOPIX1000,return,TOPIX1000_return,2018-06-08,-0.0044065551
TOPIX1000,return,TOPIX1000_return,2018-06-11,0.0030086373
TOPIX1000,return,TOPIX1000_return,2018-06-12,0.0034554282
TOPIX1000,return,TOPIX1000_return,2018-06-13,0.004206739
TOPIX1000,return,TOPIX1000_return,2018-06-14,-0.0092830096
TOPIX1000,return,TOPIX1000_return,2018-06-15,0.0031689932
TOPIX1000,return,TOPIX1000_return,2018-06-18,-0.0099549822
TOPIX1000,return,TOPIX1000_return,2018-06-19,-0.0155169574
TOPIX1000,return,TOPIX1000_return,2018-06-20,0.0050998235
TOPIX1000,return,TOPIX1000_return,2018-06-21,-0.0011338113
TOPIX1000,return,TOPIX1000_return,2018-06-22,-0.0037584489
TOPIX1000,return,TOPIX1000_return,2018-06-25,-0.0090536446
TOPIX1000,return,TOPIX1000_return,2018-06-26,0.0016302597
TOPIX1000,return,TOPIX1000_return,2018-06-27,0.0012796366
TOPIX1000,return,TOPIX1000_return,2018-06-28,-0.002518276
TOPIX1000,return,TOPIX1000_return,2018-06-29,0.0022985513
TOPIX1000,return,TOPIX1000_return,2018-07-02,-0.0204511278
TOPIX1000,return,TOPIX1000_return,2018-07-03,-0.0011177848
TOPIX1000,return,TOPIX1000_return,2018-07-04,0.0003650073
TOPIX1000,return,TOPIX1000_return,2018-07-05,-0.0096019511
TOPIX1000,return,TOPIX1000_return,2018-07-06,0.0089096471
TOPIX1000,return,TOPIX1000_return,2018-07-09,0.0119157361
TOPIX1000,return,TOPIX1000_return,2018-07-10,0.0027824548
TOPIX1000,return,TOPIX1000_return,2018-07-11,-0.0083146381
TOPIX1000,return,TOPIX1000_return,2018-07-12,0.00459795
TOPIX1000,return,TOPIX1000_return,2018-07-13,0.0120769776
TOPIX1000,return,TOPIX1000_return,2018-07-17,0.008640763
TOPIX1000,return,TOPIX1000_return,2018-07-18,0.0033755001
TOPIX1000,return,TOPIX1000_return,2018-07-19,-0.000909479
TOPIX1000,return,TOPIX1000_return,2018-07-20,-0.002540453
TOPIX1000,return,TOPIX1000_return,2018-07-23,-0.0037669546
TOPIX1000,return,TOPIX1000_return,2018-07-24,0.0045523381
TOPIX1000,return,TOPIX1000_return,2018-07-25,0.0037314476
TOPIX1000,return,TOPIX1000_return,2018-07-26,0.0067723382
TOPIX1000,return,TOPIX1000_return,2018-07-27,0.0058058041
TOPIX1000,return,TOPIX1000_return,2018-07-30,-0.0044769155
TOPIX1000,return,TOPIX1000_return,2018-07-31,-0.0083457033
TOPIX1000,return,TOPIX1000_return,2018-08-01,0.009663361
TOPIX1000,return,TOPIX1000_return,2018-08-02,-0.0100163494
TOPIX1000,return,TOPIX1000_return,2018-08-03,-0.0051586074
TOPIX1000,return,TOPIX1000_return,2018-08-06,-0.0055023041
TOPIX1000,return,TOPIX1000_return,2018-08-07,0.0076521062
TOPIX1000,return,TOPIX1000_return,2018-08-08,-0.000870063
TOPIX1000,return,TOPIX1000_return,2018-08-09,-0.0026593144
TOPIX1000,return,TOPIX1000_return,2018-08-10,-0.0115762144
TOPIX1000,return,TOPIX1000_return,2018-08-13,-0.0213260452
TOPIX1000,return,TOPIX1000_return,2018-08-14,0.0162634397
TOPIX1000,return,TOPIX1000_return,2018-08-15,-0.0074387
TOPIX1000,return,TOPIX1000_return,2018-08-16,-0.0060634778
TOPIX1000,return,TOPIX1000_return,2018-08-17,0.0061534798
TOPIX1000,return,TOPIX1000_return,2018-08-20,-0.0028712668
TOPIX1000,return,TOPIX1000_return,2018-08-21,-0.0038297811
TOPIX1000,return,TOPIX1000_return,2018-08-22,0.0075974736
TOPIX1000,return,TOPIX1000_return,2018-08-23,-0.0003825079
TOPIX1000,return,TOPIX1000_return,2018-08-24,0.0064046282
TOPIX1000,return,TOPIX1000_return,2018-08-27,0.0114731595
TOPIX1000,return,TOPIX1000_return,2018-08-28,0.0016539877
TOPIX1000,return,TOPIX1000_return,2018-08-29,0.004784891
TOPIX1000,return,TOPIX1000_return,2018-08-30,-0.0004622043
TOPIX1000,return,TOPIX1000_return,2018-08-31,-0.0020972292
TOPIX1000,return,TOPIX1000_return,2018-09-03,-0.0084814855
TOPIX1000,return,TOPIX1000_return,2018-09-04,-0.0011471409
TOPIX1000,return,TOPIX1000_return,2018-09-05,-0.0078642932
TOPIX1000,return,TOPIX1000_return,2018-09-06,-0.0074360721
TOPIX1000,return,TOPIX1000_return,2018-09-07,-0.0048041161
TOPIX1000,return,TOPIX1000_return,2018-09-10,0.0018758983
TOPIX1000,return,TOPIX1000_return,2018-09-11,0.006916983
TOPIX1000,return,TOPIX1000_return,2018-09-12,-0.0042927417
TOPIX1000,return,TOPIX1000_return,2018-09-13,0.0112390897
TOPIX1000,return,TOPIX1000_return,2018-09-14,0.0108626466
TOPIX1000,return,TOPIX1000_return,2018-09-18,0.0182228923
TOPIX1000,return,TOPIX1000_return,2018-09-19,0.0146540344
TOPIX1000,return,TOPIX1000_return,2018-09-20,0.0010319308
TOPIX1000,return,TOPIX1000_return,2018-09-21,0.0090144557
TOPIX1000,return,TOPIX1000_return,2018-09-25,0.0098385606
TOPIX1000,return,TOPIX1000_return,2018-09-26,0.0074518438
TOPIX1000,return,TOPIX1000_return,2018-09-27,-0.0116923989
TOPIX1000,return,TOPIX1000_return,2018-09-28,0.0097492433
TOPIX1000,return,TOPIX1000_return,2018-10-01,0.0004432998
TOPIX1000,return,TOPIX1000_return,2018-10-02,0.0035359203
TOPIX1000,return,TOPIX1000_return,2018-10-03,-0.0115462812
TOPIX1000,return,TOPIX1000_return,2018-10-04,-0.0011033038
TOPIX1000,return,TOPIX1000_return,2018-10-05,-0.0045792583
TOPIX1000,return,TOPIX1000_return,2018-10-09,-0.0175927365
TOPIX1000,return,TOPIX1000_return,2018-10-10,0.0015136939
TOPIX1000,return,TOPIX1000_return,2018-10-11,-0.0351173946
TOPIX1000,return,TOPIX1000_return,2018-10-12,0.000193974
TOPIX1000,return,TOPIX1000_return,2018-10-15,-0.0158025254
TOPIX1000,return,TOPIX1000_return,2018-10-16,0.0078022094
TOPIX1000,return,TOPIX1000_return,2018-10-17,0.0151258103
TOPIX1000,return,TOPIX1000_return,2018-10-18,-0.0053849879
TOPIX1000,return,TOPIX1000_return,2018-10-19,-0.0070441167
TOPIX1000,return,TOPIX1000_return,2018-10-22,0.0013845605
TOPIX1000,return,TOPIX1000_return,2018-10-23,-0.026389108
TOPIX1000,return,TOPIX1000_return,2018-10-24,0.0006197783
TOPIX1000,return,TOPIX1000_return,2018-10-25,-0.0306527554
TOPIX1000,return,TOPIX1000_return,2018-10-26,-0.0026916694
TOPIX1000,return,TOPIX1000_return,2018-10-29,-0.0036525257
TOPIX1000,return,TOPIX1000_return,2018-10-30,0.0131192688
TOPIX1000,return,TOPIX1000_return,2018-10-31,0.0216457434
TOPIX1000,return,TOPIX1000_return,2018-11-01,-0.0087224155
TOPIX1000,return,TOPIX1000_return,2018-11-02,0.016665516
TOPIX1000,return,TOPIX1000_return,2018-11-05,-0.0113391523
TOPIX1000,return,TOPIX1000_return,2018-11-06,0.0117491101
TOPIX1000,return,TOPIX1000_return,2018-11-07,-0.0042656308
TOPIX1000,return,TOPIX1000_return,2018-11-08,0.0174960167
TOPIX1000,return,TOPIX1000_return,2018-11-09,-0.005168049
TOPIX1000,return,TOPIX1000_return,2018-11-12,-0.0005199807
TOPIX1000,return,TOPIX1000_return,2018-11-13,-0.0200874793
TOPIX1000,return,TOPIX1000_return,2018-11-14,0.0020892529
TOPIX1000,return,TOPIX1000_return,2018-11-15,-0.0014815033
TOPIX1000,return,TOPIX1000_return,2018-11-16,-0.0057923309
TOPIX1000,return,TOPIX1000_return,2018-11-19,0.0050650801
TOPIX1000,return,TOPIX1000_return,2018-11-20,-0.0073405411
TOPIX1000,return,TOPIX1000_return,2018-11-21,-0.0060526603
TOPIX1000,return,TOPIX1000_return,2018-11-22,0.0081574785
TOPIX1000,return,TOPIX1000_return,2018-11-26,0.0020266123
TOPIX1000,return,TOPIX1000_return,2018-11-27,0.0072808709
TOPIX1000,return,TOPIX1000_return,2018-11-28,0.0056561491
TOPIX1000,return,TOPIX1000_return,2018-11-29,0.0033601491
TOPIX1000,return,TOPIX1000_return,2018-11-30,0.0047222923
TOPIX1000,return,TOPIX1000_return,2018-12-03,0.0130810513
TOPIX1000,return,TOPIX1000_return,2018-12-04,-0.02366437
TOPIX1000,return,TOPIX1000_return,2018-12-05,-0.005142556
TOPIX1000,return,TOPIX1000_return,2018-12-06,-0.0183398386
TOPIX1000,return,TOPIX1000_return,2018-12-07,0.0068709276
TOPIX1000,return,TOPIX1000_return,2018-12-10,-0.0187834932
TOPIX1000,return,TOPIX1000_return,2018-12-11,-0.0087819705
TOPIX1000,return,TOPIX1000_return,2018-12-12,0.0199254466
TOPIX1000,return,TOPIX1000_return,2018-12-13,0.0060731884
TOPIX1000,return,TOPIX1000_return,2018-12-14,-0.015123591
TOPIX1000,return,TOPIX1000_return,2018-12-17,0.0016421939
TOPIX1000,return,TOPIX1000_return,2018-12-18,-0.0196134318
TOPIX1000,return,TOPIX1000_return,2018-12-19,-0.0041318699
TOPIX1000,return,TOPIX1000_return,2018-12-20,-0.0246564018
TOPIX1000,return,TOPIX1000_return,2018-12-21,-0.0188432891
TOPIX1000,return,TOPIX1000_return,2018-12-25,-0.0485445815
TOPIX1000,return,TOPIX1000_return,2018-12-26,0.0124616956
TOPIX1000,return,TOPIX1000_return,2018-12-27,0.0483644965
TOPIX1000,return,TOPIX1000_return,2018-12-28,-0.0049935042
TOPIX1000,return,TOPIX1000_return,2019-01-04,-0.0155015564
TOPIX1000,return,TOPIX1000_return,2019-01-07,0.0282220895
TOPIX1000,return,TOPIX1000_return,2019-01-08,0.0038799981
TOPIX1000,return,TOPIX1000_return,2019-01-09,0.0114050285
TOPIX1000,return,TOPIX1000_return,2019-01-10,-0.008620645
TOPIX1000,return,TOPIX1000_return,2019-01-11,0.0053365925
TOPIX1000,return,TOPIX1000_return,2019-01-15,0.0084343397
TOPIX1000,return,TOPIX1000_return,2019-01-16,-0.0030219605
TOPIX1000,return,TOPIX1000_return,2019-01-17,0.0034484935
TOPIX1000,return,TOPIX1000_return,2019-01-18,0.0094678068
TOPIX1000,return,TOPIX1000_return,2019-01-21,0.0055986138
TOPIX1000,return,TOPIX1000_return,2019-01-22,-0.0063562517
TOPIX1000,return,TOPIX1000_return,2019-01-23,-0.0059534137
TOPIX1000,return,TOPIX1000_return,2019-01-24,0.003546783
TOPIX1000,return,TOPIX1000_return,2019-01-25,0.008908088
TOPIX1000,return,TOPIX1000_return,2019-01-28,-0.0067142114
TOPIX1000,return,TOPIX1000_return,2019-01-29,0.0010672098
TOPIX1000,return,TOPIX1000_return,2019-01-30,-0.0035796184
TOPIX1000,return,TOPIX1000_return,2019-01-31,0.010855126
TOPIX1000,return,TOPIX1000_return,2019-02-01,-0.0018408445
TOPIX1000,return,TOPIX1000_return,2019-02-04,0.0101947776
TOPIX1000,return,TOPIX1000_return,2019-02-05,0.0007048639
TOPIX1000,return,TOPIX1000_return,2019-02-06,-0.0004103869
TOPIX1000,return,TOPIX1000_return,2019-02-07,-0.0083449517
TOPIX1000,return,TOPIX1000_return,2019-02-08,-0.0190288294
TOPIX1000,return,TOPIX1000_return,2019-02-12,0.0216597635
TOPIX1000,return,TOPIX1000_return,2019-02-13,0.0108247086
TOPIX1000,return,TOPIX1000_return,2019-02-14,0.0002977467
TOPIX1000,return,TOPIX1000_return,2019-02-15,-0.0079913633
TOPIX1000,return,TOPIX1000_return,2019-02-18,0.0155215387
TOPIX1000,return,TOPIX1000_return,2019-02-19,0.0029096265
TOPIX1000,return,TOPIX1000_return,2019-02-20,0.0043842849
TOPIX1000,return,TOPIX1000_return,2019-02-21,-1.49646e-05
TOPIX1000,return,TOPIX1000_return,2019-02-22,-0.0024113297
TOPIX1000,return,TOPIX1000_return,2019-02-25,0.007012156
TOPIX1000,return,TOPIX1000_return,2019-02-26,-0.0019300704
TOPIX1000,return,TOPIX1000_return,2019-02-27,0.0019486785
TOPIX1000,return,TOPIX1000_return,2019-02-28,-0.0080816383
TOPIX1000,return,TOPIX1000_return,2019-03-01,0.0051539193
TOPIX1000,return,TOPIX1000_return,2019-03-04,0.0073612032
TOPIX1000,return,TOPIX1000_return,2019-03-05,-0.0051934997
TOPIX1000,return,TOPIX1000_return,2019-03-06,-0.0023626493
TOPIX1000,return,TOPIX1000_return,2019-03-07,-0.0084204255
TOPIX1000,return,TOPIX1000_return,2019-03-08,-0.0179952834
TOPIX1000,return,TOPIX1000_return,2019-03-11,0.0057615806
TOPIX1000,return,TOPIX1000_return,2019-03-12,0.0151428869
TOPIX1000,return,TOPIX1000_return,2019-03-13,-0.0083050509
TOPIX1000,return,TOPIX1000_return,2019-03-14,-0.0023718019
TOPIX1000,return,TOPIX1000_return,2019-03-15,0.0090809058
TOPIX1000,return,TOPIX1000_return,2019-03-18,0.0065781091
TOPIX1000,return,TOPIX1000_return,2019-03-19,-0.0019332379
TOPIX1000,return,TOPIX1000_return,2019-03-20,0.0024249502
TOPIX1000,return,TOPIX1000_return,2019-03-22,0.001470296
TOPIX1000,return,TOPIX1000_return,2019-03-25,-0.0245715122
TOPIX1000,return,TOPIX1000_return,2019-03-26,0.0254243334
TOPIX1000,return,TOPIX1000_return,2019-03-27,0.0055885594
TOPIX1000,return,TOPIX1000_return,2019-03-28,-0.0163815107
TOPIX1000,return,TOPIX1000_return,2019-03-29,0.005730221
TOPIX1000,return,TOPIX1000_return,2019-04-01,0.0150242269
TOPIX1000,return,TOPIX1000_return,2019-04-02,-0.0024408714
TOPIX1000,return,TOPIX1000_return,2019-04-03,0.0061784505
TOPIX1000,return,TOPIX1000_return,2019-04-04,-0.0011008798
TOPIX1000,return,TOPIX1000_return,2019-04-05,0.0035413923
TOPIX1000,return,TOPIX1000_return,2019-04-08,-0.0033677764
TOPIX1000,return,TOPIX1000_return,2019-04-09,-0.0007052255
TOPIX1000,return,TOPIX1000_return,2019-04-10,-0.0068562971
TOPIX1000,return,TOPIX1000_return,2019-04-11,-0.0006761018
TOPIX1000,return,TOPIX1000_return,2019-04-12,-0.0006568071
TOPIX1000,return,TOPIX1000_return,2019-04-15,0.013682485
TOPIX1000,return,TOPIX1000_return,2019-04-16,-0.0007214374
TOPIX1000,return,TOPIX1000_return,2019-04-17,0.0026097328
TOPIX1000,return,TOPIX1000_return,2019-04-18,-0.0093464314
TOPIX1000,return,TOPIX1000_return,2019-04-19,0.0012081803
TOPIX1000,return,TOPIX1000_return,2019-04-22,0.0011037095
TOPIX1000,return,TOPIX1000_return,2019-04-23,0.0026606333
TOPIX1000,return,TOPIX1000_return,2019-04-24,-0.0067098029
TOPIX1000,return,TOPIX1000_return,2019-04-25,0.0049397062
TOPIX1000,return,TOPIX1000_return,2019-04-26,-0.0013952521
TOPIX1000,return,TOPIX1000_return,2019-05-07,-0.0113202302
TOPIX1000,return,TOPIX1000_return,2019-05-08,-0.0172713893
TOPIX1000,return,TOPIX1000_return,2019-05-09,-0.0135633774
TOPIX1000,return,TOPIX1000_return,2019-05-10,-0.0009054079
TOPIX1000,return,TOPIX1000_return,2019-05-13,-0.0052018534
TOPIX1000,return,TOPIX1000_return,2019-05-14,-0.004204911
TOPIX1000,return,TOPIX1000_return,2019-05-15,0.0057937692
TOPIX1000,return,TOPIX1000_return,2019-05-16,-0.0042701299
TOPIX1000,return,TOPIX1000_return,2019-05-17,0.0107084615
TOPIX1000,return,TOPIX1000_return,2019-05-20,0.000592248
TOPIX1000,return,TOPIX1000_return,2019-05-21,-0.0029035585
TOPIX1000,return,TOPIX1000_return,2019-05-22,-0.0026561716
TOPIX1000,return,TOPIX1000_return,2019-05-23,-0.0035971777
TOPIX1000,return,TOPIX1000_return,2019-05-24,0.000257501
TOPIX1000,return,TOPIX1000_return,2019-05-27,0.0036503728
TOPIX1000,return,TOPIX1000_return,2019-05-28,0.002724013
TOPIX1000,return,TOPIX1000_return,2019-05-29,-0.0094492597
TOPIX1000,return,TOPIX1000_return,2019-05-30,-0.0028562058
TOPIX1000,return,TOPIX1000_return,2019-05-31,-0.0130112819
TOPIX1000,return,TOPIX1000_return,2019-06-03,-0.008459529
TOPIX1000,return,TOPIX1000_return,2019-06-04,-0.0002540489
TOPIX1000,return,TOPIX1000_return,2019-06-05,0.0206254897
TOPIX1000,return,TOPIX1000_return,2019-06-06,-0.0032782125
TOPIX1000,return,TOPIX1000_return,2019-06-07,0.0052197176
TOPIX1000,return,TOPIX1000_return,2019-06-10,0.0134759454
TOPIX1000,return,TOPIX1000_return,2019-06-11,0.0054760375
TOPIX1000,return,TOPIX1000_return,2019-06-12,-0.0045825419
TOPIX1000,return,TOPIX1000_return,2019-06-13,-0.008135476
TOPIX1000,return,TOPIX1000_return,2019-06-14,0.0033601768
TOPIX1000,return,TOPIX1000_return,2019-06-17,-0.0044771297
TOPIX1000,return,TOPIX1000_return,2019-06-18,-0.0068464027
TOPIX1000,return,TOPIX1000_return,2019-06-19,0.0173869369
TOPIX1000,return,TOPIX1000_return,2019-06-20,0.002951958
TOPIX1000,return,TOPIX1000_return,2019-06-21,-0.0091958621
TOPIX1000,return,TOPIX1000_return,2019-06-24,0.00123128
TOPIX1000,return,TOPIX1000_return,2019-06-25,-0.0027413647
TOPIX1000,return,TOPIX1000_return,2019-06-26,-0.0043162947
TOPIX1000,return,TOPIX1000_return,2019-06-27,0.0123597362
TOPIX1000,return,TOPIX1000_return,2019-06-28,-0.0012794959
TOPIX1000,return,TOPIX1000_return,2019-07-01,0.0216772152
TOPIX1000,return,TOPIX1000_return,2019-07-02,0.0029925013
TOPIX1000,return,TOPIX1000_return,2019-07-03,-0.0068188837
TOPIX1000,return,TOPIX1000_return,2019-07-04,0.0063692031
TOPIX1000,return,TOPIX1000_return,2019-07-05,0.001714233
TOPIX1000,return,TOPIX1000_return,2019-07-08,-0.0088552372
TOPIX1000,return,TOPIX1000_return,2019-07-09,-0.0020528433
TOPIX1000,return,TOPIX1000_return,2019-07-10,-0.0022433131
TOPIX1000,return,TOPIX1000_return,2019-07-11,0.0043655487
TOPIX1000,return,TOPIX1000_return,2019-07-12,-0.0013301412
TOPIX1000,return,TOPIX1000_return,2019-07-16,-0.0048397056
TOPIX1000,return,TOPIX1000_return,2019-07-17,-0.0006666196
TOPIX1000,return,TOPIX1000_return,2019-07-18,-0.0208911887
TOPIX1000,return,TOPIX1000_return,2019-07-19,0.0192930508
TOPIX1000,return,TOPIX1000_return,2019-07-22,-0.0049015629
TOPIX1000,return,TOPIX1000_return,2019-07-23,0.0080297988
TOPIX1000,return,TOPIX1000_return,2019-07-24,0.0041292606
TOPIX1000,return,TOPIX1000_return,2019-07-25,0.0015635401
TOPIX1000,return,TOPIX1000_return,2019-07-26,-0.0039955829
TOPIX1000,return,TOPIX1000_return,2019-07-29,-0.0020158346
TOPIX1000,return,TOPIX1000_return,2019-07-30,0.0044690934
TOPIX1000,return,TOPIX1000_return,2019-07-31,-0.0066008932
TOPIX1000,return,TOPIX1000_return,2019-08-01,0.0014221083
TOPIX1000,return,TOPIX1000_return,2019-08-02,-0.0214622867
TOPIX1000,return,TOPIX1000_return,2019-08-05,-0.0178944415
TOPIX1000,return,TOPIX1000_return,2019-08-06,-0.004432981
TOPIX1000,return,TOPIX1000_return,2019-08-07,0.0004384478
TOPIX1000,return,TOPIX1000_return,2019-08-08,-0.0010083417
TOPIX1000,return,TOPIX1000_return,2019-08-09,0.0034879161
TOPIX1000,return,TOPIX1000_return,2019-08-13,-0.0114966912
TOPIX1000,return,TOPIX1000_return,2019-08-14,0.0085883024
TOPIX1000,return,TOPIX1000_return,2019-08-15,-0.0103481633
TOPIX1000,return,TOPIX1000_return,2019-08-16,0.0010034214
TOPIX1000,return,TOPIX1000_return,2019-08-19,0.0061054622
TOPIX1000,return,TOPIX1000_return,2019-08-20,0.0081672342
TOPIX1000,return,TOPIX1000_return,2019-08-21,-0.0059930187
TOPIX1000,return,TOPIX1000_return,2019-08-22,0.0005447344
TOPIX1000,return,TOPIX1000_return,2019-08-23,0.0029495313
TOPIX1000,return,TOPIX1000_return,2019-08-26,-0.0159689371
TOPIX1000,return,TOPIX1000_return,2019-08-27,0.0079639988
TOPIX1000,return,TOPIX1000_return,2019-08-28,0.0005739077
TOPIX1000,return,TOPIX1000_return,2019-08-29,0.0003133679
TOPIX1000,return,TOPIX1000_return,2019-08-30,0.0142964304
TOPIX1000,return,TOPIX1000_return,2019-09-02,-0.0042185482
TOPIX1000,return,TOPIX1000_return,2019-09-03,0.0035741507
TOPIX1000,return,TOPIX1000_return,2019-09-04,-0.0024300941
TOPIX1000,return,TOPIX1000_return,2019-09-05,0.0183124465
TOPIX1000,return,TOPIX1000_return,2019-09-06,0.0019230869
TOPIX1000,return,TOPIX1000_return,2019-09-09,0.0090721553
TOPIX1000,return,TOPIX1000_return,2019-09-10,0.0044723221
TOPIX1000,return,TOPIX1000_return,2019-09-11,0.0164693459
TOPIX1000,return,TOPIX1000_return,2019-09-12,0.007411995
TOPIX1000,return,TOPIX1000_return,2019-09-13,0.0093008428
TOPIX1000,return,TOPIX1000_return,2019-09-17,0.0029228399
TOPIX1000,return,TOPIX1000_return,2019-09-18,-0.0049076509
TOPIX1000,return,TOPIX1000_return,2019-09-19,0.0052418922
TOPIX1000,return,TOPIX1000_return,2019-09-20,0.0002104939
TOPIX1000,return,TOPIX1000_return,2019-09-24,0.0041561218
TOPIX1000,return,TOPIX1000_return,2019-09-25,-0.0017842206
TOPIX1000,return,TOPIX1000_return,2019-09-26,0.0018362962
TOPIX1000,return,TOPIX1000_return,2019-09-27,-0.001949926
TOPIX1000,return,TOPIX1000_return,2019-09-30,-0.0102131042
TOPIX1000,return,TOPIX1000_return,2019-10-01,0.0094549088
TOPIX1000,return,TOPIX1000_return,2019-10-02,-0.0044876103
TOPIX1000,return,TOPIX1000_return,2019-10-03,-0.017098599
TOPIX1000,return,TOPIX1000_return,2019-10-04,0.0025828709
TOPIX1000,return,TOPIX1000_return,2019-10-07,-0.0001394274
TOPIX1000,return,TOPIX1000_return,2019-10-08,0.0086168951
TOPIX1000,return,TOPIX1000_return,2019-10-09,-0.0032957474
TOPIX1000,return,TOPIX1000_return,2019-10-10,0.000188437
TOPIX1000,return,TOPIX1000_return,2019-10-11,0.0090953656
TOPIX1000,return,TOPIX1000_return,2019-10-15,0.0156495329
TOPIX1000,return,TOPIX1000_return,2019-10-16,0.0069254393
TOPIX1000,return,TOPIX1000_return,2019-10-17,-0.0045147769
TOPIX1000,return,TOPIX1000_return,2019-10-18,-0.0014474364
TOPIX1000,return,TOPIX1000_return,2019-10-21,0.0040200907
TOPIX1000,return,TOPIX1000_return,2019-10-23,0.0058085132
TOPIX1000,return,TOPIX1000_return,2019-10-24,0.0035119763
TOPIX1000,return,TOPIX1000_return,2019-10-25,0.0028177806
TOPIX1000,return,TOPIX1000_return,2019-10-28,-9.50425e-05
TOPIX1000,return,TOPIX1000_return,2019-10-29,0.0087015653
TOPIX1000,return,TOPIX1000_return,2019-10-30,0.0014566531
TOPIX1000,return,TOPIX1000_return,2019-10-31,0.0008284458
TOPIX1000,return,TOPIX1000_return,2019-11-01,-0.0002398623
TOPIX1000,return,TOPIX1000_return,2019-11-05,0.0166061222
TOPIX1000,return,TOPIX1000_return,2019-11-06,0.0001990736
TOPIX1000,return,TOPIX1000_return,2019-11-07,0.002276214
TOPIX1000,return,TOPIX1000_return,2019-11-08,0.002898872
TOPIX1000,return,TOPIX1000_return,2019-11-11,0.0004833291
TOPIX1000,return,TOPIX1000_return,2019-11-12,0.0033076934
TOPIX1000,return,TOPIX1000_return,2019-11-13,-0.0053235852
TOPIX1000,return,TOPIX1000_return,2019-11-14,-0.0092749182
TOPIX1000,return,TOPIX1000_return,2019-11-15,0.0069934625
TOPIX1000,return,TOPIX1000_return,2019-11-18,0.00239347
TOPIX1000,return,TOPIX1000_return,2019-11-19,-0.0023647068
TOPIX1000,return,TOPIX1000_return,2019-11-20,-0.0032113962
TOPIX1000,return,TOPIX1000_return,2019-11-21,-0.0011217367
TOPIX1000,return,TOPIX1000_return,2019-11-22,0.0011369649
TOPIX1000,return,TOPIX1000_return,2019-11-25,0.0069021609
TOPIX1000,return,TOPIX1000_return,2019-11-26,0.0017171531
TOPIX1000,return,TOPIX1000_return,2019-11-27,0.0029918242
TOPIX1000,return,TOPIX1000_return,2019-11-28,-0.001539607
TOPIX1000,return,TOPIX1000_return,2019-11-29,-0.0053233018
TOPIX1000,return,TOPIX1000_return,2019-12-02,0.0090334859
TOPIX1000,return,TOPIX1000_return,2019-12-03,-0.0044580398
TOPIX1000,return,TOPIX1000_return,2019-12-04,-0.0022688548
TOPIX1000,return,TOPIX1000_return,2019-12-05,0.0048656999
TOPIX1000,return,TOPIX1000_return,2019-12-06,0.0009803751
TOPIX1000,return,TOPIX1000_return,2019-12-09,0.0050707066
TOPIX1000,return,TOPIX1000_return,2019-12-10,-0.0009015737
TOPIX1000,return,TOPIX1000_return,2019-12-11,-0.0033953459
TOPIX1000,return,TOPIX1000_return,2019-12-12,-0.0011524056
TOPIX1000,return,TOPIX1000_return,2019-12-13,0.0160607725
TOPIX1000,return,TOPIX1000_return,2019-12-16,-0.0019150268
TOPIX1000,return,TOPIX1000_return,2019-12-17,0.0058328064
TOPIX1000,return,TOPIX1000_return,2019-12-18,-0.0049641825
TOPIX1000,return,TOPIX1000_return,2019-12-19,-0.0013802607
TOPIX1000,return,TOPIX1000_return,2019-12-20,-0.0019017634
TOPIX1000,return,TOPIX1000_return,2019-12-23,-0.0019504624
TOPIX1000,return,TOPIX1000_return,2019-12-24,-0.0007255636
TOPIX1000,return,TOPIX1000_return,2019-12-25,-0.0038207667
TOPIX1000,return,TOPIX1000_return,2019-12-26,0.0055071286
TOPIX1000,return,TOPIX1000_return,2019-12-27,0.0023874803
TOPIX1000,return,TOPIX1000_return,2019-12-30,-0.0068288395
TOPIX1000,return,TOPIX1000_return,2020-01-06,-0.01377443
TOPIX1000,return,TOPIX1000_return,2020-01-07,0.0161953224
TOPIX1000,return,TOPIX1000_return,2020-01-08,-0.0135307265
TOPIX1000,return,TOPIX1000_return,2020-01-09,0.0162893419
TOPIX1000,return,TOPIX1000_return,2020-01-10,0.0036867349
TOPIX1000,return,TOPIX1000_return,2020-01-14,0.0034022676
TOPIX1000,return,TOPIX1000_return,2020-01-15,-0.0056078969
TOPIX1000,return,TOPIX1000_return,2020-01-16,-0.001166843
TOPIX1000,return,TOPIX1000_return,2020-01-17,0.0039798969
TOPIX1000,return,TOPIX1000_return,2020-01-20,0.0049653424
TOPIX1000,return,TOPIX1000_return,2020-01-21,-0.0056542362
TOPIX1000,return,TOPIX1000_return,2020-01-22,0.0053344614
TOPIX1000,return,TOPIX1000_return,2020-01-23,-0.0078694294
TOPIX1000,return,TOPIX1000_return,2020-01-24,0.0002759616
TOPIX1000,return,TOPIX1000_return,2020-01-27,-0.0160808794
TOPIX1000,return,TOPIX1000_return,2020-01-28,-0.0062432016
TOPIX1000,return,TOPIX1000_return,2020-01-29,0.0047465497
TOPIX1000,return,TOPIX1000_return,2020-01-30,-0.0147571396
TOPIX1000,return,TOPIX1000_return,2020-01-31,0.005720214
TOPIX1000,return,TOPIX1000_return,2020-02-03,-0.0068726589
TOPIX1000,return,TOPIX1000_return,2020-02-04,0.0067704459
TOPIX1000,return,TOPIX1000_return,2020-02-05,0.0105497978
TOPIX1000,return,TOPIX1000_return,2020-02-06,0.0208103385
TOPIX1000,return,TOPIX1000_return,2020-02-07,-0.0026625819
TOPIX1000,return,TOPIX1000_return,2020-02-10,-0.0072411394
TOPIX1000,return,TOPIX1000_return,2020-02-12,-0.0003731612
TOPIX1000,return,TOPIX1000_return,2020-02-13,-0.0034093197
TOPIX1000,return,TOPIX1000_return,2020-02-14,-0.0059833288
TOPIX1000,return,TOPIX1000_return,2020-02-17,-0.0086477504
TOPIX1000,return,TOPIX1000_return,2020-02-18,-0.0129502475
TOPIX1000,return,TOPIX1000_return,2020-02-19,0.0037096742
TOPIX1000,return,TOPIX1000_return,2020-02-20,0.0017731492
TOPIX1000,return,TOPIX1000_return,2020-02-21,-0.0002847896
TOPIX1000,return,TOPIX1000_return,2020-02-25,-0.0329343804
TOPIX1000,return,TOPIX1000_return,2020-02-26,-0.007531012
TOPIX1000,return,TOPIX1000_return,2020-02-27,-0.023221855
TOPIX1000,return,TOPIX1000_return,2020-02-28,-0.0359822487
TOPIX1000,return,TOPIX1000_return,2020-03-02,0.0089940082
TOPIX1000,return,TOPIX1000_return,2020-03-03,-0.0131915301
TOPIX1000,return,TOPIX1000_return,2020-03-04,-0.0016300499
TOPIX1000,return,TOPIX1000_return,2020-03-05,0.009198541
TOPIX1000,return,TOPIX1000_return,2020-03-06,-0.0288539306
TOPIX1000,return,TOPIX1000_return,2020-03-09,-0.0559155005
TOPIX1000,return,TOPIX1000_return,2020-03-10,0.0124142136
TOPIX1000,return,TOPIX1000_return,2020-03-11,-0.0149930328
TOPIX1000,return,TOPIX1000_return,2020-03-12,-0.0412510003
TOPIX1000,return,TOPIX1000_return,2020-03-13,-0.0496678981
TOPIX1000,return,TOPIX1000_return,2020-03-16,-0.0209798354
TOPIX1000,return,TOPIX1000_return,2020-03-17,0.0246449525
TOPIX1000,return,TOPIX1000_return,2020-03-18,0.0025094798
TOPIX1000,return,TOPIX1000_return,2020-03-19,0.0096619843
TOPIX1000,return,TOPIX1000_return,2020-03-23,0.0057806989
TOPIX1000,return,TOPIX1000_return,2020-03-24,0.0320502556
TOPIX1000,return,TOPIX1000_return,2020-03-25,0.0694626385
TOPIX1000,return,TOPIX1000_return,2020-03-26,-0.0187219951
TOPIX1000,return,TOPIX1000_return,2020-03-27,0.0426822207
TOPIX1000,return,TOPIX1000_return,2020-03-30,-0.0041079875
TOPIX1000,return,TOPIX1000_return,2020-03-31,-0.0227840603
TOPIX1000,return,TOPIX1000_return,2020-04-01,-0.0367500785
TOPIX1000,return,TOPIX1000_return,2020-04-02,-0.0151429634
TOPIX1000,return,TOPIX1000_return,2020-04-03,-0.0030496127
TOPIX1000,return,TOPIX1000_return,2020-04-06,0.0385426015
TOPIX1000,return,TOPIX1000_return,2020-04-07,0.0192321718
TOPIX1000,return,TOPIX1000_return,2020-04-08,0.0157922839
TOPIX1000,return,TOPIX1000_return,2020-04-09,-0.0061341173
TOPIX1000,return,TOPIX1000_return,2020-04-10,0.0089690739
TOPIX1000,return,TOPIX1000_return,2020-04-13,-0.0168924569
TOPIX1000,return,TOPIX1000_return,2020-04-14,0.019991424
TOPIX1000,return,TOPIX1000_return,2020-04-15,0.0010724063
TOPIX1000,return,TOPIX1000_return,2020-04-16,-0.0096627967
TOPIX1000,return,TOPIX1000_return,2020-04-17,0.0150352779
TOPIX1000,return,TOPIX1000_return,2020-04-20,-0.0073848358
TOPIX1000,return,TOPIX1000_return,2020-04-21,-0.0115831776
TOPIX1000,return,TOPIX1000_return,2020-04-22,-0.0062061151
TOPIX1000,return,TOPIX1000_return,2020-04-23,0.01321468
TOPIX1000,return,TOPIX1000_return,2020-04-24,-0.003453059
TOPIX1000,return,TOPIX1000_return,2020-04-27,0.0184127502
TOPIX1000,return,TOPIX1000_return,2020-04-28,0.0011643744
TOPIX1000,return,TOPIX1000_return,2020-04-30,0.0103659246
TOPIX1000,return,TOPIX1000_return,2020-05-01,-0.0226099582
TOPIX1000,return,TOPIX1000_return,2020-05-07,-0.0035602146
TOPIX1000,return,TOPIX1000_return,2020-05-08,0.0223211255
TOPIX1000,return,TOPIX1000_return,2020-05-11,0.01526808
TOPIX1000,return,TOPIX1000_return,2020-05-12,-0.0026691774
TOPIX1000,return,TOPIX1000_return,2020-05-13,-0.0014350808
TOPIX1000,return,TOPIX1000_return,2020-05-14,-0.0188245312
TOPIX1000,return,TOPIX1000_return,2020-05-15,0.0048378388
TOPIX1000,return,TOPIX1000_return,2020-05-18,0.0037612517
TOPIX1000,return,TOPIX1000_return,2020-05-19,0.0186506703
TOPIX1000,return,TOPIX1000_return,2020-05-20,0.0057441285
TOPIX1000,return,TOPIX1000_return,2020-05-21,-0.0024366017
TOPIX1000,return,TOPIX1000_return,2020-05-22,-0.0091427722
TOPIX1000,return,TOPIX1000_return,2020-05-25,0.0163920698
TOPIX1000,return,TOPIX1000_return,2020-05-26,0.0219001545
TOPIX1000,return,TOPIX1000_return,2020-05-27,0.0096949903
TOPIX1000,return,TOPIX1000_return,2020-05-28,0.0183104339
TOPIX1000,return,TOPIX1000_return,2020-05-29,-0.0088558952
TOPIX1000,return,TOPIX1000_return,2020-06-01,0.0033080664
TOPIX1000,return,TOPIX1000_return,2020-06-02,0.0120645804
TOPIX1000,return,TOPIX1000_return,2020-06-03,0.0074407367
TOPIX1000,return,TOPIX1000_return,2020-06-04,0.0030838053
TOPIX1000,return,TOPIX1000_return,2020-06-05,0.0053536974
TOPIX1000,return,TOPIX1000_return,2020-06-08,0.0113500735
TOPIX1000,return,TOPIX1000_return,2020-06-09,-0.0014360595
TOPIX1000,return,TOPIX1000_return,2020-06-10,-0.0024205735
TOPIX1000,return,TOPIX1000_return,2020-06-11,-0.0219660029
TOPIX1000,return,TOPIX1000_return,2020-06-12,-0.0112855899
TOPIX1000,return,TOPIX1000_return,2020-06-15,-0.0255792087
TOPIX1000,return,TOPIX1000_return,2020-06-16,0.040903397
TOPIX1000,return,TOPIX1000_return,2020-06-17,-0.0042153156
TOPIX1000,return,TOPIX1000_return,2020-06-18,-0.0026743437
TOPIX1000,return,TOPIX1000_return,2020-06-19,-0.000297995
TOPIX1000,return,TOPIX1000_return,2020-06-22,-0.0024184313
TOPIX1000,return,TOPIX1000_return,2020-06-23,0.0050689833
TOPIX1000,return,TOPIX1000_return,2020-06-24,-0.0040395881
TOPIX1000,return,TOPIX1000_return,2020-06-25,-0.0119822388
TOPIX1000,return,TOPIX1000_return,2020-06-26,0.0097852775
TOPIX1000,return,TOPIX1000_return,2020-06-29,-0.0168063168
TOPIX1000,return,TOPIX1000_return,2020-06-30,0.0065840334
TOPIX1000,return,TOPIX1000_return,2020-07-01,-0.0127202987
TOPIX1000,return,TOPIX1000_return,2020-07-02,0.0032324157
TOPIX1000,return,TOPIX1000_return,2020-07-03,0.0060334594
TOPIX1000,return,TOPIX1000_return,2020-07-06,0.0159333732
TOPIX1000,return,TOPIX1000_return,2020-07-07,-0.0035243671
TOPIX1000,return,TOPIX1000_return,2020-07-08,-0.0091711532
TOPIX1000,return,TOPIX1000_return,2020-07-09,0.0002578022
TOPIX1000,return,TOPIX1000_return,2020-07-10,-0.0139128251
TOPIX1000,return,TOPIX1000_return,2020-07-13,0.0243226439
TOPIX1000,return,TOPIX1000_return,2020-07-14,-0.0051081759
TOPIX1000,return,TOPIX1000_return,2020-07-15,0.015590832
TOPIX1000,return,TOPIX1000_return,2020-07-16,-0.0064591637
TOPIX1000,return,TOPIX1000_return,2020-07-17,-0.0034118847
TOPIX1000,return,TOPIX1000_return,2020-07-20,0.0018784486
TOPIX1000,return,TOPIX1000_return,2020-07-21,0.0032703758
TOPIX1000,return,TOPIX1000_return,2020-07-22,-0.0058653599
TOPIX1000,return,TOPIX1000_return,2020-07-27,0.0019781082
TOPIX1000,return,TOPIX1000_return,2020-07-28,-0.0046930675
TOPIX1000,return,TOPIX1000_return,2020-07-29,-0.012723022
TOPIX1000,return,TOPIX1000_return,2020-07-30,-0.006301361
TOPIX1000,return,TOPIX1000_return,2020-07-31,-0.0278539163
TOPIX1000,return,TOPIX1000_return,2020-08-03,0.0177372609
TOPIX1000,return,TOPIX1000_return,2020-08-04,0.0216620248
TOPIX1000,return,TOPIX1000_return,2020-08-05,-0.0003127311
TOPIX1000,return,TOPIX1000_return,2020-08-06,-0.0031525668
TOPIX1000,return,TOPIX1000_return,2020-08-07,-0.0018826107
TOPIX1000,return,TOPIX1000_return,2020-08-11,0.0255080399
TOPIX1000,return,TOPIX1000_return,2020-08-12,0.0124222091
TOPIX1000,return,TOPIX1000_return,2020-08-13,0.0116738917
TOPIX1000,return,TOPIX1000_return,2020-08-14,-0.0004465537
TOPIX1000,return,TOPIX1000_return,2020-08-17,-0.008502616
TOPIX1000,return,TOPIX1000_return,2020-08-18,0.0005465013
TOPIX1000,return,TOPIX1000_return,2020-08-19,0.0018444224
TOPIX1000,return,TOPIX1000_return,2020-08-20,-0.0089471444
TOPIX1000,return,TOPIX1000_return,2020-08-21,0.0029047605
TOPIX1000,return,TOPIX1000_return,2020-08-24,0.0019678323
TOPIX1000,return,TOPIX1000_return,2020-08-25,0.0113369053
TOPIX1000,return,TOPIX1000_return,2020-08-26,-0.0004510536
TOPIX1000,return,TOPIX1000_return,2020-08-27,-0.0053580844
TOPIX1000,return,TOPIX1000_return,2020-08-28,-0.006299052
TOPIX1000,return,TOPIX1000_return,2020-08-31,0.0079394064
TOPIX1000,return,TOPIX1000_return,2020-09-01,-0.0014733845
TOPIX1000,return,TOPIX1000_return,2020-09-02,0.0046366376
TOPIX1000,return,TOPIX1000_return,2020-09-03,0.0050002377
TOPIX1000,return,TOPIX1000_return,2020-09-04,-0.0090946926
TOPIX1000,return,TOPIX1000_return,2020-09-07,-0.0044291926
TOPIX1000,return,TOPIX1000_return,2020-09-08,0.0066110235
TOPIX1000,return,TOPIX1000_return,2020-09-09,-0.0096108492
TOPIX1000,return,TOPIX1000_return,2020-09-10,0.0123633813
TOPIX1000,return,TOPIX1000_return,2020-09-11,0.0070918617
TOPIX1000,return,TOPIX1000_return,2020-09-14,0.0087162761
TOPIX1000,return,TOPIX1000_return,2020-09-15,-0.0064526057
TOPIX1000,return,TOPIX1000_return,2020-09-16,0.0016424765
TOPIX1000,return,TOPIX1000_return,2020-09-17,-0.0039139135
TOPIX1000,return,TOPIX1000_return,2020-09-18,0.0046415566
TOPIX1000,return,TOPIX1000_return,2020-09-23,-0.0012395766
TOPIX1000,return,TOPIX1000_return,2020-09-24,-0.0107699793
TOPIX1000,return,TOPIX1000_return,2020-09-25,0.0043196516
TOPIX1000,return,TOPIX1000_return,2020-09-28,0.0166984175
TOPIX1000,return,TOPIX1000_return,2020-09-29,0.0061108034
TOPIX1000,return,TOPIX1000_return,2020-09-30,-0.019414376
TOPIX1000,return,TOPIX1000_return,2020-10-01,0.0
TOPIX1000,return,TOPIX1000_return,2020-10-02,-0.0096234599
TOPIX1000,return,TOPIX1000_return,2020-10-05,0.017376145
TOPIX1000,return,TOPIX1000_return,2020-10-06,0.0054028494
TOPIX1000,return,TOPIX1000_return,2020-10-07,0.0005309088
TOPIX1000,return,TOPIX1000_return,2020-10-08,0.0055291607
TOPIX1000,return,TOPIX1000_return,2020-10-09,-0.0050265914
TOPIX1000,return,TOPIX1000_return,2020-10-12,-0.0025168284
TOPIX1000,return,TOPIX1000_return,2020-10-13,0.0036470945
TOPIX1000,return,TOPIX1000_return,2020-10-14,-0.0032574045
TOPIX1000,return,TOPIX1000_return,2020-10-15,-0.0071747448
TOPIX1000,return,TOPIX1000_return,2020-10-16,-0.0085321317
TOPIX1000,return,TOPIX1000_return,2020-10-19,0.012441687
TOPIX1000,return,TOPIX1000_return,2020-10-20,-0.0075173549
TOPIX1000,return,TOPIX1000_return,2020-10-21,0.0073339146
TOPIX1000,return,TOPIX1000_return,2020-10-22,-0.010668114
TOPIX1000,return,TOPIX1000_return,2020-10-23,0.0037363141
TOPIX1000,return,TOPIX1000_return,2020-10-26,-0.003783613
TOPIX1000,return,TOPIX1000_return,2020-10-27,-0.0012580642
TOPIX1000,return,TOPIX1000_return,2020-10-28,-0.0030688757
TOPIX1000,return,TOPIX1000_return,2020-10-29,-0.0007979992
TOPIX1000,return,TOPIX1000_return,2020-10-30,-0.0196486265
TOPIX1000,return,TOPIX1000_return,2020-11-02,0.0183354599
TOPIX1000,return,TOPIX1000_return,2020-11-04,0.0121622523
TOPIX1000,return,TOPIX1000_return,2020-11-05,0.0138556938
TOPIX1000,return,TOPIX1000_return,2020-11-06,0.0050628559
TOPIX1000,return,TOPIX1000_return,2020-11-09,0.0143546608
TOPIX1000,return,TOPIX1000_return,2020-11-10,0.0115388747
TOPIX1000,return,TOPIX1000_return,2020-11-11,0.0167755631
TOPIX1000,return,TOPIX1000_return,2020-11-12,-0.0015312715
TOPIX1000,return,TOPIX1000_return,2020-11-13,-0.0131421917
TOPIX1000,return,TOPIX1000_return,2020-11-16,0.0168924072
TOPIX1000,return,TOPIX1000_return,2020-11-17,0.0020582051
TOPIX1000,return,TOPIX1000_return,2020-11-18,-0.0081852322
TOPIX1000,return,TOPIX1000_return,2020-11-19,0.0035953159
TOPIX1000,return,TOPIX1000_return,2020-11-20,0.0004162534
TOPIX1000,return,TOPIX1000_return,2020-11-24,0.0205473225
TOPIX1000,return,TOPIX1000_return,2020-11-25,0.0033266827
TOPIX1000,return,TOPIX1000_return,2020-11-26,0.0058618317
TOPIX1000,return,TOPIX1000_return,2020-11-27,0.0045211724
TOPIX1000,return,TOPIX1000_return,2020-11-30,-0.0174727783
TOPIX1000,return,TOPIX1000_return,2020-12-01,0.0075549853
TOPIX1000,return,TOPIX1000_return,2020-12-02,0.0032541724
TOPIX1000,return,TOPIX1000_return,2020-12-03,0.0005686679
TOPIX1000,return,TOPIX1000_return,2020-12-04,0.0004219209
TOPIX1000,return,TOPIX1000_return,2020-12-07,-0.008348747
TOPIX1000,return,TOPIX1000_return,2020-12-08,-0.0013366807
TOPIX1000,return,TOPIX1000_return,2020-12-09,0.0119285072
TOPIX1000,return,TOPIX1000_return,2020-12-10,-0.0017477433
TOPIX1000,return,TOPIX1000_return,2020-12-11,0.0031059239
TOPIX1000,return,TOPIX1000_return,2020-12-14,0.0047859386
TOPIX1000,return,TOPIX1000_return,2020-12-15,-0.0048570404
TOPIX1000,return,TOPIX1000_return,2020-12-16,0.0027964178
TOPIX1000,return,TOPIX1000_return,2020-12-17,0.0034514199
TOPIX1000,return,TOPIX1000_return,2020-12-18,0.0004048709
TOPIX1000,return,TOPIX1000_return,2020-12-21,-0.0023559838
TOPIX1000,return,TOPIX1000_return,2020-12-22,-0.0153911849
TOPIX1000,return,TOPIX1000_return,2020-12-23,0.0022640919
TOPIX1000,return,TOPIX1000_return,2020-12-24,0.0050631819
TOPIX1000,return,TOPIX1000_return,2020-12-25,0.0021959715
TOPIX1000,return,TOPIX1000_return,2020-12-28,0.0057785337
TOPIX1000,return,TOPIX1000_return,2020-12-29,0.0188463617
TOPIX1000,return,TOPIX1000_return,2020-12-30,-0.0079701906
TOPIX1000,return,TOPIX1000_return,2021-01-04,-0.0054476491
TOPIX1000,return,TOPIX1000_return,2021-01-05,-0.0019037076
TOPIX1000,return,TOPIX1000_return,2021-01-06,0.0027035852
TOPIX1000,return,TOPIX1000_return,2021-01-07,0.0169800251
TOPIX1000,return,TOPIX1000_return,2021-01-08,0.0157654541
TOPIX1000,return,TOPIX1000_return,2021-01-12,0.0016194452
TOPIX1000,return,TOPIX1000_return,2021-01-13,0.0035414742
TOPIX1000,return,TOPIX1000_return,2021-01-14,0.0050379891
TOPIX1000,return,TOPIX1000_return,2021-01-15,-0.0087885307
TOPIX1000,return,TOPIX1000_return,2021-01-18,-0.0062516419
TOPIX1000,return,TOPIX1000_return,2021-01-19,0.0059233848
TOPIX1000,return,TOPIX1000_return,2021-01-20,-0.0035314769
TOPIX1000,return,TOPIX1000_return,2021-01-21,0.0060371208
TOPIX1000,return,TOPIX1000_return,2021-01-22,-0.0020112479
TOPIX1000,return,TOPIX1000_return,2021-01-25,0.0027130491
TOPIX1000,return,TOPIX1000_return,2021-01-26,-0.007597195
TOPIX1000,return,TOPIX1000_return,2021-01-27,0.0066406952
TOPIX1000,return,TOPIX1000_return,2021-01-28,-0.0117268573
TOPIX1000,return,TOPIX1000_return,2021-01-29,-0.0163312106
TOPIX1000,return,TOPIX1000_return,2021-02-01,0.011919664
TOPIX1000,return,TOPIX1000_return,2021-02-02,0.0092342644
TOPIX1000,return,TOPIX1000_return,2021-02-03,0.01319026
TOPIX1000,return,TOPIX1000_return,2021-02-04,-0.0034297504
TOPIX1000,return,TOPIX1000_return,2021-02-05,0.0140442824
TOPIX1000,return,TOPIX1000_return,2021-02-08,0.0175984925
TOPIX1000,return,TOPIX1000_return,2021-02-09,0.0008357496
TOPIX1000,return,TOPIX1000_return,2021-02-10,0.0028812627
TOPIX1000,return,TOPIX1000_return,2021-02-12,0.0016299059
TOPIX1000,return,TOPIX1000_return,2021-02-15,0.0105513218
TOPIX1000,return,TOPIX1000_return,2021-02-16,0.0059651594
TOPIX1000,return,TOPIX1000_return,2021-02-17,-0.001999876
TOPIX1000,return,TOPIX1000_return,2021-02-18,-0.0098485825
TOPIX1000,return,TOPIX1000_return,2021-02-19,-0.0066518805
TOPIX1000,return,TOPIX1000_return,2021-02-22,0.0047182826
TOPIX1000,return,TOPIX1000_return,2021-02-24,-0.0183287558
TOPIX1000,return,TOPIX1000_return,2021-02-25,0.0126101386
TOPIX1000,return,TOPIX1000_return,2021-02-26,-0.0323977956
TOPIX1000,return,TOPIX1000_return,2021-03-01,0.0204000335
TOPIX1000,return,TOPIX1000_return,2021-03-02,-0.0040280764
TOPIX1000,return,TOPIX1000_return,2021-03-03,0.0051740968
TOPIX1000,return,TOPIX1000_return,2021-03-04,-0.0106188503
TOPIX1000,return,TOPIX1000_return,2021-03-05,0.0061728645
TOPIX1000,return,TOPIX1000_return,2021-03-08,-0.0015307352
TOPIX1000,return,TOPIX1000_return,2021-03-09,0.0125744913
TOPIX1000,return,TOPIX1000_return,2021-03-10,0.001204082
TOPIX1000,return,TOPIX1000_return,2021-03-11,0.0024172147
TOPIX1000,return,TOPIX1000_return,2021-03-12,0.0139771372
TOPIX1000,return,TOPIX1000_return,2021-03-15,0.0088172716
TOPIX1000,return,TOPIX1000_return,2021-03-16,0.0063752206
TOPIX1000,return,TOPIX1000_return,2021-03-17,0.0010499979
TOPIX1000,return,TOPIX1000_return,2021-03-18,0.0126141538
TOPIX1000,return,TOPIX1000_return,2021-03-19,0.0015443545
TOPIX1000,return,TOPIX1000_return,2021-03-22,-0.0112557487
TOPIX1000,return,TOPIX1000_return,2021-03-23,-0.0092228226
TOPIX1000,return,TOPIX1000_return,2021-03-24,-0.0215991035
TOPIX1000,return,TOPIX1000_return,2021-03-25,0.0138740509
TOPIX1000,return,TOPIX1000_return,2021-03-26,0.0147250882
TOPIX1000,return,TOPIX1000_return,2021-03-29,0.004664205
TOPIX1000,return,TOPIX1000_return,2021-03-30,0.001044009
TOPIX1000,return,TOPIX1000_return,2021-03-31,-0.0120871392
TOPIX1000,return,TOPIX1000_return,2021-04-01,0.0020378884
TOPIX1000,return,TOPIX1000_return,2021-04-02,0.0072241901
TOPIX1000,return,TOPIX1000_return,2021-04-05,0.0060038314
TOPIX1000,return,TOPIX1000_return,2021-04-06,-0.0147429037
TOPIX1000,return,TOPIX1000_return,2021-04-07,0.0064438182
TOPIX1000,return,TOPIX1000_return,2021-04-08,-0.0074895437
TOPIX1000,return,TOPIX1000_return,2021-04-09,0.0038736443
TOPIX1000,return,TOPIX1000_return,2021-04-12,-0.0027368609
TOPIX1000,return,TOPIX1000_return,2021-04-13,0.0020022496
TOPIX1000,return,TOPIX1000_return,2021-04-14,-0.0032713273
TOPIX1000,return,TOPIX1000_return,2021-04-15,0.0035956017
TOPIX1000,return,TOPIX1000_return,2021-04-16,0.0008986012
TOPIX1000,return,TOPIX1000_return,2021-04-19,-0.0023503867
TOPIX1000,return,TOPIX1000_return,2021-04-20,-0.0156144993
TOPIX1000,return,TOPIX1000_return,2021-04-21,-0.0197581235
TOPIX1000,return,TOPIX1000_return,2021-04-22,0.0183832505
TOPIX1000,return,TOPIX1000_return,2021-04-23,-0.0038987581
TOPIX1000,return,TOPIX1000_return,2021-04-26,0.0017992251
TOPIX1000,return,TOPIX1000_return,2021-04-27,-0.0077194921
TOPIX1000,return,TOPIX1000_return,2021-04-28,0.0032388547
TOPIX1000,return,TOPIX1000_return,2021-04-30,-0.005633763
TOPIX1000,return,TOPIX1000_return,2021-05-06,0.015560762
TOPIX1000,return,TOPIX1000_return,2021-05-07,0.0026602076
TOPIX1000,return,TOPIX1000_return,2021-05-10,0.0100732239
TOPIX1000,return,TOPIX1000_return,2021-05-11,-0.0239106929
TOPIX1000,return,TOPIX1000_return,2021-05-12,-0.0146677077
TOPIX1000,return,TOPIX1000_return,2021-05-13,-0.015384801
TOPIX1000,return,TOPIX1000_return,2021-05-14,0.0187135055
TOPIX1000,return,TOPIX1000_return,2021-05-17,-0.0023819261
TOPIX1000,return,TOPIX1000_return,2021-05-18,0.0153788019
TOPIX1000,return,TOPIX1000_return,2021-05-19,-0.0066307744
TOPIX1000,return,TOPIX1000_return,2021-05-20,0.0001394385
TOPIX1000,return,TOPIX1000_return,2021-05-21,0.0047057816
TOPIX1000,return,TOPIX1000_return,2021-05-24,0.0044021636
TOPIX1000,return,TOPIX1000_return,2021-05-25,0.0037865282
TOPIX1000,return,TOPIX1000_return,2021-05-26,0.0007591456
TOPIX1000,return,TOPIX1000_return,2021-05-27,-0.0048857175
TOPIX1000,return,TOPIX1000_return,2021-05-28,0.0192281471
TOPIX1000,return,TOPIX1000_return,2021-05-31,-0.0120020699
TOPIX1000,return,TOPIX1000_return,2021-06-01,0.0015258825
TOPIX1000,return,TOPIX1000_return,2021-06-02,0.0085653465
TOPIX1000,return,TOPIX1000_return,2021-06-03,0.008473227
TOPIX1000,return,TOPIX1000_return,2021-06-04,0.0002695428
TOPIX1000,return,TOPIX1000_return,2021-06-07,0.0008546054
TOPIX1000,return,TOPIX1000_return,2021-06-08,0.0007462181
TOPIX1000,return,TOPIX1000_return,2021-06-09,-0.0028786824
TOPIX1000,return,TOPIX1000_return,2021-06-10,-0.0002890886
TOPIX1000,return,TOPIX1000_return,2021-06-11,-0.0012762519
TOPIX1000,return,TOPIX1000_return,2021-06-14,0.0029417055
TOPIX1000,return,TOPIX1000_return,2021-06-15,0.0082220007
TOPIX1000,return,TOPIX1000_return,2021-06-16,5.72295e-05
TOPIX1000,return,TOPIX1000_return,2021-06-17,-0.0063601241
TOPIX1000,return,TOPIX1000_return,2021-06-18,-0.0086677267
TOPIX1000,return,TOPIX1000_return,2021-06-21,-0.0243855733
TOPIX1000,return,TOPIX1000_return,2021-06-22,0.0319113399
TOPIX1000,return,TOPIX1000_return,2021-06-23,-0.0054704687
TOPIX1000,return,TOPIX1000_return,2021-06-24,-0.0009908996
TOPIX1000,return,TOPIX1000_return,2021-06-25,0.0080515331
TOPIX1000,return,TOPIX1000_return,2021-06-28,0.0013530364
TOPIX1000,return,TOPIX1000_return,2021-06-29,-0.0071511813
TOPIX1000,return,TOPIX1000_return,2021-06-30,-0.0029731066
TOPIX1000,return,TOPIX1000_return,2021-07-01,-0.0021638106
TOPIX1000,return,TOPIX1000_return,2021-07-02,0.0086661226
TOPIX1000,return,TOPIX1000_return,2021-07-05,-0.0037332741
TOPIX1000,return,TOPIX1000_return,2021-07-06,0.0027959361
TOPIX1000,return,TOPIX1000_return,2021-07-07,-0.0086460937
TOPIX1000,return,TOPIX1000_return,2021-07-08,-0.0088342728
TOPIX1000,return,TOPIX1000_return,2021-07-09,-0.0042582301
TOPIX1000,return,TOPIX1000_return,2021-07-12,0.0214061652
TOPIX1000,return,TOPIX1000_return,2021-07-13,0.0072123392
TOPIX1000,return,TOPIX1000_return,2021-07-14,-0.0023294419
TOPIX1000,return,TOPIX1000_return,2021-07-15,-0.0119545853
TOPIX1000,return,TOPIX1000_return,2021-07-16,-0.0039954137
TOPIX1000,return,TOPIX1000_return,2021-07-19,-0.0129789034
TOPIX1000,return,TOPIX1000_return,2021-07-20,-0.0096388802
TOPIX1000,return,TOPIX1000_return,2021-07-21,0.0081278493
TOPIX1000,return,TOPIX1000_return,2021-07-26,0.0110598964
TOPIX1000,return,TOPIX1000_return,2021-07-27,0.0064152633
TOPIX1000,return,TOPIX1000_return,2021-07-28,-0.0094954566
TOPIX1000,return,TOPIX1000_return,2021-07-29,0.0040664375
TOPIX1000,return,TOPIX1000_return,2021-07-30,-0.0136680618
TOPIX1000,return,TOPIX1000_return,2021-08-02,0.0206215014
TOPIX1000,return,TOPIX1000_return,2021-08-03,-0.0045439527
TOPIX1000,return,TOPIX1000_return,2021-08-04,-0.0048966013
TOPIX1000,return,TOPIX1000_return,2021-08-05,0.004249692
TOPIX1000,return,TOPIX1000_return,2021-08-06,0.0001484419
TOPIX1000,return,TOPIX1000_return,2021-08-10,0.0034223698
TOPIX1000,return,TOPIX1000_return,2021-08-11,0.0092977316
TOPIX1000,return,TOPIX1000_return,2021-08-12,-0.0003626165
TOPIX1000,return,TOPIX1000_return,2021-08-13,0.0014432742
TOPIX1000,return,TOPIX1000_return,2021-08-16,-0.0160419944
TOPIX1000,return,TOPIX1000_return,2021-08-17,-0.0047152077
TOPIX1000,return,TOPIX1000_return,2021-08-18,0.0043165972
TOPIX1000,return,TOPIX1000_return,2021-08-19,-0.0139321874
TOPIX1000,return,TOPIX1000_return,2021-08-20,-0.0087770229
TOPIX1000,return,TOPIX1000_return,2021-08-23,0.0183387314
TOPIX1000,return,TOPIX1000_return,2021-08-24,0.0097698851
TOPIX1000,return,TOPIX1000_return,2021-08-25,0.0008185429
TOPIX1000,return,TOPIX1000_return,2021-08-26,-0.0003193126
TOPIX1000,return,TOPIX1000_return,2021-08-27,-0.0035456269
TOPIX1000,return,TOPIX1000_return,2021-08-30,0.0111399156
TOPIX1000,return,TOPIX1000_return,2021-08-31,0.0055647032
TOPIX1000,return,TOPIX1000_return,2021-09-01,0.0104408633
TOPIX1000,return,TOPIX1000_return,2021-09-02,0.0014766508
TOPIX1000,return,TOPIX1000_return,2021-09-03,0.0162766691
TOPIX1000,return,TOPIX1000_return,2021-09-06,0.0129010063
TOPIX1000,return,TOPIX1000_return,2021-09-07,0.0109867797
TOPIX1000,return,TOPIX1000_return,2021-09-08,0.0078146556
TOPIX1000,return,TOPIX1000_return,2021-09-09,-0.0072757407
TOPIX1000,return,TOPIX1000_return,2021-09-10,0.0127564152
TOPIX1000,return,TOPIX1000_return,2021-09-13,0.0027101999
TOPIX1000,return,TOPIX1000_return,2021-09-14,0.0100637608
TOPIX1000,return,TOPIX1000_return,2021-09-15,-0.010643143
TOPIX1000,return,TOPIX1000_return,2021-09-16,-0.0028845288
TOPIX1000,return,TOPIX1000_return,2021-09-17,0.0046205897
TOPIX1000,return,TOPIX1000_return,2021-09-21,-0.0168895645
TOPIX1000,return,TOPIX1000_return,2021-09-22,-0.0100726778
TOPIX1000,return,TOPIX1000_return,2021-09-24,0.0229845187
TOPIX1000,return,TOPIX1000_return,2021-09-27,-0.0012334374
TOPIX1000,return,TOPIX1000_return,2021-09-28,-0.0028272911
TOPIX1000,return,TOPIX1000_return,2021-09-29,-0.0133185104
TOPIX1000,return,TOPIX1000_return,2021-09-30,-0.0038975846
TOPIX1000,return,TOPIX1000_return,2021-10-01,-0.0216935196
TOPIX1000,return,TOPIX1000_return,2021-10-04,-0.00619518
TOPIX1000,return,TOPIX1000_return,2021-10-05,-0.0132141769
TOPIX1000,return,TOPIX1000_return,2021-10-06,-0.0030837529
TOPIX1000,return,TOPIX1000_return,2021-10-07,-0.001105534
TOPIX1000,return,TOPIX1000_return,2021-10-08,0.0114150019
TOPIX1000,return,TOPIX1000_return,2021-10-11,0.0178253459
TOPIX1000,return,TOPIX1000_return,2021-10-12,-0.0067917001
TOPIX1000,return,TOPIX1000_return,2021-10-13,-0.004337511
TOPIX1000,return,TOPIX1000_return,2021-10-14,0.0068906615
TOPIX1000,return,TOPIX1000_return,2021-10-15,0.0185517197
TOPIX1000,return,TOPIX1000_return,2021-10-18,-0.0025450172
TOPIX1000,return,TOPIX1000_return,2021-10-19,0.0036105762
TOPIX1000,return,TOPIX1000_return,2021-10-20,0.000749036
TOPIX1000,return,TOPIX1000_return,2021-10-21,-0.0133398226
TOPIX1000,return,TOPIX1000_return,2021-10-22,0.0007212257
TOPIX1000,return,TOPIX1000_return,2021-10-25,-0.0034280209
TOPIX1000,return,TOPIX1000_return,2021-10-26,0.0115672881
TOPIX1000,return,TOPIX1000_return,2021-10-27,-0.0022040878
TOPIX1000,return,TOPIX1000_return,2021-10-28,-0.0072725687
TOPIX1000,return,TOPIX1000_return,2021-10-29,0.0008600341
TOPIX1000,return,TOPIX1000_return,2021-11-01,0.0219252132
TOPIX1000,return,TOPIX1000_return,2021-11-02,-0.0063582149
TOPIX1000,return,TOPIX1000_return,2021-11-04,0.0117453922
TOPIX1000,return,TOPIX1000_return,2021-11-05,-0.0066555375
TOPIX1000,return,TOPIX1000_return,2021-11-08,-0.002998583
TOPIX1000,return,TOPIX1000_return,2021-11-09,-0.0080496857
TOPIX1000,return,TOPIX1000_return,2021-11-10,-0.0054605765
TOPIX1000,return,TOPIX1000_return,2021-11-11,0.0034320641
TOPIX1000,return,TOPIX1000_return,2021-11-12,0.0131063009
TOPIX1000,return,TOPIX1000_return,2021-11-15,0.0039985646
TOPIX1000,return,TOPIX1000_return,2021-11-16,0.0011269558
TOPIX1000,return,TOPIX1000_return,2021-11-17,-0.0059162328
TOPIX1000,return,TOPIX1000_return,2021-11-18,-0.0013192854
TOPIX1000,return,TOPIX1000_return,2021-11-19,0.0045171825
TOPIX1000,return,TOPIX1000_return,2021-11-22,-0.0008766886
TOPIX1000,return,TOPIX1000_return,2021-11-24,-0.0117035819
TOPIX1000,return,TOPIX1000_return,2021-11-25,0.003407262
TOPIX1000,return,TOPIX1000_return,2021-11-26,-0.0202193366
TOPIX1000,return,TOPIX1000_return,2021-11-29,-0.0181943012
TOPIX1000,return,TOPIX1000_return,2021-11-30,-0.0102334928
TOPIX1000,return,TOPIX1000_return,2021-12-01,0.0043254449
TOPIX1000,return,TOPIX1000_return,2021-12-02,-0.0053016339
TOPIX1000,return,TOPIX1000_return,2021-12-03,0.0161098378
TOPIX1000,return,TOPIX1000_return,2021-12-06,-0.0053179085
TOPIX1000,return,TOPIX1000_return,2021-12-07,0.021458152
TOPIX1000,return,TOPIX1000_return,2021-12-08,0.0063152554
TOPIX1000,return,TOPIX1000_return,2021-12-09,-0.0058578155
TOPIX1000,return,TOPIX1000_return,2021-12-10,-0.0076825122
TOPIX1000,return,TOPIX1000_return,2021-12-13,0.0014673923
TOPIX1000,return,TOPIX1000_return,2021-12-14,-0.0021375133
TOPIX1000,return,TOPIX1000_return,2021-12-15,0.0052644546
TOPIX1000,return,TOPIX1000_return,2021-12-16,0.0147733182
TOPIX1000,return,TOPIX1000_return,2021-12-17,-0.0143318944
TOPIX1000,return,TOPIX1000_return,2021-12-20,-0.0215940905
TOPIX1000,return,TOPIX1000_return,2021-12-21,0.0148420398
TOPIX1000,return,TOPIX1000_return,2021-12-22,0.0007809444
TOPIX1000,return,TOPIX1000_return,2021-12-23,0.0092234525
TOPIX1000,return,TOPIX1000_return,2021-12-24,-0.0014038214
TOPIX1000,return,TOPIX1000_return,2021-12-27,-0.0045064516
TOPIX1000,return,TOPIX1000_return,2021-12-28,0.0136938585
TOPIX1000,return,TOPIX1000_return,2021-12-29,-0.0022160892
TOPIX1000,return,TOPIX1000_return,2021-12-30,-0.0033669782
TOPIX1000,return,TOPIX1000_return,2022-01-04,0.0194274403
TOPIX1000,return,TOPIX1000_return,2022-01-05,0.0047541524
TOPIX1000,return,TOPIX1000_return,2022-01-06,-0.0207184935
TOPIX1000,return,TOPIX1000_return,2022-01-07,-0.0005862387
TOPIX1000,return,TOPIX1000_return,2022-01-11,-0.0045058881
TOPIX1000,return,TOPIX1000_return,2022-01-12,0.0163598253
TOPIX1000,return,TOPIX1000_return,2022-01-13,-0.0067060059
TOPIX1000,return,TOPIX1000_return,2022-01-14,-0.0141232175
TOPIX1000,return,TOPIX1000_return,2022-01-17,0.0048757872
TOPIX1000,return,TOPIX1000_return,2022-01-18,-0.004109155
TOPIX1000,return,TOPIX1000_return,2022-01-19,-0.0296885326
TOPIX1000,return,TOPIX1000_return,2022-01-20,0.0099025661
TOPIX1000,return,TOPIX1000_return,2022-01-21,-0.0061024996
TOPIX1000,return,TOPIX1000_return,2022-01-24,0.0011220558
TOPIX1000,return,TOPIX1000_return,2022-01-25,-0.0172320884
TOPIX1000,return,TOPIX1000_return,2022-01-26,-0.0025245081
TOPIX1000,return,TOPIX1000_return,2022-01-27,-0.0260584381
TOPIX1000,return,TOPIX1000_return,2022-01-28,0.0187451166
TOPIX1000,return,TOPIX1000_return,2022-01-31,0.0100006751
TOPIX1000,return,TOPIX1000_return,2022-02-01,0.0001141232
TOPIX1000,return,TOPIX1000_return,2022-02-02,0.0212722823
TOPIX1000,return,TOPIX1000_return,2022-02-03,-0.0085889855
TOPIX1000,return,TOPIX1000_return,2022-02-04,0.0054893435
TOPIX1000,return,TOPIX1000_return,2022-02-07,-0.0022795467
TOPIX1000,return,TOPIX1000_return,2022-02-08,0.0042520397
TOPIX1000,return,TOPIX1000_return,2022-02-09,0.0093742646
TOPIX1000,return,TOPIX1000_return,2022-02-10,0.005298749
TOPIX1000,return,TOPIX1000_return,2022-02-14,-0.0163939653
TOPIX1000,return,TOPIX1000_return,2022-02-15,-0.0084108933
TOPIX1000,return,TOPIX1000_return,2022-02-16,0.0167968932
TOPIX1000,return,TOPIX1000_return,2022-02-17,-0.0078822447
TOPIX1000,return,TOPIX1000_return,2022-02-18,-0.0036461599
TOPIX1000,return,TOPIX1000_return,2022-02-21,-0.0071133184
TOPIX1000,return,TOPIX1000_return,2022-02-22,-0.0155937041
TOPIX1000,return,TOPIX1000_return,2022-02-24,-0.0128899196
TOPIX1000,return,TOPIX1000_return,2022-02-25,0.0104265018
TOPIX1000,return,TOPIX1000_return,2022-02-28,0.0054875137
TOPIX1000,return,TOPIX1000_return,2022-03-01,0.0055563946
TOPIX1000,return,TOPIX1000_return,2022-03-02,-0.0196762433
TOPIX1000,return,TOPIX1000_return,2022-03-03,0.0119191444
TOPIX1000,return,TOPIX1000_return,2022-03-04,-0.0197515781
TOPIX1000,return,TOPIX1000_return,2022-03-07,-0.0278219693
TOPIX1000,return,TOPIX1000_return,2022-03-08,-0.0190579602
TOPIX1000,return,TOPIX1000_return,2022-03-09,-0.0004749545
TOPIX1000,return,TOPIX1000_return,2022-03-10,0.0404829857
TOPIX1000,return,TOPIX1000_return,2022-03-11,-0.0168175516
TOPIX1000,return,TOPIX1000_return,2022-03-14,0.0071382354
TOPIX1000,return,TOPIX1000_return,2022-03-15,0.0078001952
TOPIX1000,return,TOPIX1000_return,2022-03-16,0.0149685944
TOPIX1000,return,TOPIX1000_return,2022-03-17,0.0250107499
TOPIX1000,return,TOPIX1000_return,2022-03-18,0.0053537111
TOPIX1000,return,TOPIX1000_return,2022-03-22,0.0133034706
TOPIX1000,return,TOPIX1000_return,2022-03-23,0.0235006584
TOPIX1000,return,TOPIX1000_return,2022-03-24,0.0014691711
TOPIX1000,return,TOPIX1000_return,2022-03-25,1.50843e-05
TOPIX1000,return,TOPIX1000_return,2022-03-28,-0.0041038884
TOPIX1000,return,TOPIX1000_return,2022-03-29,0.0093597023
TOPIX1000,return,TOPIX1000_return,2022-03-30,-0.0012311492
TOPIX1000,return,TOPIX1000_return,2022-03-31,-0.0107642905
TOPIX1000,return,TOPIX1000_return,2022-04-01,-0.0011741557
TOPIX1000,return,TOPIX1000_return,2022-04-04,0.0047512874
TOPIX1000,return,TOPIX1000_return,2022-04-05,-0.0024644206
TOPIX1000,return,TOPIX1000_return,2022-04-06,-0.0134950703
TOPIX1000,return,TOPIX1000_return,2022-04-07,-0.0155436023
TOPIX1000,return,TOPIX1000_return,2022-04-08,0.0020998216
TOPIX1000,return,TOPIX1000_return,2022-04-11,-0.003627044
TOPIX1000,return,TOPIX1000_return,2022-04-12,-0.0138194873
TOPIX1000,return,TOPIX1000_return,2022-04-13,0.0141950915
TOPIX1000,return,TOPIX1000_return,2022-04-14,0.009553345
TOPIX1000,return,TOPIX1000_return,2022-04-15,-0.006097396
TOPIX1000,return,TOPIX1000_return,2022-04-18,-0.0086034577
TOPIX1000,return,TOPIX1000_return,2022-04-19,0.0083840112
TOPIX1000,return,TOPIX1000_return,2022-04-20,0.0104104283
TOPIX1000,return,TOPIX1000_return,2022-04-21,0.0067584856
TOPIX1000,return,TOPIX1000_return,2022-04-22,-0.0118511038
TOPIX1000,return,TOPIX1000_return,2022-04-25,-0.0151347299
TOPIX1000,return,TOPIX1000_return,2022-04-26,0.0009467449
TOPIX1000,return,TOPIX1000_return,2022-04-27,-0.0094502916
TOPIX1000,return,TOPIX1000_return,2022-04-28,0.0208676704
TOPIX1000,return,TOPIX1000_return,2022-05-02,-0.0007490288
TOPIX1000,return,TOPIX1000_return,2022-05-06,0.0093291361
TOPIX1000,return,TOPIX1000_return,2022-05-09,-0.0196170474
TOPIX1000,return,TOPIX1000_return,2022-05-10,-0.0085643577
TOPIX1000,return,TOPIX1000_return,2022-05-11,-0.0060333497
TOPIX1000,return,TOPIX1000_return,2022-05-12,-0.0116977998
TOPIX1000,return,TOPIX1000_return,2022-05-13,0.0190380229
TOPIX1000,return,TOPIX1000_return,2022-05-16,-0.0003322405
TOPIX1000,return,TOPIX1000_return,2022-05-17,0.0017683711
TOPIX1000,return,TOPIX1000_return,2022-05-18,0.0097423999
TOPIX1000,return,TOPIX1000_return,2022-05-19,-0.0132347505
TOPIX1000,return,TOPIX1000_return,2022-05-20,0.009302233
TOPIX1000,return,TOPIX1000_return,2022-05-23,0.009071242
TOPIX1000,return,TOPIX1000_return,2022-05-24,-0.0084176642
TOPIX1000,return,TOPIX1000_return,2022-05-25,-0.0007849324
TOPIX1000,return,TOPIX1000_return,2022-05-26,0.0004556184
TOPIX1000,return,TOPIX1000_return,2022-05-27,0.0051351511
TOPIX1000,return,TOPIX1000_return,2022-05-30,0.018697578
TOPIX1000,return,TOPIX1000_return,2022-05-31,-0.0042636784
TOPIX1000,return,TOPIX1000_return,2022-06-01,0.0136043019
TOPIX1000,return,TOPIX1000_return,2022-06-02,-0.0063480363
TOPIX1000,return,TOPIX1000_return,2022-06-03,0.0035364733
TOPIX1000,return,TOPIX1000_return,2022-06-06,0.0030554507
TOPIX1000,return,TOPIX1000_return,2022-06-07,0.0041322964
TOPIX1000,return,TOPIX1000_return,2022-06-08,0.0118279338
TOPIX1000,return,TOPIX1000_return,2022-06-09,-0.000486015
TOPIX1000,return,TOPIX1000_return,2022-06-10,-0.0130978562
TOPIX1000,return,TOPIX1000_return,2022-06-13,-0.0219577443
TOPIX1000,return,TOPIX1000_return,2022-06-14,-0.0120778371
TOPIX1000,return,TOPIX1000_return,2022-06-15,-0.0119352911
TOPIX1000,return,TOPIX1000_return,2022-06-16,0.006434764
TOPIX1000,return,TOPIX1000_return,2022-06-17,-0.0172637905
TOPIX1000,return,TOPIX1000_return,2022-06-20,-0.0091187185
TOPIX1000,return,TOPIX1000_return,2022-06-21,0.0204911142
TOPIX1000,return,TOPIX1000_return,2022-06-22,-0.0018257014
TOPIX1000,return,TOPIX1000_return,2022-06-23,-0.0005925952
TOPIX1000,return,TOPIX1000_return,2022-06-24,0.0080410447
TOPIX1000,return,TOPIX1000_return,2022-06-27,0.0112607402
TOPIX1000,return,TOPIX1000_return,2022-06-28,0.0105692934
TOPIX1000,return,TOPIX1000_return,2022-06-29,-0.0060675112
TOPIX1000,return,TOPIX1000_return,2022-06-30,-0.0120808707
TOPIX1000,return,TOPIX1000_return,2022-07-01,-0.0138609188
TOPIX1000,return,TOPIX1000_return,2022-07-04,0.0134694236
TOPIX1000,return,TOPIX1000_return,2022-07-05,0.0051044303
TOPIX1000,return,TOPIX1000_return,2022-07-06,-0.0124789146
TOPIX1000,return,TOPIX1000_return,2022-07-07,0.0144407079
TOPIX1000,return,TOPIX1000_return,2022-07-08,0.0028063476
TOPIX1000,return,TOPIX1000_return,2022-07-11,0.0143278654
TOPIX1000,return,TOPIX1000_return,2022-07-12,-0.0164041138
TOPIX1000,return,TOPIX1000_return,2022-07-13,0.0028518967
TOPIX1000,return,TOPIX1000_return,2022-07-14,0.0022944683
TOPIX1000,return,TOPIX1000_return,2022-07-15,-0.000256482
TOPIX1000,return,TOPIX1000_return,2022-07-19,0.0054816638
TOPIX1000,return,TOPIX1000_return,2022-07-20,0.0231872954
TOPIX1000,return,TOPIX1000_return,2022-07-21,0.0019725654
TOPIX1000,return,TOPIX1000_return,2022-07-22,0.0027870428
TOPIX1000,return,TOPIX1000_return,2022-07-25,-0.0066192161
TOPIX1000,return,TOPIX1000_return,2022-07-26,-0.000185514
TOPIX1000,return,TOPIX1000_return,2022-07-27,0.0014692027
TOPIX1000,return,TOPIX1000_return,2022-07-28,0.0014595606
TOPIX1000,return,TOPIX1000_return,2022-07-29,-0.0042702826
TOPIX1000,return,TOPIX1000_return,2022-08-01,0.0101507631
TOPIX1000,return,TOPIX1000_return,2022-08-02,-0.0177814349
TOPIX1000,return,TOPIX1000_return,2022-08-03,0.0029427321
TOPIX1000,return,TOPIX1000_return,2022-08-04,-8.39065e-05
TOPIX1000,return,TOPIX1000_return,2022-08-05,0.0084942822
TOPIX1000,return,TOPIX1000_return,2022-08-08,0.0022483959
TOPIX1000,return,TOPIX1000_return,2022-08-09,-0.0074688292
TOPIX1000,return,TOPIX1000_return,2022-08-10,-0.0016524219
TOPIX1000,return,TOPIX1000_return,2022-08-12,0.0205539131
TOPIX1000,return,TOPIX1000_return,2022-08-15,0.0061777327
TOPIX1000,return,TOPIX1000_return,2022-08-16,-0.0015747739
TOPIX1000,return,TOPIX1000_return,2022-08-17,0.0127331461
TOPIX1000,return,TOPIX1000_return,2022-08-18,-0.0083259304
TOPIX1000,return,TOPIX1000_return,2022-08-19,0.0020029268
TOPIX1000,return,TOPIX1000_return,2022-08-22,-0.0009109147
TOPIX1000,return,TOPIX1000_return,2022-08-23,-0.0107601072
TOPIX1000,return,TOPIX1000_return,2022-08-24,-0.0023059845
TOPIX1000,return,TOPIX1000_return,2022-08-25,0.00472361
TOPIX1000,return,TOPIX1000_return,2022-08-26,0.0015039142
TOPIX1000,return,TOPIX1000_return,2022-08-29,-0.0180639898
TOPIX1000,return,TOPIX1000_return,2022-08-30,0.0127487381
TOPIX1000,return,TOPIX1000_return,2022-08-31,-0.002549084
TOPIX1000,return,TOPIX1000_return,2022-09-01,-0.0140892723
TOPIX1000,return,TOPIX1000_return,2022-09-02,-0.0027365844
TOPIX1000,return,TOPIX1000_return,2022-09-05,-0.0006440438
TOPIX1000,return,TOPIX1000_return,2022-09-06,-0.0012164976
TOPIX1000,return,TOPIX1000_return,2022-09-07,-0.0055555723
TOPIX1000,return,TOPIX1000_return,2022-09-08,0.0220775132
TOPIX1000,return,TOPIX1000_return,2022-09-09,0.0039745526
TOPIX1000,return,TOPIX1000_return,2022-09-12,0.0074910008
TOPIX1000,return,TOPIX1000_return,2022-09-13,0.0032756186
TOPIX1000,return,TOPIX1000_return,2022-09-14,-0.0198897978
TOPIX1000,return,TOPIX1000_return,2022-09-15,0.001548543
TOPIX1000,return,TOPIX1000_return,2022-09-16,-0.0059470161
TOPIX1000,return,TOPIX1000_return,2022-09-20,0.0044006783
TOPIX1000,return,TOPIX1000_return,2022-09-21,-0.01377862
TOPIX1000,return,TOPIX1000_return,2022-09-22,-0.0024280953
TOPIX1000,return,TOPIX1000_return,2022-09-26,-0.0272539494
TOPIX1000,return,TOPIX1000_return,2022-09-27,0.0047597057
TOPIX1000,return,TOPIX1000_return,2022-09-28,-0.0098042285
TOPIX1000,return,TOPIX1000_return,2022-09-29,0.0179897402
TOPIX1000,return,TOPIX1000_return,2022-09-30,-0.0177147322
TOPIX1000,return,TOPIX1000_return,2022-10-03,0.0065734141
TOPIX1000,return,TOPIX1000_return,2022-10-04,0.0321952591
TOPIX1000,return,TOPIX1000_return,2022-10-05,0.0032760344
TOPIX1000,return,TOPIX1000_return,2022-10-06,0.004844725
TOPIX1000,return,TOPIX1000_return,2022-10-07,-0.0082830931
TOPIX1000,return,TOPIX1000_return,2022-10-11,-0.0185604516
TOPIX1000,return,TOPIX1000_return,2022-10-12,-0.0011985477
TOPIX1000,return,TOPIX1000_return,2022-10-13,-0.007589275
TOPIX1000,return,TOPIX1000_return,2022-10-14,0.0235661279
TOPIX1000,return,TOPIX1000_return,2022-10-17,-0.0099067241
TOPIX1000,return,TOPIX1000_return,2022-10-18,0.0115940345
TOPIX1000,return,TOPIX1000_return,2022-10-19,0.0018227561
TOPIX1000,return,TOPIX1000_return,2022-10-20,-0.0051257363
TOPIX1000,return,TOPIX1000_return,2022-10-21,-0.0070885743
TOPIX1000,return,TOPIX1000_return,2022-10-24,0.0028014997
TOPIX1000,return,TOPIX1000_return,2022-10-25,0.0106846425
TOPIX1000,return,TOPIX1000_return,2022-10-26,0.0058069453
TOPIX1000,return,TOPIX1000_return,2022-10-27,-0.0065743774
TOPIX1000,return,TOPIX1000_return,2022-10-28,-0.0033585389
TOPIX1000,return,TOPIX1000_return,2022-10-31,0.016144166
TOPIX1000,return,TOPIX1000_return,2022-11-01,0.0048406886
TOPIX1000,return,TOPIX1000_return,2022-11-02,0.0011864604
TOPIX1000,return,TOPIX1000_return,2022-11-04,-0.0130059705
TOPIX1000,return,TOPIX1000_return,2022-11-07,0.0098336103
TOPIX1000,return,TOPIX1000_return,2022-11-08,0.0122438536
TOPIX1000,return,TOPIX1000_return,2022-11-09,-0.0042710579
TOPIX1000,return,TOPIX1000_return,2022-11-10,-0.0066412564
TOPIX1000,return,TOPIX1000_return,2022-11-11,0.0216053094
TOPIX1000,return,TOPIX1000_return,2022-11-14,-0.0105244978
TOPIX1000,return,TOPIX1000_return,2022-11-15,0.0037400921
TOPIX1000,return,TOPIX1000_return,2022-11-16,-0.0005593253
TOPIX1000,return,TOPIX1000_return,2022-11-17,0.0014156428
TOPIX1000,return,TOPIX1000_return,2022-11-18,0.0003071605
TOPIX1000,return,TOPIX1000_return,2022-11-21,0.0027266741
TOPIX1000,return,TOPIX1000_return,2022-11-22,0.0112566542
TOPIX1000,return,TOPIX1000_return,2022-11-24,0.0120217599
TOPIX1000,return,TOPIX1000_return,2022-11-25,-0.0005407685
TOPIX1000,return,TOPIX1000_return,2022-11-28,-0.0068498336
TOPIX1000,return,TOPIX1000_return,2022-11-29,-0.0056041388
TOPIX1000,return,TOPIX1000_return,2022-11-30,-0.0032908313
TOPIX1000,return,TOPIX1000_return,2022-12-01,0.0005716589
TOPIX1000,return,TOPIX1000_return,2022-12-02,-0.0164148532
TOPIX1000,return,TOPIX1000_return,2022-12-05,-0.0030867132
TOPIX1000,return,TOPIX1000_return,2022-12-06,0.0013670233
TOPIX1000,return,TOPIX1000_return,2022-12-07,-0.0011227485
TOPIX1000,return,TOPIX1000_return,2022-12-08,-0.003495183
TOPIX1000,return,TOPIX1000_return,2022-12-09,0.0104098346
TOPIX1000,return,TOPIX1000_return,2022-12-12,-0.002269639
TOPIX1000,return,TOPIX1000_return,2022-12-13,0.0043079952
TOPIX1000,return,TOPIX1000_return,2022-12-14,0.0059403235
TOPIX1000,return,TOPIX1000_return,2022-12-15,-0.0018874221
TOPIX1000,return,TOPIX1000_return,2022-12-16,-0.0120538846
TOPIX1000,return,TOPIX1000_return,2022-12-19,-0.0077870679
TOPIX1000,return,TOPIX1000_return,2022-12-20,-0.015391578
TOPIX1000,return,TOPIX1000_return,2022-12-21,-0.0063285476
TOPIX1000,return,TOPIX1000_return,2022-12-22,0.0077948219
TOPIX1000,return,TOPIX1000_return,2022-12-23,-0.0053965643
TOPIX1000,return,TOPIX1000_return,2022-12-26,0.0023850497
TOPIX1000,return,TOPIX1000_return,2022-12-27,0.0038674642
TOPIX1000,return,TOPIX1000_return,2022-12-28,-0.0005677921
TOPIX1000,return,TOPIX1000_return,2022-12-29,-0.0058870024
TOPIX1000,return,TOPIX1000_return,2022-12-30,-0.0019752077
TOPIX1000,return,TOPIX1000_return,2023-01-04,-0.0123592292
TOPIX1000,return,TOPIX1000_return,2023-01-05,0.0006265078
TOPIX1000,return,TOPIX1000_return,2023-01-06,0.0036475381
TOPIX1000,return,TOPIX1000_return,2023-01-10,0.0026966815
TOPIX1000,return,TOPIX1000_return,2023-01-11,0.0108234058
TOPIX1000,return,TOPIX1000_return,2023-01-12,0.0038342151
TOPIX1000,return,TOPIX1000_return,2023-01-13,-0.0027304023
TOPIX1000,return,TOPIX1000_return,2023-01-16,-0.0088552681
TOPIX1000,return,TOPIX1000_return,2023-01-17,0.0088264707
TOPIX1000,return,TOPIX1000_return,2023-01-18,0.01704789
TOPIX1000,return,TOPIX1000_return,2023-01-19,-0.0101833929
TOPIX1000,return,TOPIX1000_return,2023-01-20,0.0057928238
TOPIX1000,return,TOPIX1000_return,2023-01-23,0.0095387525
TOPIX1000,return,TOPIX1000_return,2023-01-24,0.0143018698
TOPIX1000,return,TOPIX1000_return,2023-01-25,0.0039522845
TOPIX1000,return,TOPIX1000_return,2023-01-26,-0.0011116859
TOPIX1000,return,TOPIX1000_return,2023-01-27,0.0021927891
TOPIX1000,return,TOPIX1000_return,2023-01-30,-0.0001795839
TOPIX1000,return,TOPIX1000_return,2023-01-31,-0.0038819444
TOPIX1000,return,TOPIX1000_return,2023-02-01,-0.0016154483
TOPIX1000,return,TOPIX1000_return,2023-02-02,-0.0035643147
TOPIX1000,return,TOPIX1000_return,2023-02-03,0.0028298545
TOPIX1000,return,TOPIX1000_return,2023-02-06,0.0045590989
TOPIX1000,return,TOPIX1000_return,2023-02-07,0.0021333627
TOPIX1000,return,TOPIX1000_return,2023-02-08,0.0001795391
TOPIX1000,return,TOPIX1000_return,2023-02-09,0.0004432722
TOPIX1000,return,TOPIX1000_return,2023-02-10,0.0010729391
TOPIX1000,return,TOPIX1000_return,2023-02-13,-0.004674743
TOPIX1000,return,TOPIX1000_return,2023-02-14,0.0077469072
TOPIX1000,return,TOPIX1000_return,2023-02-15,-0.0026256501
TOPIX1000,return,TOPIX1000_return,2023-02-16,0.0066911888
TOPIX1000,return,TOPIX1000_return,2023-02-17,-0.0045546338
TOPIX1000,return,TOPIX1000_return,2023-02-20,0.0038274893
TOPIX1000,return,TOPIX1000_return,2023-02-21,-0.0012903871
TOPIX1000,return,TOPIX1000_return,2023-02-22,-0.0113078137
TOPIX1000,return,TOPIX1000_return,2023-02-24,0.0065928356
TOPIX1000,return,TOPIX1000_return,2023-02-27,0.0023002911
TOPIX1000,return,TOPIX1000_return,2023-02-28,0.0003137075
