index_name,series_id,unique_id,ds,y,lag_1,lag_2,lag_5,vol_5,vol_21,mom_5,mom_21
RUSSELL1000,return,RUSSELL1000_return,2009-01-07,-0.0295802143,0.0092391154,-0.0035264783,,0.017834254044191398,,0.012470899866666668,
RUSSELL1000,return,RUSSELL1000_return,2009-01-08,0.0044201724,-0.0295802143,0.0092391154,,0.025575661520405423,,0.0019581213249999993,
RUSSELL1000,return,RUSSELL1000_return,2009-01-09,-0.0212207262,0.0044201724,-0.0295802143,0.0317000625,0.022176523301769863,,0.0024505315399999993,
RUSSELL1000,return,RUSSELL1000_return,2009-01-12,-0.0237497402,-0.0212207262,0.0044201724,-0.0035264783,0.01667231349650723,,-0.008133626200000002,
RUSSELL1000,return,RUSSELL1000_return,2009-01-13,0.002697722,-0.0237497402,-0.0212207262,0.0092391154,0.017696788477126236,,-0.012178278580000002,
RUSSELL1000,return,RUSSELL1000_return,2009-01-14,-0.0340852077,0.002697722,-0.0237497402,-0.0295802143,0.015864567063549977,,-0.01348655726,
RUSSELL1000,return,RUSSELL1000_return,2009-01-15,0.0028589893,-0.0340852077,0.002697722,0.0044201724,0.01708784335702476,,-0.014387555940000001,
RUSSELL1000,return,RUSSELL1000_return,2009-01-16,0.0083994646,0.0028589893,-0.0340852077,-0.0212207262,0.016667354178502982,0.02058513370290968,-0.014699792560000003,-0.006124630510000001
RUSSELL1000,return,RUSSELL1000_return,2009-01-20,-0.0537628049,0.0083994646,0.0028589893,-0.0237497402,0.018886402161657802,0.02001374950440172,-0.0087757544,-0.004804258227272728
RUSSELL1000,return,RUSSELL1000_return,2009-01-21,0.0435353212,-0.0537628049,0.0083994646,0.002697722,0.027596387435048275,0.023746188294180733,-0.014778367340000001,-0.008884137116666668
RUSSELL1000,return,RUSSELL1000_return,2009-01-22,-0.0161676812,0.0435353212,-0.0537628049,-0.0340852077,0.038104373333968045,0.026986302780232643,-0.006610847500000001,-0.0048518710923076925
RUSSELL1000,return,RUSSELL1000_return,2009-01-23,0.0060342468,-0.0161676812,0.0435353212,0.0028589893,0.03563726322086241,0.026103385806294146,-0.0030273422000000006,-0.0056601432428571435
RUSSELL1000,return,RUSSELL1000_return,2009-01-26,0.0052841321,0.0060342468,-0.0161676812,0.0083994646,0.03579631672438834,0.025334433463862993,-0.0023922907000000007,-0.004880517240000001
RUSSELL1000,return,RUSSELL1000_return,2009-01-27,0.0108977779,0.0052841321,0.0060342468,-0.0537628049,0.035588023228900575,0.024606952750907553,-0.0030153572000000007,-0.004245226656250001
RUSSELL1000,return,RUSSELL1000_return,2009-01-28,0.0340431407,0.0108977779,0.0052841321,0.0435353212,0.021494785856124236,0.02410699274097312,0.009916759360000001,-0.003354461682352942
RUSSELL1000,return,RUSSELL1000_return,2009-01-29,-0.0331630672,0.0340431407,0.0108977779,-0.0161676812,0.01790221742024458,0.024993217106184608,0.008018323260000002,-0.001276817105555556
RUSSELL1000,return,RUSSELL1000_return,2009-01-30,-0.022812563,-0.0331630672,0.0340431407,0.0060342468,0.024161607115778094,0.025366706096338985,0.004619246060000001,-0.0029550407947368427
RUSSELL1000,return,RUSSELL1000_return,2009-02-02,-0.0002480936,-0.022812563,-0.0331630672,0.0052841321,0.027014844381152266,0.025086231425908597,-0.001150115899999999,-0.003947916905
RUSSELL1000,return,RUSSELL1000_return,2009-02-03,0.015161893,-0.0002480936,-0.022812563,0.0108977779,0.026797855606449844,0.024464359776948403,-0.002256561039999999,-0.003771734842857143
RUSSELL1000,return,RUSSELL1000_return,2009-02-04,-0.0058726939,0.015161893,-0.0002480936,0.0340431407,0.027382611421733156,0.02351308944688539,-0.0014037380199999998,-0.004559266723809525
RUSSELL1000,return,RUSSELL1000_return,2009-02-05,0.0165936524,-0.0058726939,0.015161893,-0.0331630672,0.01900042906356729,0.02351351081386589,-0.009386904940000001,-0.004670991276190477
RUSSELL1000,return,RUSSELL1000_return,2009-02-06,0.0282015495,0.0165936524,-0.0058726939,-0.022812563,0.016268085760248383,0.02378426175218384,0.0005644389799999989,-0.004320775228571429
RUSSELL1000,return,RUSSELL1000_return,2009-02-09,0.0012982006,0.0282015495,0.0165936524,-0.0002480936,0.013742636016249072,0.02405670097553967,0.010767261479999998,-0.001569262666666667
RUSSELL1000,return,RUSSELL1000_return,2009-02-10,-0.0481411698,0.0012982006,0.0282015495,0.015161893,0.013446998177664956,0.024027465659896302,0.011076520319999998,-0.0017179279904761908
RUSSELL1000,return,RUSSELL1000_return,2009-02-11,0.0076749261,-0.0481411698,0.0012982006,-0.0058726939,0.02920563319465187,0.02577462933714885,-0.0015840922400000013,-0.0029998538761904768
RUSSELL1000,return,RUSSELL1000_return,2009-02-12,0.0026103144,0.0076749261,-0.0481411698,0.0165936524,0.029336435349628057,0.025419479956611354,0.0011254317599999984,-0.0015034411952380958
RUSSELL1000,return,RUSSELL1000_return,2009-02-13,-0.0095364511,0.0026103144,0.0076749261,0.0282015495,0.028135111668758435,0.02541876479530616,-0.0016712358400000015,-0.0015076034619047624
RUSSELL1000,return,RUSSELL1000_return,2009-02-17,-0.0453259468,-0.0095364511,0.0026103144,0.0012982006,0.022643900965344545,0.024389277314990375,-0.009218835960000001,-0.0003386150523809527
RUSSELL1000,return,RUSSELL1000_return,2009-02-18,-0.0016369127,-0.0453259468,-0.0095364511,-0.0481411698,0.026501595115981273,0.02626767116305145,-0.018543665440000003,-0.0026331358190476196
RUSSELL1000,return,RUSSELL1000_return,2009-02-19,-0.0117431884,-0.0016369127,-0.0453259468,0.0076749261,0.02113430276205196,0.026147933515171386,-0.009242814020000002,-0.0031110585476190485
RUSSELL1000,return,RUSSELL1000_return,2009-02-20,-0.0106385975,-0.0117431884,-0.0016369127,0.0026103144,0.018916027067526556,0.023557508691704587,-0.013126436920000002,-0.001110124428571429
RUSSELL1000,return,RUSSELL1000_return,2009-02-23,-0.0352112597,-0.0106385975,-0.0117431884,-0.0095364511,0.016990450182698083,0.02128021061531217,-0.015776219299999998,-0.0036898348428571434
RUSSELL1000,return,RUSSELL1000_return,2009-02-24,0.0405406174,-0.0352112597,-0.0106385975,-0.0453259468,0.018450260963422407,0.022223390188038903,-0.020911181020000003,-0.004596671914285715
RUSSELL1000,return,RUSSELL1000_return,2009-02-25,-0.0104633835,0.0405406174,-0.0352112597,-0.0016369127,0.027691505421026982,0.024233489614163765,-0.0037378681800000007,-0.00295351140952381
RUSSELL1000,return,RUSSELL1000_return,2009-02-26,-0.0156705357,-0.0104633835,0.0405406174,-0.0117431884,0.02780519337715991,0.024209472332257734,-0.005503162340000001,-0.0037033931047619046
RUSSELL1000,return,RUSSELL1000_return,2009-02-27,-0.0217480124,-0.0156705357,-0.0104633835,-0.0106385975,0.028079653930445012,0.024102257373927308,-0.006288631800000001,-0.004968550895238096
RUSSELL1000,return,RUSSELL1000_return,2009-03-02,-0.0480311132,-0.0217480124,-0.0156705357,-0.0352112597,0.02893637108586111,0.02261613682467362,-0.00851051478,-0.007625272471428572
RUSSELL1000,return,RUSSELL1000_return,2009-03-03,-0.0060548417,-0.0480311132,-0.0217480124,0.0405406174,0.03226969351386198,0.023664022580380428,-0.011074485480000002,-0.008333274661904764
RUSSELL1000,return,RUSSELL1000_return,2009-03-04,0.0247738508,-0.0060548417,-0.0480311132,-0.0104633835,0.01652409675694482,0.023432763729958093,-0.0203935773,-0.007535287933333333
RUSSELL1000,return,RUSSELL1000_return,2009-03-05,-0.0425401214,0.0247738508,-0.0060548417,-0.0156705357,0.02638815250530051,0.024436500760802685,-0.013346130440000001,-0.006343766771428571
RUSSELL1000,return,RUSSELL1000_return,2009-03-06,0.0012715706,-0.0425401214,0.0247738508,-0.0217480124,0.029528925191216776,0.025131638810470158,-0.018720047580000003,-0.009091481742857142
RUSSELL1000,return,RUSSELL1000_return,2009-03-09,-0.0097586288,0.0012715706,-0.0425401214,-0.0480311132,0.030709712136386423,0.025225569511862434,-0.014116130980000002,-0.008751278671428572
RUSSELL1000,return,RUSSELL1000_return,2009-03-10,0.063892843,-0.0097586288,0.0012715706,-0.0060548417,0.024228861260050062,0.024548083088153896,-0.0064616341,-0.010006149204761904
RUSSELL1000,return,RUSSELL1000_return,2009-03-11,0.0030739855,0.063892843,-0.0097586288,0.0247738508,0.039746704645840215,0.02827785358996866,0.0075279028400000005,-0.0083065638
RUSSELL1000,return,RUSSELL1000_return,2009-03-12,0.0409893628,0.0030739855,0.063892843,-0.0425401214,0.03855982348455293,0.028310647567503268,0.0031879297800000003,-0.008222002614285715
RUSSELL1000,return,RUSSELL1000_return,2009-03-13,0.0074621881,0.0409893628,0.0030739855,0.0012715706,0.031184526115289768,0.028705205263352487,0.01989382662,-0.003977691538095238
RUSSELL1000,return,RUSSELL1000_return,2009-03-16,-0.0046680606,0.0074621881,0.0409893628,-0.0097586288,0.030372648650356538,0.028700924529901,0.02113195012,-0.003987821919047619
RUSSELL1000,return,RUSSELL1000_return,2009-03-17,0.0321834338,-0.0046680606,0.0074621881,0.063892843,0.029138552874034492,0.028661181144892977,0.022150063759999998,-0.004334411204761904
RUSSELL1000,return,RUSSELL1000_return,2009-03-18,0.0213737751,0.0321834338,-0.0046680606,0.0030739855,0.019706170503735625,0.029709320592302545,0.01580818192,-0.002347750019047619
RUSSELL1000,return,RUSSELL1000_return,2009-03-19,-0.01187791,0.0213737751,0.0321834338,0.0409893628,0.018406332013674455,0.028422358996384463,0.01946813984,0.0008284272142857145
RUSSELL1000,return,RUSSELL1000_return,2009-03-20,-0.0203523593,-0.01187791,0.0213737751,0.0074621881,0.018135561261002343,0.028554324305783686,0.00889468528,0.00034076067619047634
RUSSELL1000,return,RUSSELL1000_return,2009-03-23,0.0705228583,-0.0203523593,-0.01187791,-0.0046680606,0.022439931417490476,0.028797259157860574,0.003331775799999999,-6.919984285714265e-05
RUSSELL1000,return,RUSSELL1000_return,2009-03-24,-0.0203675247,0.0705228583,-0.0203523593,0.0321834338,0.03651750065440019,0.03251422294717901,0.01836995958,0.0037956313857142863
RUSSELL1000,return,RUSSELL1000_return,2009-03-25,0.0098131357,-0.0203675247,0.0705228583,0.0213737751,0.039024259719562165,0.03177681719762808,0.00785976788,0.00450247590952381
RUSSELL1000,return,RUSSELL1000_return,2009-03-26,0.0248279788,0.0098131357,-0.0203675247,-0.01187791,0.03836022994153581,0.030724433946080574,0.00554764,0.0030392624952380954
RUSSELL1000,return,RUSSELL1000_return,2009-03-27,-0.0208833114,0.0248279788,0.0098131357,-0.0203523593,0.037698296319564284,0.03091353664012122,0.01288881776,0.004719803557142859
RUSSELL1000,return,RUSSELL1000_return,2009-03-30,-0.034911812,-0.0208833114,0.0248279788,0.0705228583,0.03781590490530951,0.03110578286963404,0.01278262734,0.004471576142857143
RUSSELL1000,return,RUSSELL1000_return,2009-03-31,0.0133017069,-0.034911812,-0.0208833114,-0.0203675247,0.024686544855540747,0.03178578872760942,-0.008304306720000001,0.0038447285428571433
RUSSELL1000,return,RUSSELL1000_return,2009-04-01,0.016543215,0.0133017069,-0.034911812,0.0098131357,0.025160868192623267,0.0295177315410852,-0.0015704604000000015,0.006765339023809523
RUSSELL1000,return,RUSSELL1000_return,2009-04-02,0.0300206268,0.016543215,0.0133017069,0.0248279788,0.026085136264154426,0.02943880229325432,-0.00022444454000000169,0.007841436961904763
RUSSELL1000,return,RUSSELL1000_return,2009-04-03,0.0107681222,0.0300206268,0.016543215,-0.0208833114,0.0274020302267129,0.029611450947413152,0.0008140850599999985,0.008091283438095238
RUSSELL1000,return,RUSSELL1000_return,2009-04-06,-0.0085459789,0.0107681222,0.0300206268,-0.034911812,0.024654757323069456,0.027244324664587406,0.007144371779999999,0.010629771228571429
RUSSELL1000,return,RUSSELL1000_return,2009-04-07,-0.0241394336,-0.0085459789,0.0107681222,0.0133017069,0.01387318739467087,0.0274960072329103,0.0124175384,0.010162268871428572
RUSSELL1000,return,RUSSELL1000_return,2009-04-08,0.0122922543,-0.0241394336,-0.0085459789,0.016543215,0.021360734780402926,0.028187341950806494,0.004929310299999998,0.009477468642857142
RUSSELL1000,return,RUSSELL1000_return,2009-04-09,0.0391442218,0.0122922543,-0.0241394336,0.0300206268,0.020861687312072375,0.025308717383953395,0.004079118159999998,0.007020297752380952
RUSSELL1000,return,RUSSELL1000_return,2009-04-13,0.0023847069,0.0391442218,0.0122922543,0.0107681222,0.02387881705427777,0.02623455859876754,0.005903837159999998,0.008737928052380953
RUSSELL1000,return,RUSSELL1000_return,2009-04-14,-0.0202591831,0.0023847069,0.0391442218,-0.0085459789,0.023745832761058794,0.02519353297969195,0.004227154099999998,0.006899611104761904
RUSSELL1000,return,RUSSELL1000_return,2009-04-15,0.0123875954,-0.0202591831,0.0023847069,-0.0241394336,0.025809137172593196,0.025879501221719888,0.001884513259999998,0.00557954580952381
RUSSELL1000,return,RUSSELL1000_return,2009-04-16,0.016693945,0.0123875954,-0.0202591831,0.0122922543,0.021393167140053407,0.025809354515196038,0.009189919059999998,0.006391719904761905
RUSSELL1000,return,RUSSELL1000_return,2009-04-17,0.0054780322,0.016693945,0.0123875954,0.0391442218,0.021641865367223994,0.025250697001431652,0.010070257199999998,0.0056541252
RUSSELL1000,return,RUSSELL1000_return,2009-04-20,-0.0439456782,0.0054780322,0.016693945,0.0023847069,0.01434043230471225,0.02499284444706366,0.003337019279999998,0.004897185061904762
RUSSELL1000,return,RUSSELL1000_return,2009-04-21,0.0221936049,-0.0439456782,0.0054780322,-0.0202591831,0.025632194893128905,0.026970445207000846,-0.005929057740000002,0.0033701484809523807
RUSSELL1000,return,RUSSELL1000_return,2009-04-22,-0.006583152,0.0221936049,-0.0439456782,0.0123875954,0.02670730929676707,0.026695941057097685,0.002561499859999999,0.005396146776190476
RUSSELL1000,return,RUSSELL1000_return,2009-04-23,0.0087276369,-0.006583152,0.0221936049,0.016693945,0.026306919870013264,0.022217525904556525,-0.0012326496200000011,0.001724432
RUSSELL1000,return,RUSSELL1000_return,2009-04-24,0.0178455438,0.0087276369,-0.006583152,0.0054780322,0.025166288125839348,0.02167146579823393,-0.002825911240000001,0.0031099158857142858
RUSSELL1000,return,RUSSELL1000_return,2009-04-27,-0.0105190381,0.0178455438,0.0087276369,-0.0439456782,0.02674476930313592,0.02186570580850662,-0.00035240892000000176,0.003492411509523809
RUSSELL1000,return,RUSSELL1000_return,2009-04-28,-0.0024222385,-0.0105190381,0.0178455438,0.0221936049,0.014496981660003377,0.021498604964024098,0.006332919099999998,0.0018092202285714286
RUSSELL1000,return,RUSSELL1000_return,2009-04-29,0.022643489,-0.0024222385,-0.0105190381,-0.006583152,0.011667833885277805,0.020893211162813514,0.0014097504199999972,0.002688318938095238
RUSSELL1000,return,RUSSELL1000_return,2009-04-30,-0.0002936056,0.022643489,-0.0024222385,0.0087276369,0.01379038837793656,0.019438648305485827,0.0072550786199999965,0.005429047557142857
RUSSELL1000,return,RUSSELL1000_return,2009-05-01,0.0051647678,-0.0002936056,0.022643489,0.0178455438,0.014135389000429294,0.019389674319402913,0.005450830119999997,0.004781651723809523
RUSSELL1000,return,RUSSELL1000_return,2009-05-04,0.0348610573,0.0051647678,-0.0002936056,-0.0105190381,0.012384762585765815,0.01920265166339325,0.002914674919999998,0.004239820904761904
RUSSELL1000,return,RUSSELL1000_return,2009-05-05,-0.0037419102,0.0348610573,0.0051647678,-0.0024222385,0.01613819589658318,0.019553428191325904,0.011990693999999998,0.004470317595238095
RUSSELL1000,return,RUSSELL1000_return,2009-05-06,0.0165236783,-0.0037419102,0.0348610573,0.022643489,0.016440798126696295,0.019576112560166933,0.011726759659999999,0.003779363671428571
RUSSELL1000,return,RUSSELL1000_return,2009-05-07,-0.0144862309,0.0165236783,-0.0037419102,-0.0002936056,0.015632853262651042,0.01955129044196798,0.01050279752,0.004973156871428572
RUSSELL1000,return,RUSSELL1000_return,2009-05-08,0.0248664134,-0.0144862309,0.0165236783,0.0051647678,0.019007547862566986,0.018936402322935215,0.007664272459999998,0.00543283319047619
RUSSELL1000,return,RUSSELL1000_return,2009-05-11,-0.0208876246,0.0248664134,-0.0144862309,0.0348610573,0.020354254251235552,0.019358241162106927,0.011604601579999999,0.006031602671428571
RUSSELL1000,return,RUSSELL1000_return,2009-05-12,-0.001875863,-0.0208876246,0.0248664134,-0.0037419102,0.01968807752965129,0.018643254369866264,0.00045486519999999794,0.0031729433190476183
RUSSELL1000,return,RUSSELL1000_return,2009-05-13,-0.0279906173,-0.001875863,-0.0208876246,0.0165236783,0.01960615038073477,0.018675416188033245,0.0008280746399999979,0.002970059038095237
RUSSELL1000,return,RUSSELL1000_return,2009-05-14,0.0109759501,-0.0279906173,-0.001875863,-0.0144862309,0.020769358796890694,0.019224389135671267,-0.008074784480000003,0.002601895504761905
RUSSELL1000,return,RUSSELL1000_return,2009-05-15,-0.0109698726,0.0109759501,-0.0279906173,0.0248664134,0.021895344082256667,0.019190899833281542,-0.0029823482800000025,0.0025346743
RUSSELL1000,return,RUSSELL1000_return,2009-05-18,0.0314305271,-0.0109698726,0.0109759501,-0.0208876246,0.015403112580904254,0.019119699709550377,-0.01014960548,0.0012173496523809522
RUSSELL1000,return,RUSSELL1000_return,2009-05-19,-0.000911846,0.0314305271,-0.0109698726,-0.001875863,0.02244542314152316,0.02021616687628927,0.00031402485999999856,0.002453182742857143
RUSSELL1000,return,RUSSELL1000_return,2009-05-20,-0.0046686739,-0.000911846,0.0314305271,-0.0279906173,0.0224260415855031,0.017239708467050217,0.0005068282599999986,0.004502412847619048
RUSSELL1000,return,RUSSELL1000_return,2009-05-21,-0.0167233845,-0.0046686739,-0.000911846,0.0109759501,0.016715323621989034,0.01685366498390403,0.005171216939999999,0.003223256714285714
RUSSELL1000,return,RUSSELL1000_return,2009-05-22,-0.0014214541,-0.0167233845,-0.0046686739,-0.0109698726,0.018773892729348866,0.01728832975693945,-0.00036864998000000137,0.0027403884999999996
RUSSELL1000,return,RUSSELL1000_return,2009-05-26,0.0268348828,-0.0014214541,-0.0167233845,0.0314305271,0.017890809156927853,0.017254413567903075,0.0015410337199999985,0.002257098452380952
RUSSELL1000,return,RUSSELL1000_return,2009-05-27,-0.0184349987,0.0268348828,-0.0014214541,-0.000911846,0.015988255116028003,0.017764452702317822,0.0006219048599999985,0.0026851622142857142
RUSSELL1000,return,RUSSELL1000_return,2009-05-28,0.0148895142,-0.0184349987,0.0268348828,-0.0046686739,0.018178959074338308,0.018138690639099935,-0.0028827256800000012,0.002308211709523809
RUSSELL1000,return,RUSSELL1000_return,2009-05-29,0.0136996634,0.0148895142,-0.0184349987,-0.0167233845,0.01973611263054742,0.018305576609164487,0.0010289119399999988,0.0031325808857142856
RUSSELL1000,return,RUSSELL1000_return,2009-06-01,0.0270183477,0.0136996634,0.0148895142,-0.0014214541,0.017452421837849116,0.017929112155462522,0.007113521519999999,0.0027066844285714283
RUSSELL1000,return,RUSSELL1000_return,2009-06-02,0.0020264864,0.0270183477,0.0136996634,0.0268348828,0.018573771447677863,0.01867564644001244,0.012801481879999998,0.004007253633333333
RUSSELL1000,return,RUSSELL1000_return,2009-06-03,-0.014409041,0.0020264864,0.0270183477,-0.0184349987,0.01714652168070065,0.018678476929174775,0.007839802599999997,0.003857811661904762
RUSSELL1000,return,RUSSELL1000_return,2009-06-04,0.0119056457,-0.014409041,0.0020264864,0.0148895142,0.01563183461793026,0.017655862210504674,0.008644994139999999,0.0015116165047619045
RUSSELL1000,return,RUSSELL1000_return,2009-06-05,-0.0022721336,0.0119056457,-0.014409041,0.0136996634,0.01538890946152635,0.017752980558765726,0.008048220439999998,0.0022567382142857136
RUSSELL1000,return,RUSSELL1000_return,2009-06-08,-0.0015692715,-0.0022721336,0.0119056457,0.0270183477,0.015579035414293061,0.017469270872830896,0.004853861039999999,0.001361699552380952
RUSSELL1000,return,RUSSELL1000_return,2009-06-09,0.0045534345,-0.0015692715,-0.0022721336,0.0020264864,0.009452078424603716,0.01710701179781017,-0.0008636628000000014,0.001976792857142857
RUSSELL1000,return,RUSSELL1000_return,2009-06-10,-0.003145336,0.0045534345,-0.0015692715,-0.014409041,0.009709300098344167,0.016303455113369676,-0.0003582731800000013,0.0010095081476190475
RUSSELL1000,return,RUSSELL1000_return,2009-06-11,0.0062947341,-0.003145336,0.0045534345,0.0119056457,0.006364971845273517,0.0155544870325467,0.0018944678199999984,0.0018543790333333335
RUSSELL1000,return,RUSSELL1000_return,2009-06-12,0.0006917092,0.0062947341,-0.003145336,-0.0022721336,0.004327056197861283,0.01555870238923997,0.0007722854999999987,0.0022434550857142856
RUSSELL1000,return,RUSSELL1000_return,2009-06-15,-0.0239562428,0.0006917092,0.0062947341,-0.0015692715,0.003996085378619103,0.013947397861908599,0.0013650540599999986,0.003609280157142857
RUSSELL1000,return,RUSSELL1000_return,2009-06-16,-0.0131884203,-0.0239562428,0.0006917092,0.0045534345,0.012208575928375359,0.015063334364627853,-0.0031123402000000013,0.0019458423999999998
RUSSELL1000,return,RUSSELL1000_return,2009-06-17,-0.0016122287,-0.0131884203,-0.0239562428,-0.003145336,0.01200006157147979,0.015165877288119448,-0.006660711160000002,0.0018401972714285713
RUSSELL1000,return,RUSSELL1000_return,2009-06-18,0.0080332543,-0.0016122287,-0.0131884203,0.0062947341,0.012131211191714782,0.013572797609209982,-0.006354089700000001,0.0002667327095238094
RUSSELL1000,return,RUSSELL1000_return,2009-06-19,0.0033220181,0.0080332543,-0.0016122287,0.0006917092,0.012600233859592368,0.013673946539236887,-0.00600638566,0.0006926898666666665
RUSSELL1000,return,RUSSELL1000_return,2009-06-22,-0.030948634,0.0033220181,0.0080332543,-0.0239562428,0.012998408654906682,0.013628398462978858,-0.0054803238800000004,0.0010731990095238094
RUSSELL1000,return,RUSSELL1000_return,2009-06-23,0.0019188185,-0.030948634,0.0033220181,-0.0131884203,0.015599126928542545,0.014855484199327171,-0.006878802120000001,0.0003958061761904763
RUSSELL1000,return,RUSSELL1000_return,2009-06-24,0.0073677472,0.0019188185,-0.030948634,-0.0016122287,0.015534414680759157,0.014852935807092689,-0.003857354360000001,0.0005548667761904761
RUSSELL1000,return,RUSSELL1000_return,2009-06-25,0.0215669345,0.0073677472,0.0019188185,0.0080332543,0.016356241012724704,0.013692925141923636,-0.002061359180000001,-0.00037213968095238113
RUSSELL1000,return,RUSSELL1000_return,2009-06-26,-0.0004564215,0.0215669345,0.0073677472,0.0033220181,0.01929941334103129,0.013836152351506469,0.0006453768599999985,0.0015327142809523808
RUSSELL1000,return,RUSSELL1000_return,2009-06-29,0.008910574,-0.0004564215,0.0215669345,-0.030948634,0.019242294895413115,0.013496519211902125,-0.00011031106000000141,0.0008019554380952377
RUSSELL1000,return,RUSSELL1000_return,2009-06-30,-0.007798995,0.008910574,-0.0004564215,0.0019188185,0.008568642897284193,0.013306816449162123,0.007861530539999998,0.0005739035619047617
RUSSELL1000,return,RUSSELL1000_return,2009-07-01,0.0047587089,-0.007798995,0.008910574,0.0073677472,0.011008356125680052,0.011946752739500318,0.005917967839999998,-0.0010840651380952383
RUSSELL1000,return,RUSSELL1000_return,2009-07-02,-0.0290514964,0.0047587089,-0.007798995,0.0215669345,0.010984264009098478,0.011997093439410743,0.005396160179999999,-0.0009539593047619049
RUSSELL1000,return,RUSSELL1000_return,2009-07-06,0.0013299446,-0.0290514964,0.0047587089,-0.0004564215,0.014960934259563597,0.013184892475911562,-0.004727526000000001,-0.001651219085714286
RUSSELL1000,return,RUSSELL1000_return,2009-07-07,-0.0199770407,0.0013299446,-0.0290514964,0.008910574,0.015109025542099277,0.012838614746423116,-0.004370252780000002,-0.0021548239000000005
RUSSELL1000,return,RUSSELL1000_return,2009-07-08,-0.0014733212,-0.0199770407,0.0013299446,-0.007798995,0.01426028772444296,0.013415087360315917,-0.010147775720000002,-0.0029979147142857143
RUSSELL1000,return,RUSSELL1000_return,2009-07-09,0.0040408554,-0.0014733212,-0.0199770407,0.0047587089,0.014791465313481437,0.01341561460247978,-0.00888264096,-0.0029933456523809528
RUSSELL1000,return,RUSSELL1000_return,2009-07-10,-0.0038672314,0.0040408554,-0.0014733212,-0.0290514964,0.014628542766747282,0.013401656400834773,-0.009026211660000002,-0.0030177541809523808
RUSSELL1000,return,RUSSELL1000_return,2009-07-13,0.0244815138,-0.0038672314,0.0040408554,0.0013299446,0.00941714741311249,0.013402925807990951,-0.003989358660000001,-0.0030521301523809526
RUSSELL1000,return,RUSSELL1000_return,2009-07-14,0.0057863882,0.0244815138,-0.0038672314,-0.0199770407,0.016045460586864024,0.01457353021022171,0.000640955179999999,-0.0021860930238095243
RUSSELL1000,return,RUSSELL1000_return,2009-07-15,0.0296843219,0.0057863882,0.0244815138,-0.0014733212,0.011162997972061158,0.01466594418832015,0.005793640959999999,-0.0019434892619047625
RUSSELL1000,return,RUSSELL1000_return,2009-07-16,0.0093259808,0.0296843219,0.0057863882,0.0040408554,0.014337418238036952,0.0152979422288144,0.012025169579999998,0.0006108233428571426
RUSSELL1000,return,RUSSELL1000_return,2009-07-17,-0.0004852399,0.0093259808,0.0296843219,-0.0038672314,0.013785826815755036,0.015069733841176125,0.01308219466,0.0016829376809523807
RUSSELL1000,return,RUSSELL1000_return,2009-07-20,0.0121592166,-0.0004852399,0.0093259808,0.0244815138,0.012793560366950469,0.015059415580112926,0.01375859296,0.0017366038142857141
RUSSELL1000,return,RUSSELL1000_return,2009-07-21,0.0035904207,0.0121592166,-0.0004852399,0.0057863882,0.011312713193507316,0.015172165890677871,0.01129413352,0.001933078209523809
RUSSELL1000,return,RUSSELL1000_return,2009-07-22,-7.37653e-05,0.0035904207,0.0121592166,0.0296843219,0.011618491696914205,0.015173507432235769,0.010854940019999999,0.0019458592857142854
RUSSELL1000,return,RUSSELL1000_return,2009-07-23,0.0235708061,-7.37653e-05,0.0035904207,0.0093259808,0.005651097779923382,0.013193453937007603,0.004903322579999999,0.0034160911285714282
RUSSELL1000,return,RUSSELL1000_return,2009-07-24,0.00360479,0.0235708061,-7.37653e-05,-0.0004852399,0.010198917223730838,0.013897825420792348,0.007752287639999999,0.004447138157142857
RUSSELL1000,return,RUSSELL1000_return,2009-07-27,0.0029732669,0.00360479,0.0235708061,0.0121592166,0.009514079802206603,0.013882536409730348,0.008570293619999999,0.004267949719047618
RUSSELL1000,return,RUSSELL1000_return,2009-07-28,-0.0027095846,0.0029732669,0.00360479,0.0035904207,0.009534684885994637,0.013304988918203954,0.00673310368,0.003382536976190476
RUSSELL1000,return,RUSSELL1000_return,2009-07-29,-0.0050215883,-0.0027095846,0.0029732669,-7.37653e-05,0.01042821600017616,0.013346514892801826,0.005473102619999999,0.003275243495238095
RUSSELL1000,return,RUSSELL1000_return,2009-07-30,0.0121504196,-0.0050215883,-0.0027095846,0.0235708061,0.011285669664245225,0.013398556939851548,0.0044835380199999995,0.0026118071952380946
RUSSELL1000,return,RUSSELL1000_return,2009-07-31,0.0006459454,0.0121504196,-0.0050215883,0.00360479,0.006667787937613558,0.013330557936396484,0.0021994607199999996,0.0035617793190476188
RUSSELL1000,return,RUSSELL1000_return,2009-08-03,0.0162593497,0.0006459454,0.0121504196,0.0029732669,0.0066431372692952635,0.013342300171153716,0.0016076917999999995,0.0033659334380952374
RUSSELL1000,return,RUSSELL1000_return,2009-08-04,0.0033660053,0.0162593497,0.0006459454,-0.0027095846,0.009407807605202186,0.01135324740445136,0.004264908359999999,0.0055235927761904755
RUSSELL1000,return,RUSSELL1000_return,2009-08-05,-0.0023594931,0.0033660053,0.0162593497,-0.0050215883,0.008643050559287383,0.01132430047377666,0.0054800263399999985,0.005620548047619047
RUSSELL1000,return,RUSSELL1000_return,2009-08-06,-0.005818434,-0.0023594931,0.0033660053,0.0121504196,0.007882989545754435,0.009895605659735473,0.006012445379999999,0.006459478885714285
RUSSELL1000,return,RUSSELL1000_return,2009-08-07,0.0141635465,-0.005818434,-0.0023594931,0.0006459454,0.008459981326116691,0.010112811199711627,0.002418674659999999,0.006252568752380952
RUSSELL1000,return,RUSSELL1000_return,2009-08-10,-0.0034465656,0.0141635465,-0.005818434,0.0162593497,0.009804839031850464,0.01024253735640573,0.005122194879999999,0.006734601661904762
RUSSELL1000,return,RUSSELL1000_return,2009-08-11,-0.0124269526,-0.0034465656,0.0141635465,0.0033660053,0.008004097277001306,0.010221155281661202,0.0011810118199999998,0.006754633366666666
RUSSELL1000,return,RUSSELL1000_return,2009-08-12,0.0117964849,-0.0124269526,-0.0034465656,-0.0023594931,0.009833377957000683,0.010193779789521325,-0.0019775797600000006,0.004997087347619047
RUSSELL1000,return,RUSSELL1000_return,2009-08-13,0.0072389448,0.0117964849,-0.0124269526,-0.005818434,0.011578881044947758,0.01030085355461681,0.0008536158399999993,0.005283282428571428
RUSSELL1000,return,RUSSELL1000_return,2009-08-14,-0.0089686476,0.0072389448,0.0117964849,0.0141635465,0.01116287478258664,0.008679214628159689,0.003465091599999999,0.004214454947619048
RUSSELL1000,return,RUSSELL1000_return,2009-08-17,-0.0246908771,-0.0089686476,0.0072389448,-0.0034465656,0.01038701528492548,0.009050701755043597,-0.0011613472200000014,0.003343282166666666
RUSSELL1000,return,RUSSELL1000_return,2009-08-18,0.0106854243,-0.0246908771,-0.0089686476,-0.0124269526,0.01491402649542385,0.010912515605450918,-0.005410209520000001,0.0021906327761904757
RUSSELL1000,return,RUSSELL1000_return,2009-08-19,0.0069248923,0.0106854243,-0.0246908771,0.0117964849,0.01575365907216549,0.01084975881012576,-0.0007877341400000012,0.00212045219047619
RUSSELL1000,return,RUSSELL1000_return,2009-08-20,0.0108408502,0.0069248923,0.0106854243,0.0072389448,0.014908778047783641,0.010896645585132482,-0.0017620526600000013,0.002279236552380952
RUSSELL1000,return,RUSSELL1000_return,2009-08-21,0.0185695032,0.0108408502,0.0069248923,-0.0089686476,0.015526647354096293,0.011038182615795322,-0.001041671580000001,0.002798980147619047
RUSSELL1000,return,RUSSELL1000_return,2009-08-24,-0.0009373586,0.0185695032,0.0108408502,-0.0246908771,0.01684041559587535,0.010613385549490583,0.004465958579999999,0.0025608228666666667
RUSSELL1000,return,RUSSELL1000_return,2009-08-25,0.0024427657,-0.0009373586,0.0185695032,0.0106854243,0.007082147118254477,0.010637302356907762,0.00921666228,0.002344530076190476
RUSSELL1000,return,RUSSELL1000_return,2009-08-26,0.0001679807,0.0024427657,-0.0009373586,0.0069248923,0.007595514466846718,0.010636364433838695,0.00756813056,0.0023192681142857143
RUSSELL1000,return,RUSSELL1000_return,2009-08-27,0.0029616228,0.0001679807,0.0024427657,0.0108408502,0.008306392894656475,0.010586759044670003,0.006216748239999999,0.0024562950333333333
RUSSELL1000,return,RUSSELL1000_return,2009-08-28,-0.0013053573,0.0029616228,0.0001679807,0.0185695032,0.007949555482715297,0.010447227185899266,0.004640902759999999,0.002836447942857143
RUSSELL1000,return,RUSSELL1000_return,2009-08-31,-0.0086436351,-0.0013053573,0.0029616228,-0.0009373586,0.0019449814906680979,0.01025834731774731,0.0006659306599999994,0.0021956966619047615
RUSSELL1000,return,RUSSELL1000_return,2009-09-01,-0.0219669951,-0.0086436351,-0.0013053573,0.0024427657,0.0046731132739804325,0.010525335695366563,-0.0008753246400000005,0.0017533356857142857
RUSSELL1000,return,RUSSELL1000_return,2009-09-02,-0.0031072672,-0.0219669951,-0.0086436351,0.0001679807,0.010025386594939869,0.011176537887501718,-0.005757276800000001,-6.69664476190478e-05
RUSSELL1000,return,RUSSELL1000_return,2009-09-03,0.0091990565,-0.0031072672,-0.0219669951,0.0029616228,0.009641083058835962,0.01116638420321554,-0.006412326380000001,-0.00037521751904761924
RUSSELL1000,return,RUSSELL1000_return,2009-09-04,0.0132630652,0.0091990565,-0.0031072672,-0.0013053573,0.01140027594571564,0.011347092554584921,-0.00516483964,0.0001751896047619046
RUSSELL1000,return,RUSSELL1000_return,2009-09-08,0.0097451724,0.0132630652,0.0091990565,-0.0086436351,0.014160768451830863,0.011604225276386309,-0.0022511551400000002,0.0010838324238095238
RUSSELL1000,return,RUSSELL1000_return,2009-09-09,0.0083517624,0.0097451724,0.0132630652,-0.0219669951,0.014470036962107448,0.01139335585924842,0.0014266063599999996,0.0008734336571428568
RUSSELL1000,return,RUSSELL1000_return,2009-09-10,0.0106396823,0.0083517624,0.0097451724,-0.0031072672,0.006212480671585556,0.01146037862507138,0.00749035786,0.0014352587999999999
RUSSELL1000,return,RUSSELL1000_return,2009-09-11,-0.000799122,0.0106396823,0.0083517624,0.0091990565,0.0018836485728651697,0.011166981288329388,0.010239747759999999,0.0025336699857142855
RUSSELL1000,return,RUSSELL1000_return,2009-09-14,0.0067489118,-0.000799122,0.0106396823,0.0132630652,0.005361282971459757,0.01098130787967145,0.008240112059999999,0.0019338791809523806
RUSSELL1000,return,RUSSELL1000_return,2009-09-15,0.0040890137,0.0067489118,-0.000799122,0.0097451724,0.004568375024702416,0.010969985957122716,0.00693728138,0.001910544276190476
RUSSELL1000,return,RUSSELL1000_return,2009-09-16,0.0155883129,0.0040890137,0.0067489118,0.0083517624,0.004396309589136038,0.010688969977475144,0.00580604964,0.0025323376714285716
RUSSELL1000,return,RUSSELL1000_return,2009-09-17,-0.0033322085,0.0155883129,0.0040890137,0.0106396823,0.006245971510058043,0.009047593274892528,0.00725335974,0.004450394338095238
RUSSELL1000,return,RUSSELL1000_return,2009-09-18,0.0023294678,-0.0033322085,0.0155883129,-0.000799122,0.00737551639540808,0.009081616957151541,0.004458981579999999,0.0037828880142857144
RUSSELL1000,return,RUSSELL1000_return,2009-09-21,-0.0031457242,0.0023294678,-0.0033322085,0.0067489118,0.006937624399778391,0.009057455368304402,0.005084699539999999,0.003564058276190476
RUSSELL1000,return,RUSSELL1000_return,2009-09-22,0.0068144975,-0.0031457242,0.0023294678,0.0040890137,0.007712198736883079,0.009009728059257356,0.003105772339999999,0.002898030923809524
RUSSELL1000,return,RUSSELL1000_return,2009-09-23,-0.0106207459,0.0068144975,-0.0031457242,0.0155883129,0.007893260792921923,0.008326666961043398,0.0036508690999999998,0.0023382687476190475
RUSSELL1000,return,RUSSELL1000_return,2009-09-24,-0.0103186404,-0.0106207459,0.0068144975,-0.0033322085,0.006576620358778671,0.008773279994840523,-0.001590942660000001,0.0018771550666666667
RUSSELL1000,return,RUSSELL1000_return,2009-09-25,-0.0059866215,-0.0103186404,-0.0106207459,0.0023294678,0.007687431241165525,0.00916534620498744,-0.002988229040000001,0.0012694690619047618
RUSSELL1000,return,RUSSELL1000_return,2009-09-28,0.0182324235,-0.0059866215,-0.0103186404,-0.0031457242,0.007128593580845993,0.009299745229750288,-0.004651446900000001,0.0009763927666666665
RUSSELL1000,return,RUSSELL1000_return,2009-09-29,-0.0016028431,0.0182324235,-0.0059866215,0.0068144975,0.012582395137468989,0.010031026989406638,-0.00037581736000000113,0.0017035737523809524
RUSSELL1000,return,RUSSELL1000_return,2009-09-30,-0.0033420887,-0.0016028431,0.0182324235,-0.0106207459,0.011925826065801656,0.010035697687223358,-0.0020592854800000012,0.0016894077619047617
RUSSELL1000,return,RUSSELL1000_return,2009-10-01,-0.0263486934,-0.0033420887,-0.0016028431,-0.0103186404,0.011030101074537014,0.009827284323559846,-0.0006035540400000008,0.001941862352380952
RUSSELL1000,return,RUSSELL1000_return,2009-10-02,-0.0050105059,-0.0263486934,-0.0033420887,-0.0059866215,0.01584052790080725,0.010390664493173196,-0.003809564640000001,0.0017332100523809522
RUSSELL1000,return,RUSSELL1000_return,2009-10-05,0.015598626,-0.0050105059,-0.0263486934,0.0182324235,0.015812980583292925,0.01044316323174525,-0.0036143415200000006,0.0016425796380952378
RUSSELL1000,return,RUSSELL1000_return,2009-10-06,0.0136911038,0.015598626,-0.0050105059,-0.0016028431,0.01492205599893723,0.010763163659884927,-0.004141101020000001,0.0019473210428571427
RUSSELL1000,return,RUSSELL1000_return,2009-10-07,0.0031037281,0.0136911038,0.015598626,-0.0033420887,0.01699584386004163,0.010786045341980775,-0.0010823116400000006,0.0019677038333333332
RUSSELL1000,return,RUSSELL1000_return,2009-10-08,0.0082750528,0.0031037281,0.0136911038,-0.0263486934,0.01702602023051617,0.010643017894387903,0.0002068517199999992,0.0016514445809523808
RUSSELL1000,return,RUSSELL1000_return,2009-10-09,0.0057084178,0.0082750528,0.0031037281,-0.0050105059,0.008361811876356982,0.010640616158758527,0.00713160096,0.0016477917428571426
RUSSELL1000,return,RUSSELL1000_return,2009-10-12,0.0043152534,0.0057084178,0.0082750528,0.015598626,0.0052748274301701835,0.010485539716594229,0.0092753857,0.0014129696238095236
RUSSELL1000,return,RUSSELL1000_return,2009-10-13,-0.0028789202,0.0043152534,0.0057084178,0.0136911038,0.0041967803959754675,0.010490984703841242,0.00701871118,0.0016565113095238092
RUSSELL1000,return,RUSSELL1000_return,2009-10-14,0.0176330079,-0.0028789202,0.0043152534,0.0031037281,0.004152740280675846,0.010467661492978144,0.0037047063799999997,0.0011980431190476187
RUSSELL1000,return,RUSSELL1000_return,2009-10-15,0.003980881,0.0176330079,-0.0028789202,0.0082750528,0.007422894000870819,0.011055437285599762,0.006610562339999999,0.0018429952238095235
RUSSELL1000,return,RUSSELL1000_return,2009-10-16,-0.0082945329,0.003980881,0.0176330079,0.0057084178,0.0074305809759665845,0.010615259857703587,0.00575172798,0.0012902603714285712
RUSSELL1000,return,RUSSELL1000_return,2009-10-19,0.0095966319,-0.0082945329,0.003980881,0.0043152534,0.009733103023157446,0.01077729854253535,0.0029511378400000005,0.0010539592095238093
RUSSELL1000,return,RUSSELL1000_return,2009-10-20,-0.0065344664,0.0095966319,-0.0082945329,-0.0028789202,0.010193826147551214,0.01093580991607204,0.00400741354,0.0014000146428571425
RUSSELL1000,return,RUSSELL1000_return,2009-10-21,-0.0089128373,-0.0065344664,0.0095966319,0.0176330079,0.010916654739349418,0.01103082993559058,0.0032763043,0.0012386459666666662
RUSSELL1000,return,RUSSELL1000_return,2009-10-22,0.0106320606,-0.0089128373,-0.0065344664,0.003980881,0.008339922931340027,0.01116639634548143,-0.00203286474,0.0004897252619047614
RUSSELL1000,return,RUSSELL1000_return,2009-10-23,-0.0123977614,0.0106320606,-0.0089128373,-0.0082945329,0.009919738101770628,0.011071774670691923,-0.0007026288200000005,0.0015017636666666662
RUSSELL1000,return,RUSSELL1000_return,2009-10-26,-0.0119253169,-0.0123977614,0.0106320606,0.0095966319,0.01083255091968293,0.011191409399607435,-0.0015232745200000005,0.0014027579047619044
RUSSELL1000,return,RUSSELL1000_return,2009-10-27,-0.004199909,-0.0119253169,-0.0123977614,-0.0065344664,0.009503788041695379,0.011459293397778682,-0.00582766428,0.001119962885714285
RUSSELL1000,return,RUSSELL1000_return,2009-10-28,-0.0209955897,-0.004199909,-0.0119253169,-0.0089128373,0.009517719460693312,0.010811592096029566,-0.0053607528,5.1756576190475815e-05
RUSSELL1000,return,RUSSELL1000_return,2009-10-29,0.022738206,-0.0209955897,-0.004199909,0.0106320606,0.011884655804990324,0.01174767009336909,-0.00777730328,-0.000871707547619048
RUSSELL1000,return,RUSSELL1000_return,2009-10-30,-0.0280808192,0.022738206,-0.0209955897,-0.0123977614,0.016792558257117125,0.01280447320073633,-0.005356074200000001,0.0003702112476190472
RUSSELL1000,return,RUSSELL1000_return,2009-11-02,0.0062243764,-0.0280808192,0.022738206,-0.0119253169,0.019657041153079494,0.012989436241455241,-0.00849268576,0.0002877290666666665
RUSSELL1000,return,RUSSELL1000_return,2009-11-03,0.0036506216,0.0062243764,-0.0280808192,-0.004199909,0.020521475070500148,0.012991672267559174,-0.0048627471,0.0008227234619047615
RUSSELL1000,return,RUSSELL1000_return,2009-11-04,0.0009724588,0.0036506216,0.0062243764,-0.0209955897,0.02088202386271298,0.012566906600598006,-0.0032926409800000007,0.00025377087142857107
RUSSELL1000,return,RUSSELL1000_return,2009-11-05,0.0198149402,0.0009724588,0.0036506216,0.022738206,0.01838826619193877,0.012187687192311095,0.001100968719999999,-0.00035187889047619085
RUSSELL1000,return,RUSSELL1000_return,2009-11-06,0.0022864749,0.0198149402,0.0009724588,-0.0280808192,0.017555960021016614,0.01294653513445398,0.0005163155599999982,0.00044389311428571387
RUSSELL1000,return,RUSSELL1000_return,2009-11-09,0.0226548996,0.0022864749,0.0198149402,0.0062243764,0.007644438606829567,0.012830852895178727,0.006589774379999999,0.00015872273809523766
RUSSELL1000,return,RUSSELL1000_return,2009-11-10,0.0002223312,0.0226548996,0.0022864749,0.0036506216,0.010460784872318258,0.013700764916307243,0.009875879019999999,0.0009656980619047616
RUSSELL1000,return,RUSSELL1000_return,2009-11-11,0.0052079416,0.0002223312,0.0226548996,0.0009724588,0.011065697008481949,0.013679829210014174,0.009190220939999999,0.0007707970047619043
RUSSELL1000,return,RUSSELL1000_return,2009-11-12,-0.0107434659,0.0052079416,0.0002223312,0.0198149402,0.010422783605837498,0.013685774004484353,0.010037317499999998,0.0011558856619047614
RUSSELL1000,return,RUSSELL1000_return,2009-11-13,0.006071292,-0.0107434659,0.0052079416,0.0022864749,0.012083185514963717,0.013374907849676352,0.00392563628,-0.0001953749952380957
RUSSELL1000,return,RUSSELL1000_return,2009-11-16,0.0149392414,0.006071292,-0.0107434659,0.0226548996,0.012073374726014996,0.013415262044141377,0.0046825997,-9.583161428571477e-05
RUSSELL1000,return,RUSSELL1000_return,2009-11-17,0.000965146,0.0149392414,0.006071292,0.0002223312,0.00939886120859735,0.013661102950352237,0.0031394680599999996,0.0010105385904761901
RUSSELL1000,return,RUSSELL1000_return,2009-11-18,-0.0007542608,0.000965146,0.0149392414,0.0052079416,0.009346951404991847,0.013518964453960279,0.0032880310199999993,0.000599515452380952
RUSSELL1000,return,RUSSELL1000_return,2009-11-19,-0.0139496127,-0.0007542608,0.000965146,-0.0107434659,0.009420808050536932,0.013424969314396675,0.0020955905399999996,0.0008747633380952378
RUSSELL1000,return,RUSSELL1000_return,2009-11-20,-0.0033236274,-0.0139496127,-0.0007542608,0.006071292,0.010554120031805314,0.013651653687064273,0.0014543611799999999,0.0006349168904761901
RUSSELL1000,return,RUSSELL1000_return,2009-11-23,0.0130942973,-0.0033236274,-0.0139496127,0.0149392414,0.010361201922924555,0.013479254085839273,-0.0004246227000000005,-2.9639680952381283e-05
RUSSELL1000,return,RUSSELL1000_return,2009-11-24,-0.0006262256,0.0130942973,-0.0033236274,0.000965146,0.009688267844242955,0.013457577974011644,-0.0007936115200000007,0.0011842678761904758
RUSSELL1000,return,RUSSELL1000_return,2009-11-25,0.0050390563,-0.0006262256,0.0130942973,-0.0007542608,0.009642074888287382,0.013129099881293764,-0.0011118858400000007,0.0017223198428571427
RUSSELL1000,return,RUSSELL1000_return,2009-11-27,-0.0172037779,0.0050390563,-0.0006262256,-0.0139496127,0.010035837303652482,0.0130754130539034,4.6777579999999346e-05,0.002162270571428571
RUSSELL1000,return,RUSSELL1000_return,2009-11-30,0.0037292956,-0.0172037779,0.0050390563,-0.0033236274,0.011207552440321573,0.01276205550207081,-0.0006040554600000008,0.0023428330380952374
RUSSELL1000,return,RUSSELL1000_return,2009-12-01,0.0126505929,0.0037292956,-0.0172037779,0.0130942973,0.011223524870933086,0.01188727397132524,0.0008065291399999992,0.0014376468285714282
RUSSELL1000,return,RUSSELL1000_return,2009-12-02,0.0011153806,0.0126505929,0.0037292956,-0.0006262256,0.011103189489871074,0.010003833489837207,0.0007177882599999991,0.003377237880952381
RUSSELL1000,return,RUSSELL1000_return,2009-12-03,-0.0084083062,0.0011153806,0.0126505929,0.0050390563,0.011077774318130344,0.009993249085732415,0.0010661094999999995,0.003133952366666666
RUSSELL1000,return,RUSSELL1000_return,2009-12-04,0.00604252,-0.0084083062,0.0011153806,-0.0172037779,0.011496545897716492,0.010303719418836598,-0.0016233630000000005,0.002559717709523809
RUSSELL1000,return,RUSSELL1000_return,2009-12-07,-0.0022150122,0.00604252,-0.0084083062,0.0037292956,0.007691239022674534,0.010324047476117865,0.0030258965799999996,0.002801149195238095
RUSSELL1000,return,RUSSELL1000_return,2009-12-08,-0.0099028319,-0.0022150122,0.00604252,0.0126505929,0.008008214945141675,0.009602868054372297,0.0018370350199999996,0.0017521038428571427
RUSSELL1000,return,RUSSELL1000_return,2009-12-09,0.0036067606,-0.0099028319,-0.0022150122,0.0011153806,0.006627331168421243,0.009931712521324056,-0.0026736499400000007,0.0011716606619047614
RUSSELL1000,return,RUSSELL1000_return,2009-12-10,0.0060062275,0.0036067606,-0.0099028319,-0.0084083062,0.007062780665586345,0.008659967474979175,-0.0021753739400000006,0.0002646064238095234
RUSSELL1000,return,RUSSELL1000_return,2009-12-11,0.0040941562,0.0060062275,0.0036067606,0.00604252,0.006820280128563189,0.00875006324836621,0.0007075327999999994,0.0005400300571428568
RUSSELL1000,return,RUSSELL1000_return,2009-12-14,0.0078486197,0.0040941562,0.0060062275,-0.0022150122,0.006486770950521708,0.008723690386510196,0.00031786003999999935,0.00048699265714285673
RUSSELL1000,return,RUSSELL1000_return,2009-12-15,-0.0049680922,0.0078486197,0.0040941562,-0.0099028319,0.007041916488551085,0.008466597792518203,0.0023305864199999996,0.0013723300666666663
RUSSELL1000,return,RUSSELL1000_return,2009-12-16,0.0017148991,-0.0049680922,0.0078486197,0.0036067606,0.004926921096168806,0.00850289079258219,0.00331753436,0.0008466451047619044
RUSSELL1000,return,RUSSELL1000_return,2009-12-17,-0.0115826237,0.0017148991,-0.0049680922,0.0060062275,0.004971598483464528,0.007873397800343265,0.0029391620599999993,0.0002169145190476186
RUSSELL1000,return,RUSSELL1000_return,2009-12-18,0.0059638437,-0.0115826237,0.0017148991,0.0040941562,0.007721220756170863,0.008279431311200416,-0.0005786081800000002,-0.0003805983238095242
RUSSELL1000,return,RUSSELL1000_return,2009-12-21,0.010546741,0.0059638437,-0.0115826237,0.0078486197,0.008042679952038414,0.00839327942652332,-0.00020467068000000043,-6.0688585714286106e-05
RUSSELL1000,return,RUSSELL1000_return,2009-12-22,0.0041607256,0.010546741,0.0059638437,-0.0049680922,0.008775252114640635,0.008062206007242598,0.0003349535799999994,0.0011058044476190472
RUSSELL1000,return,RUSSELL1000_return,2009-12-23,0.0029778303,0.0041607256,0.010546741,0.0017148991,0.008334677150633064,0.008021934256027128,0.0021607171399999994,0.001462202209523809
RUSSELL1000,return,RUSSELL1000_return,2009-12-24,0.0053195386,0.0029778303,0.0041607256,-0.0115826237,0.008336925302073429,0.007580061361326097,0.0024133033799999997,0.0009804656857142855
RUSSELL1000,return,RUSSELL1000_return,2009-12-28,0.0009320201,0.0053195386,0.0029778303,0.0059638437,0.0028914055497107154,0.007627939655622043,0.00579373584,0.0012635973142857138
RUSSELL1000,return,RUSSELL1000_return,2009-12-29,-0.0013678082,0.0009320201,0.0053195386,0.010546741,0.0036050103230024946,0.0075787924324257384,0.00478737112,0.0010680241619047616
RUSSELL1000,return,RUSSELL1000_return,2009-12-30,0.000145309,-0.0013678082,0.0009320201,0.0041607256,0.0026603097674273925,0.006359617193233409,0.002404461279999999,0.0018221179571428568
RUSSELL1000,return,RUSSELL1000_return,2009-12-31,-0.0101426237,0.000145309,-0.0013678082,0.0029778303,0.002603055070628132,0.0063539645649282024,0.0016013779599999994,0.0016514519285714283
RUSSELL1000,return,RUSSELL1000_return,2010-01-04,0.016188045,-0.0101426237,0.000145309,0.0053195386,0.005672329197857332,0.0063278624883663795,-0.0010227128400000008,0.0005660606619047615
RUSSELL1000,return,RUSSELL1000_return,2010-01-05,0.0033498542,0.016188045,-0.0101426237,0.0009320201,0.00950082127951356,0.0071894477265807485,0.0011509884399999997,0.0012838065857142856
RUSSELL1000,return,RUSSELL1000_return,2010-01-06,0.0014172432,0.0033498542,0.016188045,-0.0013678082,0.009548302193198853,0.006846572627779108,0.0016345552599999996,0.0018437189857142854
RUSSELL1000,return,RUSSELL1000_return,2010-01-07,0.0040550975,0.0014172432,0.0033498542,0.000145309,0.00940959663077985,0.006778806544921392,0.0021915655399999995,0.0016234677095238095
RUSSELL1000,return,RUSSELL1000_return,2010-01-08,0.0031413646,0.0040550975,0.0014172432,-0.0101426237,0.00935935803529596,0.00673925496819644,0.0029735232399999995,0.001922044361904762
RUSSELL1000,return,RUSSELL1000_return,2010-01-11,0.0015114652,0.0031413646,0.0040550975,0.016188045,0.005981060158345349,0.006172146151142748,0.005630320899999999,0.002543196576190476
RUSSELL1000,return,RUSSELL1000_return,2010-01-12,-0.0099018099,0.0015114652,0.0031413646,0.0033498542,0.0011738140452742267,0.006171029100916775,0.0026950049399999997,0.0024434206047619046
RUSSELL1000,return,RUSSELL1000_return,2010-01-13,0.0088004595,-0.0099018099,0.0015114652,0.0014172432,0.005670999777984652,0.006668179590808235,4.467211999999964e-05,0.0016858950142857143
RUSSELL1000,return,RUSSELL1000_return,2010-01-14,0.0022377339,0.0088004595,-0.0099018099,0.0040550975,0.0069375506955842445,0.0068302816883975236,0.0015213153799999996,0.0019100046952380955
RUSSELL1000,return,RUSSELL1000_return,2010-01-15,-0.0108995735,0.0022377339,0.0088004595,0.0031413646,0.006818194045868232,0.0066947594145638275,0.0011578426599999996,0.001642819657142857
RUSSELL1000,return,RUSSELL1000_return,2010-01-19,0.0123933013,-0.0108995735,0.0022377339,0.0015114652,0.008484816097179321,0.0071004513489261204,-0.0016503449600000005,0.0013603681666666666
RUSSELL1000,return,RUSSELL1000_return,2010-01-20,-0.0101547112,0.0123933013,-0.0108995735,-0.0099018099,0.01062441177452302,0.007498327115841887,0.0005260222599999996,0.0018688635095238093
RUSSELL1000,return,RUSSELL1000_return,2010-01-21,-0.0181659666,-0.0101547112,0.0123933013,0.0088004595,0.010686885585747357,0.007375720097965172,0.00047544199999999953,0.0019368593428571426
RUSSELL1000,return,RUSSELL1000_return,2010-01-22,-0.021950145,-0.0181659666,-0.0101547112,0.0022377339,0.012140805831851871,0.008509423787913075,-0.004917843220000001,0.0007878207571428569
RUSSELL1000,return,RUSSELL1000_return,2010-01-25,0.004536295,-0.021950145,-0.0181659666,-0.0108995735,0.01333681922213299,0.009538596452242386,-0.009755419000000001,-0.0007596500047619049
RUSSELL1000,return,RUSSELL1000_return,2010-01-26,-0.0040960606,0.004536295,-0.021950145,0.0123933013,0.01472051103158015,0.009548629917942213,-0.0066682453,-0.0007417657476190479
RUSSELL1000,return,RUSSELL1000_return,2010-01-27,0.0043863519,-0.0040960606,0.004536295,-0.0101547112,0.010673185376172845,0.009535616685534185,-0.00996611768,-0.0010786176952380954
RUSSELL1000,return,RUSSELL1000_return,2010-01-28,-0.0120490487,0.0043863519,-0.0040960606,-0.0181659666,0.012443239696819342,0.009506439216970015,-0.0070579050599999995,-0.0011230551571428573
RUSSELL1000,return,RUSSELL1000_return,2010-01-29,-0.0104498119,-0.0120490487,0.0043863519,-0.021950145,0.011328901131063199,0.009784113487740448,-0.00583452148,-0.0017412012904761906
RUSSELL1000,return,RUSSELL1000_return,2010-02-01,0.0147673277,-0.0104498119,-0.0120490487,0.004536295,0.00788213256818857,0.009965817224908744,-0.00353445486,-0.0021736776571428572
RUSSELL1000,return,RUSSELL1000_return,2010-02-02,0.013118443,0.0147673277,-0.0104498119,-0.0040960606,0.011151182570013954,0.010624944957140026,-0.0014882483200000002,-0.0014773910523809526
RUSSELL1000,return,RUSSELL1000_return,2010-02-03,-0.0053110187,0.013118443,0.0147673277,0.0043863519,0.012695298444998194,0.010885714582874446,0.0019546523999999996,-0.0003697212095238097
RUSSELL1000,return,RUSSELL1000_return,2010-02-04,-0.0314891745,-0.0053110187,0.013118443,-0.0120490487,0.012968726086191158,0.010242613072400786,1.5178279999999641e-05,-0.0013934861476190478
RUSSELL1000,return,RUSSELL1000_return,2010-02-05,0.0027155894,-0.0314891745,-0.0053110187,-0.0104498119,0.019000963123170813,0.012090648523842626,-0.0038728468800000005,-0.003052487514285715
RUSSELL1000,return,RUSSELL1000_return,2010-02-08,-0.008175797,0.0027155894,-0.0314891745,0.0147673277,0.018772532220612228,0.012117936255007117,-0.0012397666200000006,-0.0029906615047619054
RUSSELL1000,return,RUSSELL1000_return,2010-02-09,0.0130936824,-0.008175797,0.0027155894,0.013118443,0.01655472680655478,0.012056133150380075,-0.00582839156,-0.0035730850523809526
RUSSELL1000,return,RUSSELL1000_return,2010-02-10,-0.0019109396,0.0130936824,-0.008175797,-0.0053110187,0.016547644387078866,0.012519959330129836,-0.00583334368,-0.0030991651571428574
RUSSELL1000,return,RUSSELL1000_return,2010-02-11,0.0105576605,-0.0019109396,0.0130936824,-0.0314891745,0.016644056460563543,0.012479150302133701,-0.00515332786,-0.003262136814285715
RUSSELL1000,return,RUSSELL1000_return,2010-02-12,-0.0014620332,0.0105576605,-0.0019109396,0.0027155894,0.008771680741863552,0.012730971154282456,0.00325603914,-0.0022878763190476194
RUSSELL1000,return,RUSSELL1000_return,2010-02-16,0.0183183341,-0.0014620332,0.0105576605,-0.008175797,0.009031156441939211,0.012478517895502889,0.00242051462,-0.002776566447619048
RUSSELL1000,return,RUSSELL1000_return,2010-02-17,0.004586098,0.0183183341,-0.0014620332,0.0130936824,0.009032139758064583,0.01326990239905828,0.00771934084,-0.0020108235809523814
RUSSELL1000,return,RUSSELL1000_return,2010-02-18,0.0065398574,0.004586098,0.0183183341,-0.0019109396,0.008555350072660483,0.0131812297576152,0.00601782396,-0.0012734106523809526
RUSSELL1000,return,RUSSELL1000_return,2010-02-19,0.0022883032,0.0065398574,0.004586098,0.0105576605,0.007346769575775118,0.012937412682533556,0.007707983359999999,-0.0015521460761904766
RUSSELL1000,return,RUSSELL1000_return,2010-02-22,-0.0011513714,0.0022883032,0.0065398574,-0.0014620332,0.007474555371418188,0.012808015208201875,0.0060541119,-0.0009596215809523814
RUSSELL1000,return,RUSSELL1000_return,2010-02-23,-0.0125691363,-0.0011513714,0.0022883032,0.0183183341,0.007397350239665467,0.012188309942973416,0.00611624426,-0.00014940276190476232
RUSSELL1000,return,RUSSELL1000_return,2010-02-24,0.0097183704,-0.0125691363,-0.0011513714,0.004586098,0.007555270460736896,0.011501923251913118,-6.124982000000091e-05,0.00029731193809523764
RUSSELL1000,return,RUSSELL1000_return,2010-02-25,-0.0014187274,0.0097183704,-0.0125691363,0.0065398574,0.008618345734961957,0.01165202423958829,0.0009652046599999992,0.000544077433333333
RUSSELL1000,return,RUSSELL1000_return,2010-02-26,0.0014356077,-0.0014187274,0.0097183704,0.0022883032,0.008047392393202532,0.011613297896650865,-0.0006265123000000008,0.00067156949047619
RUSSELL1000,return,RUSSELL1000_return,2010-03-01,0.0108255798,0.0014356077,-0.0014187274,-0.0011513714,0.007978923312278912,0.011583918363165318,-0.0007970514000000007,0.0005310578619047615
RUSSELL1000,return,RUSSELL1000_return,2010-03-02,0.0030270506,0.0108255798,0.0014356077,-0.0125691363,0.009498992186441266,0.011416095638030204,0.0015983388399999992,0.001620325885714285
RUSSELL1000,return,RUSSELL1000_return,2010-03-03,0.0002968854,0.0030270506,0.0108255798,0.0097183704,0.005329143142170864,0.011077424321298357,0.004717576219999999,0.0022620812428571424
RUSSELL1000,return,RUSSELL1000_return,2010-03-04,0.0034672869,0.0002968854,0.0030270506,-0.0014187274,0.004753439688616346,0.010704429618247503,0.0028332792199999993,0.0015730125619047614
RUSSELL1000,return,RUSSELL1000_return,2010-03-05,0.0141274783,0.0034672869,0.0002968854,0.0014356077,0.004120938418220618,0.010386414475098842,0.0038104820799999993,0.0011134336999999996
RUSSELL1000,return,RUSSELL1000_return,2010-03-08,0.000246198,0.0141274783,0.0034672869,0.0108255798,0.005841921785772894,0.010648123726875697,0.006348856199999998,0.0020390764142857137
RUSSELL1000,return,RUSSELL1000_return,2010-03-09,0.001782515,0.000246198,0.0141274783,0.0030270506,0.0057299415281821964,0.007412026801384212,0.00423297984,0.003550284628571428
RUSSELL1000,return,RUSSELL1000_return,2010-03-10,0.0051002411,0.001782515,0.000246198,0.0002968854,0.005821719215442365,0.007420072981297014,0.003984072719999999,0.0035058525142857137
RUSSELL1000,return,RUSSELL1000_return,2010-03-11,0.0041744254,0.0051002411,0.001782515,0.0034672869,0.005445312085119687,0.006924008201931289,0.004944743859999999,0.004138044804761904
RUSSELL1000,return,RUSSELL1000_return,2010-03-12,0.0001336404,0.0041744254,0.0051002411,0.0141274783,0.005406389675812546,0.006613801574730412,0.005086171559999999,0.0037133182809523805
RUSSELL1000,return,RUSSELL1000_return,2010-03-15,2.6784e-05,0.0001336404,0.0041744254,0.000246198,0.0022656695917893654,0.006541521918338405,0.002287403979999999,0.0038106792333333327
RUSSELL1000,return,RUSSELL1000_return,2010-03-16,0.0081748269,2.6784e-05,0.0001336404,0.001782515,0.002316640193099923,0.006400567807578149,0.0022435211799999993,0.003309208923809523
RUSSELL1000,return,RUSSELL1000_return,2010-03-17,0.0059993541,0.0081748269,2.6784e-05,0.0051002411,0.003473572285769885,0.0063868322166958195,0.0035219835599999993,0.003768107023809523
RUSSELL1000,return,RUSSELL1000_return,2010-03-18,-0.0008480133,0.0059993541,0.0081748269,0.0041744254,0.003596790402234114,0.005485778587620442,0.003701806159999999,0.003181488928571428
RUSSELL1000,return,RUSSELL1000_return,2010-03-19,-0.0055914052,-0.0008480133,0.0059993541,0.0001336404,0.004098173826960572,0.00554406496184413,0.002697318419999999,0.0029227217238095233
RUSSELL1000,return,RUSSELL1000_return,2010-03-22,0.0057485523,-0.0055914052,-0.0008480133,2.6784e-05,0.005539751341396956,0.005775516578932889,0.0015523092999999992,0.0023450425523809516
RUSSELL1000,return,RUSSELL1000_return,2010-03-23,0.0075098149,0.0057485523,-0.0055914052,0.0081748269,0.00573343006141109,0.00582298177929826,0.0026966629599999995,0.0025098163190476184
RUSSELL1000,return,RUSSELL1000_return,2010-03-24,-0.0054739714,0.0075098149,0.0057485523,0.0059993541,0.00558024605927799,0.005857328012014223,0.0025636605599999992,0.002922253761904761
RUSSELL1000,return,RUSSELL1000_return,2010-03-25,-0.002495781,-0.0054739714,0.0075098149,-0.0008480133,0.006144686366003061,0.005070907472389428,0.0002689954599999992,0.003260118757142857
RUSSELL1000,return,RUSSELL1000_return,2010-03-26,0.0006691653,-0.002495781,-0.0054739714,-0.0055914052,0.006262625942274461,0.004992991830754137,-6.055808000000078e-05,0.0026784924999999995
RUSSELL1000,return,RUSSELL1000_return,2010-03-29,0.0061785942,0.0006691653,-0.002495781,0.0057485523,0.005454017155290417,0.004927686819426205,0.0011915560199999991,0.0027779159619047613
RUSSELL1000,return,RUSSELL1000_return,2010-03-30,0.0001932885,0.0061785942,0.0006691653,0.0075098149,0.005546452921158293,0.0049715869422427604,0.001277564399999999,0.003003772461904761
RUSSELL1000,return,RUSSELL1000_return,2010-03-31,-0.0032942477,0.0001932885,0.0061785942,-0.0054739714,0.004320907203548015,0.004667272007666975,-0.00018574088000000095,0.002497472876190476
RUSSELL1000,return,RUSSELL1000_return,2010-04-01,0.0077042106,-0.0032942477,0.0001932885,-0.002495781,0.0037225041901370382,0.004832335532417581,0.00025020385999999906,0.002196458671428571
RUSSELL1000,return,RUSSELL1000_return,2010-04-05,0.0088658159,0.0077042106,-0.0032942477,0.0006691653,0.004545381383419699,0.004955519662587231,0.002290202179999999,0.0025491884428571424
RUSSELL1000,return,RUSSELL1000_return,2010-04-06,0.0019315098,0.0088658159,0.0077042106,0.0061785942,0.005239653774334466,0.005142045143538563,0.003929532299999999,0.0028062612523809516
RUSSELL1000,return,RUSSELL1000_return,2010-04-07,-0.0054745285,0.0019315098,0.0088658159,0.0001932885,0.005126942461153616,0.00444029764894984,0.003080115419999999,0.002225500847619047
RUSSELL1000,return,RUSSELL1000_return,2010-04-08,0.0030385604,-0.0054745285,0.0019315098,-0.0032942477,0.006394636209800718,0.0047335993787746495,0.0019465520199999995,0.0019530852999999997
RUSSELL1000,return,RUSSELL1000_return,2010-04-09,0.0069826146,0.0030385604,-0.0054745285,0.0077042106,0.005684872424543295,0.004739268389464165,0.0032131136399999997,0.002012896985714285
RUSSELL1000,return,RUSSELL1000_return,2010-04-12,0.0017751139,0.0069826146,0.0030385604,0.0088658159,0.005549913138041161,0.004817732697200633,0.0030687944399999992,0.002102533819047619
RUSSELL1000,return,RUSSELL1000_return,2010-04-13,0.0009004519,0.0017751139,0.0069826146,0.0019315098,0.004506070458851059,0.004794534949024041,0.001650654039999999,0.00198828089047619
RUSSELL1000,return,RUSSELL1000_return,2010-04-14,0.011461914,0.0009004519,0.0017751139,-0.0054745285,0.004513590342920635,0.004782609058441561,0.0014444424599999992,0.0020247957238095234
RUSSELL1000,return,RUSSELL1000_return,2010-04-15,0.000659697,0.011461914,0.0009004519,0.0030385604,0.004376041337014865,0.005178355758776976,0.00483173096,0.002569325723809523
RUSSELL1000,return,RUSSELL1000_return,2010-04-16,-0.0157254831,0.000659697,0.011461914,0.0069826146,0.004734383793695384,0.005029130224576802,0.004355958279999999,0.002211462395238095
RUSSELL1000,return,RUSSELL1000_return,2010-04-19,0.0034409004,-0.0157254831,0.000659697,0.0017751139,0.009783800180252725,0.006287901929598466,-0.00018566126000000086,0.0011769463380952375
RUSSELL1000,return,RUSSELL1000_return,2010-04-20,0.0086327327,0.0034409004,-0.0157254831,0.0009004519,0.009894990211989165,0.006288494645160027,0.00014749603999999913,0.0013811803238095231
RUSSELL1000,return,RUSSELL1000_return,2010-04-21,-0.0006702107,0.0086327327,0.0034409004,0.011461914,0.01061976918954145,0.006265926846361798,0.001693952199999999,0.0020585202238095233
RUSSELL1000,return,RUSSELL1000_return,2010-04-22,0.0031264757,-0.0006702107,0.0086327327,0.000659697,0.009108464320355303,0.006233395908974425,-0.0007324727400000008,0.0017528648428571424
RUSSELL1000,return,RUSSELL1000_return,2010-04-23,0.0075465793,0.0031264757,-0.0006702107,-0.0157254831,0.009268128669631675,0.006103006995224852,-0.00023911700000000085,0.001544134404761904
RUSSELL1000,return,RUSSELL1000_return,2010-04-26,-0.0042594299,0.0075465793,0.0031264757,0.0034409004,0.003743814577743553,0.006015132336143426,0.0044152954799999995,0.002164160628571428
RUSSELL1000,return,RUSSELL1000_return,2010-04-27,-0.0234812647,-0.0042594299,0.0075465793,0.0086327327,0.005443045739077726,0.006095226339941589,0.002875229419999999,0.002080177347619047
RUSSELL1000,return,RUSSELL1000_return,2010-04-28,0.0062042155,-0.0234812647,-0.0042594299,-0.0006702107,0.011976656045696882,0.008266373322832726,-0.0035475700600000005,0.0009301568714285708
RUSSELL1000,return,RUSSELL1000_return,2010-04-29,0.0133415796,0.0062042155,-0.0234812647,0.0031264757,0.012758602370102167,0.0082671885396878,-0.0021726848200000017,0.0009313769333333327
RUSSELL1000,return,RUSSELL1000_return,2010-04-30,-0.0167409859,0.0133415796,0.0062042155,0.0075465793,0.01451610628313339,0.00869529820650237,-0.0001296640400000014,0.001557486033333333
RUSSELL1000,return,RUSSELL1000_return,2010-05-03,0.0131395342,-0.0167409859,0.0133415796,-0.0042594299,0.01534522323025693,0.009525882494073256,-0.004987177080000002,0.0009171651666666661
RUSSELL1000,return,RUSSELL1000_return,2010-05-04,-0.0244219289,0.0131395342,-0.0167409859,-0.0234812647,0.017388262991638436,0.00978969935090518,-0.0015073842600000018,0.0011759900999999994
RUSSELL1000,return,RUSSELL1000_return,2010-05-05,-0.0069843651,-0.0244219289,0.0131395342,0.0062042155,0.01768795299140942,0.011090804473850675,-0.0016955171000000019,-0.0004091406047619054
RUSSELL1000,return,RUSSELL1000_return,2010-05-06,-0.03242464,-0.0069843651,-0.0244219289,0.0133415796,0.01719180859066535,0.011167113408932216,-0.004333233220000001,-0.0008337060761904767
RUSSELL1000,return,RUSSELL1000_return,2010-05-07,-0.0163333702,-0.03242464,-0.0069843651,-0.0167409859,0.01760718522247812,0.013107158715089594,-0.013486477140000003,-0.0021170447190476194
RUSSELL1000,return,RUSSELL1000_return,2010-05-10,0.0444701968,-0.0163333702,-0.03242464,0.0131395342,0.017589283872211724,0.013404487601108385,-0.013404954,-0.0030395176047619053
RUSSELL1000,return,RUSSELL1000_return,2010-05-11,-0.0027780425,0.0444701968,-0.0163333702,-0.0244219289,0.030356765189495996,0.01685736581154685,-0.007138821480000002,-0.0012543946428571432
RUSSELL1000,return,RUSSELL1000_return,2010-05-12,0.0151448196,-0.0027780425,0.0444701968,-0.0069843651,0.028778254805506855,0.016845729460736352,-0.0028100442,-0.001471211614285715
RUSSELL1000,return,RUSSELL1000_return,2010-05-13,-0.0117171988,0.0151448196,-0.0027780425,-0.03242464,0.029663798705685626,0.017228432497246374,0.00161579274,-0.0007929083904761911
RUSSELL1000,return,RUSSELL1000_return,2010-05-14,-0.0193189184,-0.0117171988,0.0151448196,-0.0163333702,0.024763994996136535,0.017146359422882205,0.00575728098,-0.0018966756666666674
RUSSELL1000,return,RUSSELL1000_return,2010-05-17,0.0011974573,-0.0193189184,-0.0117171988,0.0444701968,0.0254561289223876,0.01754700176891924,0.005160171339999999,-0.002848038304761905
RUSSELL1000,return,RUSSELL1000_return,2010-05-18,-0.0141946233,0.0011974573,-0.0193189184,-0.0027780425,0.013114657858507649,0.01731306652131891,-0.003494376560000001,-0.0020421840000000003
RUSSELL1000,return,RUSSELL1000_return,2010-05-19,-0.0056656365,-0.0141946233,0.0011974573,0.0151448196,0.013927414381011685,0.017460889056781698,-0.005777692720000001,-0.0028819708428571436
RUSSELL1000,return,RUSSELL1000_return,2010-05-20,-0.039216334,-0.0056656365,-0.0141946233,-0.0117171988,0.007929966953895955,0.017267133421178617,-0.00993978394,-0.003562845566666668
RUSSELL1000,return,RUSSELL1000_return,2010-05-21,0.0153173073,-0.039216334,-0.0056656365,-0.0193189184,0.015445502549618517,0.018914451193844942,-0.01543961098,-0.005398375247619048
RUSSELL1000,return,RUSSELL1000_return,2010-05-24,-0.012412194,0.0153173073,-0.039216334,0.0011974573,0.020280899671344416,0.019370749506380257,-0.008512365840000001,-0.004817859457142857
RUSSELL1000,return,RUSSELL1000_return,2010-05-25,0.0003009234,-0.012412194,0.0153173073,-0.0141946233,0.01955212928610643,0.019222830342086775,-0.011234296100000003,-0.005768277233333334
RUSSELL1000,return,RUSSELL1000_return,2010-05-26,-0.0044511633,0.0003009234,-0.012412194,-0.0056656365,0.02007122701429977,0.01926643762920085,-0.008335186760000002,-0.005551117552380953
RUSSELL1000,return,RUSSELL1000_return,2010-05-27,0.0338205507,-0.0044511633,0.0003009234,-0.039216334,0.02011890134956857,0.018823372588994202,-0.00809229212,-0.004644922247619048
RUSSELL1000,return,RUSSELL1000_return,2010-05-28,-0.0119113464,0.0338205507,-0.0044511633,0.0153173073,0.01830426091805199,0.02050848445770466,0.0065150848199999984,-0.0033298586666666665
RUSSELL1000,return,RUSSELL1000_return,2010-06-01,-0.0182469595,-0.0119113464,0.0338205507,-0.012412194,0.019065401919967296,0.02022040629795517,0.0010693540799999988,-0.004532378952380952
RUSSELL1000,return,RUSSELL1000_return,2010-06-02,0.0263386674,-0.0182469595,-0.0119113464,0.0003009234,0.020239300478766015,0.02026848323772104,-9.759902000000126e-05,-0.004604091980952381
RUSSELL1000,return,RUSSELL1000_return,2010-06-03,0.0046852587,0.0263386674,-0.0182469595,-0.0044511633,0.02346082732485783,0.021036337953660354,0.005109949779999999,-0.003975561828571429
RUSSELL1000,return,RUSSELL1000_return,2010-06-04,-0.0349469319,0.0046852587,0.0263386674,0.0338205507,0.022878550614383614,0.020575667629175957,0.006937234179999999,-0.0025895052761904765
RUSSELL1000,return,RUSSELL1000_return,2010-06-07,-0.0143431443,-0.0349469319,0.0046852587,-0.0119113464,0.023342502229484245,0.021745823339641656,-0.006816262340000001,-0.003921056076190477
RUSSELL1000,return,RUSSELL1000_return,2010-06-08,0.0101126918,-0.0143431443,-0.0349469319,-0.0182469595,0.02350000523186073,0.020902408576781516,-0.00730262192,-0.003060032471428572
RUSSELL1000,return,RUSSELL1000_return,2010-06-09,-0.0050114291,0.0101126918,-0.0143431443,0.0263386674,0.023620233096433598,0.020859348468969145,-0.0016306916600000005,-0.0018006961857142856
RUSSELL1000,return,RUSSELL1000_return,2010-06-10,0.0298035316,-0.0050114291,0.0101126918,0.0046852587,0.01777807832288532,0.01796520202001801,-0.00790071096,-0.004156964085714286
RUSSELL1000,return,RUSSELL1000_return,2010-06-11,0.0054211962,0.0298035316,-0.0050114291,-0.0349469319,0.02450131641087719,0.019436863285646803,-0.0028770563800000017,-0.0026054605571428574
RUSSELL1000,return,RUSSELL1000_return,2010-06-14,-0.0012400216,0.0054211962,0.0298035316,-0.0143431443,0.016701234611678113,0.019105870216312465,0.005196569239999999,-0.003068490242857143
RUSSELL1000,return,RUSSELL1000_return,2010-06-15,0.0235827656,-0.0012400216,0.0054211962,0.0101126918,0.013610803445565966,0.019005264363222116,0.007817193779999999,-0.002569577042857143
RUSSELL1000,return,RUSSELL1000_return,2010-06-16,-0.00099088,0.0235827656,-0.0012400216,-0.0050114291,0.015394895645566963,0.019416179603907728,0.01051120854,-0.0005266397095238096
RUSSELL1000,return,RUSSELL1000_return,2010-06-17,0.0007834598,-0.00099088,0.0235827656,0.0298035316,0.014457904812054709,0.01941233574008919,0.011315318359999998,-0.0006308462476190477
RUSSELL1000,return,RUSSELL1000_return,2010-06-18,0.0009487611,0.0007834598,-0.00099088,0.0054211962,0.010449846274975071,0.01916261567826473,0.005511304,8.239580476190471e-05
RUSSELL1000,return,RUSSELL1000_return,2010-06-21,-0.0041750574,0.0009487611,0.0007834598,-0.0012400216,0.010649005726315703,0.019117719739289607,0.00461681698,0.00039736711904761896
RUSSELL1000,return,RUSSELL1000_return,2010-06-22,-0.0166632414,-0.0041750574,0.0009487611,0.0235827656,0.011122914431124675,0.01688628867913596,0.004029809819999999,0.002065999338095238
RUSSELL1000,return,RUSSELL1000_return,2010-06-23,-0.0027546937,-0.0166632414,-0.0041750574,-0.00099088,0.007362285225026668,0.01707252113836772,-0.004019391580000001,0.0005431160666666665
RUSSELL1000,return,RUSSELL1000_return,2010-06-24,-0.0170367248,-0.0027546937,-0.0166632414,0.0007834598,0.0072218132335723825,0.016834508828831855,-0.004372154320000001,0.001002997033333333
RUSSELL1000,return,RUSSELL1000_return,2010-06-25,0.0029711617,-0.0170367248,-0.0027546937,0.0009487611,0.008350412237957674,0.01728964777612578,-0.007936191240000001,0.00017739473809523775
RUSSELL1000,return,RUSSELL1000_return,2010-06-28,-0.002174625,0.0029711617,-0.0170367248,-0.0041750574,0.00891806435572782,0.017266146953192094,-0.007531711120000001,0.0005308387857142855
RUSSELL1000,return,RUSSELL1000_return,2010-06-29,-0.0317227623,-0.002174625,0.0029711617,-0.0166632414,0.009148201858224996,0.015491632387806565,-0.0071316246400000005,-0.0011832172000000004
RUSSELL1000,return,RUSSELL1000_return,2010-06-30,-0.0097133102,-0.0317227623,-0.002174625,-0.0027546937,0.014171034616087272,0.016731249855885925,-0.01014352882,-0.0021266179571428575
RUSSELL1000,return,RUSSELL1000_return,2010-07-01,-0.0034850973,-0.0097133102,-0.0317227623,-0.0170367248,0.013593919810645214,0.0164209000248361,-0.01153525212,-0.0017202537047619048
RUSSELL1000,return,RUSSELL1000_return,2010-07-02,-0.0048837438,-0.0034850973,-0.0097133102,0.0029711617,0.013573762307024916,0.015110221175487043,-0.008824926620000001,-0.0031404329761904764
RUSSELL1000,return,RUSSELL1000_return,2010-07-06,0.004529603,-0.0048837438,-0.0034850973,-0.002174625,0.012257991341927496,0.015006353796390195,-0.01039590772,-0.003596099761904762
RUSSELL1000,return,RUSSELL1000_return,2010-07-07,0.0322453136,0.004529603,-0.0048837438,-0.0317227623,0.013667712436894346,0.01325284136152835,-0.00905506212,-0.0017162647666666671
RUSSELL1000,return,RUSSELL1000_return,2010-07-08,0.0095315041,0.0322453136,0.004529603,-0.0097133102,0.016738719405346603,0.014838042999382156,0.0037385530599999993,0.0005022332285714281
RUSSELL1000,return,RUSSELL1000_return,2010-07-09,0.007598033,0.0095315041,0.0322453136,-0.0034850973,0.014993932026169039,0.014819752249659375,0.0075875159199999985,0.00047455762380952326
RUSSELL1000,return,RUSSELL1000_return,2010-07-12,-3.23369e-05,0.007598033,0.0095315041,-0.0048837438,0.013712240718254328,0.01484179508540605,0.00980414198,0.0010750081999999995
RUSSELL1000,return,RUSSELL1000_return,2010-07-13,0.0161525209,-3.23369e-05,0.007598033,0.004529603,0.012534126219544526,0.013302417646876997,0.010774423359999999,-0.0003457474428571433
RUSSELL1000,return,RUSSELL1000_return,2010-07-14,-0.0002671685,0.0161525209,-3.23369e-05,0.0322453136,0.012158587377538457,0.013734150231309366,0.01309900694,0.00016526801904761864
RUSSELL1000,return,RUSSELL1000_return,2010-07-15,0.0009522408,-0.0002671685,0.0161525209,0.0095315041,0.006927955628872135,0.013730813423157927,0.0065965105199999995,0.0002115943571428568
RUSSELL1000,return,RUSSELL1000_return,2010-07-16,-0.0289236401,0.0009522408,-0.0002671685,0.007598033,0.007080062118120974,0.012650403169449098,0.00488065786,-0.0008660496809523813
RUSSELL1000,return,RUSSELL1000_return,2010-07-19,0.0060054291,-0.0289236401,0.0009522408,-3.23369e-05,0.016348463460659872,0.014054736856800034,-0.002423676759999999,-0.0021961811142857147
RUSSELL1000,return,RUSSELL1000_return,2010-07-20,0.0118717179,0.0060054291,-0.0289236401,0.0161525209,0.016786374129908417,0.014155921358819447,-0.0012161235599999994,-0.0019475159095238097
RUSSELL1000,return,RUSSELL1000_return,2010-07-21,-0.0127877135,0.0118717179,0.0060054291,-0.0002671685,0.015756634749814747,0.014464963735557175,-0.0020722841599999996,-0.0014273751095238098
RUSSELL1000,return,RUSSELL1000_return,2010-07-22,0.0227848239,-0.0127877135,0.0118717179,0.0009522408,0.0163805931557089,0.014667444851538505,-0.00457639316,-0.0018375015904761908
RUSSELL1000,return,RUSSELL1000_return,2010-07-23,0.0088115237,0.0227848239,-0.0127877135,-0.0289236401,0.020591463019346862,0.015190511424943244,-0.00020987654000000007,4.0977709523809325e-05
RUSSELL1000,return,RUSSELL1000_return,2010-07-26,0.0118319151,0.0088115237,0.0227848239,0.0060054291,0.012924301956166145,0.015293412133503189,0.007337156219999999,0.0005917499666666664
RUSSELL1000,return,RUSSELL1000_return,2010-07-27,-0.002017248,0.0118319151,0.0088115237,0.0118717179,0.01303639229869787,0.01492256956203927,0.00850245342,0.0019664471047619045
RUSSELL1000,return,RUSSELL1000_return,2010-07-28,-0.0073617286,-0.002017248,0.0118319151,-0.0127877135,0.013606263233688411,0.01494546262005785,0.00572466024,0.0017289037857142855
RUSSELL1000,return,RUSSELL1000_return,2010-07-29,-0.0042106131,-0.0073617286,-0.002017248,0.0227848239,0.011865695572667806,0.015055659863591692,0.00680985722,0.0014818988523809522
RUSSELL1000,return,RUSSELL1000_return,2010-07-30,0.000582704,-0.0042106131,-0.0073617286,0.0088115237,0.008421392515130887,0.013090586918704074,0.0014107698199999994,0.002792001195238095
RUSSELL1000,return,RUSSELL1000_return,2010-08-02,0.0218221907,0.000582704,-0.0042106131,0.0118319151,0.007349340920356493,0.012788118514639927,-0.00023499412000000075,0.0032822875857142853
RUSSELL1000,return,RUSSELL1000_return,2010-08-03,-0.0051723612,0.0218221907,0.000582704,-0.002017248,0.01158662192575593,0.013300661586657924,0.0017630609999999994,0.004487396538095238
RUSSELL1000,return,RUSSELL1000_return,2010-08-04,0.0069743029,-0.0051723612,0.0218221907,-0.0073617286,0.011924948927536767,0.013310974146379242,0.0011320383599999996,0.004473652852380952
RUSSELL1000,return,RUSSELL1000_return,2010-08-05,-0.0014548123,0.0069743029,-0.0051723612,-0.0042106131,0.011064597209661502,0.013322173577859147,0.00399924466,0.004590067133333333
RUSSELL1000,return,RUSSELL1000_return,2010-08-06,-0.0033584113,-0.0014548123,0.0069743029,0.000582704,0.010612814552721542,0.011762765845525758,0.004550404819999999,0.0029852992333333334
RUSSELL1000,return,RUSSELL1000_return,2010-08-09,0.0056779537,-0.0033584113,-0.0014548123,0.0218221907,0.011115614868094308,0.011740381533412843,0.0037621817599999994,0.002371493738095238
RUSSELL1000,return,RUSSELL1000_return,2010-08-10,-0.0068805867,0.0056779537,-0.0033584113,-0.0051723612,0.0054682391392013585,0.011705066378426606,0.0005333343599999993,0.0022800613904761903
RUSSELL1000,return,RUSSELL1000_return,2010-08-11,-0.028178393,-0.0068805867,0.0056779537,0.0069743029,0.00594630586840923,0.01186698909357504,0.0001916892599999994,0.0019539542571428573
RUSSELL1000,return,RUSSELL1000_return,2010-08-12,-0.0050351792,-0.028178393,-0.0068805867,-0.0014548123,0.012778395123848584,0.01309443637956177,-0.006838849920000001,-0.00015704164285714297
RUSSELL1000,return,RUSSELL1000_return,2010-08-13,-0.0039807183,-0.0050351792,-0.028178393,-0.0033584113,0.012498510804388617,0.013137706824562487,-0.0075549233,-0.0003840897714285716
RUSSELL1000,return,RUSSELL1000_return,2010-08-16,0.0003547029,-0.0039807183,-0.0050351792,0.0056779537,0.012449275727176934,0.013156705521452108,-0.0076793847,-0.0006189925857142858
RUSSELL1000,return,RUSSELL1000_return,2010-08-17,0.0130379435,0.0003547029,-0.0039807183,-0.0068805867,0.01118479480300741,0.011447604444539771,-0.008744034860000001,0.0007752142238095236
RUSSELL1000,return,RUSSELL1000_return,2010-08-18,0.0018672583,0.0130379435,0.0003547029,-0.028178393,0.014933444950063974,0.011708153723112685,-0.00476032882,0.0011100958619047617
RUSSELL1000,return,RUSSELL1000_return,2010-08-19,-0.0167970939,0.0018672583,0.0130379435,-0.0050351792,0.007193783097104011,0.011449043421178348,0.0012488014399999999,0.0006336930238095236
RUSSELL1000,return,RUSSELL1000_return,2010-08-20,-0.0033279262,-0.0167970939,0.0018672583,-0.0039807183,0.010787718241697837,0.011714402678900719,-0.0011035815000000004,0.0004427701476190475
RUSSELL1000,return,RUSSELL1000_return,2010-08-23,-0.0045066097,-0.0033279262,-0.0167970939,0.0003547029,0.010748069886290986,0.010552547358967209,-0.0009730230800000003,-0.000800694142857143
RUSSELL1000,return,RUSSELL1000_return,2010-08-24,-0.0148284039,-0.0045066097,-0.0033279262,0.0130379435,0.010817589047547434,0.010344123635084504,-0.0019452856000000004,-0.0014348909714285718
RUSSELL1000,return,RUSSELL1000_return,2010-08-25,0.0038055106,-0.0148284039,-0.0045066097,0.0018672583,0.00797263837433511,0.010270222991898113,-0.00751855508,-0.0027044299714285716
RUSSELL1000,return,RUSSELL1000_return,2010-08-26,-0.0075895732,0.0038055106,-0.0148284039,-0.0167970939,0.00856798484062558,0.010367840210006156,-0.0071309046200000005,-0.0024271557523809525
RUSSELL1000,return,RUSSELL1000_return,2010-08-27,0.0174121317,-0.0075895732,0.0038055106,-0.0033279262,0.006772387523947254,0.010373380078508911,-0.0052894004799999995,-0.002438005495238096
RUSSELL1000,return,RUSSELL1000_return,2010-08-30,-0.0145762915,0.0174121317,-0.0075895732,-0.0045066097,0.012338386368641053,0.011226669446498498,-0.0011413888999999996,-0.001408350980952381
RUSSELL1000,return,RUSSELL1000_return,2010-08-31,0.0003710921,-0.0145762915,0.0174121317,-0.0148284039,0.013764404375558294,0.011574216752901685,-0.00315532526,-0.00213020790952381
RUSSELL1000,return,RUSSELL1000_return,2010-09-01,0.029844936,0.0003710921,-0.0145762915,0.0038055106,0.012122347441667757,0.010222223545427025,-0.00011542605999999975,-0.003151688795238095
RUSSELL1000,return,RUSSELL1000_return,2010-09-02,0.0097603805,0.029844936,0.0003710921,-0.0075895732,0.018265024263795532,0.012482347956714815,0.0050924590200000005,-0.0014841984523809525
RUSSELL1000,return,RUSSELL1000_return,2010-09-03,0.0131859392,0.0097603805,0.029844936,0.0174121317,0.016846333551132547,0.012591077974134427,0.00856244976,-0.0013515280904761906
RUSSELL1000,return,RUSSELL1000_return,2010-09-07,-0.0116674227,0.0131859392,0.0097603805,-0.0145762915,0.01639118253831366,0.01298426925041839,0.0077172112600000006,-0.0006543494476190479
RUSSELL1000,return,RUSSELL1000_return,2010-09-08,0.0065544709,-0.0116674227,0.0131859392,0.0003710921,0.015425262760575665,0.013195668205804279,0.00829898502,-0.0010500166571428572
RUSSELL1000,return,RUSSELL1000_return,2010-09-09,0.004464115,0.0065544709,-0.0116674227,0.029844936,0.014868590498247009,0.013219378292789236,0.00953566078,-0.0010082777428571431
RUSSELL1000,return,RUSSELL1000_return,2010-09-10,0.0047313397,0.004464115,0.0065544709,0.0097603805,0.009600997803983269,0.013199192475133875,0.0044594965800000014,-0.00046805385238095256
RUSSELL1000,return,RUSSELL1000_return,2010-09-13,0.0120228683,0.0047313397,0.004464115,0.0131859392,0.009160143467808378,0.011601660665421317,0.003453688420000001,0.001099076276190476
RUSSELL1000,return,RUSSELL1000_return,2010-09-14,-0.0005285747,0.0120228683,0.0047313397,-0.0116674227,0.008861101867017312,0.011746945771055596,0.0032210742400000008,0.001911364252380952
RUSSELL1000,return,RUSSELL1000_return,2010-09-15,0.0035470052,-0.0005285747,0.0120228683,0.0065544709,0.004518136902476061,0.01168435679443007,0.00544884384,0.0020757520428571425
RUSSELL1000,return,RUSSELL1000_return,2010-09-16,-0.0002229526,0.0035470052,-0.0005285747,0.004464115,0.004534309575545139,0.01168161199019126,0.004847350700000001,0.002227766438095238
RUSSELL1000,return,RUSSELL1000_return,2010-09-17,0.0010476757,-0.0002229526,0.0035470052,0.0047313397,0.005084467492332992,0.011423601435055166,0.003909937180000001,0.0015962951952380952
RUSSELL1000,return,RUSSELL1000_return,2010-09-20,0.0151931427,0.0010476757,-0.0002229526,0.0120228683,0.0052012306550809195,0.011424029435421066,0.0031732043800000004,0.0015572674523809521
RUSSELL1000,return,RUSSELL1000_return,2010-09-21,-0.0027603675,0.0151931427,0.0010476757,-0.0005285747,0.006564362860834431,0.010978368115901518,0.003807259260000001,0.0030806120523809524
RUSSELL1000,return,RUSSELL1000_return,2010-09-22,-0.0049480142,-0.0027603675,0.0151931427,0.0035470052,0.006994668047598149,0.010962489840769064,0.0033609007000000002,0.0031076386571428573
RUSSELL1000,return,RUSSELL1000_return,2010-09-23,-0.0079542774,-0.0049480142,-0.0027603675,-0.0002229526,0.007909991867783564,0.010978231089508567,0.001661896820000001,0.003086619395238095
RUSSELL1000,return,RUSSELL1000_return,2010-09-24,0.0213909974,-0.0079542774,-0.0049480142,0.0010476757,0.009044823907272983,0.010509839026640214,0.00011563186000000114,0.0034139587523809526
RUSSELL1000,return,RUSSELL1000_return,2010-09-27,-0.0052699049,0.0213909974,-0.0079542774,0.0151931427,0.013193158109767608,0.011219244122652405,0.0041842962000000015,0.004251362885714286
RUSSELL1000,return,RUSSELL1000_return,2010-09-28,0.0053492143,-0.0052699049,0.0213909974,-0.0027603675,0.012048626865747118,0.011107698490365773,9.168668000000112e-05,0.004361823280952381
RUSSELL1000,return,RUSSELL1000_return,2010-09-29,-0.0020057185,0.0053492143,-0.0052699049,-0.0049480142,0.012114371193289833,0.010703631321397063,0.0017136030400000013,0.0037873986428571434
RUSSELL1000,return,RUSSELL1000_return,2010-09-30,-0.0026532463,-0.0020057185,0.0053492143,-0.0079542774,0.011776637309771805,0.009950288515968285,0.002302062180000001,0.004385997357142857
RUSSELL1000,return,RUSSELL1000_return,2010-10-01,0.004344517,-0.0026532463,-0.0020057185,0.0213909974,0.010822420474536751,0.01003284796206029,0.0033622684000000013,0.004241981242857143
RUSSELL1000,return,RUSSELL1000_return,2010-10-04,-0.0080637694,0.004344517,-0.0026532463,-0.0052699049,0.004645222918814905,0.008144613810941134,-4.702767999999885e-05,0.0030276755761904765
RUSSELL1000,return,RUSSELL1000_return,2010-10-05,0.0206132553,-0.0080637694,0.004344517,0.0053492143,0.005516814058926008,0.008334437389547863,-0.000605800579999999,0.0021789065333333336
RUSSELL1000,return,RUSSELL1000_return,2010-10-06,-0.0009095065,0.0206132553,-0.0080637694,-0.0020057185,0.011067168677338615,0.008959074931056632,0.002447007620000001,0.0025325882523809526
RUSSELL1000,return,RUSSELL1000_return,2010-10-07,-0.0014427105,-0.0009095065,0.0206132553,-0.0026532463,0.010967314747910038,0.008396419158745122,0.002666250020000001,0.003044869976190476
RUSSELL1000,return,RUSSELL1000_return,2010-10-08,0.00651438,-0.0014427105,-0.0009095065,0.004344517,0.010833067515605966,0.008410626319577981,0.0029083571800000013,0.0026640518142857146
RUSSELL1000,return,RUSSELL1000_return,2010-10-11,0.0004104262,0.00651438,-0.0014427105,-0.0080637694,0.010947837590738335,0.008444398529876598,0.0033423297800000014,0.0027616834809523812
RUSSELL1000,return,RUSSELL1000_return,2010-10-12,0.0038937592,0.0004104262,0.00651438,0.0206132553,0.009267620427296074,0.008446647661094953,0.0050371689000000015,0.002555925695238095
RUSSELL1000,return,RUSSELL1000_return,2010-10-13,0.0073007136,0.0038937592,0.0004104262,-0.0009095065,0.0034036657360832206,0.008172934444748104,0.001693269680000001,0.002168825261904762
RUSSELL1000,return,RUSSELL1000_return,2010-10-14,-0.0037249674,0.0073007136,0.0038937592,-0.0014427105,0.0037923344534280127,0.008222160663096289,0.003335313700000001,0.0025416485142857144
RUSSELL1000,return,RUSSELL1000_return,2010-10-15,0.002126804,-0.0037249674,0.0073007136,0.00651438,0.004569012942374441,0.008330126294388231,0.0028788623200000007,0.002195364104761905
RUSSELL1000,return,RUSSELL1000_return,2010-10-18,0.0066215906,0.002126804,-0.0037249674,0.0004104262,0.004092736106636794,0.008311779606963058,0.002001347120000001,0.0023072572761904764
RUSSELL1000,return,RUSSELL1000_return,2010-10-19,-0.0160883517,0.0066215906,0.002126804,0.0038937592,0.004418762925138026,0.0083584121616933,0.0032435800000000015,0.0025726817952380953
RUSSELL1000,return,RUSSELL1000_return,2010-10-20,0.0110060449,-0.0160883517,0.0066215906,0.0073007136,0.009637761179491711,0.008773888699429726,-0.0007528421799999994,0.0010830868238095239
RUSSELL1000,return,RUSSELL1000_return,2010-10-21,0.0015848574,0.0110060449,-0.0160883517,-0.0037249674,0.010514413094197619,0.008984127482945118,-1.1775919999999426e-05,0.0017386302714285716
RUSSELL1000,return,RUSSELL1000_return,2010-10-22,0.0028141447,0.0015848574,0.0110060449,0.002126804,0.010311815189041501,0.00885316626722579,0.0010501890400000005,0.0020497193952380955
RUSSELL1000,return,RUSSELL1000_return,2010-10-25,0.0025323488,0.0028141447,0.0015848574,0.0066215906,0.01033431277737619,0.008551472388418727,0.0011876571800000005,0.0025625014
RUSSELL1000,return,RUSSELL1000_return,2010-10-26,0.0001098336,0.0025323488,0.0028141447,-0.0160883517,0.009951485639876778,0.007386157996040283,0.0003698088200000006,0.0016644705142857144
RUSSELL1000,return,RUSSELL1000_return,2010-10-27,-0.0021669897,0.0001098336,0.0025323488,0.0110060449,0.004267568504810298,0.007225163533169556,0.0036094458800000006,0.001920648538095238
RUSSELL1000,return,RUSSELL1000_return,2010-10-28,0.0010076732,-0.0021669897,0.0001098336,0.0015848574,0.0020494100740006036,0.007232991520059649,0.0009748389600000004,0.0015627340619047618
RUSSELL1000,return,RUSSELL1000_return,2010-10-29,0.000236158,0.0010076732,-0.0021669897,0.0028141447,0.002022538867098173,0.007188411365839086,0.0008594021200000005,0.0017062289047619047
RUSSELL1000,return,RUSSELL1000_return,2010-11-01,0.0009943166,0.000236158,0.0010076732,0.0025323488,0.0017030021630685885,0.007128196435948581,0.00034380478000000053,0.0018438195857142857
RUSSELL1000,return,RUSSELL1000_return,2010-11-02,0.0079674606,0.0009943166,0.000236158,0.0001098336,0.0013001151449486823,0.007106888868039808,3.6198340000000506e-05,0.0016842862333333332
RUSSELL1000,return,RUSSELL1000_return,2010-11-03,0.0036122437,0.0079674606,0.0009943166,-0.0021669897,0.003785242265419053,0.006864302469804788,0.0016077237400000007,0.002447678138095238
RUSSELL1000,return,RUSSELL1000_return,2010-11-04,0.0192405927,0.0036122437,0.0079674606,0.0010076732,0.0031781270824671943,0.005477122623344371,0.002763570420000001,0.0016381061571428572
RUSSELL1000,return,RUSSELL1000_return,2010-11-05,0.0040407034,0.0192405927,0.0036122437,0.000236158,0.007783366631461005,0.006648308249967617,0.00641015432,0.0025976346904761903
RUSSELL1000,return,RUSSELL1000_return,2010-11-08,-0.0017105506,0.0040407034,0.0192405927,0.0009943166,0.007192432454353424,0.00658910581354056,0.007171063400000001,0.002858749638095238
RUSSELL1000,return,RUSSELL1000_return,2010-11-09,-0.0077922062,-0.0017105506,0.0040407034,0.0079674606,0.0078452524392384,0.006605375749317475,0.00663008996,0.0024670862761904757
RUSSELL1000,return,RUSSELL1000_return,2010-11-10,0.0050024098,-0.0077922062,-0.0017105506,0.0036122437,0.010034099238473232,0.006965770044889225,0.0034781566000000007,0.0020764847333333333
RUSSELL1000,return,RUSSELL1000_return,2010-11-11,-0.0037124982,0.0050024098,-0.0077922062,0.0192405927,0.010057975022591804,0.006984407879375486,0.0037561898200000007,0.002129277619047619
RUSSELL1000,return,RUSSELL1000_return,2010-11-12,-0.0122443675,-0.0037124982,0.0050024098,0.0040407034,0.005368825244816802,0.006990157040858762,-0.0008344283599999996,0.001604838961904762
RUSSELL1000,return,RUSSELL1000_return,2010-11-15,-0.0008840191,-0.0122443675,-0.0037124982,-0.0017105506,0.006493770720757442,0.007540501952559218,-0.004091442539999999,0.001199153242857143
RUSSELL1000,return,RUSSELL1000_return,2010-11-16,-0.0160716974,-0.0008840191,-0.0122443675,-0.0077922062,0.006579485552162733,0.007550598637501785,-0.00392613624,0.0010557807142857142
RUSSELL1000,return,RUSSELL1000_return,2010-11-17,0.000984953,-0.0160716974,-0.0008840191,0.0050024098,0.008544247839540692,0.008300843186315948,-0.005582034479999999,-2.4852047619047816e-05
RUSSELL1000,return,RUSSELL1000_return,2010-11-18,0.0152453409,0.000984953,-0.0160716974,-0.0037124982,0.007414235574084187,0.007440372278258967,-0.0063855258400000005,0.0007881624619047616
RUSSELL1000,return,RUSSELL1000_return,2010-11-19,0.0030029509,0.0152453409,0.000984953,-0.0122443675,0.012336459612498216,0.007781169217160455,-0.0025939580200000003,0.0009900336999999998
RUSSELL1000,return,RUSSELL1000_return,2010-11-22,-0.0006930801,0.0030029509,0.0152453409,-0.0008840191,0.011185389865043872,0.007792734265815849,0.0004555056600000002,0.0010575619619047616
RUSSELL1000,return,RUSSELL1000_return,2010-11-23,-0.0140296041,-0.0006930801,0.0030029509,-0.0160716974,0.011179997952338611,0.007790788045441678,0.0004936934600000001,0.000890551257142857
RUSSELL1000,return,RUSSELL1000_return,2010-11-24,0.0155690674,-0.0140296041,-0.0006930801,0.000984953,0.010436107817569389,0.00842846747946638,0.0009021121199999999,0.00010188683333333308
RUSSELL1000,return,RUSSELL1000_return,2010-11-26,-0.0070001773,0.0155690674,-0.0140296041,0.0152453409,0.012331086950542873,0.0090791919131816,0.003818935,0.0008380408238095236
RUSSELL1000,return,RUSSELL1000_return,2010-11-29,-0.001244008,-0.0070001773,0.0155690674,0.0030029509,0.011132616995775804,0.009219353567509993,-0.0006301686399999999,0.0006078890333333332
RUSSELL1000,return,RUSSELL1000_return,2010-11-30,-0.0061505681,-0.001244008,-0.0070001773,-0.0006930801,0.01094658113164611,0.00922756161582525,-0.00147956042,0.0005006661190476189
RUSSELL1000,return,RUSSELL1000_return,2010-12-01,0.0215483392,-0.0061505681,-0.001244008,-0.0140296041,0.011119279206469336,0.009341264437285595,-0.00257105802,0.00019653630476190457
RUSSELL1000,return,RUSSELL1000_return,2010-12-02,0.0126924929,0.0215483392,-0.0061505681,0.0155690674,0.013151449676582645,0.010441096548718004,0.00454453064,0.0011752992857142854
RUSSELL1000,return,RUSSELL1000_return,2010-12-03,0.0032393248,0.0126924929,0.0215483392,-0.0070001773,0.012599964845483955,0.01064372842731257,0.0039692157399999995,0.0014003008238095234
RUSSELL1000,return,RUSSELL1000_return,2010-12-06,-0.0010240063,0.0032393248,0.0126924929,-0.001244008,0.011116115923478385,0.010640163984345589,0.0060171161600000005,0.0013825427809523807
RUSSELL1000,return,RUSSELL1000_return,2010-12-07,0.0002698734,-0.0010240063,0.0032393248,-0.0061505681,0.011080567834919597,0.009827482823097375,0.0060611165,0.0004175618761904759
RUSSELL1000,return,RUSSELL1000_return,2010-12-08,0.0031493793,0.0002698734,-0.0010240063,0.0215483392,0.009582337609365669,0.009792359080797876,0.0073452048,0.00023799854285714255
RUSSELL1000,return,RUSSELL1000_return,2010-12-09,0.0037099139,0.0031493793,0.0002698734,0.0126924929,0.005372530967827924,0.00980142977091999,0.0036654128199999996,0.0004694237761904759
RUSSELL1000,return,RUSSELL1000_return,2010-12-10,0.0061819118,0.0037099139,0.0031493793,0.0032393248,0.0021114459783653193,0.009636666478063376,0.00186889702,0.0010171437809523805
RUSSELL1000,return,RUSSELL1000_return,2010-12-13,-9.26189e-05,0.0061819118,0.0037099139,-0.0010240063,0.0028646586629129684,0.009664453038916918,0.00245741442,0.0010733105428571428
RUSSELL1000,return,RUSSELL1000_return,2010-12-14,0.000888394,-9.26189e-05,0.0061819118,0.0002698734,0.0025997096100188973,0.00960693629503072,0.0026436918999999995,0.0012456857476190475
RUSSELL1000,return,RUSSELL1000_return,2010-12-15,-0.0051910351,0.000888394,-9.26189e-05,0.0031493793,0.0024699950974635416,0.009098894961920588,0.00276739602,0.0018710553428571426
RUSSELL1000,return,RUSSELL1000_return,2010-12-16,0.0066411425,-0.0051910351,0.000888394,0.0037099139,0.004291902705060283,0.009211940960094,0.0010993131399999999,0.0016659593428571427
RUSSELL1000,return,RUSSELL1000_return,2010-12-17,0.0013012408,0.0066411425,-0.0051910351,0.0061819118,0.004895404258714722,0.008314925496436067,0.0016855588599999998,0.002747523147619047
RUSSELL1000,return,RUSSELL1000_return,2010-12-20,0.0024935048,0.0013012408,0.0066411425,-9.26189e-05,0.00421385370394833,0.008311859104966937,0.0007094246599999999,0.0027625844714285713
RUSSELL1000,return,RUSSELL1000_return,2010-12-21,0.0063997119,0.0024935048,0.0013012408,0.000888394,0.004249362101203569,0.007804645828901727,0.0012266494,0.002155354180952381
RUSSELL1000,return,RUSSELL1000_return,2010-12-22,0.0034626456,0.0063997119,0.0024935048,-0.0051910351,0.004816626074932689,0.007858106179830977,0.00232891298,0.0023171047047619046
RUSSELL1000,return,RUSSELL1000_return,2010-12-23,-0.0016031904,0.0034626456,0.0063997119,0.0066411425,0.0023747652294033115,0.007830789623116854,0.00405964912,0.002514996404761905
RUSSELL1000,return,RUSSELL1000_return,2010-12-27,0.0004819487,-0.0016031904,0.0034626456,0.0013012408,0.002931206148679129,0.006936525959802226,0.00241078254,0.0031067303904761903
RUSSELL1000,return,RUSSELL1000_return,2010-12-28,0.0004733335,0.0004819487,-0.0016031904,0.0024935048,0.003029973066906691,0.006336593645607865,0.00224692412,0.002388296166666667
RUSSELL1000,return,RUSSELL1000_return,2010-12-29,0.0017131013,0.0004733335,0.0004819487,0.0063997119,0.003122160725525423,0.00598294385978562,0.00184288986,0.0027441776333333332
RUSSELL1000,return,RUSSELL1000_return,2010-12-30,-0.0012130428,0.0017131013,0.0004733335,0.0034626456,0.0018608401709257808,0.0059188404007994985,0.00090556774,0.0028849923619047617
RUSSELL1000,return,RUSSELL1000_return,2010-12-31,-0.0004873749,-0.0012130428,0.0017131013,-0.0016031904,0.0013627504909412371,0.005633138827223794,-2.9569939999999965e-05,0.0031201126142857147
RUSSELL1000,return,RUSSELL1000_return,2011-01-03,0.011302816,-0.0004873749,-0.0012130428,0.0004819487,0.0011082250206415976,0.003774499852155251,0.00019359316000000003,0.002070792895238095
RUSSELL1000,return,RUSSELL1000_return,2011-01-04,-0.0020098652,0.011302816,-0.0004873749,0.0004733335,0.005119230902977308,0.0035864659506226228,0.00235776662,0.002004617804761905
RUSSELL1000,return,RUSSELL1000_return,2011-01-05,0.0051672341,-0.0020098652,0.011302816,0.0017131013,0.005457058835274243,0.0036778678449592107,0.00186112688,0.0017546563761904762
RUSSELL1000,return,RUSSELL1000_return,2011-01-06,-0.0016331714,0.0051672341,-0.0020098652,-0.0012130428,0.005648897928454128,0.003692110850473001,0.00255195344,0.0020494773476190478
RUSSELL1000,return,RUSSELL1000_return,2011-01-07,-0.0016417188,-0.0016331714,0.0051672341,-0.0004873749,0.0057215592904259205,0.003760692130874228,0.00246792772,0.0019588561666666663
RUSSELL1000,return,RUSSELL1000_return,2011-01-10,-0.0007912007,-0.0016417188,-0.0016331714,0.011302816,0.005891388669726189,0.003829554958695027,0.0022370589400000002,0.0017307086380952382
RUSSELL1000,return,RUSSELL1000_return,2011-01-11,0.0039212165,-0.0007912007,-0.0016417188,-0.0020098652,0.0030233755646400314,0.0038391915386899833,-0.00018174439999999988,0.0015163698476190475
RUSSELL1000,return,RUSSELL1000_return,2011-01-12,0.0088339364,0.0039212165,-0.0007912007,0.0051672341,0.003279478452458978,0.003732026730888518,0.00100447194,0.0014087176904761904
RUSSELL1000,return,RUSSELL1000_return,2011-01-13,-0.0015389748,0.0088339364,0.0039212165,-0.0016331714,0.0045908305201477735,0.004047504691828658,0.0017378124000000002,0.0018337917523809524
RUSSELL1000,return,RUSSELL1000_return,2011-01-14,0.0072238049,-0.0015389748,0.0088339364,-0.0016417188,0.0045737000183990045,0.004110030929354713,0.0017566517199999999,0.0017182027619047618
RUSSELL1000,return,RUSSELL1000_return,2011-01-18,0.0021868143,0.0072238049,-0.0015389748,-0.0007912007,0.004644789205134582,0.003956524556308834,0.0035297564599999997,0.002309385619047619
RUSSELL1000,return,RUSSELL1000_return,2011-01-19,-0.0107760886,0.0021868143,0.0072238049,0.0039212165,0.004112644381631002,0.0038300641373947737,0.00412535946,0.0020972747523809523
RUSSELL1000,return,RUSSELL1000_return,2011-01-20,-0.0020814004,-0.0107760886,0.0021868143,0.0088339364,0.007849597119204703,0.004751483114838183,0.00118589844,0.0015221638285714287
RUSSELL1000,return,RUSSELL1000_return,2011-01-21,0.001834479,-0.0020814004,-0.0107760886,-0.0015389748,0.006610948141456046,0.004809248135390947,-0.00099716892,0.0013043112000000001
RUSSELL1000,return,RUSSELL1000_return,2011-01-24,0.0062877419,0.001834479,-0.0020814004,0.0072238049,0.006713180683163077,0.004668526945684113,-0.00032247815999999997,0.0010869191571428573
RUSSELL1000,return,RUSSELL1000_return,2011-01-25,0.0003129578,0.0062877419,0.001834479,0.0021868143,0.006458338756428876,0.0047797871409262045,-0.00050969076,0.0012214475523809522
RUSSELL1000,return,RUSSELL1000_return,2011-01-26,0.0050841097,0.0003129578,0.0062877419,-0.0107760886,0.006315534447877534,0.00474130381374642,-0.00088446206,0.001312692704761905
RUSSELL1000,return,RUSSELL1000_return,2011-01-27,0.0025682026,0.0050841097,0.0003129578,-0.0020814004,0.00342834860660653,0.004806891519691514,0.0022875776,0.0015318432285714287
RUSSELL1000,return,RUSSELL1000_return,2011-01-28,-0.0177175597,0.0025682026,0.0050841097,0.001834479,0.0024331726556238754,0.004805563153623548,0.0032174981999999997,0.0016315989
RUSSELL1000,return,RUSSELL1000_return,2011-01-31,0.0076740247,-0.0177175597,0.0025682026,0.0062877419,0.009792711325162035,0.006396379604823303,-0.0006929095400000001,0.0007063293285714288
RUSSELL1000,return,RUSSELL1000_return,2011-02-01,0.0165767581,0.0076740247,-0.0177175597,0.0003129578,0.010055850516505581,0.006555063994761015,-0.0004156529800000001,0.001129523019047619
RUSSELL1000,return,RUSSELL1000_return,2011-02-02,-0.002432913,0.0165767581,0.0076740247,0.0050841097,0.012647029681357405,0.007353618351777051,0.0028371070799999994,0.0019421007809523809
RUSSELL1000,return,RUSSELL1000_return,2011-02-03,0.0025950556,-0.002432913,0.0165767581,0.0025682026,0.012759431843340382,0.00708536349021313,0.0013337025399999998,0.0012880184476190474
RUSSELL1000,return,RUSSELL1000_return,2011-02-04,0.0028911614,0.0025950556,-0.002432913,-0.0177175597,0.012760086998003812,0.007049361848258491,0.0013390731399999995,0.0015073003904761905
RUSSELL1000,return,RUSSELL1000_return,2011-02-07,0.0064169901,0.0028911614,0.0025950556,0.0076740247,0.007169189746394813,0.0070076505159816505,0.005460817359999999,0.001398915976190476
RUSSELL1000,return,RUSSELL1000_return,2011-02-08,0.0044624157,0.0064169901,0.0028911614,0.0165767581,0.0070938191205622775,0.007053527032579902,0.005209410439999999,0.001782257
RUSSELL1000,return,RUSSELL1000_return,2011-02-09,-0.0027209846,0.0044624157,0.0064169901,-0.002432913,0.00328933993463782,0.007031110171378987,0.0027865419599999997,0.002072930071428571
RUSSELL1000,return,RUSSELL1000_return,2011-02-10,0.001277733,-0.0027209846,0.0044624157,0.0025950556,0.003404136105633266,0.007082835735674706,0.00272892764,0.0019810355999999997
RUSSELL1000,return,RUSSELL1000_return,2011-02-11,0.0059909402,0.001277733,-0.0027209846,0.0028911614,0.003467475554934774,0.007070108951246418,0.0024654631199999997,0.0018551554333333335
RUSSELL1000,return,RUSSELL1000_return,2011-02-14,0.0030258947,0.0059909402,0.001277733,0.0064169901,0.003821635474195092,0.006956095371998048,0.0030854188799999994,0.0017197746619047618
RUSSELL1000,return,RUSSELL1000_return,2011-02-15,-0.0034532925,0.0030258947,0.0059909402,0.0044624157,0.0033549911148242077,0.006920402700251991,0.0024071998,0.0019371494
RUSSELL1000,return,RUSSELL1000_return,2011-02-16,0.0066802541,-0.0034532925,0.0030258947,-0.0027209846,0.003956438798447239,0.006904777394222119,0.0008240581599999998,0.0014287161904761904
RUSSELL1000,return,RUSSELL1000_return,2011-02-17,0.0032949167,0.0066802541,-0.0034532925,0.001277733,0.004082421976045687,0.006998433677250125,0.0027043058999999996,0.0016426895142857144
RUSSELL1000,return,RUSSELL1000_return,2011-02-18,0.0015040351,0.0032949167,0.0066802541,0.0059909402,0.004005139873467472,0.006397800545377296,0.0031077426399999998,0.0023127373857142856
RUSSELL1000,return,RUSSELL1000_return,2011-02-22,-0.0210687799,0.0015040351,0.0032949167,0.0030258947,0.0036877217849485967,0.006322066234468831,0.0022103616199999994,0.0024834724095238094
RUSSELL1000,return,RUSSELL1000_return,2011-02-23,-0.0069031589,-0.0210687799,0.0015040351,-0.0034532925,0.010949198997419566,0.00815070185043205,-0.002608573300000001,0.0013928410333333332
RUSSELL1000,return,RUSSELL1000_return,2011-02-24,-0.0005442743,-0.0069031589,-0.0210687799,0.0066802541,0.011123055268828832,0.00826213249012204,-0.003298546580000001,0.0007647028999999997
RUSSELL1000,return,RUSSELL1000_return,2011-02-25,0.0119396266,-0.0005442743,-0.0069031589,0.0032949167,0.00990530444653785,0.008266592468039957,-0.004743452260000001,0.0007238823238095235
RUSSELL1000,return,RUSSELL1000_return,2011-02-28,0.0052314699,0.0119396266,-0.0005442743,0.0015040351,0.012157546705393176,0.008576929381247681,-0.003014510280000001,0.0010503355095238091
RUSSELL1000,return,RUSSELL1000_return,2011-03-01,-0.0158848752,0.0052314699,0.0119396266,-0.0210687799,0.012609757633628899,0.008620077015164622,-0.0022690233200000007,0.0011771577619047616
RUSSELL1000,return,RUSSELL1000_return,2011-03-02,0.0020513039,-0.0158848752,0.0052314699,-0.0069031589,0.010754184670147698,0.008426319588448934,-0.0012322423800000004,0.0012644284523809519
RUSSELL1000,return,RUSSELL1000_return,2011-03-03,0.0174920205,0.0020513039,-0.0158848752,-0.0005442743,0.010310138855361443,0.008300867452773225,0.0005586501799999998,0.0009966798428571425
RUSSELL1000,return,RUSSELL1000_return,2011-03-04,-0.0072114175,0.0174920205,0.0020513039,0.0119396266,0.012704889362274149,0.008388699373383171,0.00416590914,0.0010402637666666664
RUSSELL1000,return,RUSSELL1000_return,2011-03-07,-0.0087315659,-0.0072114175,0.0174920205,0.0052314699,0.012662121022283581,0.008550863968244905,0.00033570032000000016,0.000812715933333333
RUSSELL1000,return,RUSSELL1000_return,2011-03-08,0.008966114,-0.0087315659,-0.0072114175,-0.0158848752,0.01285078517353421,0.008786788131485371,-0.0024569068399999997,0.00027335300476190457
RUSSELL1000,return,RUSSELL1000_return,2011-03-09,-0.0014445964,0.008966114,-0.0087315659,0.0020513039,0.011036660005358467,0.008975262400031239,0.002513291,0.0005626364619047618
RUSSELL1000,return,RUSSELL1000_return,2011-03-10,-0.0188253736,-0.0014445964,0.008966114,0.0174920205,0.011183007568455377,0.008882339660212303,0.0018141109400000004,0.00018827519999999983
RUSSELL1000,return,RUSSELL1000_return,2011-03-11,0.0072959336,-0.0188253736,-0.0014445964,-0.0072114175,0.010205874339895352,0.009734846954951089,-0.00544936788,-0.0009206671476190477
RUSSELL1000,return,RUSSELL1000_return,2011-03-14,-0.005870826,0.0072959336,-0.0188253736,-0.0087315659,0.011552972863422982,0.009886450977675754,-0.00254789766,-0.000443671042857143
RUSSELL1000,return,RUSSELL1000_return,2011-03-15,-0.0107965913,-0.005870826,0.0072959336,0.008966114,0.01123668168574748,0.009947099110095841,-0.0019757496800000005,-0.0007840786142857144
RUSSELL1000,return,RUSSELL1000_return,2011-03-16,-0.0184899187,-0.0107965913,-0.005870826,-0.0014445964,0.00981098903227578,0.01004944049852038,-0.00592829074,-0.0015834848761904763
RUSSELL1000,return,RUSSELL1000_return,2011-03-17,0.0126079704,-0.0184899187,-0.0107965913,-0.0188253736,0.010777342005040864,0.010635699118390704,-0.0093373552,-0.002608047419047619
RUSSELL1000,return,RUSSELL1000_return,2011-03-18,0.0043631811,0.0126079704,-0.0184899187,0.0072959336,0.012831291851381163,0.011137528150041626,-0.0030506863999999996,-0.0018432253761904765
RUSSELL1000,return,RUSSELL1000_return,2011-03-21,0.0153872073,0.0043631811,0.0126079704,-0.005870826,0.012295943240955403,0.011060074110022496,-0.0036372369,-0.001953562185714286
RUSSELL1000,return,RUSSELL1000_return,2011-03-22,-0.0036489123,0.0153872073,0.0043631811,-0.0107965913,0.014759070445269246,0.01164623870333308,0.0006143697600000001,-0.0013777388238095242
RUSSELL1000,return,RUSSELL1000_return,2011-03-23,0.002705725,-0.0036489123,0.0153872073,-0.0184899187,0.013684556260859848,0.011636766527858148,0.0020439055600000007,-0.0016231172714285718
RUSSELL1000,return,RUSSELL1000_return,2011-03-24,0.0095319329,0.002705725,-0.0036489123,0.0126079704,0.00771390504358333,0.010774915798816934,0.006283034300000001,-0.0004909979904761907
RUSSELL1000,return,RUSSELL1000_return,2011-03-25,0.0036498492,0.0095319329,0.002705725,0.0043631811,0.007188105595172466,0.010882226467503456,0.0056678268,0.00029162542857142835
RUSSELL1000,return,RUSSELL1000_return,2011-03-28,-0.0029929703,0.0036498492,0.0095319329,0.0153872073,0.007227444446363123,0.01090458239754961,0.00552516042,0.000491345595238095
RUSSELL1000,return,RUSSELL1000_return,2011-03-29,0.0074743086,-0.0029929703,0.0036498492,-0.0036489123,0.00540083811734906,0.010603436831234391,0.0018491249,-0.0002197304476190478
RUSSELL1000,return,RUSSELL1000_return,2011-03-30,0.0073535267,0.0074743086,-0.0029929703,0.002705725,0.0048307680405750356,0.010672161367336922,0.00407376908,-0.00011292860476190497
RUSSELL1000,return,RUSSELL1000_return,2011-03-31,-0.0012311429,0.0073535267,0.0074743086,0.0095319329,0.004947477457249935,0.010146868541815226,0.00500332942,0.0009936619619047616
RUSSELL1000,return,RUSSELL1000_return,2011-04-01,0.0052546434,-0.0012311429,0.0073535267,0.0036498492,0.004824462878250128,0.010155040386234857,0.00285071426,0.0008373549714285712
RUSSELL1000,return,RUSSELL1000_return,2011-04-04,0.0005212206,0.0052546434,-0.0012311429,-0.0029929703,0.004942847206504457,0.009480243519840758,0.0031716731000000003,0.0002546227285714283
RUSSELL1000,return,RUSSELL1000_return,2011-04-05,0.0001983657,0.0005212206,0.0052546434,0.0074743086,0.004008712907426141,0.00932465104702068,0.0038745112800000004,0.0006228435904761903
RUSSELL1000,return,RUSSELL1000_return,2011-04-06,0.0020708335,0.0001983657,0.0005212206,0.0073535267,0.0036826197624830223,0.009077059627213932,0.0024193227,0.0010480784285714282
RUSSELL1000,return,RUSSELL1000_return,2011-04-07,-0.0018561969,0.0020708335,0.0001983657,-0.0012311429,0.0024718646494072765,0.008899289094117538,0.0013627840600000003,0.0007197317380952377
RUSSELL1000,return,RUSSELL1000_return,2011-04-08,-0.0041356979,-0.0018561969,0.0020708335,0.0052546434,0.0026455482525556927,0.008904745791692191,0.0012377732600000002,0.0007001317142857141
RUSSELL1000,return,RUSSELL1000_return,2011-04-11,-0.0031631176,-0.0041356979,-0.0018561969,0.0005212206,0.00240306818806879,0.0078030580272019905,-0.0006402949999999996,0.0013996400809523806
RUSSELL1000,return,RUSSELL1000_return,2011-04-12,-0.0080166301,-0.0031631176,-0.0041356979,0.0001983657,0.0025199004272820195,0.007741439274650856,-0.0013771626399999997,0.0009015900238095235
RUSSELL1000,return,RUSSELL1000_return,2011-04-13,0.0008499678,-0.0080166301,-0.0031631176,0.0020708335,0.0036572735766249617,0.00784871776634184,-0.0030201617999999998,0.0007994088761904761
RUSSELL1000,return,RUSSELL1000_return,2011-04-14,0.0001025727,0.0008499678,-0.0080166301,-0.0018561969,0.0032505448551667197,0.007386215501319226,-0.0032643349399999995,0.0013540069285714283
RUSSELL1000,return,RUSSELL1000_return,2011-04-15,0.0044494854,0.0001025727,0.0008499678,-0.0041356979,0.0035654602111516343,0.005841435202346691,-0.00287258102,0.0022393636619047618
RUSSELL1000,return,RUSSELL1000_return,2011-04-18,-0.0113731386,0.0044494854,0.0001025727,-0.0031631176,0.004693776305296535,0.005369610652911526,-0.00115554436,0.001850864376190476
RUSSELL1000,return,RUSSELL1000_return,2011-04-19,0.0057804255,-0.0113731386,0.0044494854,-0.0080166301,0.006614645432520961,0.006055678748946508,-0.0027975485600000003,0.0011015158190476187
RUSSELL1000,return,RUSSELL1000_return,2011-04-20,0.0139589147,0.0057804255,-0.0113731386,0.0008499678,0.006769143501929316,0.0052289642511726886,-3.813743999999987e-05,0.0006440500190476187
RUSSELL1000,return,RUSSELL1000_return,2011-04-21,0.0056051545,0.0139589147,0.0057804255,0.0001025727,0.009274225775314168,0.00587764340594758,0.00258365194,0.001482517971428571
RUSSELL1000,return,RUSSELL1000_return,2011-04-25,-0.001445544,0.0056051545,0.0139589147,0.0044494854,0.00923259304255576,0.005941520924907352,0.0036841683,0.0016205860428571428
RUSSELL1000,return,RUSSELL1000_return,2011-04-26,0.0090021779,-0.001445544,0.0056051545,-0.0113731386,0.00948342054389715,0.005688175582196473,0.0025051624199999996,0.0010978490476190473
RUSSELL1000,return,RUSSELL1000_return,2011-04-27,0.0063879456,0.0090021779,-0.001445544,0.0057804255,0.005619482344936993,0.005923294589710828,0.006580225720000001,0.0013527218428571425
RUSSELL1000,return,RUSSELL1000_return,2011-04-28,0.0033091722,0.0063879456,0.0090021779,0.0139589147,0.005604413493365936,0.00593290090274849,0.0067017297400000005,0.0017994321238095235
RUSSELL1000,return,RUSSELL1000_return,2011-04-29,0.0024713676,0.0033091722,0.0063879456,0.0056051545,0.003930556973057001,0.0058018757401152605,0.00457178124,0.001601092295238095
RUSSELL1000,return,RUSSELL1000_return,2011-05-02,-0.0019190083,0.0024713676,0.0033091722,-0.001445544,0.003974193804140683,0.005655824859658917,0.003945023860000001,0.0013686085285714283
RUSSELL1000,return,RUSSELL1000_return,2011-05-03,-0.0043721387,-0.0019190083,0.0024713676,0.0090021779,0.004137048561567025,0.005673597987221287,0.0038503310000000007,0.0013358530333333332
RUSSELL1000,return,RUSSELL1000_return,2011-05-04,-0.0068339473,-0.0043721387,-0.0019190083,0.0063879456,0.004293998596472364,0.005729770684877881,0.0011754676800000007,0.0008774348380952379
RUSSELL1000,return,RUSSELL1000_return,2011-05-05,-0.0082777642,-0.0068339473,-0.0043721387,0.0033091722,0.004352321440035572,0.00597230210689421,-0.0014689108999999991,0.0005271887476190473
RUSSELL1000,return,RUSSELL1000_return,2011-05-06,0.0040023099,-0.0082777642,-0.0068339473,0.0024713676,0.004255872231178339,0.006274415275644214,-0.003786298179999999,0.0001235635142857142
RUSSELL1000,return,RUSSELL1000_return,2011-05-09,0.0051377151,0.0040023099,-0.0082777642,-0.0019190083,0.004834383924993235,0.0063183894565052015,-0.003480109719999999,0.0002155385809523808
RUSSELL1000,return,RUSSELL1000_return,2011-05-10,0.0083467167,0.0051377151,0.0040023099,-0.0043721387,0.006232083714392652,0.006387673143765035,-0.002068765039999999,0.0005485820095238093
RUSSELL1000,return,RUSSELL1000_return,2011-05-11,-0.0105854687,0.0083467167,0.0051377151,-0.0068339473,0.007519613401203919,0.006509593821027128,0.00047500604000000075,0.0011429827047619045
RUSSELL1000,return,RUSSELL1000_return,2011-05-12,0.0048570617,-0.0105854687,0.0083467167,-0.0082777642,0.008548053328086044,0.006942214746655877,-0.00027529823999999925,0.0007895374142857141
RUSSELL1000,return,RUSSELL1000_return,2011-05-13,-0.0081932059,0.0048570617,-0.0105854687,0.0040023099,0.007417442106739147,0.0066895107523994276,0.0023516669400000007,0.0014025703571428569
RUSSELL1000,return,RUSSELL1000_return,2011-05-16,-0.0064487171,-0.0081932059,0.0048570617,0.0051377151,0.008642878420006696,0.007010243921841179,-8.74362199999994e-05,0.0009719430380952379
RUSSELL1000,return,RUSSELL1000_return,2011-05-17,-0.0007840903,-0.0064487171,-0.0081932059,0.0083467167,0.008442629854263216,0.007194223405327921,-0.0024047226599999993,0.000659976857142857
RUSSELL1000,return,RUSSELL1000_return,2011-05-18,0.0097062189,-0.0007840903,-0.0064487171,-0.0105854687,0.0062343938972577425,0.0071468792573322225,-0.00423088406,0.0004107589666666665
RUSSELL1000,return,RUSSELL1000_return,2011-05-19,0.0021465607,0.0097062189,-0.0007840903,0.0048570617,0.0075329649691236525,0.0068845623717194255,-0.0001725465399999994,0.001414537895238095
RUSSELL1000,return,RUSSELL1000_return,2011-05-20,-0.0072999997,0.0021465607,0.0097062189,-0.0081932059,0.007169277877037561,0.006814653533213426,-0.0007146467399999994,0.0012414967142857143
RUSSELL1000,return,RUSSELL1000_return,2011-05-23,-0.0123239547,-0.0072999997,0.0021465607,-0.0064487171,0.0069439297978115015,0.006397239542585676,-0.0005360054999999995,0.000229167457142857
RUSSELL1000,return,RUSSELL1000_return,2011-05-24,-0.0009232714,-0.0123239547,-0.0072999997,-0.0007840903,0.008514172723369153,0.006825927888789094,-0.0017110530199999994,-0.0006245996476190478
RUSSELL1000,return,RUSSELL1000_return,2011-05-25,0.003783592,-0.0009232714,-0.0123239547,0.0097062189,0.008510611235015288,0.006823738334156412,-0.0017388892399999994,-0.000599729523809524
RUSSELL1000,return,RUSSELL1000_return,2011-05-26,0.0047286548,0.003783592,-0.0009232714,0.0021465607,0.006749329803854801,0.0065459458389286514,-0.0029234146199999993,-0.0008482336142857145
RUSSELL1000,return,RUSSELL1000_return,2011-05-27,0.004563277,0.0047286548,0.003783592,-0.0072999997,0.007309751806314114,0.006463731222511705,-0.0024069957999999997,-0.0009272474619047622
RUSSELL1000,return,RUSSELL1000_return,2011-05-31,0.0103872738,0.004563277,0.0047286548,-0.0123239547,0.007249579898320003,0.0065104536686068646,-3.434045999999944e-05,-0.0008675281857142861
RUSSELL1000,return,RUSSELL1000_return,2011-06-01,-0.0225957191,0.0103872738,0.004563277,-0.0009232714,0.00401998384414925,0.00692913630173176,0.00450790524,-0.0004905802714285718
RUSSELL1000,return,RUSSELL1000_return,2011-06-02,-0.0010011732,-0.0225957191,0.0103872738,0.003783592,0.012998181173110294,0.00844540394300119,0.0001734157,-0.0014751855476190481
RUSSELL1000,return,RUSSELL1000_return,2011-06-03,-0.0099668689,-0.0010011732,-0.0225957191,0.0047286548,0.012841128706222548,0.008419584878905812,-0.0007835373399999997,-0.0013146633809523814
RUSSELL1000,return,RUSSELL1000_return,2011-06-06,-0.0112101474,-0.0099668689,-0.0010011732,0.004563277,0.012945423697085517,0.008549032008530667,-0.003722642079999999,-0.001463850123809524
RUSSELL1000,return,RUSSELL1000_return,2011-06-07,-0.0004328608,-0.0112101474,-0.0099668689,0.0103872738,0.012328646278530241,0.00868870065417482,-0.006877326959999999,-0.0016034874190476193
RUSSELL1000,return,RUSSELL1000_return,2011-06-08,-0.004554635,-0.0004328608,-0.0112101474,-0.0225957191,0.009055822966153317,0.008599067049373495,-0.00904135388,-0.0018146860238095243
RUSSELL1000,return,RUSSELL1000_return,2011-06-09,0.0070535248,-0.004554635,-0.0004328608,-0.0010011732,0.0049836082577683505,0.00846633660289823,-0.005433137059999999,-0.002276226504761905
RUSSELL1000,return,RUSSELL1000_return,2011-06-10,-0.0142375249,0.0070535248,-0.004554635,-0.0099668689,0.007460633247971972,0.008389561404085987,-0.0038221974599999993,-0.002337807071428572
RUSSELL1000,return,RUSSELL1000_return,2011-06-13,0.0003226777,-0.0142375249,0.0070535248,-0.0112101474,0.008510560379401837,0.008604182277768395,-0.0046763286599999995,-0.00251171450952381
RUSSELL1000,return,RUSSELL1000_return,2011-06-14,0.0131473664,0.0003226777,-0.0142375249,-0.0004328608,0.007832889284748071,0.008465798520341376,-0.002369763639999999,-0.0027276375571428572
RUSSELL1000,return,RUSSELL1000_return,2011-06-15,-0.0171418046,0.0131473664,0.0003226777,-0.004554635,0.010554167850835409,0.00903839459517016,0.00034628180000000096,-0.0017114198285714287
RUSSELL1000,return,RUSSELL1000_return,2011-06-16,0.0012722084,-0.0171418046,0.0131473664,0.0070535248,0.013187955194418323,0.009602243131284145,-0.0021711521199999995,-0.0022206144714285716
RUSSELL1000,return,RUSSELL1000_return,2011-06-17,0.0027584479,0.0012722084,-0.0171418046,-0.0142375249,0.012407316313055706,0.009628074372061418,-0.0033274153999999995,-0.0021226954857142865
RUSSELL1000,return,RUSSELL1000_return,2011-06-20,0.0055453657,0.0027584479,0.0012722084,0.0003226777,0.010908719183404412,0.009315578413570905,7.177916000000086e-05,-0.0024535417238095245
RUSSELL1000,return,RUSSELL1000_return,2011-06-21,0.0141812234,0.0055453657,0.0027584479,0.0131473664,0.011185286344501064,0.009428338962794042,0.0011163167600000009,-0.0022916938666666673
RUSSELL1000,return,RUSSELL1000_return,2011-06-22,-0.0061218781,0.0141812234,0.0055453657,-0.0171418046,0.0114692456208594,0.010005428312391472,0.0013230881600000007,-0.0012687784809523816
RUSSELL1000,return,RUSSELL1000_return,2011-06-23,-0.0024294192,-0.0061218781,0.0141812234,0.0012722084,0.007354622396961783,0.009751091903955223,0.0035270734600000007,-0.0009734415000000005
RUSSELL1000,return,RUSSELL1000_return,2011-06-24,-0.0115554127,-0.0024294192,-0.0061218781,0.0027584479,0.007810519531368836,0.00975624209800453,0.0027867479400000015,-0.0010451628238095242
RUSSELL1000,return,RUSSELL1000_return,2011-06-27,0.0086735126,-0.0115554127,-0.0024294192,0.0055453657,0.010108614040456177,0.009948943728069433,-7.602417999999916e-05,-0.0017755916190476198
RUSSELL1000,return,RUSSELL1000_return,2011-06-28,0.0134967531,0.0086735126,-0.0115554127,0.0141812234,0.01062701298991915,0.010113770663268235,0.0005496052000000011,-0.001587741247619048
RUSSELL1000,return,RUSSELL1000_return,2011-06-29,0.0085195116,0.0134967531,0.0086735126,-0.0061218781,0.010409701537835127,0.010563318019728356,0.00041271114000000113,-0.0011623376238095243
RUSSELL1000,return,RUSSELL1000_return,2011-06-30,0.0098073458,0.0085195116,0.0134967531,-0.0024294192,0.010168491076857316,0.010468649175813912,0.003340989080000001,-0.0012512786809523813
RUSSELL1000,return,RUSSELL1000_return,2011-07-01,0.0147300037,0.0098073458,0.0085195116,-0.0115554127,0.00990153166307944,0.00950936990723421,0.0057883420800000016,0.0002917244095238092
RUSSELL1000,return,RUSSELL1000_return,2011-07-05,-0.0008495605,0.0147300037,0.0098073458,0.0086735126,0.002877680345929218,0.010008921927638987,0.011045425360000001,0.0010408280714285711
RUSSELL1000,return,RUSSELL1000_return,2011-07-06,0.001668966,-0.0008495605,0.0147300037,0.0134967531,0.006141073011053314,0.0097005571777997,0.009140810740000001,0.001474985614285714
RUSSELL1000,return,RUSSELL1000_return,2011-07-07,0.0104746754,0.001668966,-0.0008495605,0.0085195116,0.006319138219464497,0.009255383768885675,0.006775253320000002,0.0020882767285714285
RUSSELL1000,return,RUSSELL1000_return,2011-07-08,-0.0067865,0.0104746754,0.001668966,0.0098073458,0.006511620094655104,0.009411569150199589,0.0071662860800000006,0.0026076832142857137
RUSSELL1000,return,RUSSELL1000_return,2011-07-11,-0.0188774592,-0.0067865,0.0104746754,0.0147300037,0.008692506604703623,0.009508594408277808,0.003847516920000001,0.002501403928571428
RUSSELL1000,return,RUSSELL1000_return,2011-07-12,-0.0044509706,-0.0188774592,-0.0067865,-0.0008495605,0.010889701475637253,0.010518035772939553,-0.002873975659999999,0.0012665951666666665
RUSSELL1000,return,RUSSELL1000_return,2011-07-13,0.0033952109,-0.0044509706,-0.0188774592,0.001668966,0.010841321624611273,0.01000083385785664,-0.0035942576799999986,0.0017326215619047614
RUSSELL1000,return,RUSSELL1000_return,2011-07-14,-0.007313709,0.0033952109,-0.0044509706,0.0104746754,0.011075786445070113,0.010001650546123751,-0.0032490086999999988,0.0018789326666666666
RUSSELL1000,return,RUSSELL1000_return,2011-07-15,0.0059671696,-0.007313709,0.0033952109,-0.0067865,0.007993577747901593,0.009844418097789456,-0.006806685579999999,0.0009045957428571427
RUSSELL1000,return,RUSSELL1000_return,2011-07-18,-0.008847992,0.0059671696,-0.007313709,-0.0188774592,0.00982635349323148,0.008979918416475127,-0.004255951659999998,0.0020050230857142854
RUSSELL1000,return,RUSSELL1000_return,2011-07-19,0.0166135423,-0.008847992,0.0059671696,-0.0044509706,0.006584246372488376,0.009287498438972436,-0.002250058219999999,0.0015231087809523807
RUSSELL1000,return,RUSSELL1000_return,2011-07-20,-0.0005840677,0.0166135423,-0.008847992,0.0033952109,0.010436209437642565,0.009854457215844279,0.0019628443600000003,0.0021828751809523806
RUSSELL1000,return,RUSSELL1000_return,2011-07-21,0.0131129461,-0.0005840677,0.0166135423,-0.007313709,0.010451387769173733,0.009840648163039334,0.0011669886400000004,0.0018909973999999994
RUSSELL1000,return,RUSSELL1000_return,2011-07-22,0.0013831587,0.0131129461,-0.0005840677,0.0059671696,0.010298786878398518,0.00977649031920796,0.00525231966,0.001840127052380952
RUSSELL1000,return,RUSSELL1000_return,2011-07-25,-0.00607351,0.0013831587,0.0131129461,-0.008847992,0.010422533396181807,0.009606582074049424,0.00433551748,0.002197509757142857
RUSSELL1000,return,RUSSELL1000_return,2011-07-26,-0.0042065749,-0.00607351,0.0013831587,0.0166135423,0.009585408055666968,0.00972650329482115,0.0048904138800000005,0.0020239816238095234
RUSSELL1000,return,RUSSELL1000_return,2011-07-27,-0.0211226628,-0.0042065749,-0.00607351,-0.0005840677,0.00751911230202522,0.009337948181356248,0.0007263904400000006,0.002373926280952381
RUSSELL1000,return,RUSSELL1000_return,2011-07-28,-0.0032551815,-0.0211226628,-0.0042065749,0.0131129461,0.012424222797152962,0.010521581797041653,-0.0033813285799999997,0.0009550607857142853
RUSSELL1000,return,RUSSELL1000_return,2011-07-29,-0.0059513136,-0.0032551815,-0.0211226628,0.0013831587,0.00854132519129363,0.0101517056666885,-0.006654954100000001,0.00015734961428571386
RUSSELL1000,return,RUSSELL1000_return,2011-08-01,-0.0041412967,-0.0059513136,-0.0032551815,-0.00607351,0.007364473841991898,0.010046295127477381,-0.00812184856,-0.0005317373000000004
RUSSELL1000,return,RUSSELL1000_return,2011-08-02,-0.0263210164,-0.0041412967,-0.0059513136,-0.0042065749,0.007547256330680024,0.009786286867894824,-0.007735405900000001,-0.0011959583714285717
RUSSELL1000,return,RUSSELL1000_return,2011-08-03,0.0054833574,-0.0263210164,-0.0041412967,-0.0211226628,0.010758797299695304,0.010518587172020413,-0.0121582942,-0.0031507688523809523
RUSSELL1000,return,RUSSELL1000_return,2011-08-04,-0.0498739893,0.0054833574,-0.0263210164,-0.0032551815,0.011750518945415544,0.010677444206900354,-0.006837090160000001,-0.0028492013333333336
RUSSELL1000,return,RUSSELL1000_return,2011-08-05,-0.0027167294,-0.0498739893,0.0054833574,-0.0059513136,0.022118887583610306,0.01473866471335859,-0.01616085172,-0.0053036277761904765
RUSSELL1000,return,RUSSELL1000_return,2011-08-08,-0.0685997571,-0.0027167294,-0.0498739893,-0.0041412967,0.022535516419019398,0.01430736803497442,-0.015513934880000002,-0.005931789909523809
RUSSELL1000,return,RUSSELL1000_return,2011-08-09,0.0495395283,-0.0685997571,-0.0027167294,-0.0263210164,0.03118167330043463,0.019797237909505817,-0.028405626960000003,-0.008875278342857142
RUSSELL1000,return,RUSSELL1000_return,2011-08-10,-0.0421618312,0.0495395283,-0.0685997571,0.0054833574,0.046929000037670345,0.023375157051382628,-0.013233518020000001,-0.005617326557142858
RUSSELL1000,return,RUSSELL1000_return,2011-08-11,0.0471596319,-0.0421618312,0.0495395283,-0.0498739893,0.04701552205588358,0.024692489040572765,-0.022762555740000003,-0.007413081823809524
RUSSELL1000,return,RUSSELL1000_return,2011-08-12,0.0054181841,0.0471596319,-0.0421618312,-0.0027167294,0.052708668695948764,0.0273537349014874,-0.003355831500000002,-0.005329061776190477
RUSSELL1000,return,RUSSELL1000_return,2011-08-15,0.0224944614,0.0054181841,0.0471596319,-0.0685997571,0.05285866664398914,0.027448480495690805,-0.0017288488000000019,-0.004722781152380953
RUSSELL1000,return,RUSSELL1000_return,2011-08-16,-0.0102099497,0.0224944614,0.0054181841,0.0495395283,0.03752190563149327,0.028001676438399115,0.0164899949,-0.003935767257142857
RUSSELL1000,return,RUSSELL1000_return,2011-08-17,0.0003491725,-0.0102099497,0.0224944614,-0.0421618312,0.0336830408674217,0.028015196546406825,0.0045400992999999985,-0.004000622385714287
RUSSELL1000,return,RUSSELL1000_return,2011-08-18,-0.045910451,0.0003491725,-0.0102099497,0.0471596319,0.022434601825112956,0.02763910728204072,0.01304230004,-0.004775116185714285
RUSSELL1000,return,RUSSELL1000_return,2011-08-19,-0.0155266095,-0.045910451,0.0003491725,0.0054181841,0.025457179203231272,0.02903026307163565,-0.0055717165400000004,-0.006933515390476191
RUSSELL1000,return,RUSSELL1000_return,2011-08-22,4.30722e-05,-0.0155266095,-0.045910451,0.0224944614,0.024914137522300407,0.028712406582900737,-0.00976067526,-0.008297303752380952
RUSSELL1000,return,RUSSELL1000_return,2011-08-23,0.0347756039,4.30722e-05,-0.0155266095,-0.0102099497,0.018958926933127007,0.02869129731954432,-0.0142509531,-0.008361117395238095
RUSSELL1000,return,RUSSELL1000_return,2011-08-24,0.0132986846,0.0347756039,4.30722e-05,0.0003491725,0.02924165358729879,0.030199250723487503,-0.005253842380000001,-0.006415921495238096
RUSSELL1000,return,RUSSELL1000_return,2011-08-25,-0.0163113012,0.0132986846,0.0347756039,-0.045910451,0.030412011307010153,0.030503350033914144,-0.002663939960000001,-0.00558233770952381
RUSSELL1000,return,RUSSELL1000_return,2011-08-26,0.016644201,-0.0163113012,0.0132986846,-0.0155266095,0.021449531142058192,0.030398679146151818,0.0032558899999999983,-0.005353225252380953
RUSSELL1000,return,RUSSELL1000_return,2011-08-29,0.0296973833,0.016644201,-0.0163113012,4.30722e-05,0.019103677127560646,0.030775170512930945,0.009690052099999999,-0.00440563560952381
RUSSELL1000,return,RUSSELL1000_return,2011-08-30,0.0029224596,0.0296973833,0.016644201,0.0347756039,0.01994464443383679,0.03165622646928947,0.015620914320000002,-0.002708078614285715
RUSSELL1000,return,RUSSELL1000_return,2011-08-31,0.0048808535,0.0029224596,0.0296973833,0.0132986846,0.017194326283538366,0.03167775741818051,0.009250285459999999,-0.0023717092666666667
RUSSELL1000,return,RUSSELL1000_return,2011-09-01,-0.0122752526,0.0048808535,0.0029224596,-0.0163113012,0.017110741139338505,0.031226812848307497,0.00756671924,-0.0008859059380952382
RUSSELL1000,return,RUSSELL1000_return,2011-09-02,-0.0256836761,-0.0122752526,0.0048808535,0.016644201,0.015743219953806998,0.03128610632569904,0.00837392896,-0.0017315540333333337
RUSSELL1000,return,RUSSELL1000_return,2011-09-06,-0.0072807404,-0.0256836761,-0.0122752526,0.0296973833,0.02076408633256337,0.029836683596540955,-9.164646000000068e-05,-0.0005796343571428575
RUSSELL1000,return,RUSSELL1000_return,2011-09-07,0.0298943246,-0.0072807404,-0.0256836761,0.0029224596,0.012403725005679333,0.02986963298541067,-0.007487271200000001,-0.0007969682142857146
RUSSELL1000,return,RUSSELL1000_return,2011-09-08,-0.0108183952,0.0298943246,-0.0072807404,0.0048808535,0.02096982644763973,0.026197977384193993,-0.0020928982,0.0038932261523809525
RUSSELL1000,return,RUSSELL1000_return,2011-09-09,-0.0267629012,-0.0108183952,0.0298943246,-0.0122752526,0.020839519477134,0.024172347149695517,-0.005232747940000001,0.0010190393190476188
RUSSELL1000,return,RUSSELL1000_return,2011-09-12,0.0067102395,-0.0267629012,-0.0108183952,-0.0256836761,0.022962548439104818,0.023002178386703383,-0.00813027766,0.0017523216999999998
RUSSELL1000,return,RUSSELL1000_return,2011-09-13,0.010320447,0.0067102395,-0.0267629012,-0.0072807404,0.021280040663000474,0.02057528769654777,-0.0016514945400000008,-0.00017383984285714287
RUSSELL1000,return,RUSSELL1000_return,2011-09-14,0.013938104,0.010320447,0.0067102395,0.0298943246,0.02156988142168775,0.02066949952330692,0.001868742939999999,5.96012476190476e-05
RUSSELL1000,return,RUSSELL1000_return,2011-09-15,0.0168298228,0.013938104,0.010320447,-0.0108183952,0.017105227212981012,0.02028591611115639,-0.0013225011800000012,-0.0003478443428571427
RUSSELL1000,return,RUSSELL1000_return,2011-09-16,0.0050592307,0.0168298228,0.013938104,-0.0267629012,0.017725724688651873,0.020485802818768755,0.004207142419999999,0.0009397638714285717
RUSSELL1000,return,RUSSELL1000_return,2011-09-19,-0.0099099672,0.0050592307,0.0168298228,0.0067102395,0.0048953574903049905,0.020504788635282087,0.0105715688,0.0011640523571428572
RUSSELL1000,return,RUSSELL1000_return,2011-09-20,-0.0029179249,-0.0099099672,0.0050592307,0.010320447,0.010549825811804353,0.01768309395710195,0.007247527459999998,0.0028783611095238096
RUSSELL1000,return,RUSSELL1000_return,2011-09-21,-0.0296129498,-0.0029179249,-0.0099099672,0.013938104,0.011225395179115385,0.017235312299417636,0.00459985308,0.003478774661904762
RUSSELL1000,return,RUSSELL1000_return,2011-09-22,-0.032834105,-0.0296129498,-0.0029179249,0.0168298228,0.017378234094349066,0.018684884258039592,-0.00411035768,0.0020665831380952382
RUSSELL1000,return,RUSSELL1000_return,2011-09-23,0.0066867756,-0.032834105,-0.0296129498,0.0050592307,0.01659272007248584,0.018591672675794133,-0.01404314324,-0.0011529268095238096
RUSSELL1000,return,RUSSELL1000_return,2011-09-26,0.0226424699,0.0066867756,-0.032834105,-0.0099099672,0.017070240933453388,0.018389583928260112,-0.01371763426,-0.0014677796190476192
RUSSELL1000,return,RUSSELL1000_return,2011-09-27,0.0113472034,0.0226424699,0.0066867756,-0.0029179249,0.023776033710235074,0.01877798308416545,-0.00720714684,0.0003871618619047618
RUSSELL1000,return,RUSSELL1000_return,2011-09-28,-0.0216494732,0.0113472034,0.0226424699,-0.0296129498,0.025230769047216224,0.018583255983792984,-0.004354121180000001,0.00013492388095238082
RUSSELL1000,return,RUSSELL1000_return,2011-09-29,0.0076027528,-0.0216494732,0.0113472034,-0.032834105,0.02342436879184418,0.017863120395121623,-0.002761425860000002,-0.0023101645238095244
RUSSELL1000,return,RUSSELL1000_return,2011-09-30,-0.0252286011,0.0076027528,-0.0216494732,0.0066867756,0.01636174263393739,0.01796060115578501,0.005325945699999999,-0.002087293419047619
RUSSELL1000,return,RUSSELL1000_return,2011-10-03,-0.0304735125,-0.0252286011,0.0076027528,0.0226424699,0.021206347553461995,0.018568061943113705,-0.0010571296400000013,-0.003521076971428571
RUSSELL1000,return,RUSSELL1000_return,2011-10-04,0.0239925358,-0.0304735125,-0.0252286011,0.0113472034,0.01961012334981098,0.019402946115407174,-0.01168032612,-0.004387660776190476
RUSSELL1000,return,RUSSELL1000_return,2011-10-05,0.0189092403,0.0239925358,-0.0304735125,-0.0216494732,0.02370934850774491,0.019702653228570684,-0.009151259640000003,-0.002022126876190477
RUSSELL1000,return,RUSSELL1000_return,2011-10-06,0.0194142599,0.0189092403,0.0239925358,0.0076027528,0.02525231322662925,0.020176344288905478,-0.0010395169400000015,-0.0007749849380952383
RUSSELL1000,return,RUSSELL1000_return,2011-10-07,-0.0089982096,0.0194142599,0.0189092403,-0.0252286011,0.026769773597987847,0.019498033687084255,0.0013227844799999985,-0.0012740356380952385
RUSSELL1000,return,RUSSELL1000_return,2011-10-10,0.0342699169,-0.0089982096,0.0194142599,-0.0304735125,0.023533724922348228,0.019457487828204664,0.004568862779999999,-0.0011873601333333335
RUSSELL1000,return,RUSSELL1000_return,2011-10-11,0.0005636713,0.0342699169,-0.0089982096,0.0239925358,0.016056050692521435,0.01999700685158857,0.01751754866,0.001718964538095238
RUSSELL1000,return,RUSSELL1000_return,2011-10-12,0.0102490221,0.0005636713,0.0342699169,0.0189092403,0.017080055738244504,0.019965255414388206,0.01283177576,0.0014262708142857143
RUSSELL1000,return,RUSSELL1000_return,2011-10-13,-0.0023239367,0.0102490221,0.0005636713,0.0194142599,0.01674550970756877,0.01996367050736518,0.01109973212,0.0014228696285714286
RUSSELL1000,return,RUSSELL1000_return,2011-10-14,0.0175348914,-0.0023239367,0.0102490221,-0.0089982096,0.01686862513340757,0.019768380336717746,0.0067520928,0.0006484867380952381
RUSSELL1000,return,RUSSELL1000_return,2011-10-17,-0.0199378537,0.0175348914,-0.0023239367,0.0342699169,0.014710520774153388,0.019797813737805127,0.012058712999999999,0.0006820614333333332
RUSSELL1000,return,RUSSELL1000_return,2011-10-18,0.0207237417,-0.0199378537,0.0175348914,0.0005636713,0.014215694750898775,0.020267381308387362,0.001217158879999998,-0.0005082759190476192
RUSSELL1000,return,RUSSELL1000_return,2011-10-19,-0.0128685521,0.0207237417,-0.0199378537,0.0102490221,0.016636841261133656,0.020655574081009306,0.005249172959999998,0.0009504721238095237
RUSSELL1000,return,RUSSELL1000_return,2011-10-20,0.0044589672,-0.0128685521,0.0207237417,-0.0023239367,0.018052056469701244,0.020861856039382478,0.0006256581199999986,0.0004766327333333332
RUSSELL1000,return,RUSSELL1000_return,2011-10-21,0.0191095209,0.0044589672,-0.0128685521,0.0175348914,0.01802983335321241,0.01969712671876449,0.001982238899999998,0.002099104971428571
RUSSELL1000,return,RUSSELL1000_return,2011-10-24,0.0146904876,0.0191095209,0.0044589672,-0.0199378537,0.01837976101781356,0.01830311208589723,0.0022971647999999985,0.004572610966666666
RUSSELL1000,return,RUSSELL1000_return,2011-10-25,-0.0203918605,0.0146904876,0.0191095209,0.0207237417,0.013880169833070808,0.018432213008961546,0.00922283306,0.004953740109523809
RUSSELL1000,return,RUSSELL1000_return,2011-10-26,0.0107484403,-0.0203918605,0.0146904876,-0.0128685521,0.017155881532530663,0.018756664909412107,0.0009997126199999984,0.0029044862809523807
RUSSELL1000,return,RUSSELL1000_return,2011-10-27,0.0346678273,0.0107484403,-0.0203918605,0.0044589672,0.015559993120687551,0.018743639775307925,0.005723111099999999,0.0028759737523809522
RUSSELL1000,return,RUSSELL1000_return,2011-10-28,0.0003601224,0.0346678273,0.0107484403,0.0191095209,0.020137881182324867,0.019084908497783833,0.01176488312,0.005557749966666667
RUSSELL1000,return,RUSSELL1000_return,2011-10-31,-0.024561349,0.0003601224,0.0346678273,0.0146904876,0.020173955414050735,0.019111528003885093,0.00801500342,0.005212862804761905
RUSSELL1000,return,RUSSELL1000_return,2011-11-01,-0.0282536822,-0.024561349,0.0003601224,-0.0203918605,0.024168518887451598,0.019058869084481022,0.0001646360999999985,0.0052446367142857135
RUSSELL1000,return,RUSSELL1000_return,2011-11-02,0.0164132585,-0.0282536822,-0.024561349,0.0107484403,0.026024694211931692,0.018855935872478875,-0.0014077282400000017,0.005350342919047619
RUSSELL1000,return,RUSSELL1000_return,2011-11-03,0.0193293586,0.0164132585,-0.0282536822,0.0346678273,0.02679802202152597,0.01855134442692691,-0.00027476460000000203,0.004989424952380953
RUSSELL1000,return,RUSSELL1000_return,2011-11-04,-0.0053111455,0.0193293586,0.0164132585,0.0003601224,0.02229808921412001,0.018567325647361122,-0.0033424583400000025,0.005009430585714286
RUSSELL1000,return,RUSSELL1000_return,2011-11-07,0.0055038473,-0.0053111455,0.0193293586,-0.024561349,0.022206716886352406,0.01839132284311609,-0.004476711920000003,0.003832030328571429
RUSSELL1000,return,RUSSELL1000_return,2011-11-08,0.0119354434,0.0055038473,-0.0053111455,-0.0282536822,0.019287228996667363,0.01815623899422922,0.0015363273399999972,0.004522604466666667
RUSSELL1000,return,RUSSELL1000_return,2011-11-09,-0.0370369069,0.0119354434,0.0055038473,0.0164132585,0.009819019714527111,0.0169400031352225,0.009574152459999997,0.00345905810952381
RUSSELL1000,return,RUSSELL1000_return,2011-11-10,0.0081759633,-0.0370369069,0.0119354434,0.0193293586,0.022023203897223363,0.019109539589454116,-0.001115880620000001,0.0016685543857142856
RUSSELL1000,return,RUSSELL1000_return,2011-11-11,0.0196894296,0.0081759633,-0.0370369069,-0.0053111455,0.019896839893069073,0.01906830795413801,-0.003346559680000001,0.0015698372999999998
RUSSELL1000,return,RUSSELL1000_return,2011-11-14,-0.0092232923,0.0196894296,0.0081759633,0.0055038473,0.02227851209416644,0.019444909206134016,0.001653555339999998,0.002618092838095238
RUSSELL1000,return,RUSSELL1000_return,2011-11-15,0.0052290273,-0.0092232923,0.0196894296,0.0119354434,0.02261322479638097,0.01929469116939563,-0.001291872580000002,0.001343893614285714
RUSSELL1000,return,RUSSELL1000_return,2011-11-16,-0.0160996481,0.0052290273,-0.0092232923,-0.0370369069,0.021817405818494954,0.018678494418477656,-0.002633155800000002,0.002542316519047619
RUSSELL1000,return,RUSSELL1000_return,2011-11-17,-0.0170100851,-0.0160996481,0.0052290273,0.0081759633,0.01426579256910707,0.018614660992467866,0.0015542959599999981,0.0007888217666666664
RUSSELL1000,return,RUSSELL1000_return,2011-11-18,-0.0005247428,-0.0170100851,-0.0160996481,0.0196894296,0.01571602454087068,0.018787725415845287,-0.0034829137200000013,0.0005916059095238095
RUSSELL1000,return,RUSSELL1000_return,2011-11-21,-0.018186869,-0.0005247428,-0.0170100851,-0.0092232923,0.009721682423397701,0.01876789751867555,-0.0075257482000000014,0.0003542863857142856
RUSSELL1000,return,RUSSELL1000_return,2011-11-22,-0.0041382324,-0.018186869,-0.0005247428,0.0052290273,0.010871443508741039,0.01866876547317667,-0.009318463540000002,-0.001421732180952381
RUSSELL1000,return,RUSSELL1000_return,2011-11-23,-0.0223993165,-0.0041382324,-0.018186869,-0.0160996481,0.008222063760417512,0.01830484894102537,-0.011191915480000002,-0.0023183378952380948
RUSSELL1000,return,RUSSELL1000_return,2011-11-25,-0.0025004378,-0.0223993165,-0.0041382324,-0.0170100851,0.009539289329991742,0.018408899313140686,-0.012451849160000004,-0.002413931038095238
RUSSELL1000,return,RUSSELL1000_return,2011-11-28,0.0297348726,-0.0025004378,-0.0223993165,-0.0005247428,0.010001740647286437,0.018160606046093798,-0.009549919700000003,-0.0030448299952380953
RUSSELL1000,return,RUSSELL1000_return,2011-11-29,0.0022746363,0.0297348726,-0.0025004378,-0.018186869,0.020486895122547172,0.017673791128793442,-0.0034979966200000025,-0.0032797326000000003
RUSSELL1000,return,RUSSELL1000_return,2011-11-30,0.0436541218,0.0022746363,0.0297348726,-0.0041382324,0.018792798928404353,0.017698426180910606,0.0005943044399999978,-0.003188565271428572
RUSSELL1000,return,RUSSELL1000_return,2011-12-01,-0.0019228213,0.0436541218,0.0022746363,-0.0223993165,0.026398893482458174,0.019723766268656427,0.010152775279999998,5.979048095238081e-05
RUSSELL1000,return,RUSSELL1000_return,2011-12-02,7.16726e-05,-0.0019228213,0.0436541218,-0.0025004378,0.021153783885908748,0.01864108656573468,0.014248074319999998,0.001313641
RUSSELL1000,return,RUSSELL1000_return,2011-12-05,0.0104141213,7.16726e-05,-0.0019228213,0.0297348726,0.020670418766186163,0.01831751847223288,0.014762496399999997,0.0005354702428571428
RUSSELL1000,return,RUSSELL1000_return,2011-12-06,0.0005319661,0.0104141213,7.16726e-05,0.0022746363,0.01890200305956149,0.01795998654717802,0.01089834614,0.00011093513333333338
RUSSELL1000,return,RUSSELL1000_return,2011-12-07,0.0018437517,0.0005319661,0.0104141213,0.0436541218,0.019115628177610932,0.017916995893401073,0.010549812099999998,0.0003891785428571429
RUSSELL1000,return,RUSSELL1000_return,2011-12-08,-0.02166902,0.0018437517,0.0005319661,-0.0019228213,0.0047934257033418115,0.01788252340194059,0.0021877380799999986,0.0002148882761904763
RUSSELL1000,return,RUSSELL1000_return,2011-12-09,0.0172356051,-0.02166902,0.0018437517,7.16726e-05,0.011897199827532895,0.01828038923220845,-0.0017615016600000012,-0.0013853242666666665
RUSSELL1000,return,RUSSELL1000_return,2011-12-12,-0.0150432199,0.0172356051,-0.02166902,0.0104141213,0.014703595449373892,0.016761405231023516,0.0016712848399999983,0.0011990810666666666
RUSSELL1000,return,RUSSELL1000_return,2011-12-13,-0.009467896,-0.0150432199,0.0172356051,0.0005319661,0.015314250811727034,0.017041649981610393,-0.0034201834000000013,9.340567619047616e-05
RUSSELL1000,return,RUSSELL1000_return,2011-12-14,-0.011849298,-0.009467896,-0.0150432199,0.0018437517,0.0153220511462726,0.016545826818307026,-0.005420155820000001,-0.0012950384000000002
RUSSELL1000,return,RUSSELL1000_return,2011-12-15,0.0037327996,-0.011849298,-0.009467896,-0.02166902,0.014917528280601505,0.01661850551547329,-0.008158765760000002,-0.0014200862904761907
RUSSELL1000,return,RUSSELL1000_return,2011-12-16,0.0041138015,0.0037327996,-0.011849298,0.0172356051,0.0134160581887314,0.016591759141487625,-0.0030784018400000016,-0.0014913352285714286
RUSSELL1000,return,RUSSELL1000_return,2011-12-19,-0.0123760249,0.0041138015,0.0037327996,-0.0150432199,0.009008260573993352,0.01628540423463025,-0.005702762560000002,-0.0005287900095238098
RUSSELL1000,return,RUSSELL1000_return,2011-12-20,0.0302608927,-0.0123760249,0.0041138015,-0.009467896,0.008373478001707974,0.016081027816180232,-0.005169323560000001,-0.0003081204761904765
RUSSELL1000,return,RUSSELL1000_return,2011-12-21,0.0020088449,0.0302608927,-0.0123760249,-0.011849298,0.017332106798330523,0.017408727044987887,0.0027764341799999988,0.0011578621666666665
RUSSELL1000,return,RUSSELL1000_return,2011-12-22,0.008804942,0.0020088449,0.0302608927,0.0037327996,0.015410022962744569,0.016835021328787222,0.005548062759999998,0.0021195628285714287
RUSSELL1000,return,RUSSELL1000_return,2011-12-23,0.0087731436,0.008804942,0.0020088449,0.0041138015,0.015427588819935325,0.01683139289994385,0.006562491239999998,0.002735904466666666
RUSSELL1000,return,RUSSELL1000_return,2011-12-27,0.0002792421,0.0087731436,0.008804942,-0.0123760249,0.015383359482253865,0.015849782606348967,0.007494359659999998,0.004220307328571428
RUSSELL1000,return,RUSSELL1000_return,2011-12-28,-0.0128521918,0.0002792421,0.0087731436,0.0302608927,0.011956019175660805,0.015802385609649056,0.010025413059999998,0.004352673038095238
RUSSELL1000,return,RUSSELL1000_return,2011-12-29,0.0109081491,-0.0128521918,0.0002792421,0.0020088449,0.008859290814784345,0.0150991630055602,0.001402796159999999,0.0023247175904761905
RUSSELL1000,return,RUSSELL1000_return,2011-12-30,-0.004030754,0.0109081491,-0.0128521918,0.008804942,0.009850038722684959,0.015214824762202013,0.0031826569999999993,0.0027358372476190473
RUSSELL1000,return,RUSSELL1000_return,2012-01-03,0.0150316705,-0.004030754,0.0109081491,0.0087731436,0.009689752868706011,0.012027094725293086,0.0006155177999999992,0.00046512887619047617
RUSSELL1000,return,RUSSELL1000_return,2012-01-04,0.000140271,0.0150316705,-0.004030754,0.0002792421,0.011280625102489582,0.012421380068293027,0.0018672231799999994,0.0012724856285714285
RUSSELL1000,return,RUSSELL1000_return,2012-01-05,0.0035822849,0.000140271,0.0150316705,-0.0128521918,0.011285685935510457,0.012421057503233027,0.0018394289599999996,0.001275752219047619
RUSSELL1000,return,RUSSELL1000_return,2012-01-06,-0.0017872399,0.0035822849,0.000140271,0.0109081491,0.007788489094992617,0.012258142442139191,0.0051263242999999995,0.0009504266761904761
RUSSELL1000,return,RUSSELL1000_return,2012-01-09,0.0025837784,-0.0017872399,0.0035822849,-0.004030754,0.007496258084681954,0.01227253988037585,0.002587246499999999,0.0008399882952380952
RUSSELL1000,return,RUSSELL1000_return,2012-01-10,0.009284766,0.0025837784,-0.0017872399,0.0150316705,0.006561768334912197,0.012276627971867552,0.00391015298,0.0008752276619047617
RUSSELL1000,return,RUSSELL1000_return,2012-01-11,0.000932858,0.009284766,0.0025837784,0.000140271,0.004207735306102564,0.011249807897207023,0.002760772079999999,0.0023492174714285713
RUSSELL1000,return,RUSSELL1000_return,2012-01-12,0.0026042441,0.000932858,0.009284766,0.0035822849,0.0040978271915722425,0.010721261405120369,0.002919289479999999,0.001572896180952381
RUSSELL1000,return,RUSSELL1000_return,2012-01-13,-0.0050898851,0.0026042441,0.000932858,-0.0017872399,0.00408157839172485,0.01002259234200412,0.002723681319999999,0.0024132516095238094
RUSSELL1000,return,RUSSELL1000_return,2012-01-17,0.0034426027,-0.0050898851,0.0026042441,0.0025837784,0.005127354228899873,0.009806298546688784,0.0020631522799999993,0.002621728319047619
RUSSELL1000,return,RUSSELL1000_return,2012-01-18,0.011732482,0.0034426027,-0.0050898851,0.009284766,0.005163413638844642,0.009228753197520239,0.0022349171399999993,0.0033499140666666664
RUSSELL1000,return,RUSSELL1000_return,2012-01-19,0.0052995739,0.011732482,0.0034426027,0.000932858,0.006040456692605282,0.009408695920181082,0.0027244603399999992,0.003730851323809524
RUSSELL1000,return,RUSSELL1000_return,2012-01-20,0.0004281367,0.0052995739,0.011732482,0.0026042441,0.0060323336606345705,0.009414665323302361,0.0035978035199999993,0.003787316676190476
RUSSELL1000,return,RUSSELL1000_return,2012-01-23,0.0004131332,0.0004281367,0.0052995739,-0.0050898851,0.006198159733307355,0.00870328088546062,0.0031625820399999996,0.0043970386571428564
RUSSELL1000,return,RUSSELL1000_return,2012-01-24,-0.0004169093,0.0004131332,0.0004281367,0.0034426027,0.00466552111942871,0.006400981356366244,0.0042631857,0.0029757167761904763
RUSSELL1000,return,RUSSELL1000_return,2012-01-25,0.0093835655,-0.0004169093,0.0004131332,0.011732482,0.00513125509590121,0.006441064015306661,0.0034912832999999996,0.0028602046714285715
RUSSELL1000,return,RUSSELL1000_return,2012-01-26,-0.0056637024,0.0093835655,-0.0004169093,0.0052995739,0.004213587165456805,0.006468943130361364,0.003021499999999999,0.0028877581714285712
RUSSELL1000,return,RUSSELL1000_return,2012-01-27,-0.0007255114,-0.0056637024,0.0093835655,0.0004281367,0.005413448572598746,0.00657840914932508,0.0008288447399999992,0.0022002893142857144
RUSSELL1000,return,RUSSELL1000_return,2012-01-30,-0.0027269403,-0.0007255114,-0.0056637024,0.0004131332,0.00545918897551628,0.0065967080930596925,0.0005981151199999993,0.0021524439095238095
RUSSELL1000,return,RUSSELL1000_return,2012-01-31,-0.0005307554,-0.0027269403,-0.0007255114,-0.0004169093,0.005662612912778386,0.005762458294165684,-2.9899580000000704e-05,0.0026345987428571427
RUSSELL1000,return,RUSSELL1000_return,2012-02-01,0.0100583613,-0.0005307554,-0.0027269403,0.0093835655,0.005664786576783242,0.005474739539481356,-5.2668800000000725e-05,0.0020898890047619046
RUSSELL1000,return,RUSSELL1000_return,2012-02-02,0.0013705771,0.0100583613,-0.0005307554,-0.0056637024,0.005946817844155906,0.005549942380465312,8.22903599999994e-05,0.002760799257142857
RUSSELL1000,return,RUSSELL1000_return,2012-02-03,0.0150158111,0.0013705771,0.0100583613,-0.0007255114,0.005005137415594792,0.00478805136687653,0.0014891462599999994,0.0021102710000000004
RUSSELL1000,return,RUSSELL1000_return,2012-02-06,-0.0003527528,0.0150158111,0.0013705771,-0.0027269403,0.007561641827818244,0.005525592998135048,0.004637410759999999,0.0028186300523809524
RUSSELL1000,return,RUSSELL1000_return,2012-02-07,0.0019028812,-0.0003527528,0.0150158111,-0.0005307554,0.007040142418524628,0.005564982937595831,0.005112248259999999,0.0026312473047619047
RUSSELL1000,return,RUSSELL1000_return,2012-02-08,0.0023980919,0.0019028812,-0.0003527528,0.0100583613,0.006624319781896607,0.005476037626083261,0.00559897558,0.002806967357142857
RUSSELL1000,return,RUSSELL1000_return,2012-02-09,0.0017789513,0.0023980919,0.0019028812,0.0013705771,0.006207858732452401,0.005476565920331062,0.004066921699999999,0.0027981251428571426
RUSSELL1000,return,RUSSELL1000_return,2012-02-10,-0.0072187624,0.0017789513,0.0023980919,0.0150158111,0.00616606074857003,0.005273210430616685,0.004148596539999999,0.002440705395238095
RUSSELL1000,return,RUSSELL1000_return,2012-02-13,0.0072297361,-0.0072187624,0.0017789513,-0.0003527528,0.004010189080721937,0.0056745151562783355,-0.00029831816000000093,0.002052532995238095
RUSSELL1000,return,RUSSELL1000_return,2012-02-14,-0.0008502171,0.0072297361,-0.0072187624,0.0019028812,0.005232023415474965,0.0057856835123656775,0.001218179619999999,0.002272794519047619
RUSSELL1000,return,RUSSELL1000_return,2012-02-15,-0.0045877454,-0.0008502171,0.0072297361,0.0023980919,0.005286535131068197,0.00558646078646492,0.0006675599599999992,0.0024746834714285716
RUSSELL1000,return,RUSSELL1000_return,2012-02-16,0.0116744801,-0.0045877454,-0.0008502171,0.0017789513,0.005627009059952352,0.0057880961076944215,-0.000729607500000001,0.0020922859428571428
RUSSELL1000,return,RUSSELL1000_return,2012-02-17,0.0018244023,0.0116744801,-0.0045877454,-0.0072187624,0.007978677016464472,0.005783277771654258,0.0012494982599999993,0.0020895239476190477
RUSSELL1000,return,RUSSELL1000_return,2012-02-21,0.0001635872,0.0018244023,0.0116744801,0.0072297361,0.006459498011135869,0.005736361294055337,0.003058131199999999,0.0019240395857142857
RUSSELL1000,return,RUSSELL1000_return,2012-02-22,-0.003331625,0.0001635872,0.0018244023,-0.0008502171,0.006080511156438882,0.0057400999659852694,0.0016449014199999995,0.0019114419904761907
RUSSELL1000,return,RUSSELL1000_return,2012-02-23,0.0048993535,-0.003331625,0.0001635872,-0.0045877454,0.006426491761474245,0.005846161144421898,0.0011486198399999993,0.0017331201714285715
RUSSELL1000,return,RUSSELL1000_return,2012-02-24,0.0017384825,0.0048993535,-0.003331625,0.0116744801,0.005664810084086795,0.005863482620466127,0.003046039619999999,0.001986275542857143
RUSSELL1000,return,RUSSELL1000_return,2012-02-27,0.0012762773,0.0017384825,0.0048993535,0.0018244023,0.00299479565241123,0.005613229315698568,0.0010588400999999993,0.0016222239714285716
RUSSELL1000,return,RUSSELL1000_return,2012-02-28,0.0029536141,0.0012762773,0.0017384825,0.0001635872,0.002969693134380841,0.005361475224587723,0.0009492150999999992,0.0019526991952380955
RUSSELL1000,return,RUSSELL1000_return,2012-02-29,-0.0046600696,0.0029536141,0.0012762773,-0.003331625,0.003046303636497544,0.005329600269232318,0.0015072204799999993,0.0021278956476190477
RUSSELL1000,return,RUSSELL1000_return,2012-03-01,0.0065249489,-0.0046600696,0.0029536141,0.0048993535,0.0035842695114712293,0.005433331707473253,0.001241531559999999,0.0020358418714285713
RUSSELL1000,return,RUSSELL1000_return,2012-03-02,-0.0035891889,0.0065249489,-0.0046600696,0.0017384825,0.004043336403467311,0.005484596210912821,0.001566650639999999,0.0023718277904761905
RUSSELL1000,return,RUSSELL1000_return,2012-03-05,-0.0041464696,-0.0035891889,0.0065249489,0.0012762773,0.004644098829462416,0.005334779840726805,0.000501116359999999,0.0017219444476190477
RUSSELL1000,return,RUSSELL1000_return,2012-03-06,-0.0158652498,-0.0041464696,-0.0035891889,0.0029536141,0.0050345943167163995,0.005486633412895006,-0.000583433020000001,0.0014592279380952382
RUSSELL1000,return,RUSSELL1000_return,2012-03-07,0.007613213,-0.0158652498,-0.0041464696,-0.0046600696,0.007930666015642967,0.005800896832172395,-0.004347205800000002,-1.129877142857135e-05
RUSSELL1000,return,RUSSELL1000_return,2012-03-08,0.0101575925,0.007613213,-0.0158652498,0.0065249489,0.009544748487582681,0.006033253378825519,-0.0018925492800000014,0.0003680329333333334
RUSSELL1000,return,RUSSELL1000_return,2012-03-09,0.0040794058,0.0101575925,0.007613213,-0.0035891889,0.010441758905564253,0.006396240574542836,-0.0011660205600000015,0.0007611144238095237
RUSSELL1000,return,RUSSELL1000_return,2012-03-12,-0.0003299464,0.0040794058,0.0101575925,-0.0041464696,0.010559386820826201,0.006428198121721592,0.00036769837999999866,0.0008411769904761906
RUSSELL1000,return,RUSSELL1000_return,2012-03-13,0.0185766573,-0.0003299464,0.0040794058,-0.0158652498,0.010285893567740342,0.0064292882493797955,0.0011310030199999986,0.0007407532904761904
RUSSELL1000,return,RUSSELL1000_return,2012-03-14,-0.0017081239,0.0185766573,-0.0003299464,0.007613213,0.007096260922951718,0.007244979780087559,0.00801938444,0.0019691066095238094
RUSSELL1000,return,RUSSELL1000_return,2012-03-15,0.0062319297,-0.0017081239,0.0185766573,0.0101575925,0.008344304274352116,0.007182751485282077,0.006155117059999999,0.0015434942285714288
RUSSELL1000,return,RUSSELL1000_return,2012-03-16,0.0009330416,0.0062319297,-0.0017081239,0.0040794058,0.008053160561883202,0.007230842039579654,0.005369984499999999,0.0018807393142857142
RUSSELL1000,return,RUSSELL1000_return,2012-03-19,0.003814057,0.0009330416,0.0062319297,-0.0003299464,0.008298411407056207,0.007082750113093626,0.004740711659999999,0.0021436339333333336
RUSSELL1000,return,RUSSELL1000_return,2012-03-20,-0.0034797752,0.003814057,0.0009330416,0.0185766573,0.00786077430003967,0.0067539546393804014,0.005569512339999999,0.0017693280714285715
RUSSELL1000,return,RUSSELL1000_return,2012-03-21,-0.0015377105,-0.0034797752,0.003814057,-0.0017081239,0.00395517485170983,0.006850286084822042,0.0011582258399999992,0.0015167481904761906
RUSSELL1000,return,RUSSELL1000_return,2012-03-22,-0.0075561649,-0.0015377105,-0.0034797752,0.0062319297,0.003924918349543915,0.006877096890666108,0.001192308519999999,0.0014357340142857142
RUSSELL1000,return,RUSSELL1000_return,2012-03-23,0.0034434269,-0.0075561649,-0.0015377105,0.0009330416,0.00432248861204915,0.0070822521924502274,-0.0015653104000000009,0.0012345654476190477
RUSSELL1000,return,RUSSELL1000_return,2012-03-26,0.0138661901,0.0034434269,-0.0075561649,0.003814057,0.004804188562046519,0.007051643002310896,-0.0010632333400000008,0.0011652356095238096
RUSSELL1000,return,RUSSELL1000_return,2012-03-27,-0.0028995632,0.0138661901,0.0034434269,-0.0034797752,0.008234251000803524,0.007577912451930476,0.0009471932799999992,0.0017427454952380955
RUSSELL1000,return,RUSSELL1000_return,2012-03-28,-0.0048289741,-0.0028995632,0.0138661901,-0.0015377105,0.008160020135965581,0.007645254135844077,0.0010632356799999993,0.0015438959476190475
RUSSELL1000,return,RUSSELL1000_return,2012-03-29,-0.0013761154,-0.0048289741,-0.0028995632,-0.0075561649,0.008545911980602028,0.007761250416632813,0.0004049829599999992,0.0011732965095238098
RUSSELL1000,return,RUSSELL1000_return,2012-03-30,0.0034989192,-0.0013761154,-0.0048289741,0.0034434269,0.007488061833270193,0.007670390996510926,0.0016409928599999991,0.0013296752809523811
RUSSELL1000,return,RUSSELL1000_return,2012-04-02,0.0074373926,0.0034989192,-0.0013761154,0.0138661901,0.007491441550408611,0.007595974826317208,0.001652091319999999,0.0011855786285714287
RUSSELL1000,return,RUSSELL1000_return,2012-04-03,-0.0031916938,0.0074373926,0.0034989192,-0.0028995632,0.00501264402402378,0.007630444477644282,0.0003663318199999991,0.0017106539380952381
RUSSELL1000,return,RUSSELL1000_return,2012-04-04,-0.0105542397,-0.0031916938,0.0074373926,-0.0048289741,0.005061689649211752,0.007596569509851687,0.0003079056999999991,0.0017561194523809526
RUSSELL1000,return,RUSSELL1000_return,2012-04-05,-0.0004376002,-0.0105542397,-0.0031916938,-0.0013761154,0.006847001967882259,0.007049278233240838,-0.000837147420000001,0.0020090246952380953
RUSSELL1000,return,RUSSELL1000_return,2012-04-09,-0.0114397389,-0.0004376002,-0.0105542397,0.0034989192,0.00684139483464725,0.006947442199102751,-0.000649444380000001,0.0016256526380952383
RUSSELL1000,return,RUSSELL1000_return,2012-04-10,-0.0178516566,-0.0114397389,-0.0004376002,0.0074373926,0.0077750814691050826,0.007214699809864631,-0.003637176000000001,0.000597208285714286
RUSSELL1000,return,RUSSELL1000_return,2012-04-11,0.0080565032,-0.0178516566,-0.0114397389,-0.0031916938,0.0069517219911427635,0.00820478329484009,-0.00869498584,-0.0004471280190476188
RUSSELL1000,return,RUSSELL1000_return,2012-04-12,0.0143190869,0.0080565032,-0.0178516566,-0.0105542397,0.010226528360080249,0.008412247684953071,-0.006445346440000001,-4.777327619047596e-05
RUSSELL1000,return,RUSSELL1000_return,2012-04-13,-0.0122504257,0.0143190869,0.0080565032,-0.0004376002,0.01331230391477447,0.00798120383560212,-0.0014706811200000014,-0.0002505147238095235
RUSSELL1000,return,RUSSELL1000_return,2012-04-16,-0.0006409433,-0.0122504257,0.0143190869,-0.0114397389,0.014107593787047458,0.008398134153557694,-0.0038332462200000015,-0.000752529095238095
RUSSELL1000,return,RUSSELL1000_return,2012-04-17,0.015390409,-0.0006409433,-0.0122504257,-0.0178516566,0.013463896906183877,0.008244857731840744,-0.0016734871000000013,-0.0010798087619047615
RUSSELL1000,return,RUSSELL1000_return,2012-04-18,-0.0038795254,0.015390409,-0.0006409433,0.0080565032,0.011549269200595715,0.008991153900334873,0.004974926019999999,-0.0003913626952380949
RUSSELL1000,return,RUSSELL1000_return,2012-04-19,-0.0053587971,-0.0038795254,0.015390409,0.0143190869,0.011978667627872423,0.008967943087401323,0.0025877202999999988,-0.0007577237619047615
RUSSELL1000,return,RUSSELL1000_return,2012-04-20,0.0010945058,-0.0053587971,-0.0038795254,-0.0122504257,0.010271711947109536,0.00900575440073538,-0.0013478565000000007,-0.0008472009952380948
RUSSELL1000,return,RUSSELL1000_return,2012-04-23,-0.008655696,0.0010945058,-0.0053587971,-0.0006409433,0.008269128496904997,0.009013977304373024,0.001321129799999999,-0.0007218573619047615
RUSSELL1000,return,RUSSELL1000_return,2012-04-24,0.0032902993,-0.008655696,0.0010945058,0.015390409,0.009438670648172281,0.00905874219455956,-0.0002818207400000007,-0.0007742159857142853
RUSSELL1000,return,RUSSELL1000_return,2012-04-25,0.0142061429,0.0032902993,-0.008655696,-0.0038795254,0.004853162371719554,0.009055238426932469,-0.002701842680000001,-0.0007815077761904759
RUSSELL1000,return,RUSSELL1000_return,2012-04-26,0.0069416368,0.0142061429,0.0032902993,-0.0053587971,0.008849964692557739,0.009082995034286919,0.000915290979999999,-0.0007653195476190471
RUSSELL1000,return,RUSSELL1000_return,2012-04-27,0.0027509581,0.0069416368,0.0142061429,0.0010945058,0.008366301872976104,0.009220212276669259,0.0033753777599999993,-0.00029669097619047574
RUSSELL1000,return,RUSSELL1000_return,2012-04-30,-0.0042008394,0.0027509581,0.0069416368,-0.008655696,0.008285812939725634,0.009182202603437238,0.0037066682199999993,6.425817619047667e-05
RUSSELL1000,return,RUSSELL1000_return,2012-05-01,0.0054977026,-0.0042008394,0.0027509581,0.0032902993,0.006714727516355525,0.009224948018277503,0.004597639539999998,-7.025249047618998e-05
RUSSELL1000,return,RUSSELL1000_return,2012-05-02,-0.0020007619,0.0054977026,-0.0042008394,0.0142061429,0.006679758820846216,0.009273796988300637,0.005039120199999999,2.492767142857191e-05
RUSSELL1000,return,RUSSELL1000_return,2012-05-03,-0.008445105,-0.0020007619,0.0054977026,0.0069416368,0.004781986872081102,0.009124097620573401,0.0017977392399999993,-0.00042450825714285663
RUSSELL1000,return,RUSSELL1000_return,2012-05-04,-0.0160239502,-0.008445105,-0.0020007619,0.0027509581,0.005535688872041536,0.009274539336063783,-0.001279609120000001,-0.0006746706952380948
RUSSELL1000,return,RUSSELL1000_return,2012-05-07,0.0004790808,-0.0160239502,-0.008445105,-0.0042008394,0.007956539615089173,0.00963564071966457,-0.0050345907800000015,-0.0009351330999999997
RUSSELL1000,return,RUSSELL1000_return,2012-05-08,-0.0041220114,0.0004790808,-0.0160239502,0.0054977026,0.008344926496061958,0.009640082699486253,-0.004098606740000002,-0.0008914816238095234
RUSSELL1000,return,RUSSELL1000_return,2012-05-09,-0.0061459774,-0.0041220114,0.0004790808,-0.0020007619,0.006479868984776756,0.00936814955389514,-0.006022549540000002,-0.0005430184095238091
RUSSELL1000,return,RUSSELL1000_return,2012-05-10,0.0027177514,-0.0061459774,-0.0041220114,-0.008445105,0.006090129402290365,0.00860384743445393,-0.006851592640000001,1.4394885714286261e-05
RUSSELL1000,return,RUSSELL1000_return,2012-05-11,-0.0028146154,0.0027177514,-0.0061459774,-0.0160239502,0.007288173565091135,0.008431486205949097,-0.004619021360000001,-0.00023983139047618996
RUSSELL1000,return,RUSSELL1000_return,2012-05-14,-0.0112376955,-0.0028146154,0.0027177514,0.0004790808,0.003562164703901768,0.007753990512388231,-0.001977154400000001,-0.0010557219761904758
RUSSELL1000,return,RUSSELL1000_return,2012-05-15,-0.0055572308,-0.0112376955,-0.0028146154,-0.0041220114,0.00507503769062645,0.007683715675163778,-0.004320509660000001,-0.0010074967285714279
RUSSELL1000,return,RUSSELL1000_return,2012-05-16,-0.004355754,-0.0055572308,-0.0112376955,-0.0061459774,0.005101522736369721,0.007746626696313362,-0.004607553540000002,-0.0012416056571428568
RUSSELL1000,return,RUSSELL1000_return,2012-05-17,-0.0163747913,-0.004355754,-0.0055572308,0.0027177514,0.005028861998249062,0.006762807566158854,-0.004249508860000002,-0.002181899133333333
RUSSELL1000,return,RUSSELL1000_return,2012-05-18,-0.0079773036,-0.0163747913,-0.004355754,-0.0028146154,0.005628777250848241,0.007435834637842928,-0.008068017400000002,-0.002776911795238095
RUSSELL1000,return,RUSSELL1000_return,2012-05-21,0.0170135933,-0.0079773036,-0.0163747913,-0.0112376955,0.004842826134822759,0.007502946670442553,-0.009100555040000003,-0.0029016025809523805
RUSSELL1000,return,RUSSELL1000_return,2012-05-22,0.0007168574,0.0170135933,-0.0079773036,-0.0055572308,0.01236493196800981,0.008644254817126135,-0.0034502972800000004,-0.002143550795238095
RUSSELL1000,return,RUSSELL1000_return,2012-05-23,0.0020614569,0.0007168574,0.0170135933,-0.004355754,0.012415910588989379,0.008532448778239901,-0.002195479640000001,-0.0016972387285714278
RUSSELL1000,return,RUSSELL1000_return,2012-05-24,0.0015302335,0.0020614569,0.0007168574,-0.0163747913,0.012468339376829741,0.00850068818682101,-0.0009120374600000011,-0.0017557550333333327
RUSSELL1000,return,RUSSELL1000_return,2012-05-25,-0.0019655752,0.0015302335,0.0020614569,-0.0079773036,0.009008161518466373,0.007725277219381754,0.0026689674999999993,-0.002359369766666666
RUSSELL1000,return,RUSSELL1000_return,2012-05-29,0.0114676064,-0.0019655752,0.0015302335,0.0170135933,0.007508255752894081,0.007427874840983288,0.0038713131799999996,-0.0027835227190476184
RUSSELL1000,return,RUSSELL1000_return,2012-05-30,-0.0147365009,0.0114676064,-0.0019655752,0.0007168574,0.005107058047353307,0.007975940706522446,0.0027621157999999984,-0.002368444228571428
RUSSELL1000,return,RUSSELL1000_return,2012-05-31,-0.0023475106,-0.0147365009,0.0114676064,0.0020614569,0.009468175847771014,0.008416169065505573,-0.00032855586000000124,-0.002870142395238095
RUSSELL1000,return,RUSSELL1000_return,2012-06-01,-0.0252448362,-0.0023475106,-0.0147365009,0.0015302335,0.009394967188650152,0.008197437165853597,-0.0012103493600000013,-0.0032437239761904757
RUSSELL1000,return,RUSSELL1000_return,2012-06-04,-0.0006817817,-0.0252448362,-0.0023475106,-0.0019655752,0.013962687113024553,0.009488771138077797,-0.006565363300000002,-0.004350584657142857
RUSSELL1000,return,RUSSELL1000_return,2012-06-05,0.0066928754,-0.0006817817,-0.0252448362,0.0114676064,0.014079731730343055,0.009472488086959668,-0.006308604600000001,-0.003980902595238095
RUSSELL1000,return,RUSSELL1000_return,2012-06-06,0.0232591741,0.0066928754,-0.0006817817,-0.0147365009,0.012663338578778535,0.009324379722961608,-0.0072635508,-0.0028991489952380953
RUSSELL1000,return,RUSSELL1000_return,2012-06-07,-0.0007078104,0.0232591741,0.0066928754,-0.0023475106,0.017524968361069784,0.0109247780214463,0.0003355841999999991,-0.001814382647619047
RUSSELL1000,return,RUSSELL1000_return,2012-06-08,0.0080101635,-0.0007078104,0.0232591741,-0.0252448362,0.01747748562767492,0.010914118754679937,0.0006635242399999988,-0.001651801647619047
RUSSELL1000,return,RUSSELL1000_return,2012-06-11,-0.0133658001,0.0080101635,-0.0007078104,-0.0006817817,0.009790313863464108,0.011058872086461129,0.007314524179999999,-0.0009776996999999996
RUSSELL1000,return,RUSSELL1000_return,2012-06-12,0.0115496164,-0.0133658001,0.0080101635,0.0066928754,0.013369358831163868,0.011343420083904784,0.004777720499999999,-0.0017435831047619044
RUSSELL1000,return,RUSSELL1000_return,2012-06-13,-0.0073324623,0.0115496164,-0.0133658001,0.0232591741,0.013715248734409666,0.011702991783705756,0.0057490686999999985,-0.0010595720666666663
RUSSELL1000,return,RUSSELL1000_return,2012-06-14,0.0103672228,-0.0073324623,0.0115496164,-0.0007078104,0.010365630830366705,0.011563366850244287,-0.0003692585800000009,-0.0008736085809523804
RUSSELL1000,return,RUSSELL1000_return,2012-06-15,0.0102338065,0.0103672228,-0.0073324623,0.0080101635,0.01140626311569477,0.01176132093276502,0.0018457480599999992,-0.00011530126666666612
RUSSELL1000,return,RUSSELL1000_return,2012-06-18,0.0022016795,0.0102338065,0.0103672228,-0.0133658001,0.011745019605086775,0.011928034264597874,0.002290476659999999,0.00057943970952381
RUSSELL1000,return,RUSSELL1000_return,2012-06-19,0.010042142,0.0022016795,0.0102338065,0.0115496164,0.00803432543568711,0.011278991775379946,0.005403972579999999,0.0014640335571428577
RUSSELL1000,return,RUSSELL1000_return,2012-06-20,-0.0014756929,0.010042142,0.0022016795,-0.0073324623,0.007769985885107889,0.011210031850479345,0.005102477699999999,0.0023221023952380957
RUSSELL1000,return,RUSSELL1000_return,2012-06-21,-0.0226014711,-0.0014756929,0.010042142,0.0103672228,0.005551463066103663,0.010713544880329528,0.00627383158,0.0014416601952380959
RUSSELL1000,return,RUSSELL1000_return,2012-06-22,0.0070062624,-0.0226014711,-0.0014756929,0.0102338065,0.013443541817398005,0.011931586459628347,-0.0003199072000000011,0.0003312636000000005
RUSSELL1000,return,RUSSELL1000_return,2012-06-25,-0.0161151224,0.0070062624,-0.0226014711,0.0022016795,0.012875594611001689,0.012015932778675359,-0.000965416020000001,0.0005667305285714291
RUSSELL1000,return,RUSSELL1000_return,2012-06-26,0.005087903,-0.0161151224,0.0070062624,0.010042142,0.014278531168734261,0.012550263126144906,-0.004628776400000001,-0.0002735245142857138
RUSSELL1000,return,RUSSELL1000_return,2012-06-27,0.0090316495,0.005087903,-0.0161151224,-0.0014756929,0.013131783241387715,0.012597013214496784,-0.005619624200000001,6.23554000000005e-05
RUSSELL1000,return,RUSSELL1000_return,2012-06-28,-0.0018467844,0.0090316495,0.005087903,-0.0226014711,0.014706985839611981,0.012497561279710807,-0.0035181557200000013,-5.364254761904707e-05
RUSSELL1000,return,RUSSELL1000_return,2012-06-29,0.0252295978,-0.0018467844,0.0090316495,0.0070062624,0.010218254280207697,0.012048854987868104,0.0006327816199999987,0.0005601534761904767
RUSSELL1000,return,RUSSELL1000_return,2012-07-02,0.0029126845,0.0252295978,-0.0018467844,-0.0161151224,0.015129565430469519,0.01316702503372894,0.004277448699999999,0.0018733491142857149
RUSSELL1000,return,RUSSELL1000_return,2012-07-03,0.0070303534,0.0029126845,0.0252295978,0.005087903,0.010358681608049139,0.011608920358903093,0.008083010079999998,0.0032141834333333334
RUSSELL1000,return,RUSSELL1000_return,2012-07-05,-0.0041611965,0.0070303534,0.0029126845,0.0090316495,0.010254169098246483,0.011601493454427226,0.00847150016,0.0035814279619047623
RUSSELL1000,return,RUSSELL1000_return,2012-07-06,-0.009409279,-0.0041611965,0.0070303534,-0.0018467844,0.011673184613530512,0.011697328956021408,0.005832930959999999,0.0030645673952380955
RUSSELL1000,return,RUSSELL1000_return,2012-07-09,-0.0019701078,-0.009409279,-0.0041611965,0.0252295978,0.013294375009993508,0.011030649176907362,0.004320432039999998,0.0015089267714285715
RUSSELL1000,return,RUSSELL1000_return,2012-07-10,-0.0084652735,-0.0019701078,-0.009409279,0.0029126845,0.006351663352608835,0.011046760401137537,-0.0011195090800000013,0.0014488173714285717
RUSSELL1000,return,RUSSELL1000_return,2012-07-11,-0.0003778776,-0.0084652735,-0.0019701078,0.0070303534,0.00657998088099594,0.011142106009516387,-0.0033951006800000015,0.0006642727523809528
RUSSELL1000,return,RUSSELL1000_return,2012-07-12,-0.0046882929,-0.0003778776,-0.0084652735,-0.0041611965,0.003956695547028869,0.010675066713518687,-0.004876746880000002,0.0012827452523809528
RUSSELL1000,return,RUSSELL1000_return,2012-07-13,0.0162566564,-0.0046882929,-0.0003778776,-0.009409279,0.003939850728161965,0.010480529424345394,-0.004982166160000001,0.0005095114761904765
RUSSELL1000,return,RUSSELL1000_return,2012-07-16,-0.0025839499,0.0162566564,-0.0046882929,-0.0019701078,0.00951091350352939,0.010855432988723684,0.00015102091999999874,0.0016328028428571433
RUSSELL1000,return,RUSSELL1000_return,2012-07-17,0.007259162,-0.0025839499,0.0162566564,-0.0084652735,0.009549023779962626,0.010701196520556113,2.825249999999866e-05,0.0010160803333333337
RUSSELL1000,return,RUSSELL1000_return,2012-07-18,0.0066325066,0.007259162,-0.0025839499,-0.0003778776,0.0085940373883139,0.010592215006385379,0.0031731395999999986,0.0008744305952380955
RUSSELL1000,return,RUSSELL1000_return,2012-07-19,0.0028116702,0.0066325066,0.007259162,-0.0046882929,0.008440354170392083,0.010663862706387662,0.004575216439999999,0.0010854223619047622
RUSSELL1000,return,RUSSELL1000_return,2012-07-20,-0.0101606972,0.0028116702,0.0066325066,0.0162566564,0.006910244475318847,0.010475273148572103,0.006075209059999999,0.0007411141809523813
RUSSELL1000,return,RUSSELL1000_return,2012-07-23,-0.0093171388,-0.0101606972,0.0028116702,-0.0025839499,0.007269342864653008,0.010735386199577913,0.0007917383399999985,0.0003275425476190479
RUSSELL1000,return,RUSSELL1000_return,2012-07-24,-0.0093823568,-0.0093171388,-0.0101606972,0.007259162,0.008560086771184772,0.009653618620125811,-0.0005548994400000014,0.0009601298000000002
RUSSELL1000,return,RUSSELL1000_return,2012-07-25,0.0001037577,-0.0093823568,-0.0093171388,0.0066325066,0.007977730876966564,0.0098017052328193,-0.003883203200000002,0.000179719361904762
RUSSELL1000,return,RUSSELL1000_return,2012-07-26,0.0160390899,0.0001037577,-0.0093823568,0.0028116702,0.006151576057436123,0.00906483900138779,-0.0051889529800000014,0.0009520469857142857
RUSSELL1000,return,RUSSELL1000_return,2012-07-27,0.0192593198,0.0160390899,0.0001037577,-0.0101606972,0.011213768978631371,0.009613086914869883,-0.0025434690400000016,0.001473532076190476
RUSSELL1000,return,RUSSELL1000_return,2012-07-30,-0.0007961944,0.0192593198,0.0160390899,-0.0093171388,0.013667721235894943,0.010252942759831385,0.003340534359999999,0.0019605639952380953
RUSSELL1000,return,RUSSELL1000_return,2012-07-31,-0.0044236753,-0.0007961944,0.0192593198,-0.0093823568,0.01214084996451425,0.010235985445373576,0.005044723239999999,0.0020105920904761906
RUSSELL1000,return,RUSSELL1000_return,2012-08-01,-0.0034006476,-0.0044236753,-0.0007961944,0.0001037577,0.010795753556739358,0.008820185123226326,0.006036459539999999,0.0005985314666666667
RUSSELL1000,return,RUSSELL1000_return,2012-08-02,-0.0070784602,-0.0034006476,-0.0044236753,0.0160390899,0.011375401621256807,0.008844923497072195,0.005335578479999999,0.0002978966047619048
RUSSELL1000,return,RUSSELL1000_return,2012-08-03,0.0191044061,-0.0070784602,-0.0034006476,0.0192593198,0.010609642115604464,0.008843808898406622,0.0007120684599999988,-0.0003739516619047618
RUSSELL1000,return,RUSSELL1000_return,2012-08-06,0.0026539945,0.0191044061,-0.0070784602,-0.0007961944,0.010541949241347296,0.00975588715246468,0.0006810857199999985,0.0007339341761904763
RUSSELL1000,return,RUSSELL1000_return,2012-08-07,0.0055782893,0.0026539945,0.0191044061,-0.0044236753,0.010533992916276911,0.009480028730623124,0.0013711234999999986,0.0013083757714285713
RUSSELL1000,return,RUSSELL1000_return,2012-08-08,0.000892748,0.0055782893,0.0026539945,-0.0034006476,0.0100991672776146,0.009492600669361704,0.003371516419999999,0.0016678232523809522
RUSSELL1000,return,RUSSELL1000_return,2012-08-09,0.0010763192,0.000892748,0.0055782893,-0.0070784602,0.009546833991113923,0.009208529521600626,0.004230195539999998,0.002113443323809524
RUSSELL1000,return,RUSSELL1000_return,2012-08-10,0.0021352935,0.0010763192,0.000892748,0.0191044061,0.007637560358602685,0.009194314999123498,0.0058611514199999985,0.0021826907904761903
RUSSELL1000,return,RUSSELL1000_return,2012-08-13,-0.0011779382,0.0021352935,0.0010763192,0.0026539945,0.0018866225880913474,0.0090589270596339,0.0024673288999999985,0.002507623476190476
RUSSELL1000,return,RUSSELL1000_return,2012-08-14,-7.10491e-05,-0.0011779382,0.0021352935,0.0055782893,0.0024775878238843126,0.008518673957615401,0.0017009423599999986,0.0016774046857142857
RUSSELL1000,return,RUSSELL1000_return,2012-08-15,0.0020261937,-7.10491e-05,-0.0011779382,0.000892748,0.0012526866397748818,0.008473350485689684,0.0005710746799999986,0.0017970666285714286
RUSSELL1000,return,RUSSELL1000_return,2012-08-16,0.0073141747,0.0020261937,-7.10491e-05,0.0010763192,0.001417202621053017,0.008381131738827863,0.0007977638199999986,0.001547877661904762
RUSSELL1000,return,RUSSELL1000_return,2012-08-17,0.0020224969,0.0073141747,0.0020261937,0.0021352935,0.003264877581394036,0.008403100580606336,0.0020453349199999987,0.0015803380476190475
RUSSELL1000,return,RUSSELL1000_return,2012-08-20,-0.0002652971,0.0020224969,0.0073141747,-0.0011779382,0.0032644902703333747,0.00839908225955715,0.002022775599999999,0.0015427583666666664
RUSSELL1000,return,RUSSELL1000_return,2012-08-21,-0.0030074383,-0.0002652971,0.0020224969,-7.10491e-05,0.0030598901939407103,0.007976612820018306,0.0022053038199999985,0.002013967895238095
RUSSELL1000,return,RUSSELL1000_return,2012-08-22,0.0002220417,-0.0030074383,-0.0002652971,0.0020261937,0.003798622562270183,0.007640195540911815,0.0016180259799999986,0.002314429823809524
RUSSELL1000,return,RUSSELL1000_return,2012-08-23,-0.0077482258,0.0002220417,-0.0030074383,0.0073141747,0.0038356652557570993,0.0071785180746778915,0.0012571955799999988,0.002771782133333333
RUSSELL1000,return,RUSSELL1000_return,2012-08-24,0.0062227562,-0.0077482258,0.0002220417,0.0020224969,0.0038041013466932616,0.0075207671139932404,-0.0017552845200000014,0.002397878157142857
RUSSELL1000,return,RUSSELL1000_return,2012-08-27,-0.0006277446,0.0062227562,-0.0077482258,-0.0002652971,0.005092489908161024,0.006910850899359056,-0.0009152326600000014,0.0019304336952380952
RUSSELL1000,return,RUSSELL1000_return,2012-08-28,-0.0002666957,-0.0006277446,0.0062227562,-0.0030074383,0.005083497156813562,0.005668412805398249,-0.0009877221600000012,0.0009834306285714284
RUSSELL1000,return,RUSSELL1000_return,2012-08-29,0.0011137343,-0.0002666957,-0.0006277446,0.0002220417,0.004957470757434655,0.005661274036576917,-0.0004395736400000013,0.0010086448523809522
RUSSELL1000,return,RUSSELL1000_return,2012-08-30,-0.0075150929,0.0011137343,-0.0002666957,-0.0077482258,0.005003050889283551,0.005522867360173421,-0.00026123512000000127,0.0012723310238095236
RUSSELL1000,return,RUSSELL1000_return,2012-08-31,0.0051488826,-0.0075150929,0.0011137343,0.0062227562,0.004916162778613288,0.0057646215872632885,-0.0002146085400000013,0.0010764050571428572
RUSSELL1000,return,RUSSELL1000_return,2012-09-04,-0.0002444435,0.0051488826,-0.0075150929,-0.0006277446,0.004576334706252339,0.005511719615887806,-0.0004293832600000012,0.0016586594761904762
RUSSELL1000,return,RUSSELL1000_return,2012-09-05,-0.0007245534,-0.0002444435,0.0051488826,-0.0002666957,0.004575391483839627,0.003801455413797237,-0.00035272304000000124,0.0007372856857142856
RUSSELL1000,return,RUSSELL1000_return,2012-09-06,0.0205009369,-0.0007245534,-0.0002444435,0.0011137343,0.004577820422981584,0.003787749426674132,-0.0004442945800000013,0.0005764024523809522
RUSSELL1000,return,RUSSELL1000_return,2012-09-07,0.0044050921,0.0205009369,-0.0007245534,-0.0075150929,0.010546661819379728,0.005693439417848186,0.0034331459399999987,0.0012870047190476188
RUSSELL1000,return,RUSSELL1000_return,2012-09-10,-0.0059635438,0.0044050921,0.0205009369,0.0051488826,0.00862541137689759,0.005732733306894359,0.005817182939999999,0.0014542592
RUSSELL1000,return,RUSSELL1000_return,2012-09-11,0.0029916851,-0.0059635438,0.0044050921,-0.0002444435,0.010139435126794308,0.005957371911030047,0.0035946976599999987,0.0011190276285714283
RUSSELL1000,return,RUSSELL1000_return,2012-09-12,0.0025639365,0.0029916851,-0.0059635438,-0.0007245534,0.009934317948402965,0.00596759887763898,0.004241923379999999,0.001159808180952381
RUSSELL1000,return,RUSSELL1000_return,2012-09-13,0.0157294519,0.0025639365,0.0029916851,0.0205009369,0.009627429662149417,0.005950144961992677,0.004899621359999998,0.0013379926904761902
RUSSELL1000,return,RUSSELL1000_return,2012-09-14,0.0048773548,0.0157294519,0.0025639365,0.0044050921,0.007747263657640096,0.006713139458708311,0.003945324359999999,0.0020903974999999997
RUSSELL1000,return,RUSSELL1000_return,2012-09-17,-0.0039164904,0.0048773548,0.0157294519,-0.0059635438,0.007757142912805326,0.006740551667969104,0.004039776899999998,0.002226167076190476
RUSSELL1000,return,RUSSELL1000_return,2012-09-18,-0.0016437889,-0.0039164904,0.0048773548,0.0029916851,0.00712549548235514,0.006762170759117407,0.004449187579999999,0.0016913734999999997
RUSSELL1000,return,RUSSELL1000_return,2012-09-19,0.0015550812,-0.0016437889,-0.0039164904,0.0025639365,0.007645149909288011,0.0068004141579448485,0.0035220927799999983,0.0015167884619047619
RUSSELL1000,return,RUSSELL1000_return,2012-09-20,-0.0011004104,0.0015550812,-0.0016437889,0.0157294519,0.007689941186992736,0.0067881532571945815,0.003320321719999998,0.0016034731428571428
RUSSELL1000,return,RUSSELL1000_return,2012-09-21,4.43125e-05,-0.0011004104,0.0015550812,0.0048773548,0.0033707673266946854,0.006735940156776846,-4.565074000000145e-05,0.001694283995238095
RUSSELL1000,return,RUSSELL1000_return,2012-09-24,-0.002499211,4.43125e-05,-0.0011004104,-0.0039164904,0.002034007113176632,0.006737993767799492,-0.0010122592000000013,0.0016858206999999996
RUSSELL1000,return,RUSSELL1000_return,2012-09-25,-0.0109100482,-0.002499211,4.43125e-05,-0.0016437889,0.0015750770107164174,0.006462245932405074,-0.0007288033200000013,0.0019357737857142857
RUSSELL1000,return,RUSSELL1000_return,2012-09-26,-0.0054847482,-0.0109100482,-0.002499211,0.0015550812,0.004888028916922968,0.006956549478077854,-0.002582055180000001,0.001119925957142857
RUSSELL1000,return,RUSSELL1000_return,2012-09-27,0.0098469737,-0.0054847482,-0.0109100482,-0.0011004104,0.004386604510213935,0.007096885319578894,-0.003990021060000001,0.0008886400714285712
RUSSELL1000,return,RUSSELL1000_return,2012-09-28,-0.0041076131,0.0098469737,-0.0054847482,4.43125e-05,0.007682980004715164,0.007353100668543952,-0.0018005442400000008,0.001370243376190476
RUSSELL1000,return,RUSSELL1000_return,2012-10-01,0.0022042498,-0.0041076131,0.0098469737,-0.002499211,0.007658069275402961,0.007449847953846185,-0.0026309293600000013,0.0011216077857142857
RUSSELL1000,return,RUSSELL1000_return,2012-10-02,0.0013198313,0.0022042498,-0.0041076131,-0.0109100482,0.007961174523758933,0.007183612749612334,-0.001690237200000001,0.0015844336285714285
RUSSELL1000,return,RUSSELL1000_return,2012-10-03,0.0037561699,0.0013198313,0.0022042498,-0.0054847482,0.006075829288522272,0.007137059575236031,0.0007557386999999987,0.0014020978523809524
RUSSELL1000,return,RUSSELL1000_return,2012-10-04,0.0072124014,0.0037561699,0.0013198313,0.0098469737,0.005016044341504081,0.007144301246215877,0.0026039223199999986,0.0015926032523809525
RUSSELL1000,return,RUSSELL1000_return,2012-10-05,0.0001085454,0.0072124014,0.0037561699,-0.0041076131,0.004124042168808193,0.007225074215262853,0.0020770078599999984,0.001970553480952381
RUSSELL1000,return,RUSSELL1000_return,2012-10-08,-0.0035190346,0.0001085454,0.0072124014,0.0022042498,0.002743219129898583,0.005849459587742002,0.0029202395599999985,0.0009994872190476189
RUSSELL1000,return,RUSSELL1000_return,2012-10-09,-0.0099571106,-0.0035190346,0.0001085454,0.0013198313,0.004015638750097188,0.005874318510458106,0.0017755826799999985,0.0006221478523809521
RUSSELL1000,return,RUSSELL1000_return,2012-10-10,-0.0060388718,-0.0099571106,-0.0035190346,0.0037561699,0.006642964640206183,0.006156063182417949,-0.00047980570000000135,0.0004319780047619047
RUSSELL1000,return,RUSSELL1000_return,2012-10-11,0.0008899834,-0.0060388718,-0.0099571106,0.0072124014,0.006524704496824833,0.006282430644074165,-0.0024388140400000017,1.9514857142856266e-06
RUSSELL1000,return,RUSSELL1000_return,2012-10-12,-0.0032444427,0.0008899834,-0.0060388718,0.0001085454,0.004478487862478143,0.006258874080784089,-0.0037032976400000013,-7.776056666666676e-05
RUSSELL1000,return,RUSSELL1000_return,2012-10-15,0.0079522299,-0.0032444427,0.0008899834,-0.0035190346,0.003989339193151978,0.005130724776529302,-0.004373895260000002,-0.0009812793571428572
RUSSELL1000,return,RUSSELL1000_return,2012-10-16,0.0102896264,0.0079522299,-0.0032444427,-0.0099571106,0.0068655644643803885,0.005345654762655463,-0.002079642360000001,-0.0008348567333333334
RUSSELL1000,return,RUSSELL1000_return,2012-10-17,0.004390073,0.0102896264,0.0079522299,-0.0060388718,0.007026772616459855,0.0058144990195670015,0.0019697050399999985,-0.00015837498095238106
RUSSELL1000,return,RUSSELL1000_return,2012-10-18,-0.0020633953,0.004390073,0.0102896264,0.0008899834,0.00541918890944579,0.005886069195663041,0.004055493999999998,0.00012895177619047616
RUSSELL1000,return,RUSSELL1000_return,2012-10-19,-0.0161555412,-0.0020633953,0.004390073,-0.0032444427,0.005982188009057815,0.005895189811101545,0.0034648182599999987,-4.3356628571428614e-05
RUSSELL1000,return,RUSSELL1000_return,2012-10-22,0.000137935,-0.0161555412,-0.0020633953,0.0079522299,0.01060367062999591,0.006865701706427473,0.0008825985599999982,-0.0007602676190476192
RUSSELL1000,return,RUSSELL1000_return,2012-10-23,-0.0136741097,0.000137935,-0.0161555412,0.0102896264,0.009850298458612815,0.006866280651927042,-0.0006802604200000014,-0.0007558094047619051
RUSSELL1000,return,RUSSELL1000_return,2012-10-24,-0.0030126407,-0.0136741097,0.000137935,0.004390073,0.008968878017743612,0.00741893740571824,-0.005473007640000001,-0.0012879474380952383
RUSSELL1000,return,RUSSELL1000_return,2012-10-25,0.0027965399,-0.0030126407,-0.0136741097,-0.0020633953,0.007409050265252068,0.007100114202744844,-0.006953550380000001,-0.0009118804142857144
RUSSELL1000,return,RUSSELL1000_return,2012-10-26,-0.0009622508,0.0027965399,-0.0030126407,-0.0161555412,0.008455810917117704,0.00706331364775065,-0.005981563340000001,-0.000517533361904762
RUSSELL1000,return,RUSSELL1000_return,2012-10-29,0.0,-0.0009622508,0.0027965399,0.000137935,0.006354514365922707,0.00665213868943697,-0.002942905260000001,-0.001032258338095238
RUSSELL1000,return,RUSSELL1000_return,2012-10-31,0.0009908137,0.0,-0.0009622508,-0.0136741097,0.006338073854802539,0.006617489257831678,-0.0029704922600000015,-0.0008366577142857143
RUSSELL1000,return,RUSSELL1000_return,2012-11-01,0.0120758756,0.0009908137,0.0,-0.0030126407,0.002167789409572099,0.006594868077643703,-3.750758000000136e-05,-0.0008944403857142859
RUSSELL1000,return,RUSSELL1000_return,2012-11-02,-0.0095644106,0.0120758756,0.0009908137,0.0027965399,0.0052713189491275445,0.007168202810884762,0.0029801956799999983,-0.0003822478000000001
RUSSELL1000,return,RUSSELL1000_return,2012-11-05,0.0024101201,-0.0095644106,0.0120758756,-0.0009622508,0.007712360398667236,0.007370206310713113,0.0005080055799999983,-0.0010165611571428573
RUSSELL1000,return,RUSSELL1000_return,2012-11-06,0.0079128665,0.0024101201,-0.0095644106,0.0,0.00769908793953143,0.007174005000471267,0.0011824797599999984,-0.0012452412190476192
RUSSELL1000,return,RUSSELL1000_return,2012-11-07,-0.022416399,0.0079128665,0.0024101201,0.0009908137,0.008192694557353322,0.007444678636493388,0.002765053059999999,-0.0008736068809523811
RUSSELL1000,return,RUSSELL1000_return,2012-11-08,-0.0121853073,-0.022416399,0.0079128665,0.0120758756,0.014052215641200893,0.008799298688617847,-0.0019163894800000012,-0.0017734813761904763
RUSSELL1000,return,RUSSELL1000_return,2012-11-09,0.0016507989,-0.0121853073,-0.022416399,-0.0095644106,0.012060319747945325,0.008915579224298814,-0.006768626060000002,-0.0018795859809523812
RUSSELL1000,return,RUSSELL1000_return,2012-11-12,7.42094e-05,0.0016507989,-0.0121853073,0.0024101201,0.012447081689375122,0.008894097068798155,-0.00452558416,-0.001513411185714286
RUSSELL1000,return,RUSSELL1000_return,2012-11-13,-0.0036307279,7.42094e-05,0.0016507989,0.0079128665,0.012162259060107525,0.008884851706995583,-0.0049927663000000014,-0.0015522575666666667
RUSSELL1000,return,RUSSELL1000_return,2012-11-14,-0.013933404,-0.0036307279,7.42094e-05,-0.022416399,0.010004137370120509,0.00888892918177193,-0.00730148518,-0.0015706521
RUSSELL1000,return,RUSSELL1000_return,2012-11-15,-0.0017690296,-0.013933404,-0.0036307279,-0.0121853073,0.007096839872365815,0.008998902642127373,-0.005604886180000002,-0.002612825142857143
RUSSELL1000,return,RUSSELL1000_return,2012-11-16,0.005501781,-0.0017690296,-0.013933404,0.0016507989,0.006147613969197494,0.008505643327320421,-0.0035216306400000013,-0.003187046857142857
RUSSELL1000,return,RUSSELL1000_return,2012-11-19,0.019675033,0.005501781,-0.0017690296,7.42094e-05,0.0071217018280184865,0.008558456345351866,-0.0027514342200000014,-0.0031341083809523812
RUSSELL1000,return,RUSSELL1000_return,2012-11-20,0.0010715621,0.019675033,0.005501781,-0.0036307279,0.012459918344953467,0.0099034114884714,0.0011687304999999989,-0.0020989451285714283
RUSSELL1000,return,RUSSELL1000_return,2012-11-21,0.0025563436,0.0010715621,0.019675033,-0.013933404,0.012181446908797819,0.009380520650145599,0.0021091884999999986,-0.0012786068761904763
RUSSELL1000,return,RUSSELL1000_return,2012-11-23,0.0129436177,0.0025563436,0.0010715621,-0.0017690296,0.008396478630168397,0.009413567597071602,0.005407138019999999,-0.001163444561904762
RUSSELL1000,return,RUSSELL1000_return,2012-11-26,-0.001879034,0.0129436177,0.0025563436,0.005501781,0.007810444284568182,0.009436787864111845,0.00834966748,0.00010406626666666656
RUSSELL1000,return,RUSSELL1000_return,2012-11-27,-0.0047532951,-0.001879034,0.0129436177,0.019675033,0.009077895546883617,0.009421297507948654,0.006873504479999998,0.00015804753809523796
RUSSELL1000,return,RUSSELL1000_return,2012-11-28,0.0079422546,-0.0047532951,-0.001879034,0.0010715621,0.006737719263841857,0.00945955150393027,0.0019878388599999983,-0.0002014684142857144
RUSSELL1000,return,RUSSELL1000_return,2012-11-29,0.0047271163,0.0079422546,-0.0047532951,0.0025563436,0.007189604720207415,0.009621922893096315,0.0033619773599999985,0.00022255565238095228
RUSSELL1000,return,RUSSELL1000_return,2012-11-30,0.0004417446,0.0047271163,0.0079422546,0.0129436177,0.007194334087991649,0.009671622049261483,0.0037961318999999985,0.0004476564285714285
RUSSELL1000,return,RUSSELL1000_return,2012-12-03,-0.0046421176,0.0004417446,0.0047271163,-0.001879034,0.005083055758450165,0.009670822406501134,0.0012957572799999985,0.0004215102809523808
RUSSELL1000,return,RUSSELL1000_return,2012-12-04,-0.0016551526,-0.0046421176,0.0004417446,-0.0047532951,0.005634757217416442,0.009346130502312288,0.0007431405599999987,-0.00037458463333333333
RUSSELL1000,return,RUSSELL1000_return,2012-12-05,0.0018874567,-0.0016551526,-0.0046421176,0.0079422546,0.0050155573798838305,0.009113756596372478,0.0013627690599999987,2.0466999999999892e-06
RUSSELL1000,return,RUSSELL1000_return,2012-12-06,0.0036297558,0.0018874567,-0.0016551526,0.0047271163,0.0035453072839374397,0.009107563150746702,0.00015180947999999866,-2.2842033333333333e-05
RUSSELL1000,return,RUSSELL1000_return,2012-12-07,0.002917189,0.0036297558,0.0018874567,0.0004417446,0.003209308844768234,0.008967849682893821,-6.766262000000136e-05,-0.0002267996857142857
RUSSELL1000,return,RUSSELL1000_return,2012-12-10,0.0007906717,0.002917189,0.0036297558,-0.0046421176,0.0034865072610909854,0.007400646744809298,0.0004274262599999988,0.0009795616476190477
RUSSELL1000,return,RUSSELL1000_return,2012-12-11,0.006294579,0.0007906717,0.002917189,-0.0016551526,0.0020707223324325018,0.0067605304658545804,0.0015139841199999988,0.0015974654095238096
RUSSELL1000,return,RUSSELL1000_return,2012-12-12,0.0005227512,0.006294579,0.0007906717,0.0018874567,0.0020810200183059794,0.006837867302907184,0.0031039304399999986,0.0018185977952380951
RUSSELL1000,return,RUSSELL1000_return,2012-12-13,-0.0059989712,0.0005227512,0.006294579,0.0036297558,0.0023522739506120576,0.006832844693479358,0.0028309893399999985,0.0018399569285714287
RUSSELL1000,return,RUSSELL1000_return,2012-12-14,-0.003927127,-0.0059989712,0.0005227512,0.002917189,0.004497790277101153,0.006946253158186395,0.0009052439399999989,0.0017271834380952382
RUSSELL1000,return,RUSSELL1000_return,2012-12-17,0.011508752,-0.003927127,-0.0059989712,0.0007906717,0.004765905558833222,0.0061112928323025385,-0.00046361926000000115,0.002203672819047619
RUSSELL1000,return,RUSSELL1000_return,2012-12-18,0.0116438644,0.011508752,-0.003927127,0.006294579,0.007239551123763755,0.006361465720108759,0.0016799967999999992,0.002835948133333333
RUSSELL1000,return,RUSSELL1000_return,2012-12-19,-0.0066924531,0.0116438644,0.011508752,0.0005227512,0.008395024117088623,0.0066258629954999955,0.002749853879999999,0.003128428295238095
RUSSELL1000,return,RUSSELL1000_return,2012-12-20,0.0055482372,-0.0066924531,0.0116438644,-0.0059989712,0.009429886794722729,0.005777516422700461,0.0013068130199999995,0.0018728337190476192
RUSSELL1000,return,RUSSELL1000_return,2012-12-21,-0.0092338299,0.0055482372,-0.0066924531,-0.003927127,0.00856794391152314,0.005828834187022377,0.003616254699999999,0.002086008723809524
RUSSELL1000,return,RUSSELL1000_return,2012-12-24,-0.0022024685,-0.0092338299,0.0055482372,0.011508752,0.009952744585107096,0.006327733612815313,0.002554914119999999,0.0015245718904761906
RUSSELL1000,return,RUSSELL1000_return,2012-12-26,-0.0051206979,-0.0022024685,-0.0092338299,0.0116438644,0.008675979227115313,0.0058024842948301665,-0.00018732998000000117,0.0008033296904761905
RUSSELL1000,return,RUSSELL1000_return,2012-12-27,-0.000867234,-0.0051206979,-0.0022024685,-0.0066924531,0.0056842174252919615,0.005919354308037451,-0.0035402424400000016,0.0006489647428571429
RUSSELL1000,return,RUSSELL1000_return,2012-12-28,-0.0104540366,-0.000867234,-0.0051206979,0.0055482372,0.005469534201252051,0.005801596495961734,-0.0023751986200000017,0.0008340152714285714
RUSSELL1000,return,RUSSELL1000_return,2012-12-31,0.0168641683,-0.0104540366,-0.000867234,-0.0092338299,0.004211159343757426,0.006057838230559166,-0.005575653380000001,-4.199859523809519e-05
RUSSELL1000,return,RUSSELL1000_return,2013-01-02,0.025423525,0.0168641683,-0.0104540366,-0.0022024685,0.010306280750631381,0.007035650057398219,-0.0003560537400000015,0.0005359562619047619
RUSSELL1000,return,RUSSELL1000_return,2013-01-03,-0.0014971357,0.025423525,0.0168641683,-0.0051206979,0.01527592894734102,0.008887269254079956,0.005169144959999998,0.0017255648523809525
RUSSELL1000,return,RUSSELL1000_return,2013-01-04,0.0052537291,-0.0014971357,0.025423525,-0.000867234,0.014742357443500925,0.008800677585155427,0.005893857399999998,0.001875325895238095
RUSSELL1000,return,RUSSELL1000_return,2013-01-07,-0.0030246421,0.0052537291,-0.0014971357,-0.0104540366,0.014287692093501166,0.008791231045213416,0.007118050019999998,0.0022043202619047614
RUSSELL1000,return,RUSSELL1000_return,2013-01-08,-0.0027281193,-0.0030246421,0.0052537291,0.0168641683,0.012243461277022359,0.008865121330983902,0.008603928919999998,0.001970410795238095
RUSSELL1000,return,RUSSELL1000_return,2013-01-09,0.0031380445,-0.0027281193,-0.0030246421,0.025423525,0.012072920025133353,0.008914049020818346,0.004685471399999998,0.0016676548380952377
RUSSELL1000,return,RUSSELL1000_return,2013-01-10,0.0070084618,0.0031380445,-0.0027281193,-0.0014971357,0.003742349743284908,0.008915727077265212,0.00022837529999999794,0.0016781717666666668
RUSSELL1000,return,RUSSELL1000_return,2013-01-11,0.0002186922,0.0070084618,0.0031380445,0.0052537291,0.004597387121349974,0.008987733657338003,0.0019294947999999978,0.0019742570095238094
RUSSELL1000,return,RUSSELL1000_return,2013-01-14,-0.0006351421,0.0002186922,0.0070084618,-0.0030246421,0.004223442491387103,0.008939368064284792,0.0009224874199999979,0.0016849290666666665
RUSSELL1000,return,RUSSELL1000_return,2013-01-15,0.0016130268,-0.0006351421,0.0002186922,-0.0027281193,0.0037767149129943733,0.008950458806502873,0.0014003874199999982,0.0016297912904761906
RUSSELL1000,return,RUSSELL1000_return,2013-01-16,-0.0001437485,0.0016130268,-0.0006351421,0.0031380445,0.003011886452568761,0.00877854587485348,0.002268616639999998,0.001992267385714286
RUSSELL1000,return,RUSSELL1000_return,2013-01-17,0.0058543222,-0.0001437485,0.0016130268,0.0070084618,0.003130311794320264,0.008689358637739045,0.0016122580399999978,0.0021724282666666663
RUSSELL1000,return,RUSSELL1000_return,2013-01-18,0.0032758922,0.0058543222,-0.0001437485,0.0002186922,0.00263652675851692,0.008470436733579258,0.0013814301199999981,0.0019031697047619048
RUSSELL1000,return,RUSSELL1000_return,2013-01-22,0.0047253377,0.0032758922,0.0058543222,-0.0006351421,0.002653904017078186,0.008181181994210264,0.001992870119999998,0.001504694838095238
RUSSELL1000,return,RUSSELL1000_return,2013-01-23,0.0013077777,0.0047253377,0.0032758922,0.0016130268,0.002397175850740566,0.007986257510080712,0.003064966079999998,0.0020483991619047615
RUSSELL1000,return,RUSSELL1000_return,2013-01-24,0.0005933905,0.0013077777,0.0047253377,-0.0001437485,0.002446771146066024,0.007946853378703864,0.0030039162599999982,0.0018464725190476185
RUSSELL1000,return,RUSSELL1000_return,2013-01-25,0.0059268585,0.0005933905,0.0013077777,0.0058543222,0.0022215378897341865,0.0075407158512236306,0.0031513440599999984,0.002314435395238095
RUSSELL1000,return,RUSSELL1000_return,2013-01-28,-0.0019297262,0.0059268585,0.0005933905,0.0032758922,0.00224372790576674,0.00750582487309374,0.003165851319999998,0.0027015462047619045
RUSSELL1000,return,RUSSELL1000_return,2013-01-29,0.0043862381,-0.0019297262,0.0059268585,0.0047253377,0.003188666192244027,0.00737063243662485,0.002124727639999998,0.002853497238095238
RUSSELL1000,return,RUSSELL1000_return,2013-01-30,-0.0036580105,0.0043862381,-0.0019297262,0.0013077777,0.0031224440551838656,0.007327058302265896,0.002056907719999998,0.003103662576190476
RUSSELL1000,return,RUSSELL1000_return,2013-01-31,-0.0018514721,-0.0036580105,0.0043862381,0.0005933905,0.004067121571086337,0.0068316372532238176,0.001063750079999998,0.0034272828666666666
RUSSELL1000,return,RUSSELL1000_return,2013-02-01,0.0098825988,-0.0018514721,-0.0036580105,0.0059268585,0.004279244182495129,0.0061808613632085944,0.0005747775599999983,0.0025360618952380946
RUSSELL1000,return,RUSSELL1000_return,2013-02-04,-0.0113036406,0.0098825988,-0.0018514721,-0.0019297262,0.005659260390655051,0.0037596250486480534,0.0013659256199999982,0.0017960177904761904
RUSSELL1000,return,RUSSELL1000_return,2013-02-05,0.010322701,-0.0113036406,0.0098825988,0.0043862381,0.008065225442068233,0.004684401741820949,-0.0005088572600000018,0.0013290413666666664
RUSSELL1000,return,RUSSELL1000_return,2013-02-06,0.0011227665,0.010322701,-0.0113036406,-0.0036580105,0.009307306580439966,0.005015633493834692,0.0006784353199999982,0.0015704209809523808
RUSSELL1000,return,RUSSELL1000_return,2013-02-07,-0.0014984181,0.0011227665,0.010322701,-0.0018514721,0.008990624633919815,0.004906109872182416,0.0016345907199999982,0.0017679166285714284
RUSSELL1000,return,RUSSELL1000_return,2013-02-08,0.0058259016,-0.0014984181,0.0011227665,0.0098825988,0.008957727196225774,0.004856855346762313,0.0017052015199999983,0.0018264738285714284
RUSSELL1000,return,RUSSELL1000_return,2013-02-11,-0.0007368488,0.0058259016,-0.0014984181,-0.0113036406,0.00818203047121976,0.004928042484808869,0.0008938620799999984,0.001954467023809524
RUSSELL1000,return,RUSSELL1000_return,2013-02-12,0.0017871077,-0.0007368488,0.0058259016,0.010322701,0.004983252428999263,0.004819521311480921,0.003007220439999999,0.0015856427095238092
RUSSELL1000,return,RUSSELL1000_return,2013-02-13,0.0011173637,0.0017871077,-0.0007368488,0.0011227665,0.00286061041398858,0.004809421007219691,0.0013001017799999983,0.0016603291619047618
RUSSELL1000,return,RUSSELL1000_return,2013-02-14,0.0008146821,0.0011173637,0.0017871077,-0.0014984181,0.00286069516589847,0.004782729243887029,0.0012990212199999983,0.0017437818190476188
RUSSELL1000,return,RUSSELL1000_return,2013-02-15,-0.0008706029,0.0008146821,0.0011173637,0.0058259016,0.002453219234791899,0.004786991537577199,0.0017616412599999985,0.0017057654047619045
RUSSELL1000,return,RUSSELL1000_return,2013-02-19,0.0072294827,-0.0008706029,0.0008146821,-0.0007368488,0.001174201979927747,0.004803631821898024,0.00042234035999999823,0.0016711532904761903
RUSSELL1000,return,RUSSELL1000_return,2013-02-20,-0.0127809289,0.0072294827,-0.0008706029,0.0017871077,0.0030747349875007795,0.004872389796215039,0.0020156066599999983,0.0017366371238095237
RUSSELL1000,return,RUSSELL1000_return,2013-02-21,-0.0066560078,-0.0127809289,0.0072294827,0.0011173637,0.007318737864230438,0.005791877282552054,-0.0008980006600000021,0.0009720265952380952
RUSSELL1000,return,RUSSELL1000_return,2013-02-22,0.0090789987,-0.0066560078,-0.0127809289,0.0008146821,0.007603676537153122,0.0059533523290086696,-0.002452674960000002,0.0004300577619047619
RUSSELL1000,return,RUSSELL1000_return,2013-02-25,-0.0180578728,0.0090789987,-0.0066560078,-0.0008706029,0.009218292642848923,0.006245022267839388,-0.0007998116400000019,0.0008001159047619046
RUSSELL1000,return,RUSSELL1000_return,2013-02-26,0.006220192,-0.0180578728,0.0090789987,0.0072294827,0.01202770646542317,0.007480046273199948,-0.0042372656200000015,-8.80394904761905e-05
RUSSELL1000,return,RUSSELL1000_return,2013-02-27,0.0131240682,0.006220192,-0.0180578728,-0.0127809289,0.011793337743933874,0.007492104291608253,-0.004439123760000002,-7.40712285714286e-05
RUSSELL1000,return,RUSSELL1000_return,2013-02-28,-0.000646326,0.0131240682,0.006220192,-0.0066560078,0.01285493567126901,0.008008085572316248,0.0007418756599999986,0.0006427761238095238
RUSSELL1000,return,RUSSELL1000_return,2013-03-01,0.0018962606,-0.000646326,0.0131240682,0.0090789987,0.01225737179765194,0.007965647914602546,0.0019438120199999985,0.00040313021428571425
RUSSELL1000,return,RUSSELL1000_return,2013-03-04,0.0046503279,0.0018962606,-0.000646326,-0.0180578728,0.011616213673137527,0.007916117938331127,0.0005072643999999983,0.0006676193142857143
RUSSELL1000,return,RUSSELL1000_return,2013-03-05,0.0098455246,0.0046503279,0.0018962606,0.006220192,0.0052228790074024594,0.007939778306711866,0.005048904539999998,0.000977228838095238
RUSSELL1000,return,RUSSELL1000_return,2013-03-06,0.0014789103,0.0098455246,0.0046503279,0.0131240682,0.005659525220762291,0.007937703009387112,0.005773971059999998,0.0009754634
RUSSELL1000,return,RUSSELL1000_return,2013-03-07,0.0020787882,0.0014789103,0.0098455246,-0.000646326,0.004044211337184512,0.007422395156101058,0.003444939479999998,0.0015841562999999999
RUSSELL1000,return,RUSSELL1000_return,2013-03-08,0.0048736331,0.0020787882,0.0014789103,0.0018962606,0.003502329509435278,0.007150123089555174,0.0039899623199999975,0.0011915890238095239
RUSSELL1000,return,RUSSELL1000_return,2013-03-11,0.003153806,0.0048736331,0.0020787882,0.0046503279,0.0033049049050232985,0.007195025933108657,0.0045854368199999985,0.0013702017190476191
RUSSELL1000,return,RUSSELL1000_return,2013-03-12,-0.0022797382,0.003153806,0.0048736331,0.0098455246,0.0033647817952306585,0.007173874824931269,0.004286132439999998,0.0015917362000000001
RUSSELL1000,return,RUSSELL1000_return,2013-03-13,0.0018974062,-0.0022797382,0.003153806,0.0014789103,0.0026498321926489233,0.007152695713991939,0.0018610798799999974,0.0012057533523809523
RUSSELL1000,return,RUSSELL1000_return,2013-03-14,0.0056939868,0.0018974062,-0.0022797382,0.0020787882,0.002641338715820938,0.007140011755065767,0.0019447790599999974,0.0013311940666666667
RUSSELL1000,return,RUSSELL1000_return,2013-03-15,-0.0017537354,0.0056939868,0.0018974062,0.0048736331,0.003135735515447786,0.007203105640557109,0.0026678187799999975,0.0015172359285714285
RUSSELL1000,return,RUSSELL1000_return,2013-03-18,-0.0052890616,-0.0017537354,0.0056939868,0.003153806,0.0033627173088427442,0.007238236799118075,0.0013423450799999975,0.0013805169238095237
RUSSELL1000,return,RUSSELL1000_return,2013-03-19,-0.0025068907,-0.0052890616,-0.0017537354,-0.0022797382,0.004232884123898202,0.007383191950297781,-0.0003462284400000025,0.0010898624619047619
RUSSELL1000,return,RUSSELL1000_return,2013-03-20,0.0071145658,-0.0025068907,-0.0052890616,0.0018974062,0.004259956390138272,0.007413488312983576,-0.0003916589400000025,0.0010119439952380952
RUSSELL1000,return,RUSSELL1000_return,2013-03-21,-0.0082325066,0.0071145658,-0.0025068907,0.0056939868,0.005437112136910779,0.007408710265051312,0.0006517729799999975,0.0010064717619047618
RUSSELL1000,return,RUSSELL1000_return,2013-03-22,0.0067315136,-0.0082325066,0.0071145658,-0.0017537354,0.0057655401594804475,0.0070429429580521315,-0.0021335257000000022,0.0012230632999999998
RUSSELL1000,return,RUSSELL1000_return,2013-03-25,-0.0032885283,0.0067315136,-0.0082325066,-0.0052890616,0.0070180233029411045,0.006898512937514923,-0.00043647590000000255,0.0018605643190476192
RUSSELL1000,return,RUSSELL1000_return,2013-03-26,0.0078895764,-0.0032885283,0.0067315136,-0.0025068907,0.006723034890250774,0.00677832342456197,-3.6369240000002406e-05,0.001271634461904762
RUSSELL1000,return,RUSSELL1000_return,2013-03-27,-0.000174476,0.0078895764,-0.0032885283,0.0071145658,0.00734671057197973,0.005277405572642481,0.0020429241799999978,0.002507227280952381
RUSSELL1000,return,RUSSELL1000_return,2013-03-28,0.0043477628,-0.000174476,0.0078895764,-0.0082325066,0.006790911457195442,0.00523678522321659,0.0005851158199999977,0.002202719280952381
RUSSELL1000,return,RUSSELL1000_return,2013-04-01,-0.0048608072,0.0043477628,-0.000174476,0.0067315136,0.004722825563075944,0.004637542191279083,0.0031011696999999976,0.001784799976190476
RUSSELL1000,return,RUSSELL1000_return,2013-04-02,0.0041125673,-0.0048608072,0.0043477628,-0.0032885283,0.005304658900787552,0.004834996743949466,0.0007827055399999979,0.0015841103952380952
RUSSELL1000,return,RUSSELL1000_return,2013-04-03,-0.0108836872,0.0041125673,-0.0048608072,0.0078895764,0.004901923483682187,0.004866238903682468,0.0022629246599999977,0.0016896488095238093
RUSSELL1000,return,RUSSELL1000_return,2013-04-04,0.0042023826,-0.0108836872,0.0041125673,-0.000174476,0.00645760256818911,0.005529186355297641,-0.0014917280600000027,0.0009499338047619046
RUSSELL1000,return,RUSSELL1000_return,2013-04-05,-0.0040159449,0.0042023826,-0.0108836872,0.0043477628,0.006958068853723046,0.005202732414661598,-0.0006163563400000026,0.000681212757142857
RUSSELL1000,return,RUSSELL1000_return,2013-04-08,0.0068436518,-0.0040159449,0.0042023826,-0.0048608072,0.006453357477615115,0.005297913163227199,-0.002289097880000003,0.00041955298571428554
RUSSELL1000,return,RUSSELL1000_return,2013-04-09,0.0032532142,0.0068436518,-0.0040159449,0.0041125673,0.007348092383911499,0.005471711443824312,5.1793919999997344e-05,0.0006464512523809522
RUSSELL1000,return,RUSSELL1000_return,2013-04-10,0.0122428371,0.0032532142,0.0068436518,-0.0108836872,0.007238600702922067,0.005420302727314154,-0.00012007670000000262,0.0005692884476190474
RUSSELL1000,return,RUSSELL1000_return,2013-04-11,0.0038614348,0.0122428371,0.0032532142,0.0042023826,0.0059078012393824954,0.005971816338405016,0.004505228159999998,0.0010020994523809521
RUSSELL1000,return,RUSSELL1000_return,2013-04-12,-0.0027573561,0.0038614348,0.0122428371,-0.0040159449,0.005914134917993095,0.005953407607444355,0.0044370385999999975,0.0012945362619047618
RUSSELL1000,return,RUSSELL1000_return,2013-04-15,-0.0238362329,-0.0027573561,0.0038614348,0.0068436518,0.005474886830052278,0.006016161024283007,0.004688756359999997,0.001072880914285714
RUSSELL1000,return,RUSSELL1000_return,2013-04-16,0.014477721,-0.0238362329,-0.0027573561,0.0032532142,0.013607699255313545,0.008004585492590472,-0.0014472205800000026,-0.00033332002380952403
RUSSELL1000,return,RUSSELL1000_return,2013-04-17,-0.0143204118,0.014477721,-0.0238362329,0.0122428371,0.015386598736538344,0.00862053192043271,0.0007976807799999975,0.00043960647142857125
RUSSELL1000,return,RUSSELL1000_return,2013-04-18,-0.0066868964,-0.0143204118,0.014477721,0.0038614348,0.01502858579807593,0.0091307936458598,-0.004514969000000002,9.542176190476015e-06
RUSSELL1000,return,RUSSELL1000_return,2013-04-19,0.009331903,-0.0066868964,-0.0143204118,-0.0027573561,0.014280521998072724,0.009233378812582722,-0.006624635240000003,-0.00018950571428571445
RUSSELL1000,return,RUSSELL1000_return,2013-04-22,0.0044892018,0.009331903,-0.0066868964,-0.0238362329,0.016016854105053466,0.009333218432276663,-0.004206783420000003,-8.391822857142869e-05
RUSSELL1000,return,RUSSELL1000_return,2013-04-23,0.0104235643,0.0044892018,0.009331903,0.014477721,0.011789797321837913,0.009189631398980803,0.0014583035199999977,0.0005218774095238094
RUSSELL1000,return,RUSSELL1000_return,2013-04-24,0.0003343421,0.0104235643,0.0044892018,-0.0143204118,0.010765462316887645,0.009348318619015191,0.0006474721799999975,0.0006976893476190475
RUSSELL1000,return,RUSSELL1000_return,2013-04-25,0.0043005044,0.0003343421,0.0104235643,-0.0066868964,0.007012290154073393,0.009304402992928002,0.0035784229599999974,0.0008702069857142855
RUSSELL1000,return,RUSSELL1000_return,2013-04-26,-0.0019340235,0.0043005044,0.0003343421,0.009331903,0.004113662528541083,0.00920141373015959,0.0057759031199999976,0.0006992987952380951
RUSSELL1000,return,RUSSELL1000_return,2013-04-29,0.0071690029,-0.0019340235,0.0043005044,0.0044892018,0.004719705789385507,0.009217764825772993,0.0035227178199999975,0.0006155108190476188
RUSSELL1000,return,RUSSELL1000_return,2013-04-30,0.0030284665,0.0071690029,-0.0019340235,0.0104235643,0.0050006881468293435,0.009295115121471046,0.004058678039999998,0.0007498555857142856
RUSSELL1000,return,RUSSELL1000_return,2013-05-01,-0.0097649079,0.0030284665,0.0071690029,0.0003343421,0.003522768520193224,0.009216105449849363,0.0025796584799999975,0.0011255352857142856
RUSSELL1000,return,RUSSELL1000_return,2013-05-02,0.0092846342,-0.0097649079,0.0030284665,0.0043005044,0.006644311392817307,0.009484831848735477,0.0005598084799999976,0.00046470313333333316
RUSSELL1000,return,RUSSELL1000_return,2013-05-03,0.0103174939,0.0092846342,-0.0097649079,-0.0019340235,0.0076444254762000705,0.009297516723441212,0.0015566344399999973,0.0014250993904761904
RUSSELL1000,return,RUSSELL1000_return,2013-05-06,0.0022471335,0.0103174939,0.0092846342,0.0071690029,0.008189886955080524,0.009482766020415647,0.0040069379199999975,0.0017162951666666666
RUSSELL1000,return,RUSSELL1000_return,2013-05-07,0.0054755828,0.0022471335,0.0103174939,0.0030284665,0.008008593670688544,0.009391518325485841,0.0030225640399999974,0.002014536995238095
RUSSELL1000,return,RUSSELL1000_return,2013-05-08,0.0047501456,0.0054755828,0.0022471335,-0.0097649079,0.00808346894732551,0.009361040788836742,0.003511987299999997,0.0019493908523809521
RUSSELL1000,return,RUSSELL1000_return,2013-05-09,-0.0032625237,0.0047501456,0.0054755828,0.0092846342,0.0033350268024412697,0.009377151112959918,0.006414997999999996,0.0020206733
RUSSELL1000,return,RUSSELL1000_return,2013-05-10,0.0045705696,-0.0032625237,0.0047501456,0.0103174939,0.00496041820696906,0.009139448579021664,0.003905566419999997,0.0012823227857142855
RUSSELL1000,return,RUSSELL1000_return,2013-05-13,-9.4787e-05,0.0045705696,-0.0032625237,0.0022471335,0.003575855932177828,0.009150757369222228,0.0027561815599999972,0.0013160911095238094
RUSSELL1000,return,RUSSELL1000_return,2013-05-14,0.010380168,-9.4787e-05,0.0045705696,0.0054755828,0.003805225225522798,0.009109849694128754,0.002287797459999997,0.0014428801142857143
RUSSELL1000,return,RUSSELL1000_return,2013-05-15,0.0052607266,0.010380168,-9.4787e-05,0.0047501456,0.005206545170594155,0.007227994926724174,0.0032687144999999974,0.003072232538095238
RUSSELL1000,return,RUSSELL1000_return,2013-05-16,-0.0051115351,0.0052607266,0.010380168,-0.0032625237,0.005247708689626747,0.006765859783296626,0.003370830699999997,0.0026333280428571426
RUSSELL1000,return,RUSSELL1000_return,2013-05-17,0.0101097586,-0.0051115351,0.0052607266,0.0045705696,0.005861295852929636,0.005848301142059382,0.003001028419999997,0.003071845980952381
RUSSELL1000,return,RUSSELL1000_return,2013-05-20,-0.0005995159,0.0101097586,-0.0051115351,-9.4787e-05,0.006696141026797886,0.005589798912335775,0.0041088662199999975,0.0038716866952380946
RUSSELL1000,return,RUSSELL1000_return,2013-05-21,0.0017905144,-0.0005995159,0.0101097586,0.010380168,0.0067786508640083325,0.005524481490427127,0.004007920439999997,0.0033987619857142855
RUSSELL1000,return,RUSSELL1000_return,2013-05-22,-0.0089854218,0.0017905144,-0.0005995159,0.0052607266,0.005773979367195288,0.00552923372021993,0.002289989719999997,0.003270253061904761
RUSSELL1000,return,RUSSELL1000_return,2013-05-23,-0.00267185,-0.0089854218,0.0017905144,-0.0051115351,0.007264200393356789,0.005884478327818622,-0.000559239960000003,0.0023460156285714288
RUSSELL1000,return,RUSSELL1000_return,2013-05-24,-0.0008513712,-0.00267185,-0.0089854218,0.0101097586,0.006957437511063044,0.005971781587040714,-7.130294000000301e-05,0.0022028636238095234
RUSSELL1000,return,RUSSELL1000_return,2013-05-28,0.0063304035,-0.0008513712,-0.00267185,-0.0005995159,0.004078877480137495,0.005987102236074923,-0.002263528900000003,0.001957536214285714
RUSSELL1000,return,RUSSELL1000_return,2013-05-29,-0.0071231727,0.0063304035,-0.0008513712,0.0017905144,0.0056575379858511046,0.005990130124433713,-0.0008775450200000029,0.0023510803571428567
RUSSELL1000,return,RUSSELL1000_return,2013-05-30,0.0041768128,-0.0071231727,0.0063304035,-0.0089854218,0.00600061465082084,0.0062227618692967755,-0.002660282440000003,0.0016705005666666664
RUSSELL1000,return,RUSSELL1000_return,2013-05-31,-0.0137146058,0.0041768128,-0.0071231727,-0.00267185,0.005387928735026681,0.0062403126523162405,-2.7835520000002964e-05,0.0017251837238095233
RUSSELL1000,return,RUSSELL1000_return,2013-06-03,0.0048978353,-0.0137146058,0.0041768128,-0.0008513712,0.008247234100143207,0.006650007791128836,-0.002236386680000003,0.0015371028714285713
RUSSELL1000,return,RUSSELL1000_return,2013-06-04,-0.0055031427,0.0048978353,-0.0137146058,0.0063304035,0.00886616689322966,0.006460673231327497,-0.0010865453800000032,0.0013282076857142854
RUSSELL1000,return,RUSSELL1000_return,2013-06-05,-0.0136088184,-0.0055031427,0.0048978353,-0.0071231727,0.007920295126751872,0.00627991783781147,-0.003453254620000003,0.0005748440380952378
RUSSELL1000,return,RUSSELL1000_return,2013-06-06,0.0089776243,-0.0136088184,-0.0055031427,0.0041768128,0.009112885883817885,0.006982675442459507,-0.0047503837600000026,-0.00018020129047619077
RUSSELL1000,return,RUSSELL1000_return,2013-06-07,0.0126845055,0.0089776243,-0.0136088184,-0.0137146058,0.01044428749590885,0.007163968832044994,-0.0037902214600000024,-1.3437409523809776e-05
RUSSELL1000,return,RUSSELL1000_return,2013-06-10,-0.0003130092,0.0126845055,0.0089776243,0.0048978353,0.010838279079048342,0.007622326439020361,0.001489600799999997,0.00036438925238095214
RUSSELL1000,return,RUSSELL1000_return,2013-06-11,-0.0102914683,-0.0003130092,0.0126845055,-0.0055031427,0.010677967197760789,0.007579206124615453,0.00044743189999999703,0.0005048423238095236
RUSSELL1000,return,RUSSELL1000_return,2013-06-12,-0.0082332335,-0.0102914683,-0.0003130092,-0.0136088184,0.011526111236350417,0.007868924294433434,-0.0005102332200000032,-0.00020287376666666698
RUSSELL1000,return,RUSSELL1000_return,2013-06-13,0.0151488227,-0.0082332335,-0.0102914683,0.0089776243,0.010169776029178767,0.008061390608629343,0.000564883759999997,-0.0005904188380952384
RUSSELL1000,return,RUSSELL1000_return,2013-06-14,-0.0053909839,0.0151488227,-0.0082332335,0.0126845055,0.011704675471884007,0.00844395481737106,0.0017991234399999969,-0.0003633400428571432
RUSSELL1000,return,RUSSELL1000_return,2013-06-17,0.0072810111,-0.0053909839,0.0151488227,-0.0003130092,0.010196312435963577,0.008409077624220855,-0.0018159744400000032,-0.0008705643523809528
RUSSELL1000,return,RUSSELL1000_return,2013-06-18,0.0077216154,0.0072810111,-0.0053909839,-0.0102914683,0.011009331970039104,0.008530536250589452,-0.00029717038000000306,-0.000280443104761905
RUSSELL1000,return,RUSSELL1000_return,2013-06-19,-0.0137895763,0.0077216154,0.0072810111,-0.0082332335,0.009802324460316455,0.008400017979199141,0.0033054463599999973,-0.0003941642095238098
RUSSELL1000,return,RUSSELL1000_return,2013-06-20,-0.025085327,-0.0137895763,0.0077216154,0.0151488227,0.011589503193336143,0.008894707091044979,0.0021941777999999966,-0.001022262323809524
RUSSELL1000,return,RUSSELL1000_return,2013-06-21,0.0020293687,-0.025085327,-0.0137895763,-0.0053909839,0.014052202089931666,0.010293298544720046,-0.005852652140000003,-0.002302064295238095
RUSSELL1000,return,RUSSELL1000_return,2013-06-24,-0.012036009,0.0020293687,-0.025085327,0.0072810111,0.014497916425488732,0.010216057294480042,-0.004368581620000004,-0.0017775504619047622
RUSSELL1000,return,RUSSELL1000_return,2013-06-25,0.0098997517,-0.012036009,0.0020293687,0.0077216154,0.013126359945723335,0.010458530343233137,-0.008231985640000005,-0.0022234627952380953
RUSSELL1000,return,RUSSELL1000_return,2013-06-26,0.0098288452,0.0098997517,-0.012036009,-0.0137895763,0.013806691846471998,0.010787035522496807,-0.007796358380000004,-0.001711504561904762
RUSSELL1000,return,RUSSELL1000_return,2013-06-27,0.0070835384,0.0098288452,0.0098997517,-0.025085327,0.015212348046432941,0.010943325090226216,-0.0030726740800000036,-0.0015449121
RUSSELL1000,return,RUSSELL1000_return,2013-06-28,-0.0038908746,0.0070835384,0.0098288452,0.0020293687,0.009182683642066578,0.011020094065947233,0.0033610989999999967,-0.0008684020476190477
RUSSELL1000,return,RUSSELL1000_return,2013-07-01,0.0062646562,-0.0038908746,0.0070835384,-0.012036009,0.009760820596113171,0.010975953724727289,0.0021770503399999967,-0.0012525776380952383
RUSSELL1000,return,RUSSELL1000_return,2013-07-02,-0.0005550111,0.0062646562,-0.0038908746,0.0098997517,0.005674704207046285,0.010704274201086888,0.005837183379999997,-0.0003011842095238097
RUSSELL1000,return,RUSSELL1000_return,2013-07-03,0.0007962565,-0.0005550111,0.0062646562,0.0098288452,0.005729405449619037,0.010637782816701394,0.003746230819999996,-0.0005608435619047621
RUSSELL1000,return,RUSSELL1000_return,2013-07-05,0.0102432911,0.0007962565,-0.0005550111,0.0070835384,0.004655399185158573,0.010580109227641663,0.0019397130799999965,-0.00026087217142857163
RUSSELL1000,return,RUSSELL1000_return,2013-07-08,0.00515379,0.0102432911,0.0007962565,-0.0038908746,0.005638808116065464,0.010353386946752736,0.0025716636199999963,0.0008749425666666666
RUSSELL1000,return,RUSSELL1000_return,2013-07-09,0.0075182926,0.00515379,0.0102432911,0.0062646562,0.004351046217039515,0.010236726131006013,0.004380596539999997,0.0006928552190476188
RUSSELL1000,return,RUSSELL1000_return,2013-07-10,0.0003980208,0.0075182926,0.00515379,-0.0005550111,0.004519611367393072,0.009993315805717601,0.004631323819999996,0.0004468450809523807
RUSSELL1000,return,RUSSELL1000_return,2013-07-11,0.0137381997,0.0003980208,0.0075182926,0.0007962565,0.004258775594150298,0.009991817018636277,0.004821930199999996,0.0004807036523809522
RUSSELL1000,return,RUSSELL1000_return,2013-07-12,0.0031677154,0.0137381997,0.0003980208,0.0102432911,0.00505825346697539,0.010072122997772968,0.007410318839999997,0.001624973557142857
RUSSELL1000,return,RUSSELL1000_return,2013-07-15,0.0015567153,0.0031677154,0.0137381997,0.00515379,0.005057294493366943,0.009818246885141485,0.0059952036999999965,0.0021678758857142854
RUSSELL1000,return,RUSSELL1000_return,2013-07-16,-0.0040994573,0.0015567153,0.0031677154,0.0075182926,0.00544769041322718,0.009356897391230325,0.005275788759999996,0.0015206326761904759
RUSSELL1000,return,RUSSELL1000_return,2013-07-17,0.0031328809,-0.0040994573,0.0015567153,0.0003980208,0.006606461155921717,0.009313340198131468,0.002952238779999996,0.0015821339428571427
RUSSELL1000,return,RUSSELL1000_return,2013-07-18,0.0053494372,0.0031328809,-0.0040994573,0.0137381997,0.006453565412848514,0.009230044279410583,0.003499210799999997,0.0013846039333333332
RUSSELL1000,return,RUSSELL1000_return,2013-07-19,0.0012597031,0.0053494372,0.0031328809,0.0031677154,0.0035744301270381165,0.009162883206709674,0.0018214582999999964,0.0012716430666666664
RUSSELL1000,return,RUSSELL1000_return,2013-07-22,0.0023061645,0.0012597031,0.0053494372,0.0015567153,0.0034957567660789586,0.008489827991337432,0.0014398558399999965,0.001988275419047619
RUSSELL1000,return,RUSSELL1000_return,2013-07-23,-0.001689896,0.0023061645,0.0012597031,-0.0040994573,0.0035180165296183107,0.005800587967907029,0.0015897456799999967,0.003292632157142857
RUSSELL1000,return,RUSSELL1000_return,2013-07-24,-0.0041586393,-0.001689896,0.0023061645,0.0031328809,0.0025852264446529372,0.0058970647647583665,0.0020716579399999964,0.0031155243142857144
RUSSELL1000,return,RUSSELL1000_return,2013-07-25,0.0035622694,-0.0041586393,-0.001689896,0.0053494372,0.0036671085081795133,0.005078863301793905,0.0006133538999999966,0.003490637157142857
RUSSELL1000,return,RUSSELL1000_return,2013-07-26,0.0006376162,0.0035622694,-0.0041586393,0.0012597031,0.00313917039580445,0.004862678657077009,0.0002559203399999965,0.0031888522857142854
RUSSELL1000,return,RUSSELL1000_return,2013-07-29,-0.0035603837,0.0006376162,0.0035622694,0.0023061645,0.00310154302620558,0.0046438635817386345,0.00013150295999999646,0.002751174714285714
RUSSELL1000,return,RUSSELL1000_return,2013-07-30,0.0010118969,-0.0035603837,0.0006376162,-0.001689896,0.0031818183996640977,0.00472747747412452,-0.0010418066800000035,0.002244321280952381
RUSSELL1000,return,RUSSELL1000_return,2013-07-31,0.000359815,0.0010118969,-0.0035603837,-0.0041586393,0.0032723697440338504,0.004526115772151845,-0.0005014481000000035,0.0024777865904761906
RUSSELL1000,return,RUSSELL1000_return,2013-08-01,0.0133210814,0.000359815,0.0010118969,0.0035622694,0.0025552424429248956,0.00446205984619185,0.0004022427599999965,0.002196603676190476
RUSSELL1000,return,RUSSELL1000_return,2013-08-02,0.0015638555,0.0133210814,0.000359815,0.0006376162,0.006402749348504081,0.0050259990436683395,0.0023540051599999965,0.0028573699857142856
RUSSELL1000,return,RUSSELL1000_return,2013-08-05,-0.0011572046,0.0015638555,0.0133210814,-0.0035603837,0.006353887755817164,0.005013034316301587,0.0025392530199999964,0.0028939223190476188
RUSSELL1000,return,RUSSELL1000_return,2013-08-06,-0.00635752,-0.0011572046,0.0015638555,0.0010118969,0.005847878575116823,0.0047896740981787965,0.0030198888399999963,0.0023510415714285715
RUSSELL1000,return,RUSSELL1000_return,2013-08-07,-0.0037755894,-0.00635752,-0.0011572046,0.000359815,0.007242804000341399,0.005101437017856249,0.0015460054599999965,0.0018028839523809524
RUSSELL1000,return,RUSSELL1000_return,2013-08-08,0.0044490547,-0.0037755894,-0.00635752,0.0133210814,0.007637487304174735,0.005063954818309039,0.0007189245799999965,0.0012650800476190476
RUSSELL1000,return,RUSSELL1000_return,2013-08-09,-0.0028571562,0.0044490547,-0.0037755894,0.0015638555,0.004262680844517835,0.005106256949156376,-0.0010554807600000036,0.0014579864238095236
RUSSELL1000,return,RUSSELL1000_return,2013-08-12,-0.0009291331,-0.0028571562,0.0044490547,-0.0011572046,0.00403602016182768,0.004336931257717054,-0.0019396831000000035,0.0006677313809523808
RUSSELL1000,return,RUSSELL1000_return,2013-08-13,0.0022247073,-0.0009291331,-0.0028571562,-0.00635752,0.004048344425948509,0.0043109179108432715,-0.0018940688000000036,0.0004726433571428571
RUSSELL1000,return,RUSSELL1000_return,2013-08-14,-0.0050206215,0.0022247073,-0.0009291331,-0.0037755894,0.0034593122591712565,0.00432176776626302,-0.0001776233400000036,0.0005044524999999999
RUSSELL1000,return,RUSSELL1000_return,2013-08-15,-0.0142972906,-0.0050206215,0.0022247073,0.0044490547,0.003810072691191585,0.004375177613175264,-0.0004266297600000036,0.00046058753809523806
RUSSELL1000,return,RUSSELL1000_return,2013-08-16,-0.003140911,-0.0142972906,-0.0050206215,-0.0028571562,0.006253088365202292,0.005380660803154146,-0.004175898820000004,-0.00036942062857142865
RUSSELL1000,return,RUSSELL1000_return,2013-08-19,-0.0059841085,-0.003140911,-0.0142972906,-0.0009291331,0.0062394004268149115,0.005246776964589149,-0.0042326497800000045,-0.0007737229238095239
RUSSELL1000,return,RUSSELL1000_return,2013-08-20,0.0048584711,-0.0059841085,-0.003140911,0.0022247073,0.0059742007975639964,0.005343631544698241,-0.005243644860000004,-0.0011186663333333335
RUSSELL1000,return,RUSSELL1000_return,2013-08-21,-0.0056399891,0.0048584711,-0.0059841085,-0.0050206215,0.006849332471327574,0.005453322217167737,-0.004716892100000003,-0.0009971279238095239
RUSSELL1000,return,RUSSELL1000_return,2013-08-22,0.0089336088,-0.0056399891,0.0048584711,-0.0142972906,0.006861788296233858,0.00554575371417119,-0.004840765620000004,-0.0011852275952380952
RUSSELL1000,return,RUSSELL1000_return,2013-08-23,0.004262636,0.0089336088,-0.0056399891,-0.003140911,0.006721405044105921,0.005918171684680665,-0.00019458574000000387,-0.0005617872095238097
RUSSELL1000,return,RUSSELL1000_return,2013-08-26,-0.0033121054,0.004262636,0.0089336088,-0.0059841085,0.0067255600981127005,0.005944488962027861,0.0012861236599999962,-0.0005284364190476192
RUSSELL1000,return,RUSSELL1000_return,2013-08-27,-0.0164420306,-0.0033121054,0.004262636,0.0048584711,0.0060784897229482744,0.0059681875105253345,0.0018205242799999963,-0.0007165184
RUSSELL1000,return,RUSSELL1000_return,2013-08-28,0.0029921407,-0.0164420306,-0.0033121054,-0.0056399891,0.009763985668996477,0.006869088926720173,-0.002439576060000004,-0.0013299301571428573
RUSSELL1000,return,RUSSELL1000_return,2013-08-29,0.0027076069,0.0029921407,-0.0164420306,0.0089336088,0.00981962110947932,0.006916274519210327,-0.0007131501000000038,-0.0012356328333333335
RUSSELL1000,return,RUSSELL1000_return,2013-08-30,-0.00386246,0.0027076069,0.0029921407,0.004262636,0.008610877367920858,0.006962177346485682,-0.0019583504800000035,-0.001123833219047619
RUSSELL1000,return,RUSSELL1000_return,2013-09-03,0.0040636365,-0.00386246,0.0027076069,-0.0033121054,0.007878933294860656,0.006140936879579119,-0.0035833696800000037,-0.0019420970952380952
RUSSELL1000,return,RUSSELL1000_return,2013-09-04,0.0082773036,0.0040636365,-0.00386246,-0.0164420306,0.008599900652794286,0.0062357905701256825,-0.0021082213000000035,-0.0018230599047619049
RUSSELL1000,return,RUSSELL1000_return,2013-09-05,0.0014887842,0.0082773036,0.0040636365,0.0029921407,0.00435961886789493,0.006614518468953124,0.0028356455399999965,-0.0013737976095238096
RUSSELL1000,return,RUSSELL1000_return,2013-09-06,0.0005426717,0.0014887842,0.0082773036,0.0027076069,0.004397801589262714,0.006540115958113695,0.0025349742399999966,-0.0010001640761904762
RUSSELL1000,return,RUSSELL1000_return,2013-09-09,0.0105779988,0.0005426717,0.0014887842,-0.00386246,0.004482318422581069,0.006516332254384311,0.0021019871999999966,-0.0007945325952380953
RUSSELL1000,return,RUSSELL1000_return,2013-09-10,0.0075252586,0.0105779988,0.0005426717,0.0040636365,0.004328033211993809,0.006889492810811216,0.004990078959999996,-0.0005026781142857144
RUSSELL1000,return,RUSSELL1000_return,2013-09-11,0.0032399908,0.0075252586,0.0105779988,0.0082773036,0.004418703446691794,0.007081925414188593,0.005682403379999997,-8.277409523809568e-06
RUSSELL1000,return,RUSSELL1000_return,2013-09-12,-0.0031024464,0.0032399908,0.0075252586,0.0014887842,0.004250197895669131,0.007113188200954936,0.0046749408199999965,0.00019025229999999993
RUSSELL1000,return,RUSSELL1000_return,2013-09-13,0.0026168291,-0.0031024464,0.0032399908,0.0005426717,0.005440059900579577,0.00713197176422641,0.003756694699999997,-6.342168571428577e-05
RUSSELL1000,return,RUSSELL1000_return,2013-09-16,0.0054216701,0.0026168291,-0.0031024464,0.0105779988,0.00520782898252993,0.007060923059737379,0.004171526179999997,0.000300266438095238
RUSSELL1000,return,RUSSELL1000_return,2013-09-17,0.0047980012,0.0054216701,0.0026168291,0.0075252586,0.003990249180894894,0.006291886545002521,0.0031402604399999963,0.0012392645666666666
RUSSELL1000,return,RUSSELL1000_return,2013-09-18,0.0118940471,0.0047980012,0.0054216701,0.0032399908,0.0033808528170241503,0.006253935323743987,0.0025948089599999963,0.0016173080047619047
RUSSELL1000,return,RUSSELL1000_return,2013-09-19,-0.0013744097,0.0118940471,0.0047980012,-0.0031024464,0.005403741652100224,0.006382960018497551,0.004325620219999996,0.0024686487476190478
RUSSELL1000,return,RUSSELL1000_return,2013-09-20,-0.0072512047,-0.0013744097,0.0118940471,0.0026168291,0.004835251818183802,0.006411128903350215,0.004671227559999996,0.0021718448999999995
RUSSELL1000,return,RUSSELL1000_return,2013-09-23,-0.0048071237,-0.0072512047,-0.0013744097,0.0054216701,0.007279540856524691,0.006518040233967014,0.0026976207999999968,0.002095120347619047
RUSSELL1000,return,RUSSELL1000_return,2013-09-24,-0.0018547492,-0.0048071237,-0.0072512047,0.0047980012,0.007745030039130175,0.006486841196389014,0.0006518620399999963,0.0014407997523809524
RUSSELL1000,return,RUSSELL1000_return,2013-09-25,-0.002159016,-0.0018547492,-0.0048071237,0.0118940471,0.007419278496349626,0.0064911402623294544,-0.0006786880400000035,0.0011494956952380951
RUSSELL1000,return,RUSSELL1000_return,2013-09-26,0.0040589442,-0.002159016,-0.0018547492,-0.0013744097,0.0024901184256795176,0.006456295719688493,-0.0034893006600000033,0.0012044047142857142
RUSSELL1000,return,RUSSELL1000_return,2013-09-27,-0.0038233482,0.0040589442,-0.002159016,-0.0072512047,0.004224977185409769,0.005051796694184578,-0.0024026298800000033,0.0021806416095238096
RUSSELL1000,return,RUSSELL1000_return,2013-09-30,-0.005545887,-0.0038233482,0.0040589442,-0.0048071237,0.003448240551051338,0.005213398184264458,-0.0017170585800000034,0.0018560945190476189
RUSSELL1000,return,RUSSELL1000_return,2013-10-01,0.0088470419,-0.005545887,-0.0038233482,-0.0018547492,0.0036250421367527937,0.005451655034988137,-0.0018648112400000035,0.001463071
RUSSELL1000,return,RUSSELL1000_return,2013-10-02,-0.0006209898,0.0088470419,-0.005545887,-0.002159016,0.006008364000949095,0.005535705126567959,0.00027554697999999657,0.002068285376190476
RUSSELL1000,return,RUSSELL1000_return,2013-10-03,-0.0090064389,-0.0006209898,0.0088470419,0.0040589442,0.005890783654309778,0.005545657604723072,0.0005831522199999965,0.0018452079333333331
RUSSELL1000,return,RUSSELL1000_return,2013-10-04,0.0072485679,-0.0090064389,-0.0006209898,-0.0038233482,0.006792341442723019,0.005819139191175294,-0.0020299244000000034,0.0010221725761904762
RUSSELL1000,return,RUSSELL1000_return,2013-10-07,-0.0087369815,0.0072485679,-0.0090064389,-0.005545887,0.007792627835136802,0.005975860288635498,0.0001844588199999964,0.0012964479904761905
RUSSELL1000,return,RUSSELL1000_return,2013-10-08,-0.0129898653,-0.0087369815,0.0072485679,0.0088470419,0.008479664080208891,0.006364821610772086,-0.0004537600800000034,0.000854559742857143
RUSSELL1000,return,RUSSELL1000_return,2013-10-09,-0.0001012288,-0.0129898653,-0.0087369815,-0.0006209898,0.008107060581002783,0.006636611318023823,-0.004821141520000004,-0.00026771949999999993
RUSSELL1000,return,RUSSELL1000_return,2013-10-10,0.022118547,-0.0001012288,-0.0129898653,-0.0090064389,0.008177407846777783,0.006393042021545785,-0.004717189320000004,-0.0006308855666666666
RUSSELL1000,return,RUSSELL1000_return,2013-10-11,0.0065228155,0.022118547,-0.0001012288,0.0072485679,0.013923775788127375,0.008071559022231457,0.001507807859999996,0.00026809330000000006
RUSSELL1000,return,RUSSELL1000_return,2013-10-14,0.0040432448,0.0065228155,0.022118547,-0.0087369815,0.013852569809202775,0.008143557620922252,0.001362657379999996,0.0007264391047619048
RUSSELL1000,return,RUSSELL1000_return,2013-10-15,-0.007030634,0.0040432448,0.0065228155,-0.0129898653,0.012650007587244336,0.008166031323527853,0.003918702639999996,0.000794363661904762
RUSSELL1000,return,RUSSELL1000_return,2013-10-16,0.0139441471,-0.007030634,0.0040432448,-0.0001012288,0.010804820490947867,0.008264732818996262,0.005110548899999996,0.00020139679999999996
RUSSELL1000,return,RUSSELL1000_return,2013-10-17,0.0071809362,0.0139441471,-0.007030634,0.022118547,0.010936085873117419,0.008746048128546865,0.007919624079999996,0.0006369275571428572
RUSSELL1000,return,RUSSELL1000_return,2013-10-18,0.0066377433,0.0071809362,0.0139441471,0.0065228155,0.00762728164732193,0.008499737303048812,0.004932101919999996,0.0004124937047619048
RUSSELL1000,return,RUSSELL1000_return,2013-10-21,1.79679e-05,0.0066377433,0.0071809362,0.0040432448,0.007633444544470488,0.008594808048038497,0.004955087479999996,0.0007940248000000001
RUSSELL1000,return,RUSSELL1000_return,2013-10-22,0.0055672464,1.79679e-05,0.0066377433,-0.007030634,0.007958973305393103,0.008398734494965327,0.004150032099999996,0.0011401758761904763
RUSSELL1000,return,RUSSELL1000_return,2013-10-23,-0.0049758746,0.0055672464,1.79679e-05,0.0139441471,0.004965906466138245,0.008336300983790457,0.006669608179999996,0.0016341935
RUSSELL1000,return,RUSSELL1000_return,2013-10-24,0.0035291664,-0.0049758746,0.0055672464,0.0071809362,0.00523798187703819,0.008428922480506165,0.002885603839999996,0.0014855684809523808
RUSSELL1000,return,RUSSELL1000_return,2013-10-25,0.0040454628,0.0035291664,-0.0049758746,0.0066377433,0.004718130581280426,0.008397283030316232,0.0021552498799999958,0.0017564343095238094
RUSSELL1000,return,RUSSELL1000_return,2013-10-28,0.0007666515,0.0040454628,0.0035291664,1.79679e-05,0.004218388279678326,0.008397098715641423,0.0016367937799999957,0.001755792338095238
RUSSELL1000,return,RUSSELL1000_return,2013-10-29,0.0052680188,0.0007666515,0.0040454628,0.0055672464,0.004159436369377884,0.008303835512979248,0.0017865304999999955,0.0019743637523809525
RUSSELL1000,return,RUSSELL1000_return,2013-10-30,-0.0051180215,0.0052680188,0.0007666515,-0.0049758746,0.004093063775425983,0.008148003064233942,0.0017266849799999957,0.0024893116476190475
RUSSELL1000,return,RUSSELL1000_return,2013-10-31,-0.0033354515,-0.0051180215,0.0052680188,0.0035291664,0.004151335478026496,0.00817301368232657,0.0016982555999999955,0.0018243086285714284
RUSSELL1000,return,RUSSELL1000_return,2013-11-01,0.0027465251,-0.0033354515,-0.0051180215,0.0040454628,0.004513749052420825,0.008234852219895885,0.0003253320199999959,0.0016950485476190475
RUSSELL1000,return,RUSSELL1000_return,2013-11-04,0.0038390982,0.0027465251,-0.0033354515,0.0007666515,0.004277296959341256,0.00786213033783385,6.554447999999594e-05,0.0022547135000000004
RUSSELL1000,return,RUSSELL1000_return,2013-11-05,-0.0027208078,0.0038390982,0.0027465251,0.0052680188,0.004610890586235055,0.0077887098265732365,0.000680033819999996,0.0020923578
RUSSELL1000,return,RUSSELL1000_return,2013-11-06,0.0038417985,-0.0027208078,0.0038390982,-0.0051180215,0.003962104726391306,0.007474785777480512,-0.000917731500000004,0.002378842261904762
RUSSELL1000,return,RUSSELL1000_return,2013-11-07,-0.0138031576,0.0038417985,-0.0027208078,-0.0033354515,0.003596807970335965,0.006595076979812496,0.000874232499999996,0.0031803500619047615
RUSSELL1000,return,RUSSELL1000_return,2013-11-08,0.0131871122,-0.0138031576,0.0038417985,0.0027465251,0.00754217934138429,0.007545301333341814,-0.001219308720000004,0.002527877261904762
RUSSELL1000,return,RUSSELL1000_return,2013-11-11,0.0010176661,0.0131871122,-0.0138031576,0.0038390982,0.00996937599486844,0.006575172227193899,0.0008688086999999962,0.002102570842857143
RUSSELL1000,return,RUSSELL1000_return,2013-11-12,-0.0020733272,0.0010176661,0.0131871122,-0.0027208078,0.009838207076253514,0.006499434887201323,0.00030452227999999617,0.0018404208714285716
RUSSELL1000,return,RUSSELL1000_return,2013-11-13,0.0088029592,-0.0020733272,0.0010176661,0.0038417985,0.009792586146316088,0.006532750272217973,0.00043401839999999606,0.001549155538095238
RUSSELL1000,return,RUSSELL1000_return,2013-11-14,0.0049291927,0.0088029592,-0.0020733272,-0.0138031576,0.010453259725293719,0.0064054788223725095,0.001426250539999996,0.002303136166666667
RUSSELL1000,return,RUSSELL1000_return,2013-11-15,0.0042663159,0.0049291927,0.0088029592,0.0131871122,0.006067085327136417,0.005865646787354329,0.0051727205999999954,0.0018738526238095239
RUSSELL1000,return,RUSSELL1000_return,2013-11-18,-0.0046203866,0.0042663159,0.0049291927,0.0010176661,0.004120469418155801,0.005767453791606981,0.003388561339999996,0.001735061180952381
RUSSELL1000,return,RUSSELL1000_return,2013-11-19,-0.0025284566,-0.0046203866,0.0042663159,-0.0020733272,0.00547899735628721,0.0058120150973375645,0.002260950799999996,0.0011989597571428572
RUSSELL1000,return,RUSSELL1000_return,2013-11-20,-0.0035709343,-0.0025284566,-0.0046203866,0.0088029592,0.005571998677058144,0.005864215657853375,0.002169924919999996,0.0010777014476190479
RUSSELL1000,return,RUSSELL1000_return,2013-11-21,0.0086241027,-0.0035709343,-0.0025284566,0.0049291927,0.004542200727149954,0.005853451175930707,-0.00030485378000000415,0.0006425499857142859
RUSSELL1000,return,RUSSELL1000_return,2013-11-22,0.0050185504,0.0086241027,-0.0035709343,0.0042663159,0.005747323269753492,0.005952263068110799,0.00043412821999999596,0.0012901679523809526
RUSSELL1000,return,RUSSELL1000_return,2013-11-25,-0.0015019734,0.0050185504,0.0086241027,-0.0046203866,0.005881007397320079,0.0059890349916110605,0.0005845751199999959,0.001361091
RUSSELL1000,return,RUSSELL1000_return,2013-11-26,0.0005882277,-0.0015019734,0.0050185504,-0.0025284566,0.005330622620102552,0.005987055442940568,0.001208257759999996,0.0010969273714285714
RUSSELL1000,return,RUSSELL1000_return,2013-11-27,0.0027782031,0.0005882277,-0.0015019734,-0.0035709343,0.004953302154464638,0.005987674151064304,0.0018315946199999958,0.001088431
RUSSELL1000,return,RUSSELL1000_return,2013-11-29,-0.0008080683,0.0027782031,0.0005882277,0.0086241027,0.003930243270837438,0.0059250992025668674,0.003101422099999996,0.0009698683476190477
RUSSELL1000,return,RUSSELL1000_return,2013-12-02,-0.0024533444,-0.0008080683,0.0027782031,0.0050185504,0.002682265502111949,0.005776461330914799,0.0012149878999999958,0.0011751042142857143
RUSSELL1000,return,RUSSELL1000_return,2013-12-03,-0.0031860645,-0.0024533444,-0.0008080683,-0.0015019734,0.0020372729742625987,0.005745143965337029,-0.0002793910600000043,0.0012171093142857145
RUSSELL1000,return,RUSSELL1000_return,2013-12-04,-0.0008049427,-0.0031860645,-0.0024533444,0.0005882277,0.0023973284625153483,0.005811653933123543,-0.0006162092800000042,0.0009346050476190478
RUSSELL1000,return,RUSSELL1000_return,2013-12-05,-0.003742985,-0.0008049427,-0.0031860645,0.0027782031,0.002301385568580967,0.005783897341515013,-0.0008948433600000043,0.000713460242857143
RUSSELL1000,return,RUSSELL1000_return,2013-12-06,0.0105784687,-0.003742985,-0.0008049427,-0.0008080683,0.0013510147850928575,0.005818441895274833,-0.0021990809800000047,0.0006647851380952382
RUSSELL1000,return,RUSSELL1000_return,2013-12-09,0.0019369795,0.0105784687,-0.003742985,-0.0024533444,0.005972879924639191,0.006177021723599994,7.822641999999554e-05,0.0009855789571428571
RUSSELL1000,return,RUSSELL1000_return,2013-12-10,-0.0028267923,0.0019369795,0.0105784687,-0.0031860645,0.005828642676107862,0.005164845937831407,0.0009562911999999955,0.0017351092952380951
RUSSELL1000,return,RUSSELL1000_return,2013-12-11,-0.0117108967,-0.0028267923,0.0019369795,-0.0008049427,0.005766695251677828,0.004533009892213993,0.0010281456399999955,0.0009725424142857144
RUSSELL1000,return,RUSSELL1000_return,2013-12-12,-0.0027621262,-0.0117108967,-0.0028267923,-0.003742985,0.008187705979866094,0.005310913776604829,-0.001153045160000005,0.0003664203761904762
RUSSELL1000,return,RUSSELL1000_return,2013-12-13,0.0005197563,-0.0027621262,-0.0117108967,0.0105784687,0.00812162319786354,0.0053288316999136175,-0.0009568734000000047,0.0003336204238095238
RUSSELL1000,return,RUSSELL1000_return,2013-12-16,0.0063028807,0.0005197563,-0.0027621262,0.0019369795,0.005308574016391023,0.0049647088588374915,-0.0029686158800000047,-6.081780952380951e-05
RUSSELL1000,return,RUSSELL1000_return,2013-12-17,-0.0026573384,0.0063028807,0.0005197563,-0.0028267923,0.006534665188306317,0.005042188398210627,-0.002095435640000005,4.595904761904794e-06
RUSSELL1000,return,RUSSELL1000_return,2013-12-18,0.0159781276,-0.0026573384,0.0063028807,-0.0117108967,0.0065303618911162565,0.004975511029183504,-0.0020615448600000046,-0.00032510191904761904
RUSSELL1000,return,RUSSELL1000_return,2013-12-19,-0.0009971593,0.0159781276,-0.0026573384,-0.0027621262,0.007898827190009712,0.006009389811520832,0.003476259999999995,0.0006557797095238095
RUSSELL1000,return,RUSSELL1000_return,2013-12-20,0.0055248191,-0.0009971593,0.0159781276,0.0005197563,0.007583483370658068,0.0059780285382668875,0.0038292533799999954,0.0007286986285714286
RUSSELL1000,return,RUSSELL1000_return,2013-12-23,0.0056620467,0.0055248191,-0.0009971593,0.0063028807,0.007364593023278877,0.005980438021321086,0.004830265939999996,0.001161829742857143
RUSSELL1000,return,RUSSELL1000_return,2013-12-24,0.0032022446,0.0056620467,0.0055248191,-0.0026573384,0.007338086483415427,0.005828642271861459,0.0047020991399999955,0.001020779457142857
RUSSELL1000,return,RUSSELL1000_return,2013-12-26,0.0043902369,0.0032022446,0.0056620467,0.0159781276,0.0062572228884217535,0.005779623424884004,0.005874015739999996,0.0009342887047619047
RUSSELL1000,return,RUSSELL1000_return,2013-12-27,-0.0002310736,0.0043902369,0.0032022446,-0.0009971593,0.002732399773695556,0.005798430385401022,0.003556437599999996,0.0012148701476190475
RUSSELL1000,return,RUSSELL1000_return,2013-12-30,0.0001063294,-0.0002310736,0.0043902369,0.0055248191,0.0024164360634854913,0.0058056093855220516,0.0037096547399999963,0.0011758557999999998
RUSSELL1000,return,RUSSELL1000_return,2013-12-31,0.0041456688,0.0001063294,-0.0002310736,0.0056620467,0.0026064237338700186,0.005798010126521087,0.002625956799999996,0.001048623719047619
RUSSELL1000,return,RUSSELL1000_return,2014-01-02,-0.0087137137,0.0041456688,0.0001063294,0.0032022446,0.002225173084102899,0.0058194255015836145,0.002322681219999996,0.001284515961904762
RUSSELL1000,return,RUSSELL1000_return,2014-01-03,2.2406e-06,-0.0087137137,0.0041456688,0.0043902369,0.005301790963112395,0.006170255113391237,-6.051044000000422e-05,0.000986403138095238
RUSSELL1000,return,RUSSELL1000_return,2014-01-06,-0.0028215592,2.2406e-06,-0.0087137137,-0.0002310736,0.004711152543935038,0.006101294910084839,-0.0009381097000000042,0.0011382271904761907
RUSSELL1000,return,RUSSELL1000_return,2014-01-07,0.0064393552,-0.0028215592,2.2406e-06,0.0001063294,0.004756185236418149,0.006149090730528342,-0.0014562068200000041,0.0010421978333333335
RUSSELL1000,return,RUSSELL1000_return,2014-01-08,0.000374716,0.0064393552,-0.0028215592,0.0041456688,0.00596578010466044,0.006154350184246283,-0.00018960166000000432,0.0015270711761904761
RUSSELL1000,return,RUSSELL1000_return,2014-01-09,0.0003871151,0.000374716,0.0064393552,-0.0087137137,0.005500954382757665,0.005796389899151971,-0.0009437922200000044,0.0010411781904761904
RUSSELL1000,return,RUSSELL1000_return,2014-01-10,0.0028609871,0.0003871151,0.000374716,2.2406e-06,0.003386613869501709,0.005794280244578964,0.0008763735399999956,0.0009673751238095238
RUSSELL1000,return,RUSSELL1000_return,2014-01-13,-0.012567452,0.0028609871,0.0003871151,-0.0028215592,0.0034429896267595596,0.005740745661506518,0.0014481228399999958,0.001238221761904762
RUSSELL1000,return,RUSSELL1000_return,2014-01-14,0.0111061025,-0.012567452,0.0028609871,0.0064393552,0.007187252228060106,0.0058395429470399895,-0.0005010557200000043,0.0011974334142857142
RUSSELL1000,return,RUSSELL1000_return,2014-01-15,0.0051564349,0.0111061025,-0.012567452,0.000374716,0.008497462716780032,0.006145528383341989,0.00043229373999999557,0.0018578252571428574
RUSSELL1000,return,RUSSELL1000_return,2014-01-16,-0.0011608561,0.0051564349,0.0111061025,0.0003871151,0.008754551928397105,0.006178256337433155,0.0013886375199999956,0.0020786194761904762
RUSSELL1000,return,RUSSELL1000_return,2014-01-17,-0.00384886,-0.0011608561,0.0051564349,0.0028609871,0.008825904280319638,0.00613764659612938,0.0010790432799999959,0.0017232034380952382
RUSSELL1000,return,RUSSELL1000_return,2014-01-21,0.0029344864,-0.00384886,-0.0011608561,-0.012567452,0.008995705125221992,0.006185488069064729,-0.00026292614000000434,0.0016664643142857143
RUSSELL1000,return,RUSSELL1000_return,2014-01-22,0.0011838762,0.0029344864,-0.00384886,0.0111061025,0.005797648537981637,0.005262545417164833,0.0028374615399999956,0.001045338542857143
RUSSELL1000,return,RUSSELL1000_return,2014-01-23,-0.0086982608,0.0011838762,0.0029344864,0.0051564349,0.0035044514721077735,0.0052417008727908805,0.0008530162799999956,0.0011491973761904766
RUSSELL1000,return,RUSSELL1000_return,2014-01-24,-0.021337446,-0.0086982608,0.0011838762,-0.0011608561,0.004567320985366703,0.005557435491813799,-0.0019179228600000042,0.0004719078571428574
RUSSELL1000,return,RUSSELL1000_return,2014-01-27,-0.0053970914,-0.021337446,-0.0086982608,-0.00384886,0.009728405018820229,0.007182266975442172,-0.005953240840000004,-0.0008137822714285712
RUSSELL1000,return,RUSSELL1000_return,2014-01-28,0.0068391116,-0.0053970914,-0.021337446,0.0029344864,0.009669138227203736,0.0071869884789502545,-0.006262887120000005,-0.001223274461904762
RUSSELL1000,return,RUSSELL1000_return,2014-01-29,-0.0101409869,0.0068391116,-0.0053970914,0.0011838762,0.010700355221078877,0.007301578789236623,-0.005481962080000004,-0.0011066613809523809
RUSSELL1000,return,RUSSELL1000_return,2014-01-30,0.0117800166,-0.0101409869,0.0068391116,-0.0086982608,0.010119449279488907,0.007557899660514211,-0.007746934700000004,-0.001578562014285714
RUSSELL1000,return,RUSSELL1000_return,2014-01-31,-0.0061573453,0.0117800166,-0.0101409869,-0.021337446,0.013286627220163461,0.008098025761452658,-0.0036512792200000034,-0.0010226721476190475
RUSSELL1000,return,RUSSELL1000_return,2014-02-03,-0.0236153141,-0.0061573453,0.0117800166,-0.0053970914,0.00940120513451969,0.008081332448955673,-0.0006152590800000037,-0.0015132918666666663
RUSSELL1000,return,RUSSELL1000_return,2014-02-04,0.0081142841,-0.0236153141,-0.0061573453,0.0068391116,0.014082671220709062,0.009306550970440166,-0.004258903620000004,-0.0022228918857142856
RUSSELL1000,return,RUSSELL1000_return,2014-02-05,-0.0017122741,0.0081142841,-0.0236153141,-0.0101409869,0.014343039552274171,0.009568203145751636,-0.004003869120000004,-0.0018366041
RUSSELL1000,return,RUSSELL1000_return,2014-02-06,0.0128721563,-0.0017122741,0.0081142841,0.0117800166,0.013930808371999854,0.009565555274759401,-0.002318126560000004,-0.0017837809999999995
RUSSELL1000,return,RUSSELL1000_return,2014-02-07,0.0131031068,0.0128721563,-0.0017122741,-0.0061573453,0.014212830352991066,0.009937814052877804,-0.002099698620000004,-0.0014774571380952377
RUSSELL1000,return,RUSSELL1000_return,2014-02-10,0.0018093511,0.0131031068,0.0128721563,-0.0236153141,0.01539874978375683,0.010432282608540488,0.0017523917999999962,-0.00087134329047619
RUSSELL1000,return,RUSSELL1000_return,2014-02-11,0.0108891451,0.0018093511,0.0131031068,0.0081142841,0.006627329802370403,0.010445469093596555,0.006837324839999996,-0.0008036177666666663
RUSSELL1000,return,RUSSELL1000_return,2014-02-12,0.0008077797,0.0108891451,0.0018093511,-0.0017122741,0.006872638739802388,0.010729349364745185,0.0073922970399999954,-0.0004213245285714282
RUSSELL1000,return,RUSSELL1000_return,2014-02-13,0.0063031568,0.0008077797,0.0108891451,0.0128721563,0.0060853342496076405,0.010363016317976535,0.007896307799999997,0.00021559126666666702
RUSSELL1000,return,RUSSELL1000_return,2014-02-14,0.0046130205,0.0063031568,0.0008077797,0.0131031068,0.0054146533279019774,0.010161690000822138,0.006582507899999995,-1.3120433333332987e-05
RUSSELL1000,return,RUSSELL1000_return,2014-02-18,0.0021775497,0.0046130205,0.0063031568,0.0018093511,0.004006814201246042,0.010148550855121364,0.004884490639999996,-3.899730952380918e-05
RUSSELL1000,return,RUSSELL1000_return,2014-02-19,-0.0064575725,0.0021775497,0.0046130205,0.0108891451,0.003938977411511651,0.010156243130750017,0.004958130359999996,0.0001199743952380956
RUSSELL1000,return,RUSSELL1000_return,2014-02-20,0.0065667191,-0.0064575725,0.0021775497,0.0008077797,0.0049249818739890055,0.010222949431457788,0.0014887868399999955,-4.250009523809152e-06
RUSSELL1000,return,RUSSELL1000_return,2014-02-21,-0.0014956318,0.0065667191,-0.0064575725,0.0063031568,0.005378436913879447,0.010305549770328321,0.0026405747199999955,0.00016871345238095273
RUSSELL1000,return,RUSSELL1000_return,2014-02-24,0.006182521,-0.0014956318,0.0065667191,0.0046130205,0.005177832816540615,0.010308939609890167,0.0010808169999999956,4.11178333333337e-05
RUSSELL1000,return,RUSSELL1000_return,2014-02-25,-0.0011718067,0.006182521,-0.0014956318,0.0021775497,0.0054840237617666135,0.010188915940269345,0.0013947170999999954,0.000749726490476191
RUSSELL1000,return,RUSSELL1000_return,2014-02-26,0.000522622,-0.0011718067,0.006182521,-0.0064575725,0.005568407455367802,0.0088678205692413,0.0007248458199999953,0.0017099950285714288
RUSSELL1000,return,RUSSELL1000_return,2014-02-27,0.0051074579,0.000522622,-0.0011718067,0.0065667191,0.003960359354096563,0.008723517912987852,0.0021208847199999954,0.0019918861428571432
RUSSELL1000,return,RUSSELL1000_return,2014-02-28,0.0024153734,0.0051074579,0.000522622,-0.0014956318,0.0035869928989844973,0.008683500724538822,0.0018290324799999952,0.001909426442857143
RUSSELL1000,return,RUSSELL1000_return,2014-03-03,-0.0072366239,0.0024153734,0.0051074579,0.006182521,0.0030699056579288377,0.00823285944919573,0.002611233519999995,0.0025073483619047618
RUSSELL1000,return,RUSSELL1000_return,2014-03-04,0.0152521638,-0.0072366239,0.0024153734,-0.0011718067,0.004634349860680002,0.008207744856639299,-7.259546000000488e-05,0.0016017940523809524
RUSSELL1000,return,RUSSELL1000_return,2014-03-05,-6.47367e-05,0.0152521638,-0.0072366239,0.000522622,0.008148610528098923,0.00851951541927685,0.0032121986399999947,0.002621294485714286
RUSSELL1000,return,RUSSELL1000_return,2014-03-06,0.001696507,-6.47367e-05,0.0152521638,0.0051074579,0.008201141670922904,0.006099537093656534,0.003094726899999995,0.003742750552380953
RUSSELL1000,return,RUSSELL1000_return,2014-03-07,0.0003612916,0.001696507,-6.47367e-05,0.0024153734,0.008133448137600457,0.006029935884611578,0.002412536719999995,0.0034371421190476192
RUSSELL1000,return,RUSSELL1000_return,2014-03-10,-0.0010145376,0.0003612916,0.001696507,-0.0072366239,0.00818498110131443,0.005957944939550028,0.0020017203599999953,0.003535883342857143
RUSSELL1000,return,RUSSELL1000_return,2014-03-11,-0.0050871131,-0.0010145376,0.0003612916,0.0152521638,0.006782027689886638,0.005631605571244661,0.0032461376199999954,0.002874612204761905
RUSSELL1000,return,RUSSELL1000_return,2014-03-12,0.0008343659,-0.0050871131,-0.0010145376,-6.47367e-05,0.0025760805650307575,0.005372663253128612,-0.0008217177600000049,0.0020084112571428572
RUSSELL1000,return,RUSSELL1000_return,2014-03-13,-0.0116757636,0.0008343659,-0.0050871131,0.001696507,0.002671735390002707,0.005378678739718379,-0.0006418972400000049,0.001961983390476191
RUSSELL1000,return,RUSSELL1000_return,2014-03-14,-0.0020500072,-0.0116757636,0.0008343659,0.0003612916,0.005221762830633359,0.005747395901345104,-0.003316351360000005,0.0008874639285714286
RUSSELL1000,return,RUSSELL1000_return,2014-03-17,0.0091543561,-0.0020500072,-0.0116757636,-0.0010145376,0.004898543805236632,0.005783098986711319,-0.0037986111200000046,0.0007513788380952382
RUSSELL1000,return,RUSSELL1000_return,2014-03-18,0.0075339514,0.0091543561,-0.0020500072,-0.0050871131,0.007670233703553923,0.005950988803639122,-0.001764832380000005,0.0008871502333333334
RUSSELL1000,return,RUSSELL1000_return,2014-03-19,-0.006192833,0.0075339514,0.0091543561,0.0008343659,0.008350172409157391,0.006075265152066175,0.0007593805199999951,0.001026242180952381
RUSSELL1000,return,RUSSELL1000_return,2014-03-20,0.0054796528,-0.006192833,0.0075339514,-0.0116757636,0.008907200208188854,0.006267496002760318,-0.0006460592600000049,0.0006276525285714285
RUSSELL1000,return,RUSSELL1000_return,2014-03-21,-0.0030043758,0.0054796528,-0.006192833,-0.0020500072,0.006602294492026523,0.006132642284640875,0.002785024019999995,0.0011960918285714285
RUSSELL1000,return,RUSSELL1000_return,2014-03-24,-0.0053932301,-0.0030043758,0.0054796528,0.0091543561,0.006788199866869772,0.0060688719509594796,0.002594150299999995,0.0007403254047619049
RUSSELL1000,return,RUSSELL1000_return,2014-03-25,0.0038650993,-0.0053932301,-0.0030043758,0.0075339514,0.006378756195312445,0.006198877881207061,-0.00031536694000000516,0.0005547254857142857
RUSSELL1000,return,RUSSELL1000_return,2014-03-26,-0.0075687675,0.0038650993,-0.0053932301,-0.006192833,0.005383459083891417,0.0061137243017866045,-0.001049137360000005,0.00044437207142857145
RUSSELL1000,return,RUSSELL1000_return,2014-03-27,-0.0016127857,-0.0075687675,0.0038650993,0.0054796528,0.005735761937343535,0.006352960902482957,-0.0013243242600000052,0.0001397548904761905
RUSSELL1000,return,RUSSELL1000_return,2014-03-28,0.0048104086,-0.0016127857,-0.0075687675,-0.0030043758,0.004339482382773883,0.006363607132071418,-0.0027428119600000052,3.8068809523809554e-05
RUSSELL1000,return,RUSSELL1000_return,2014-03-31,0.0086996882,0.0048104086,-0.0016127857,-0.0053932301,0.00547934721348114,0.0063520950643427675,-0.0011798550800000052,2.3923604761904757e-05
RUSSELL1000,return,RUSSELL1000_return,2014-04-01,0.0076216885,0.0086996882,0.0048104086,0.0038650993,0.006328976233635111,0.0066130609127782024,0.001638728579999995,0.00032317669047619054
RUSSELL1000,return,RUSSELL1000_return,2014-04-02,0.0029568363,0.0076216885,0.0086996882,-0.0075687675,0.006860037372376591,0.006558415782644706,0.002390046419999995,0.0010307153761904763
RUSSELL1000,return,RUSSELL1000_return,2014-04-03,-0.0018223423,0.0029568363,0.0076216885,-0.0016127857,0.004099574978140534,0.0057206550536149665,0.004495167179999995,0.0004452235904761906
RUSSELL1000,return,RUSSELL1000_return,2014-04-04,-0.0129917935,-0.0018223423,0.0029568363,0.0048104086,0.004177951497368438,0.005741308982849352,0.004453255859999995,0.0003615280857142858
RUSSELL1000,return,RUSSELL1000_return,2014-04-07,-0.0116278938,-0.0129917935,-0.0018223423,0.0086996882,0.008812485801814813,0.006424593287449543,0.0008928154399999954,-0.00033791479523809513
RUSSELL1000,return,RUSSELL1000_return,2014-04-08,0.0044165206,-0.0116278938,-0.0129917935,0.0076216885,0.008997477474509137,0.006876183264151918,-0.003172700960000005,-0.0009088283857142857
RUSSELL1000,return,RUSSELL1000_return,2014-04-09,0.0113426444,0.0044165206,-0.0116278938,0.0029568363,0.008106189354998575,0.0069734550363312895,-0.003813734540000005,-0.0006502065666666666
RUSSELL1000,return,RUSSELL1000_return,2014-04-10,-0.0211723906,0.0113426444,0.0044165206,-0.0018223423,0.010400144963073604,0.007361622436671717,-0.0021365729200000043,0.00013216283809523821
RUSSELL1000,return,RUSSELL1000_return,2014-04-11,-0.0098961793,-0.0211723906,0.0113426444,-0.0129917935,0.013416694833610935,0.008701145983033048,-0.0060065825800000045,-0.0009157779476190475
RUSSELL1000,return,RUSSELL1000_return,2014-04-14,0.0076567906,-0.0098961793,-0.0211723906,-0.0116278938,0.013080997922800736,0.008599181181495675,-0.0053874597400000055,-0.0008310358380952379
RUSSELL1000,return,RUSSELL1000_return,2014-04-15,0.0066066027,0.0076567906,-0.0098961793,0.0044165206,0.013613225791662404,0.008789166308707937,-0.001530522860000005,-0.00036880737142857124
RUSSELL1000,return,RUSSELL1000_return,2014-04-16,0.0108468588,0.0066066027,0.0076567906,0.0113426444,0.01388493662537084,0.008667887556114641,-0.0010925064400000048,-0.0004901289619047616
RUSSELL1000,return,RUSSELL1000_return,2014-04-17,0.0015718775,0.0108468588,0.0066066027,-0.0211723906,0.013775269195287914,0.00884947536183596,-0.0011916635600000055,-0.0003323714666666665
RUSSELL1000,return,RUSSELL1000_return,2014-04-21,0.0038862602,0.0015718775,0.0108468588,-0.0098961793,0.008123723368520368,0.008754068914613024,0.003357190059999995,3.737665238095259e-05
RUSSELL1000,return,RUSSELL1000_return,2014-04-22,0.0047715443,0.0038862602,0.0015718775,0.0076567906,0.00355726417275961,0.008711340557380163,0.006113677959999994,-3.849918571428551e-05
RUSSELL1000,return,RUSSELL1000_return,2014-04-23,-0.0022904323,0.0047715443,0.0038862602,0.0066066027,0.0034774886943899955,0.008744169193907143,0.005536628699999995,0.000331782723809524
RUSSELL1000,return,RUSSELL1000_return,2014-04-24,0.001498318,-0.0022904323,0.0047715443,0.0108468588,0.004812959163997783,0.00866848225525753,0.0037572216999999944,0.00047953500000000017
RUSSELL1000,return,RUSSELL1000_return,2014-04-25,-0.0087925209,0.001498318,-0.0022904323,0.0015718775,0.0027394777036674933,0.008637594630308294,0.0018875135399999948,0.0003668311285714288
RUSSELL1000,return,RUSSELL1000_return,2014-04-28,0.0023611762,-0.0087925209,0.001498318,0.0038862602,0.005533947755595005,0.008697728183179378,-0.00018536614000000534,0.0003085571571428574
RUSSELL1000,return,RUSSELL1000_return,2014-04-29,0.0050778819,0.0023611762,-0.0087925209,0.0047715443,0.005290082032493439,0.008697066113808898,-0.0004903829400000052,0.0004977934380952384
RUSSELL1000,return,RUSSELL1000_return,2014-04-30,0.0034058235,0.0050778819,0.0023611762,-0.0022904323,0.005367466770887621,0.00870389089368412,-0.00042911542000000514,0.0005105302619047622
RUSSELL1000,return,RUSSELL1000_return,2014-05-01,0.0005228087,0.0034058235,0.0050778819,0.001498318,0.005477033597461363,0.008529772051491944,0.0007101357399999949,0.0002584414666666669
RUSSELL1000,return,RUSSELL1000_return,2014-05-02,-0.0010063538,0.0005228087,0.0034058235,-0.0087925209,0.005459283940613031,0.008362394960137827,0.0005150338799999948,-7.960042857142833e-05
RUSSELL1000,return,RUSSELL1000_return,2014-05-05,0.0019020849,-0.0010063538,0.0005228087,0.0023611762,0.0023861207767667497,0.008335118375663388,0.002072267299999995,-0.00026832376666666646
RUSSELL1000,return,RUSSELL1000_return,2014-05-06,-0.0089294727,0.0019020849,-0.0010063538,0.0050778819,0.002381051772730658,0.00834002136103141,0.0019804490399999946,-9.097009047619025e-05
RUSSELL1000,return,RUSSELL1000_return,2014-05-07,0.0055942563,-0.0089294727,0.0019020849,0.0034058235,0.0048184213091629876,0.008068522723579054,-0.0008210218800000051,0.00010247375714285734
RUSSELL1000,return,RUSSELL1000_return,2014-05-08,-0.0016993919,0.0055942563,-0.0089294727,0.0005228087,0.005366573867159509,0.007682627821606524,-0.00038333532000000507,0.0009225761428571431
RUSSELL1000,return,RUSSELL1000_return,2014-05-09,0.0017138014,-0.0016993919,0.0055942563,-0.0010063538,0.005364786415183947,0.007659442904775917,-0.0008277754400000049,0.0006313422142857144
RUSSELL1000,return,RUSSELL1000_return,2014-05-12,0.0101647053,0.0017138014,-0.0016993919,0.0019020849,0.005478859526916062,0.007264179423096906,-0.00028374440000000496,0.00017282588095238107
RUSSELL1000,return,RUSSELL1000_return,2014-05-13,0.0002575071,0.0101647053,0.0017138014,-0.0089294727,0.007259643226297487,0.0057132429062782515,0.001368779679999995,0.0016650685428571432
RUSSELL1000,return,RUSSELL1000_return,2014-05-14,-0.0046843077,0.0002575071,0.0101647053,0.0055942563,0.00471991748307824,0.005080513114606486,0.0032061756399999948,0.0021485774190476196
RUSSELL1000,return,RUSSELL1000_return,2014-05-15,-0.0089618538,-0.0046843077,0.0002575071,-0.0016993919,0.005579818695710526,0.005125073984285468,0.001150462839999995,0.0015609060714285715
RUSSELL1000,return,RUSSELL1000_return,2014-05-16,0.0036833535,-0.0089618538,-0.0046843077,0.0017138014,0.0072132882918737725,0.005472912083852502,-0.0003020295400000053,0.0008195510000000001
RUSSELL1000,return,RUSSELL1000_return,2014-05-19,0.0042035293,0.0036833535,-0.0089618538,0.0101647053,0.007402195424816013,0.005021285625619986,9.188087999999484e-05,0.00047843170000000016
RUSSELL1000,return,RUSSELL1000_return,2014-05-20,-0.0068425513,0.0042035293,0.0036833535,0.0002575071,0.005645943798463049,0.005082406541374727,-0.0011003543200000052,0.0006037484523809526
RUSSELL1000,return,RUSSELL1000_return,2014-05-21,0.0080744529,-0.0068425513,0.0042035293,-0.0046843077,0.006094128283974009,0.005271661583808994,-0.002520366000000005,9.285266666666686e-05
RUSSELL1000,return,RUSSELL1000_return,2014-05-22,0.0027821117,0.0080744529,-0.0068425513,-0.0089618538,0.00747602748121126,0.005463994042850978,3.1386119999994575e-05,0.0002501340285714287
RUSSELL1000,return,RUSSELL1000_return,2014-05-23,0.0044672269,0.0027821117,0.0080744529,0.0036833535,0.005537777745270448,0.005458185504868169,0.0023801792199999944,0.000491683742857143
RUSSELL1000,return,RUSSELL1000_return,2014-05-27,0.0059900861,0.0044672269,0.0027821117,0.0042035293,0.00559469710389099,0.005523620536791547,0.0025369538999999944,0.0006330603571428572
RUSSELL1000,return,RUSSELL1000_return,2014-05-28,-0.001045627,0.0059900861,0.0044672269,-0.0068425513,0.005781670046881164,0.00519450596647812,0.0028942652599999947,0.0013369940238095238
RUSSELL1000,return,RUSSELL1000_return,2014-05-29,0.0054320053,-0.001045627,0.0059900861,0.0080744529,0.003453517125820536,0.005214082360268211,0.004053650119999994,0.0011747653
RUSSELL1000,return,RUSSELL1000_return,2014-05-30,0.0013843564,0.0054320053,-0.001045627,0.0027821117,0.0028303544078512014,0.005227891060590148,0.003525160599999995,0.0011916283190476192
RUSSELL1000,return,RUSSELL1000_return,2014-06-02,0.001202277,0.0013843564,0.0054320053,0.0044672269,0.0029867959955185135,0.005203637168055187,0.0032456095399999952,0.001095367980952381
RUSSELL1000,return,RUSSELL1000_return,2014-06-03,-0.0003108916,0.001202277,0.0013843564,0.0059900861,0.0030097624740271943,0.005202011227959243,0.0025926195599999947,0.0011277236142857143
RUSSELL1000,return,RUSSELL1000_return,2014-06-04,0.0023183726,-0.0003108916,0.001202277,-0.001045627,0.0025090742700692773,0.005189945625182423,0.0013324240199999947,0.0011608408619047622
RUSSELL1000,return,RUSSELL1000_return,2014-06-05,0.0067573487,0.0023183726,-0.0003108916,0.0054320053,0.0021351512860811324,0.005193712047675743,0.002005223939999995,0.0011806640857142858
RUSSELL1000,return,RUSSELL1000_return,2014-06-06,0.0047768191,0.0067573487,0.0023183726,0.0013843564,0.0026797404854571527,0.00477838633835567,0.0022702926199999946,0.0019276555809523812
RUSSELL1000,return,RUSSELL1000_return,2014-06-09,0.0009871531,0.0047768191,0.0067573487,0.001202277,0.0028248923719518763,0.004750270901112542,0.002948785159999995,0.0018887300000000001
RUSSELL1000,return,RUSSELL1000_return,2014-06-10,-0.0004610063,0.0009871531,0.0047768191,-0.0003108916,0.0028595682182739847,0.00468452774138266,0.002905760379999995,0.0020166607142857143
RUSSELL1000,return,RUSSELL1000_return,2014-06-11,-0.0032830429,-0.0004610063,0.0009871531,0.0023183726,0.0029022526859467154,0.004715495123737125,0.002875737439999995,0.0019130984428571431
RUSSELL1000,return,RUSSELL1000_return,2014-06-12,-0.0067276486,-0.0032830429,-0.0004610063,0.0067573487,0.004032276999510139,0.004444194155384549,0.0017554543399999948,0.0012727294809523812
RUSSELL1000,return,RUSSELL1000_return,2014-06-13,0.0031976188,-0.0067276486,-0.0032830429,0.0047768191,0.0043477606037174285,0.004773202065407117,-0.0009415451200000053,0.0009401030190476191
RUSSELL1000,return,RUSSELL1000_return,2014-06-16,0.0008036283,0.0031976188,-0.0067276486,0.0009871531,0.0038583125506981317,0.004616130514561174,-0.0012573851800000055,0.0013154328523809526
RUSSELL1000,return,RUSSELL1000_return,2014-06-17,0.0026652826,0.0008036283,0.0031976188,-0.0004610063,0.003832407570947153,0.0039766277682844456,-0.0012940901400000054,0.0017804558095238093
RUSSELL1000,return,RUSSELL1000_return,2014-06-18,0.0074473803,0.0026652826,0.0008036283,-0.0032830429,0.004236073019671213,0.003958433473878748,-0.0006688323600000055,0.0017319762428571427
RUSSELL1000,return,RUSSELL1000_return,2014-06-19,0.0014475104,0.0074473803,0.0026652826,-0.0067276486,0.005191042123134407,0.004119709368605698,0.0014772522799999946,0.001886445338095238
RUSSELL1000,return,RUSSELL1000_return,2014-06-20,0.0018327099,0.0014475104,0.0074473803,0.0031976188,0.002602955747336478,0.0036066935155574095,0.003112284079999995,0.002281210180952381
RUSSELL1000,return,RUSSELL1000_return,2014-06-23,-9.66458e-05,0.0018327099,0.0014475104,0.0008036283,0.0026626559718161756,0.0033537221574711064,0.0028393022999999946,0.001983984323809524
RUSSELL1000,return,RUSSELL1000_return,2014-06-24,-0.006590836,-9.66458e-05,0.0018327099,0.0026652826,0.0028580006655695876,0.0033782127663281214,0.0026592474799999946,0.0018469006333333333
RUSSELL1000,return,RUSSELL1000_return,2014-06-25,0.0050136982,-0.006590836,-9.66458e-05,0.0074473803,0.0050274629007688145,0.0037865078010043836,0.000808023759999995,0.0013203262095238095
RUSSELL1000,return,RUSSELL1000_return,2014-06-26,-0.0009742446,0.0050136982,-0.006590836,0.0014475104,0.004287295575059049,0.003731901451950309,0.0003212873399999948,0.0012738315476190478
RUSSELL1000,return,RUSSELL1000_return,2014-06-27,0.0023022786,-0.0009742446,0.0050136982,0.0018327099,0.0042649929238617445,0.003729715034103895,-0.00016306366000000522,0.0012772307095238096
RUSSELL1000,return,RUSSELL1000_return,2014-06-30,0.0003256991,0.0023022786,-0.0009742446,-9.66458e-05,0.004324678021705948,0.0036161970245740774,-6.91499200000053e-05,0.0011281961047619048
RUSSELL1000,return,RUSSELL1000_return,2014-07-01,0.006951126,0.0003256991,0.0023022786,-0.006590836,0.004328129926653447,0.0036198248055504772,1.531905999999475e-05,0.0010777838523809524
RUSSELL1000,return,RUSSELL1000_return,2014-07-02,2.7185e-06,0.006951126,0.0003256991,0.0050136982,0.003267951228150155,0.0038403743787637323,0.002723711459999995,0.0013515385666666667
RUSSELL1000,return,RUSSELL1000_return,2014-07-03,0.0053088799,2.7185e-06,0.006951126,-0.0009742446,0.0031565725410048697,0.0038341913456393013,0.001721515519999995,0.0013664723809523808
RUSSELL1000,return,RUSSELL1000_return,2014-07-07,-0.0047316955,0.0053088799,2.7185e-06,0.0023022786,0.003064405762146801,0.00392575511843988,0.002978140419999995,0.0015088774904761905
RUSSELL1000,return,RUSSELL1000_return,2014-07-08,-0.0073197694,-0.0047316955,0.0053088799,0.0003256991,0.0046543461701405615,0.003958179762577811,0.0015713455999999953,0.0009617801476190476
RUSSELL1000,return,RUSSELL1000_return,2014-07-09,0.004664519,-0.0073197694,-0.0047316955,0.006951126,0.006173763157697515,0.004245028311982171,4.225189999999494e-05,0.0003857521238095238
RUSSELL1000,return,RUSSELL1000_return,2014-07-10,-0.0040889335,0.004664519,-0.0073197694,2.7185e-06,0.0055912544122266195,0.004345730760790866,-0.00041506950000000516,0.0005608647857142856
RUSSELL1000,return,RUSSELL1000_return,2014-07-11,0.0013226897,-0.0040889335,0.004664519,0.0053088799,0.005809967948894076,0.004459019878017458,-0.0012333999000000051,0.00038810634761904763
RUSSELL1000,return,RUSSELL1000_return,2014-07-14,0.0047939549,0.0013226897,-0.0040889335,-0.0047316955,0.0048881780058711724,0.004382026601117791,-0.002030637940000005,0.0006074269476190476
RUSSELL1000,return,RUSSELL1000_return,2014-07-15,-0.0023181448,0.0047939549,0.0013226897,-0.0073197694,0.005401594423155832,0.00413186110255847,-0.00012550786000000512,0.0011560747333333333
RUSSELL1000,return,RUSSELL1000_return,2014-07-16,0.003850698,-0.0023181448,0.0047939549,0.004664519,0.004023552446717238,0.004170725820880416,0.0008748170599999948,0.0008934193238095238
RUSSELL1000,return,RUSSELL1000_return,2014-07-17,-0.0116104535,0.003850698,-0.0023181448,-0.0040889335,0.0038443940620383993,0.004220156316908669,0.000712052859999995,0.0010385178809523808
RUSSELL1000,return,RUSSELL1000_return,2014-07-18,0.0105639105,-0.0116104535,0.003850698,0.0013226897,0.006644499664350184,0.0050191627706528035,-0.0007922511400000049,0.00035872092380952387
RUSSELL1000,return,RUSSELL1000_return,2014-07-21,-0.0022894168,0.0105639105,-0.0116104535,0.0047939549,0.008426252180246504,0.00527860866373095,0.0010559930199999952,0.0005071271238095238
RUSSELL1000,return,RUSSELL1000_return,2014-07-22,0.0050982138,-0.0022894168,0.0105639105,-0.0023181448,0.008233946200634648,0.005308227310364363,-0.0003606813200000048,0.0003291782095238096
RUSSELL1000,return,RUSSELL1000_return,2014-07-23,0.0018371479,0.0050982138,-0.0022894168,0.003850698,0.008458115597144707,0.005401485212541191,0.0011225903999999953,0.00048467839523809534
RUSSELL1000,return,RUSSELL1000_return,2014-07-24,0.0005690261,0.0018371479,0.0050982138,-0.0116104535,0.008342901509085983,0.005407559577912005,0.0007198803799999952,0.0005767638095238096
RUSSELL1000,return,RUSSELL1000_return,2014-07-25,-0.0048875274,0.0005690261,0.0018371479,0.0105639105,0.004917664616395469,0.005152758773716087,0.003155776299999995,0.0009177096238095241
RUSSELL1000,return,RUSSELL1000_return,2014-07-28,-6.66733e-05,-0.0048875274,0.0005690261,-0.0022894168,0.003834012146795598,0.005211879774103115,6.548871999999487e-05,0.0004462226904761907
RUSSELL1000,return,RUSSELL1000_return,2014-07-29,-0.0043212705,-6.66733e-05,-0.0048875274,0.0050982138,0.0036153272889584394,0.005203267855112552,0.0005100374199999949,0.0004894403714285716
RUSSELL1000,return,RUSSELL1000_return,2014-07-30,0.0006409989,-0.0043212705,-6.66733e-05,0.0018371479,0.003034271018441903,0.005287945582516541,-0.001373859440000005,0.00017403327142857157
RUSSELL1000,return,RUSSELL1000_return,2014-07-31,-0.0197931659,0.0006409989,-0.0043212705,0.0005690261,0.002751823666231147,0.005288845290087218,-0.0016130892400000052,0.00018904754761904776
RUSSELL1000,return,RUSSELL1000_return,2014-08-01,-0.0027039336,-0.0197931659,0.0006409989,-0.0048875274,0.008263170114392537,0.006629257028771947,-0.005685527640000005,-0.0010844901619047618
RUSSELL1000,return,RUSSELL1000_return,2014-08-04,0.0070565741,-0.0027039336,-0.0197931659,-6.66733e-05,0.008372863960694747,0.006633372799492005,-0.005248808880000005,-0.001213378357142857
RUSSELL1000,return,RUSSELL1000_return,2014-08-05,-0.0091014345,0.0070565741,-0.0027039336,-0.0043212705,0.009935280494629405,0.006729559812962631,-0.0038241594000000046,-0.0011301548238095236
RUSSELL1000,return,RUSSELL1000_return,2014-08-06,-2.7958e-06,-0.0091014345,0.0070565741,0.0006409989,0.010220955355173651,0.006911586078428814,-0.004780192200000005,-0.0013382376333333332
RUSSELL1000,return,RUSSELL1000_return,2014-08-07,-0.0050692913,-2.7958e-06,-0.0091014345,-0.0197931659,0.01013931731659824,0.00677811069378867,-0.004908951140000005,-0.0009898103190476189
RUSSELL1000,return,RUSSELL1000_return,2014-08-08,0.0112639993,-0.0050692913,-2.7958e-06,-0.0027039336,0.006048768177994545,0.006704530750425686,-0.0019641762200000045,-0.001453325095238095
RUSSELL1000,return,RUSSELL1000_return,2014-08-11,0.003332923,0.0112639993,-0.0050692913,0.0070565741,0.00839296048172753,0.007220021304840615,0.0008294103599999957,-0.0007222330571428569
RUSSELL1000,return,RUSSELL1000_return,2014-08-12,-0.0018738354,0.003332923,0.0112639993,-0.0091014345,0.007849905005513169,0.007261695063946798,8.468013999999579e-05,-0.0006265076619047618
RUSSELL1000,return,RUSSELL1000_return,2014-08-13,0.0072273129,-0.0018738354,0.003332923,-2.7958e-06,0.00623473089983557,0.0071578683996762725,0.0015301999599999958,-0.0009440214857142855
RUSSELL1000,return,RUSSELL1000_return,2014-08-14,0.0045003576,0.0072273129,-0.0018738354,-0.0050692913,0.0066170160015983056,0.0073662923016229835,0.0029762216999999957,-0.0004894758809523807
RUSSELL1000,return,RUSSELL1000_return,2014-08-15,0.0001874747,0.0045003576,0.0072273129,0.0112639993,0.00485841223694217,0.007386766803984599,0.004890151479999996,-0.0004585397095238093
RUSSELL1000,return,RUSSELL1000_return,2014-08-18,0.008883183,0.0001874747,0.0045003576,0.003332923,0.003583574726374108,0.006930766486002013,0.002674846559999996,0.0001032663952380954
RUSSELL1000,return,RUSSELL1000_return,2014-08-19,0.0050170215,0.008883183,0.0001874747,-0.0018738354,0.004563916377845288,0.006812627340992074,0.0037848985599999952,2.3231752380952477e-05
RUSSELL1000,return,RUSSELL1000_return,2014-08-20,0.0025596342,0.0050170215,0.008883183,0.0072273129,0.0032907980020740893,0.006874901167610745,0.0051630699399999955,0.0003711573857142858
RUSSELL1000,return,RUSSELL1000_return,2014-08-21,0.0026773859,0.0025596342,0.0050170215,0.0045003576,0.003220121881502792,0.006809635871942676,0.004229534199999996,0.00025027264285714296
RUSSELL1000,return,RUSSELL1000_return,2014-08-22,-0.0014961147,0.0026773859,0.0025596342,0.0001874747,0.0032843535739296354,0.006821883540517013,0.0038649398599999952,0.0002902839761904763
RUSSELL1000,return,RUSSELL1000_return,2014-08-25,0.0046940776,-0.0014961147,0.0026773859,0.008883183,0.0038012555469562285,0.006832541027470321,0.003528221979999995,0.0001919439380952382
RUSSELL1000,return,RUSSELL1000_return,2014-08-26,0.0013046743,0.0046940776,-0.0014961147,0.0050170215,0.0025967318846757312,0.0067962075712136236,0.002690400899999996,0.000648210842857143
RUSSELL1000,return,RUSSELL1000_return,2014-08-27,0.000181065,0.0013046743,0.0046940776,0.0025596342,0.002276117108723755,0.006795583418098166,0.0019479314599999957,0.0007135131095238095
RUSSELL1000,return,RUSSELL1000_return,2014-08-28,-0.001559534,0.000181065,0.0013046743,0.0026773859,0.0023632051819516037,0.006699135197690158,0.0014722176199999958,0.0009279100380952381
RUSSELL1000,return,RUSSELL1000_return,2014-08-29,0.0036792997,-0.001559534,0.000181065,-0.0014961147,0.0025733122712985556,0.0067210219458088295,0.0006248336399999959,0.0008231227571428572
RUSSELL1000,return,RUSSELL1000_return,2014-09-02,8.83126e-05,0.0036792997,-0.001559534,0.0046940776,0.002547650996057967,0.0047975674988216584,0.0016599165199999957,0.0019408592142857142
RUSSELL1000,return,RUSSELL1000_return,2014-09-03,-0.0008810784,8.83126e-05,0.0036792997,0.0013046743,0.0019354129769759876,0.004700104457717943,0.0007387635199999959,0.0020738233190476193
RUSSELL1000,return,RUSSELL1000_return,2014-09-04,-0.0017771157,-0.0008810784,8.83126e-05,0.000181065,0.0020206077939289606,0.004597406746186377,0.0003016129799999959,0.001695839866666667
RUSSELL1000,return,RUSSELL1000_return,2014-09-05,0.0050034211,-0.0017771157,-0.0008810784,-0.001559534,0.002228851173045646,0.003972711340197384,-9.002316000000401e-05,0.0020446169523809527
RUSSELL1000,return,RUSSELL1000_return,2014-09-08,-0.0024915881,0.0050034211,-0.0017771157,0.0036792997,0.002959744355441616,0.00399385711059182,0.001222567859999996,0.002283008233333333
RUSSELL1000,return,RUSSELL1000_return,2014-09-09,-0.0067259685,-0.0024915881,0.0050034211,8.83126e-05,0.002965796626193796,0.003791054911180522,-1.160970000000398e-05,0.0024057560047619046
RUSSELL1000,return,RUSSELL1000_return,2014-09-10,0.0036592517,-0.0067259685,-0.0024915881,-0.0008810784,0.00421217113727905,0.0037212261875684753,-0.001374465920000004,0.0015490908714285718
RUSSELL1000,return,RUSSELL1000_return,2014-09-11,0.0013725924,0.0036592517,-0.0067259685,-0.0017771157,0.0047943066523878156,0.003729719409473182,-0.0004663999000000041,0.0015646303333333336
RUSSELL1000,return,RUSSELL1000_return,2014-09-12,-0.0062710759,0.0013725924,0.0036592517,0.0050034211,0.004785950523578592,0.003646423578791821,0.000163541719999996,0.0017192221333333332
RUSSELL1000,return,RUSSELL1000_return,2014-09-15,-0.0017665104,-0.0062710759,0.0013725924,-0.0024915881,0.004587436774458921,0.0038128558658681246,-0.002091357680000004,0.0010764417142857144
RUSSELL1000,return,RUSSELL1000_return,2014-09-16,0.0074826577,-0.0017665104,-0.0062710759,-0.0067259685,0.004583080254333728,0.003776548693824459,-0.0019463421400000038,0.0007780194285714287
RUSSELL1000,return,RUSSELL1000_return,2014-09-17,0.0013138502,0.0074826577,-0.0017665104,0.0036592517,0.005236952754558291,0.004045463884526491,0.000895383099999996,0.0011254090952380954
RUSSELL1000,return,RUSSELL1000_return,2014-09-18,0.0046497381,0.0013138502,0.0074826577,0.0013725924,0.005028385925184609,0.003636204691357793,0.00042630279999999603,0.0007649646761904764
RUSSELL1000,return,RUSSELL1000_return,2014-09-19,-0.0009527058,0.0046497381,0.0013138502,-0.0062710759,0.00538360160554231,0.003615554900698135,0.001081731939999996,0.0007474749904761906
RUSSELL1000,return,RUSSELL1000_return,2014-09-22,-0.0089916501,-0.0009527058,0.0046497381,-0.0017665104,0.003884289081371486,0.00360876699581036,0.002145405959999996,0.000580220704761905
RUSSELL1000,return,RUSSELL1000_return,2014-09-23,-0.0058692578,-0.0089916501,-0.0009527058,0.0074826577,0.00629764253530023,0.004130390290920114,0.0007003780199999959,2.4552323809524026e-05
RUSSELL1000,return,RUSSELL1000_return,2014-09-24,0.0076745325,-0.0058692578,-0.0089916501,0.0013138502,0.0054805855904170725,0.004316922305853828,-0.0019700050800000044,-0.0001836925857142855
RUSSELL1000,return,RUSSELL1000_return,2014-09-25,-0.0158868952,0.0076745325,-0.0058692578,0.0046497381,0.006969379768374132,0.0045290861004367656,-0.0006978686200000038,-4.176616190476167e-05
RUSSELL1000,return,RUSSELL1000_return,2014-09-26,0.0086953201,-0.0158868952,0.0076745325,-0.0009527058,0.00883244001932244,0.00568081780182073,-0.004805195280000004,-0.0008604123285714284
RUSSELL1000,return,RUSSELL1000_return,2014-09-29,-0.0023565555,0.0086953201,-0.0158868952,-0.0089916501,0.010733747555704928,0.00605065756534069,-0.0028755901000000043,-0.00045497160952380933
RUSSELL1000,return,RUSSELL1000_return,2014-09-30,-0.0032859244,-0.0023565555,0.0086953201,-0.0058692578,0.01018469019264471,0.006060424296197261,-0.0015485711800000042,-0.0004929250142857141
RUSSELL1000,return,RUSSELL1000_return,2014-10-01,-0.0133715481,-0.0032859244,-0.0023565555,0.0076745325,0.00997405381893816,0.006011064932739207,-0.001031904500000004,-0.0008246023523809521
RUSSELL1000,return,RUSSELL1000_return,2014-10-02,0.0002843814,-0.0133715481,-0.0032859244,-0.0158868952,0.009820950253768883,0.006597815645788936,-0.005241120620000005,-0.0014655480999999997
RUSSELL1000,return,RUSSELL1000_return,2014-10-03,0.0111303302,0.0002843814,-0.0133715481,0.0086953201,0.007916768190652684,0.006607871796400187,-0.002006865300000004,-0.001410050014285714
RUSSELL1000,return,RUSSELL1000_return,2014-10-06,-0.0017231728,0.0111303302,0.0002843814,-0.0023565555,0.008768753514182437,0.007150078167684906,-0.0015198632800000043,-0.0007954097333333331
RUSSELL1000,return,RUSSELL1000_return,2014-10-07,-0.0152652546,-0.0017231728,0.0111303302,-0.0032859244,0.008758213272850372,0.007026919805960101,-0.0013931867400000044,-0.0011157237285714283
RUSSELL1000,return,RUSSELL1000_return,2014-10-08,0.0170992958,-0.0152652546,-0.0017231728,-0.0133715481,0.010804815354573,0.007674954150702856,-0.0037890527800000045,-0.0017239935619047615
RUSSELL1000,return,RUSSELL1000_return,2014-10-09,-0.0208388614,0.0170992958,-0.0152652546,0.0002843814,0.012507803200720327,0.008603383822525784,0.0023051159999999964,-0.0005894571666666665
RUSSELL1000,return,RUSSELL1000_return,2014-10-10,-0.0124999346,-0.0208388614,0.0170992958,0.0111303302,0.016340919557374378,0.009601489931226831,-0.0019195325600000035,-0.001756033980952381
RUSSELL1000,return,RUSSELL1000_return,2014-10-13,-0.0167502437,-0.0124999346,-0.0208388614,-0.0017231728,0.01498391399377929,0.00984949524685588,-0.006645585520000004,-0.0024166305047619045
RUSSELL1000,return,RUSSELL1000_return,2014-10-14,0.0023239111,-0.0167502437,-0.0124999346,-0.0152652546,0.01525436095247681,0.010309262005150567,-0.009650999700000005,-0.0029156384952380952
RUSSELL1000,return,RUSSELL1000_return,2014-10-15,-0.0069197584,0.0023239111,-0.0167502437,0.0170992958,0.015658743506865167,0.010370519046834866,-0.0061331665600000045,-0.002720856519047619
RUSSELL1000,return,RUSSELL1000_return,2014-10-16,0.0014864799,-0.0069197584,0.0023239111,-0.0208388614,0.009031520073284987,0.01013556801837474,-0.010936977400000002,-0.003406685857142857
RUSSELL1000,return,RUSSELL1000_return,2014-10-17,0.0125916114,0.0014864799,-0.0069197584,-0.0124999346,0.008409581307053412,0.010139657224152686,-0.006471909140000004,-0.0033984653952380947
RUSSELL1000,return,RUSSELL1000_return,2014-10-20,0.0093483293,0.0125916114,0.0014864799,-0.0167502437,0.011000543388150642,0.010592824118132713,-0.0014535999400000043,-0.003020280952380953
RUSSELL1000,return,RUSSELL1000_return,2014-10-21,0.0202526473,0.0093483293,0.0125916114,0.0023239111,0.007591361567543291,0.010926603288125973,0.0037661146599999957,-0.0025297554714285714
RUSSELL1000,return,RUSSELL1000_return,2014-10-22,-0.0077435582,0.0202526473,0.0093483293,-0.0069197584,0.010439743445508657,0.01188353860390015,0.007351861899999995,-0.0011371698809523813
RUSSELL1000,return,RUSSELL1000_return,2014-10-23,0.0124632643,-0.0077435582,0.0202526473,0.0014864799,0.010723919591480764,0.011927812497996298,0.007187101939999994,-0.0012264222809523812
RUSSELL1000,return,RUSSELL1000_return,2014-10-24,0.0068815857,0.0124632643,-0.0077435582,0.0125916114,0.01038331165947924,0.012150190831202983,0.009382458819999995,-0.0009983874333333335
RUSSELL1000,return,RUSSELL1000_return,2014-10-27,-0.0016502586,0.0068815857,0.0124632643,0.0093483293,0.010255333630033642,0.011764954666741443,0.008240453679999996,8.582594285714274e-05
RUSSELL1000,return,RUSSELL1000_return,2014-10-28,0.0123273141,-0.0016502586,0.0068815857,0.0202526473,0.011102842938981249,0.011601890044054985,0.006040736099999995,-0.000406820661904762
RUSSELL1000,return,RUSSELL1000_return,2014-10-29,-0.0016788096,0.0123273141,-0.0016502586,-0.0077435582,0.008917299858112002,0.011916724265192013,0.004455669459999996,0.00029241122380952366
RUSSELL1000,return,RUSSELL1000_return,2014-10-30,0.0060132432,-0.0016788096,0.0123273141,0.0124632643,0.00706270822274937,0.011897740496874856,0.0056686191799999956,0.0003689404999999999
RUSSELL1000,return,RUSSELL1000_return,2014-10-31,0.0118899903,0.0060132432,-0.0016788096,0.0068815857,0.006024084966389052,0.011524512763517201,0.004378614959999996,0.0012920258
RUSSELL1000,return,RUSSELL1000_return,2014-11-03,0.0001429329,0.0118899903,0.0060132432,-0.0016502586,0.00689741749451746,0.011749841649977832,0.005380295879999996,0.0018446738428571428
RUSSELL1000,return,RUSSELL1000_return,2014-11-04,-0.0033878034,0.0001429329,0.0118899903,0.0123273141,0.006474095301885702,0.011558761557252039,0.005738934179999996,0.0013214644476190476
RUSSELL1000,return,RUSSELL1000_return,2014-11-05,0.005281373,-0.0033878034,0.0001429329,-0.0016788096,0.006287949689440865,0.01158636010638087,0.002595910679999996,0.0012421963238095236
RUSSELL1000,return,RUSSELL1000_return,2014-11-06,0.0045643319,0.005281373,-0.0033878034,0.0060132432,0.005860948968012472,0.010974039318737737,0.003987947199999996,0.002220607161904762
RUSSELL1000,return,RUSSELL1000_return,2014-11-07,0.0005679534,0.0045643319,0.005281373,0.0118899903,0.005770905861871046,0.010452813715331861,0.0036981649399999957,0.0016237041190476189
RUSSELL1000,return,RUSSELL1000_return,2014-11-10,0.0031641957,0.0005679534,0.0045643319,0.0001429329,0.003544994199915146,0.009110303345008092,0.0014337575599999957,0.0026430762523809524
RUSSELL1000,return,RUSSELL1000_return,2014-11-11,0.0007217609,0.0031641957,0.0005679534,-0.0033878034,0.003527411146361375,0.008423862777819348,0.002038010119999996,0.0033889872190476186
RUSSELL1000,return,RUSSELL1000_return,2014-11-12,-0.0001255787,0.0007217609,0.0031641957,0.005281373,0.0021613579926788385,0.007093017850543243,0.002859922979999996,0.004220987438095238
RUSSELL1000,return,RUSSELL1000_return,2014-11-13,0.0002248951,-0.0001255787,0.0007217609,0.0045643319,0.0019930283637447964,0.00714571923890001,0.0017785326399999961,0.004104345066666666
RUSSELL1000,return,RUSSELL1000_return,2014-11-14,0.0004496554,0.0002248951,-0.0001255787,0.0005679534,0.001301500862005755,0.006753941731361839,0.0009106452799999958,0.0044445666619047615
RUSSELL1000,return,RUSSELL1000_return,2014-11-17,0.0004093831,0.0004496554,0.0002248951,0.0031641957,0.0013103332626368924,0.006780385041410942,0.000886985679999996,0.004395194066666666
RUSSELL1000,return,RUSSELL1000_return,2014-11-18,0.0055372061,0.0004093831,0.0004496554,0.0007217609,0.00031325440687286163,0.006561672321486248,0.00033602315999999586,0.003815087957142857
RUSSELL1000,return,RUSSELL1000_return,2014-11-19,-0.0016807588,0.0055372061,0.0004093831,-0.0001255787,0.002380037876281972,0.006452782941307061,0.001299112199999996,0.0036336058999999997
RUSSELL1000,return,RUSSELL1000_return,2014-11-20,0.002370639,-0.0016807588,0.0055372061,0.0002248951,0.0026937191370648775,0.005300517845985798,0.0009880761799999957,0.0025891579904761906
RUSSELL1000,return,RUSSELL1000_return,2014-11-21,0.0052803303,0.002370639,-0.0016807588,0.0004496554,0.002712594808069256,0.004745109221021815,0.0014172249599999956,0.003070786428571428
RUSSELL1000,return,RUSSELL1000_return,2014-11-24,0.0032130036,0.0052803303,0.002370639,0.0004093831,0.003112594994038618,0.004269237584425798,0.0023833599399999956,0.0027287419523809526
RUSSELL1000,return,RUSSELL1000_return,2014-11-25,-0.0008485744,0.0032130036,0.0052803303,0.0055372061,0.002914303383476694,0.004164584664166949,0.0029440840399999955,0.0025540475666666665
RUSSELL1000,return,RUSSELL1000_return,2014-11-26,0.0028426367,-0.0008485744,0.0032130036,-0.0016807588,0.002892965362278961,0.004127628554992036,0.001666927939999996,0.0025922230047619047
RUSSELL1000,return,RUSSELL1000_return,2014-11-28,-0.0028009919,0.0028426367,-0.0008485744,0.002370639,0.002211337692363393,0.0034767318793871346,0.0025716070399999956,0.0021405716999999998
RUSSELL1000,return,RUSSELL1000_return,2014-12-01,-0.0077476928,-0.0028009919,0.0028426367,0.0052803303,0.0032800661404340974,0.0035462987901628412,0.001537280859999996,0.0020871344476190473
RUSSELL1000,return,RUSSELL1000_return,2014-12-02,0.0060089162,-0.0077476928,-0.0028009919,0.0032130036,0.004508042122703371,0.004023784887387042,-0.001068323760000004,0.001431851780952381
RUSSELL1000,return,RUSSELL1000_return,2014-12-03,0.0045083103,0.0060089162,-0.0077476928,-0.0008485744,0.005279297092294583,0.003418674832891201,-0.0005091412400000042,0.0011518006333333332
RUSSELL1000,return,RUSSELL1000_return,2014-12-04,-0.0010743751,0.0045083103,0.0060089162,0.0028426367,0.005718484797198514,0.003486313539930208,0.0005622356999999959,0.0013596757476190475
RUSSELL1000,return,RUSSELL1000_return,2014-12-05,0.0017520151,-0.0010743751,0.0045083103,-0.0028009919,0.005594951818487134,0.0033631743372894984,-0.00022116666000000416,0.0014698389999999997
RUSSELL1000,return,RUSSELL1000_return,2014-12-08,-0.0073315452,0.0017520151,-0.0010743751,-0.0077476928,0.005438426170442506,0.0032494422908870375,0.0006894347399999959,0.0013017743380952381
RUSSELL1000,return,RUSSELL1000_return,2014-12-09,-3.12181e-05,-0.0073315452,0.0017520151,0.0060089162,0.005277837605309456,0.003662845662292111,0.000772664259999996,0.000735304
RUSSELL1000,return,RUSSELL1000_return,2014-12-10,-0.0165617275,-3.12181e-05,-0.0073315452,0.0045083103,0.004397542698747582,0.0036665462036836426,-0.0004353626000000041,0.0007067720238095236
RUSSELL1000,return,RUSSELL1000_return,2014-12-11,0.0047756114,-0.0165617275,-3.12181e-05,-0.0010743751,0.007486387174670846,0.005208186924940544,-0.0046493701600000045,-0.00023255765238095263
RUSSELL1000,return,RUSSELL1000_return,2014-12-12,-0.0157983019,0.0047756114,-0.0165617275,0.0017520151,0.008564303693727583,0.005319270142288298,-0.003479372860000004,-3.951715238095263e-05
RUSSELL1000,return,RUSSELL1000_return,2014-12-15,-0.0065285628,-0.0157983019,0.0047756114,-0.0073315452,0.009436300365847946,0.006334539122531959,-0.006989436260000004,-0.0007858373047619049
RUSSELL1000,return,RUSSELL1000_return,2014-12-16,-0.0082564145,-0.0065285628,-0.0157983019,-3.12181e-05,0.009435855393794072,0.00645101994902798,-0.0068288397800000036,-0.0011074305380952382
RUSSELL1000,return,RUSSELL1000_return,2014-12-17,0.0206516562,-0.0082564145,-0.0065285628,-0.0165617275,0.008637722587051422,0.006623395299654233,-0.008473879060000003,-0.0015220052952380954
RUSSELL1000,return,RUSSELL1000_return,2014-12-18,0.0235543295,0.0206516562,-0.0082564145,0.0047756114,0.014180597064967337,0.00820309826286072,-0.0010312023200000028,-0.0005580875285714288
RUSSELL1000,return,RUSSELL1000_return,2014-12-19,0.0046748258,0.0235543295,0.0206516562,-0.0157983019,0.018059336720055913,0.00968146304272556,0.0027245412999999967,0.00029987072857142827
RUSSELL1000,return,RUSSELL1000_return,2014-12-22,0.0038395215,0.0046748258,0.0235543295,-0.0065285628,0.01484449956152524,0.009715730475920744,0.006819166839999996,0.0006025176142857141
RUSSELL1000,return,RUSSELL1000_return,2014-12-23,0.0019333634,0.0038395215,0.0046748258,-0.0082564145,0.013140144922410104,0.00973436585229553,0.008892783699999997,0.0006724643999999997
RUSSELL1000,return,RUSSELL1000_return,2014-12-24,0.0001620387,0.0019333634,0.0038395215,0.0206516562,0.010298371856835712,0.009682410783389411,0.010930739279999997,0.0005130850238095235
RUSSELL1000,return,RUSSELL1000_return,2014-12-26,0.0034471742,0.0001620387,0.0019333634,0.0235543295,0.009509595850554746,0.009662742851421706,0.006832815779999997,0.0003678009809523806
RUSSELL1000,return,RUSSELL1000_return,2014-12-29,0.001305063,0.0034471742,0.0001620387,0.0046748258,0.0017835121202255002,0.009681157530500131,0.0028113847199999972,0.0005723604380952378
RUSSELL1000,return,RUSSELL1000_return,2014-12-30,-0.0046606373,0.001305063,0.0034471742,0.0038395215,0.001520624389175746,0.009668935679767737,0.002137432159999997,0.0004991426428571426
RUSSELL1000,return,RUSSELL1000_return,2014-12-31,-0.0099640627,-0.0046606373,0.001305063,0.0019333634,0.0030868792683073935,0.009709104244468667,0.0004374003999999971,0.0004105880999999997
RUSSELL1000,return,RUSSELL1000_return,2015-01-02,-0.000189595,-0.0099640627,-0.0046606373,0.0001620387,0.0053795463152278055,0.009813704748317251,-0.0019420848200000027,0.00030504667619047585
RUSSELL1000,return,RUSSELL1000_return,2015-01-05,-0.0179815759,-0.000189595,-0.0099640627,0.0034471742,0.005347364532195172,0.009726399548113886,-0.002012411560000003,9.879476190475857e-06
RUSSELL1000,return,RUSSELL1000_return,2015-01-06,-0.0089550251,-0.0179815759,-0.000189595,0.001305063,0.007869976121917371,0.010419760253404057,-0.006298161580000003,-0.001061067485714286
RUSSELL1000,return,RUSSELL1000_return,2015-01-07,0.0119213724,-0.0089550251,-0.0179815759,-0.0046606373,0.006632158676182223,0.010561214656638227,-0.008350179200000005,-0.0014363365333333337
RUSSELL1000,return,RUSSELL1000_return,2015-01-08,0.0177224754,0.0119213724,-0.0089550251,-0.0099640627,0.011382800517948832,0.010941031347749118,-0.005033777260000002,-0.0009520814238095243
RUSSELL1000,return,RUSSELL1000_return,2015-01-09,-0.008275068,0.0177224754,0.0119213724,-0.000189595,0.01465011120042264,0.011559139650816019,0.0005035303599999968,0.00024096717619047573
RUSSELL1000,return,RUSSELL1000_return,2015-01-12,-0.0077521615,-0.008275068,0.0177224754,-0.0179815759,0.01518232051115515,0.011707874953702329,-0.0011135642400000032,-0.00015159710476190527
RUSSELL1000,return,RUSSELL1000_return,2015-01-13,-0.0021130349,-0.0077521615,-0.008275068,-0.0089550251,0.01285130729574785,0.011238921828947479,0.0009323186399999968,0.0002679060380952377
RUSSELL1000,return,RUSSELL1000_return,2015-01-14,-0.0057949231,-0.0021130349,-0.0077521615,0.0119213724,0.011861454830777102,0.01120124337221566,0.002300716679999997,-6.0124738095238536e-05
RUSSELL1000,return,RUSSELL1000_return,2015-01-15,-0.0094014414,-0.0057949231,-0.0021130349,0.0177224754,0.010874113579119302,0.010699975771781006,-0.0012425424200000032,0.00041622663333333284
RUSSELL1000,return,RUSSELL1000_return,2015-01-16,0.0133639821,-0.0094014414,-0.0057949231,-0.008275068,0.0028609327003885545,0.01081099698253624,-0.006667325780000004,0.00027942289047618995
RUSSELL1000,return,RUSSELL1000_return,2015-01-20,0.0012496313,0.0133639821,-0.0094014414,-0.0077521615,0.00918910368528846,0.010985534041391333,-0.0023395157600000034,0.0013089655857142853
RUSSELL1000,return,RUSSELL1000_return,2015-01-21,0.0050146689,0.0012496313,0.0133639821,-0.0021130349,0.008734089737125845,0.010053798679225375,-0.0005391572000000035,0.00038505963809523755
RUSSELL1000,return,RUSSELL1000_return,2015-01-22,0.0155222207,0.0050146689,0.0012496313,-0.0057949231,0.008990889210570958,0.008630840056105187,0.0008863835599999964,-0.0004977813428571434
RUSSELL1000,return,RUSSELL1000_return,2015-01-23,-0.0051023201,0.0155222207,0.0050146689,-0.0094014414,0.010025319213530219,0.009257725046036879,0.005149812319999997,1.8761271428570916e-05
RUSSELL1000,return,RUSSELL1000_return,2015-01-26,0.0037094616,-0.0051023201,0.0155222207,0.0133639821,0.008539596695331858,0.00927881800765132,0.0060096365799999964,-0.00040704070952380994
RUSSELL1000,return,RUSSELL1000_return,2015-01-27,-0.0125872237,0.0037094616,-0.0051023201,0.0012496313,0.007487678221080634,0.009309261938476369,0.004078732479999997,-0.0003224646047619053
RUSSELL1000,return,RUSSELL1000_return,2015-01-28,-0.0134878654,-0.0125872237,0.0037094616,0.0050146689,0.010673798190177886,0.009684256691140165,0.0013113614799999962,-0.0009295723380952385
RUSSELL1000,return,RUSSELL1000_return,2015-01-29,0.0092722795,-0.0134878654,-0.0125872237,0.0155222207,0.012171213441074096,0.010001485979196935,-0.0023891453800000033,-0.0017360027952380956
RUSSELL1000,return,RUSSELL1000_return,2015-01-30,-0.0128909206,0.0092722795,-0.0134878654,-0.0051023201,0.009998914802269141,0.010270116701966777,-0.003639133620000004,-0.001356611533333334
RUSSELL1000,return,RUSSELL1000_return,2015-02-02,0.0124069724,-0.0128909206,0.0092722795,0.0037094616,0.010853978268248817,0.010555576825951755,-0.005196853720000004,-0.0017485297857142864
RUSSELL1000,return,RUSSELL1000_return,2015-02-03,0.0145894257,0.0124069724,-0.0128909206,-0.0125872237,0.013102273463517455,0.010810771762779111,-0.0034573515600000034,-0.0006832424000000005
RUSSELL1000,return,RUSSELL1000_return,2015-02-04,-0.0036093728,0.0145894257,0.0124069724,-0.0134878654,0.013975834763157939,0.011313853231655947,0.0019779783199999966,2.0520490476190065e-05
RUSSELL1000,return,RUSSELL1000_return,2015-02-05,0.0106892547,-0.0036093728,0.0145894257,0.0092722795,0.011766531739062138,0.010581422278578992,0.003953676839999997,0.0007049111142857138
RUSSELL1000,return,RUSSELL1000_return,2015-02-06,-0.0031439385,0.0106892547,-0.0036093728,-0.0128909206,0.011942403315236707,0.010553024721848665,0.004237071879999997,0.001640353009523809
RUSSELL1000,return,RUSSELL1000_return,2015-02-09,-0.0043911922,-0.0031439385,0.0106892547,0.0124069724,0.008840170298109278,0.010328864678705104,0.006186468299999997,0.0009229572523809521
RUSSELL1000,return,RUSSELL1000_return,2015-02-10,0.0104794623,-0.0043911922,-0.0031439385,0.0145894257,0.009074015197360244,0.009634414591565162,0.002826835379999996,-0.00013007453809523828
RUSSELL1000,return,RUSSELL1000_return,2015-02-11,0.0004228366,0.0104794623,-0.0043911922,-0.0036093728,0.007845011394484742,0.009710589790636786,0.0020048426999999965,0.0007629983333333331
RUSSELL1000,return,RUSSELL1000_return,2015-02-12,0.0099772057,0.0004228366,0.0104794623,0.0106892547,0.007312803843418901,0.009514032886801995,0.0028112845799999966,0.001152283957142857
RUSSELL1000,return,RUSSELL1000_return,2015-02-13,0.0044154119,0.0099772057,0.0004228366,-0.0031439385,0.007125570323490921,0.009671072094656778,0.0026688747799999968,0.0017280097
RUSSELL1000,return,RUSSELL1000_return,2015-02-17,0.0016120399,0.0044154119,0.0099772057,-0.0043911922,0.006342867012035164,0.009529574994083845,0.004180744859999997,0.0022142161285714284
RUSSELL1000,return,RUSSELL1000_return,2015-02-18,0.000329225,0.0016120399,0.0044154119,0.0104794623,0.00465940524131269,0.009154012975366171,0.005381391279999996,0.002738667619047619
RUSSELL1000,return,RUSSELL1000_return,2015-02-19,-0.0008145767,0.000329225,0.0016120399,0.0004228366,0.004054898930849927,0.00883384533429439,0.003351343819999996,0.0021179649
RUSSELL1000,return,RUSSELL1000_return,2015-02-20,0.0064503961,-0.0008145767,0.000329225,0.0099772057,0.0043081702108898005,0.008855448498513033,0.003103861159999997,0.0020196692809523807
RUSSELL1000,return,RUSSELL1000_return,2015-02-23,-0.0003700844,0.0064503961,-0.0008145767,0.0044154119,0.0029878954136714534,0.008885219529873057,0.0023984992399999966,0.002088037242857143
RUSSELL1000,return,RUSSELL1000_return,2015-02-24,0.0024719038,-0.0003700844,0.0064503961,0.0016120399,0.002946480940813135,0.00834410173943439,0.0014413999799999966,0.0013312608095238094
RUSSELL1000,return,RUSSELL1000_return,2015-02-25,-0.000246211,0.0024719038,-0.0003700844,0.000329225,0.0029837873036517104,0.008214800451108718,0.0016133727599999966,0.001691938138095238
RUSSELL1000,return,RUSSELL1000_return,2015-02-26,-0.001486379,-0.000246211,0.0024719038,-0.0008145767,0.003055926114398714,0.00821157670149895,0.0014982855599999967,0.001503572776190476
RUSSELL1000,return,RUSSELL1000_return,2015-02-27,-0.0032036723,-0.001486379,-0.000246211,0.0064503961,0.003194658225170054,0.007593158331428493,0.0013639250999999968,0.0020321844285714286
RUSSELL1000,return,RUSSELL1000_return,2015-03-02,0.0063061368,-0.0032036723,-0.001486379,-0.0003700844,0.002072071194653836,0.006836032866655583,-0.0005668885800000034,0.0025219079095238094
RUSSELL1000,return,RUSSELL1000_return,2015-03-03,-0.0042651332,0.0063061368,-0.0032036723,0.0024719038,0.0037235492553963053,0.0067192292201751665,0.0007683556599999965,0.0023806630190476193
RUSSELL1000,return,RUSSELL1000_return,2015-03-04,-0.0042821446,-0.0042651332,0.0063061368,-0.000246211,0.004147760738037523,0.0059597110243701954,-0.0005790517400000035,0.0027914147999999997
RUSSELL1000,return,RUSSELL1000_return,2015-03-05,0.0014335093,-0.0042821446,-0.0042651332,-0.001486379,0.004448596360844613,0.00572134700847765,-0.0013862384600000035,0.001996694942857143
RUSSELL1000,return,RUSSELL1000_return,2015-03-06,-0.0138282509,0.0014335093,-0.0042821446,-0.0032036723,0.004620493428527356,0.0049405198408635775,-0.0008022608000000037,0.0013702227333333332
RUSSELL1000,return,RUSSELL1000_return,2015-03-09,0.0038684328,-0.0138282509,0.0014335093,0.0063061368,0.0075287639241064675,0.005871112814689672,-0.0029271765200000036,0.0008836094904761905
RUSSELL1000,return,RUSSELL1000_return,2015-03-10,-0.0163673931,0.0038684328,-0.0138282509,-0.0042651332,0.006827644101484901,0.005476962642761142,-0.0034147173200000033,0.0005588084476190476
RUSSELL1000,return,RUSSELL1000_return,2015-03-11,-0.0008212978,-0.0163673931,0.0038684328,-0.0042821446,0.009003090575763123,0.0065741984486340005,-0.005835169300000003,-7.087986666666664e-05
RUSSELL1000,return,RUSSELL1000_return,2015-03-12,0.0126890717,-0.0008212978,-0.0163673931,0.0014335093,0.00928108411295075,0.006502664335336013,-0.005142999940000003,9.911510476190479e-05
RUSSELL1000,return,RUSSELL1000_return,2015-03-13,-0.0058489436,0.0126890717,-0.0008212978,-0.0138282509,0.012185532994589274,0.006694086100251361,-0.0028918874600000035,0.00020433459999999996
RUSSELL1000,return,RUSSELL1000_return,2015-03-16,0.0130951937,-0.0058489436,0.0126890717,0.0038684328,0.010843836085245293,0.006822525566651963,-0.0012960260000000035,-9.432159999999995e-05
RUSSELL1000,return,RUSSELL1000_return,2015-03-17,-0.0025602265,0.0130951937,-0.0058489436,-0.0163673931,0.012587335605582787,0.007081672855505962,0.0005493261799999965,5.41540190476191e-05
RUSSELL1000,return,RUSSELL1000_return,2015-03-18,0.0119430962,-0.0025602265,0.0130951937,-0.0008212978,0.008932110995694537,0.007030288412698397,0.003310759499999996,-0.00027801923809523803
RUSSELL1000,return,RUSSELL1000_return,2015-03-19,-0.004423436,0.0119430962,-0.0025602265,0.0126890717,0.009273454263270316,0.00751398704709614,0.005863638299999996,0.00021393582380952386
RUSSELL1000,return,RUSSELL1000_return,2015-03-20,0.0088418433,-0.004423436,0.0119430962,-0.0058489436,0.00928247796241982,0.0075816104616099915,0.002441136759999996,-1.2381366666666614e-05
RUSSELL1000,return,RUSSELL1000_return,2015-03-23,-0.0018975435,0.0088418433,-0.004423436,0.0130951937,0.008272505007235373,0.007819622158124276,0.005379294139999997,0.0004474481571428572
RUSSELL1000,return,RUSSELL1000_return,2015-03-24,-0.0058040936,-0.0018975435,0.0088418433,-0.0025602265,0.007453156758183022,0.007710625574630044,0.0023807466999999968,4.992722380952384e-05
RUSSELL1000,return,RUSSELL1000_return,2015-03-25,-0.0147481064,-0.0058040936,-0.0018975435,0.0119430962,0.008103580111115864,0.007815887563586553,0.0017319732799999966,-0.000208835119047619
RUSSELL1000,return,RUSSELL1000_return,2015-03-26,-0.0022600702,-0.0147481064,-0.0058040936,-0.004423436,0.00847811857362883,0.008401921207776124,-0.0036062672400000036,-0.0010288356047619047
RUSSELL1000,return,RUSSELL1000_return,2015-03-27,0.0030369898,-0.0022600702,-0.0147481064,0.0088418433,0.008481191389853543,0.008404034482929782,-0.0031735940800000037,-0.0011247336619047618
RUSSELL1000,return,RUSSELL1000_return,2015-03-30,0.0123665812,0.0030369898,-0.0022600702,-0.0018975435,0.006617850508885525,0.008452132097018993,-0.004334564780000003,-0.0009093351476190477
RUSSELL1000,return,RUSSELL1000_return,2015-03-31,-0.008176221,0.0123665812,0.0030369898,-0.0058040936,0.010093066123167094,0.008911263358370877,-0.0014817398400000029,-0.00016789450476190467
RUSSELL1000,return,RUSSELL1000_return,2015-04-01,-0.0038846935,-0.008176221,0.0123665812,-0.0147481064,0.010398171394061741,0.008945515491627795,-0.001956165320000003,-0.0008575305904761903
RUSSELL1000,return,RUSSELL1000_return,2015-04-02,0.0036848954,-0.0038846935,-0.008176221,-0.0022600702,0.007889400955408795,0.008938652067965241,0.00021651725999999723,-0.0008394144142857142
RUSSELL1000,return,RUSSELL1000_return,2015-04-06,0.0066580673,0.0036848954,-0.0038846935,0.0030369898,0.007870804088827024,0.008954285135086518,0.0014055103799999972,-0.0004600315571428571
RUSSELL1000,return,RUSSELL1000_return,2015-04-07,-0.0023877822,0.0066580673,0.0036848954,0.0123665812,0.008217411646414884,0.00908120716135093,0.0021297258799999968,-0.00021124308095238088
RUSSELL1000,return,RUSSELL1000_return,2015-04-08,0.0033547258,-0.0023877822,0.0066580673,-0.008176221,0.005961959434802893,0.00855116455191754,-0.0008211468000000031,0.000333541142857143
RUSSELL1000,return,RUSSELL1000_return,2015-04-09,0.0039627065,0.0033547258,-0.0023877822,-0.0038846935,0.004442074117796213,0.008541275768763394,0.0014850425599999967,0.00030907890476190495
RUSSELL1000,return,RUSSELL1000_return,2015-04-10,0.0049069771,0.0039627065,0.0033547258,0.0036848954,0.0033134764887309833,0.007663649725179419,0.0030545225599999965,0.001277178885714286
RUSSELL1000,return,RUSSELL1000_return,2015-04-13,-0.0043988037,0.0049069771,0.0039627065,0.0066580673,0.003415114453958827,0.007687131593521171,0.003298938899999997,0.0015499538809523809
RUSSELL1000,return,RUSSELL1000_return,2015-04-14,0.0014533803,-0.0043988037,0.0049069771,-0.0023877822,0.004188455717821127,0.007345893637792193,0.0010875646999999966,0.0007362455285714287
RUSSELL1000,return,RUSSELL1000_return,2015-04-15,0.0051169645,0.0014533803,-0.0043988037,0.0033547258,0.003717442814226484,0.007189761464081604,0.0018557971999999963,0.0010839752380952382
RUSSELL1000,return,RUSSELL1000_return,2015-04-16,-0.0006676691,0.0051169645,0.0014533803,0.0039627065,0.003970039435311452,0.006718697706079556,0.002208244939999997,0.000704059561904762
RUSSELL1000,return,RUSSELL1000_return,2015-04-17,-0.01138858,-0.0006676691,0.0051169645,0.0049069771,0.0039984222836091455,0.006685332799113581,0.0012821698199999968,0.0007941813428571429
RUSSELL1000,return,RUSSELL1000_return,2015-04-20,0.0089321678,-0.01138858,-0.0006676691,-0.0043988037,0.006289856118709426,0.006678594989236496,-0.001976941600000003,-0.00031685085714285705
RUSSELL1000,return,RUSSELL1000_return,2015-04-21,-0.0010840578,0.0089321678,-0.01138858,0.0014533803,0.007678695390807854,0.00690021381244329,0.0006892526999999965,0.00031913027619047624
RUSSELL1000,return,RUSSELL1000_return,2015-04-22,0.004892347,-0.0010840578,0.0089321678,0.0051169645,0.0076993907605945894,0.006621554639204005,0.00018176507999999634,-0.00015353168095238093
RUSSELL1000,return,RUSSELL1000_return,2015-04-23,0.0026641226,0.004892347,-0.0010840578,-0.0006676691,0.007663970420789061,0.006697475900342192,0.00013684157999999634,0.00016979643809523812
RUSSELL1000,return,RUSSELL1000_return,2015-04-24,0.0016124835,0.0026641226,0.004892347,-0.01138858,0.00772116434186417,0.006573595572345259,0.0008031999199999962,0.0005730448285714287
RUSSELL1000,return,RUSSELL1000_return,2015-04-27,-0.0044599753,0.0016124835,0.0026641226,0.0089321678,0.0037641541893642916,0.005558056290527645,0.0034034126199999964,0.001352120538095238
RUSSELL1000,return,RUSSELL1000_return,2015-04-28,0.0023999327,-0.0044599753,0.0016124835,-0.0010840578,0.0036080210442528096,0.005649521547747233,0.0007249839999999964,0.0012473631523809525
RUSSELL1000,return,RUSSELL1000_return,2015-04-29,-0.0037358337,0.0023999327,-0.0044599753,0.004892347,0.003506295993486251,0.005641135531060574,0.0014217820999999965,0.0012170271
RUSSELL1000,return,RUSSELL1000_return,2015-04-30,-0.0102740825,-0.0037358337,0.0023999327,0.0026641226,0.0034944071726359413,0.005120153506553925,-0.0003038540400000035,0.0004502454380952381
RUSSELL1000,return,RUSSELL1000_return,2015-05-01,0.0104892464,-0.0102740825,-0.0037358337,0.0016124835,0.005146859865970539,0.005313685879932992,-0.0028914950600000032,0.00035034727142857144
RUSSELL1000,return,RUSSELL1000_return,2015-05-04,0.0029430312,0.0104892464,-0.0102740825,-0.0044599753,0.007889228434289583,0.005655653274943711,-0.0011161424800000032,0.0010348205999999999
RUSSELL1000,return,RUSSELL1000_return,2015-05-05,-0.0119348241,0.0029430312,0.0104892464,0.0023999327,0.007798949819400371,0.005640569310088786,0.0003644588199999968,0.0009994937333333332
RUSSELL1000,return,RUSSELL1000_return,2015-05-06,-0.0036447937,-0.0119348241,0.0029430312,-0.0037358337,0.009345140837209364,0.006144655686444839,-0.002502492540000003,0.00011411795238095235
RUSSELL1000,return,RUSSELL1000_return,2015-05-07,0.0041129338,-0.0036447937,-0.0119348241,-0.0102740825,0.009342225282768284,0.00617628748007979,-0.0024842845400000037,5.4260261904761854e-05
RUSSELL1000,return,RUSSELL1000_return,2015-05-08,0.0129128791,0.0041129338,-0.0036447937,0.0104892464,0.008522819118412328,0.006198721334454115,0.0003931187199999967,9.036540476190472e-05
RUSSELL1000,return,RUSSELL1000_return,2015-05-11,-0.0045260694,0.0129128791,0.0041129338,0.0029430312,0.009276200591426864,0.006760511088914636,0.0008778452599999965,0.0005165641
RUSSELL1000,return,RUSSELL1000_return,2015-05-12,-0.0027485816,-0.0045260694,0.0129128791,-0.0119348241,0.009460066035456063,0.006767589579882879,-0.0006159748600000034,6.737140952380947e-05
RUSSELL1000,return,RUSSELL1000_return,2015-05-13,-4.34636e-05,-0.0027485816,-0.0045260694,-0.0036447937,0.007374375409426909,0.0067225685861759055,0.0012212736399999963,0.00014595341428571426
RUSSELL1000,return,RUSSELL1000_return,2015-05-14,0.0106408211,-4.34636e-05,-0.0027485816,0.0041129338,0.006943570478284859,0.006715945165055133,0.0019415396599999964,7.467513333333329e-05
RUSSELL1000,return,RUSSELL1000_return,2015-05-15,0.0010703451,0.0106408211,-4.34636e-05,0.0129128791,0.007988938704365525,0.007024400857460065,0.003247117119999996,0.00033771592380952377
RUSSELL1000,return,RUSSELL1000_return,2015-05-18,0.0035157956,0.0010703451,0.0106408211,-0.0045260694,0.005885465698507812,0.007022201407138986,0.0008786103199999961,0.00042047850476190465
RUSSELL1000,return,RUSSELL1000_return,2015-05-19,-0.0006378972,0.0035157956,0.0010703451,-0.0027485816,0.00508342135630307,0.006502981094626155,0.002486983319999996,0.001130210676190476
RUSSELL1000,return,RUSSELL1000_return,2015-05-20,-0.0007662163,-0.0006378972,0.0035157956,-4.34636e-05,0.004605090423876951,0.006259671268860867,0.002909120199999996,0.0006744932952380952
RUSSELL1000,return,RUSSELL1000_return,2015-05-21,0.0024290422,-0.0007662163,-0.0006378972,0.0106408211,0.004730573544705524,0.006255589578280413,0.002764569659999996,0.0006896286047619047
RUSSELL1000,return,RUSSELL1000_return,2015-05-22,-0.0020667168,0.0024290422,-0.0007662163,0.0010703451,0.001877756882378952,0.006195650857526414,0.0011222138799999962,0.0005723283761904762
RUSSELL1000,return,RUSSELL1000_return,2015-05-26,-0.0101326415,-0.0020667168,0.0024290422,0.0035157956,0.002361262410020662,0.0062017940669649154,0.0004948014999999962,0.00034705030952380953
RUSSELL1000,return,RUSSELL1000_return,2015-05-27,0.0090189486,-0.0101326415,-0.0020667168,-0.0006378972,0.004713343107269756,0.006598858468354235,-0.0022348859200000035,-0.00021224135714285717
RUSSELL1000,return,RUSSELL1000_return,2015-05-28,-0.0011294258,0.0090189486,-0.0101326415,-0.0007662163,0.0069697542506556515,0.006816959701159939,-0.0003035167600000038,0.00042961216190476196
RUSSELL1000,return,RUSSELL1000_return,2015-05-29,-0.0060818354,-0.0011294258,0.0090189486,0.0024290422,0.0069776705982009055,0.006809456906188299,-0.0003761586600000036,0.00026154747142857147
RUSSELL1000,return,RUSSELL1000_return,2015-06-01,0.0020910441,-0.0060818354,-0.0011294258,-0.0020667168,0.007158039808494807,0.006896997299819819,-0.0020783341800000034,0.0001498331047619048
RUSSELL1000,return,RUSSELL1000_return,2015-06-02,-0.0008051621,0.0020910441,-0.0060818354,-0.0101326415,0.007397234630892301,0.006477657523434041,-0.0012467820000000036,0.0007386486571428572
RUSSELL1000,return,RUSSELL1000_return,2015-06-03,0.0025106795,-0.0008051621,0.0020910441,0.0090189486,0.005538783156721797,0.00608455287991098,0.0006187138799999963,0.000200819680952381
RUSSELL1000,return,RUSSELL1000_return,2015-06-04,-0.008524786,0.0025106795,-0.0008051621,-0.0011294258,0.0034371700805061224,0.0060755349641168944,-0.0006829399400000035,0.00018023150476190482
RUSSELL1000,return,RUSSELL1000_return,2015-06-05,-0.0007886767,-0.008524786,0.0025106795,-0.0060818354,0.0049399767751810994,0.005773610343774331,-0.0021620119800000036,0.00034261427142857144
RUSSELL1000,return,RUSSELL1000_return,2015-06-08,-0.0065462569,-0.0007886767,-0.008524786,0.0020910441,0.004430886212146213,0.005708254887185447,-0.0011033802400000035,0.000478619842857143
RUSSELL1000,return,RUSSELL1000_return,2015-06-09,0.0002168501,-0.0065462569,-0.0007886767,-0.0008051621,0.004556066731815333,0.005841291531023619,-0.0028308404400000037,-2.89606666666666e-05
RUSSELL1000,return,RUSSELL1000_return,2015-06-10,0.0118154683,0.0002168501,-0.0065462569,0.0025106795,0.004690605487623329,0.005036403813599412,-0.0026264380000000035,-0.0006335334761904761
RUSSELL1000,return,RUSSELL1000_return,2015-06-11,0.0024284891,0.0118154683,0.0002168501,-0.008524786,0.007950943054266277,0.0056321248544446,-0.0007654802400000035,0.0001446349857142858
RUSSELL1000,return,RUSSELL1000_return,2015-06-12,-0.0066308809,0.0024284891,0.0118154683,-0.0007886767,0.006687109782880335,0.005612421965176578,0.0014251747799999964,0.00039116216190476197
RUSSELL1000,return,RUSSELL1000_return,2015-06-15,-0.0046894033,-0.0066308809,0.0024284891,-0.0065462569,0.007616468567420831,0.005818244629552964,0.0002567339399999962,7.747562380952384e-05
RUSSELL1000,return,RUSSELL1000_return,2015-06-16,0.0055996702,-0.0046894033,-0.0066308809,0.0002168501,0.007237685782131302,0.005371159329162308,0.0006281046599999963,-0.0006525350619047618
RUSSELL1000,return,RUSSELL1000_return,2015-06-17,0.0019588482,0.0055996702,-0.0046894033,0.0118154683,0.007554613906134851,0.00553232279790694,0.0017046686799999967,-0.00043685291428571425
RUSSELL1000,return,RUSSELL1000_return,2015-06-18,0.0099149907,0.0019588482,0.0055996702,0.0024284891,0.005164651764555738,0.005486950116993263,-0.00026665534000000333,-0.0005109932666666666
RUSSELL1000,return,RUSSELL1000_return,2015-06-19,-0.0049022958,0.0099149907,0.0019588482,-0.0066308809,0.006926165654359904,0.0059393368640601515,0.0012306449799999967,-8.474795238095248e-06
RUSSELL1000,return,RUSSELL1000_return,2015-06-22,0.0058529304,-0.0049022958,0.0099149907,-0.0046894033,0.0064633361131467525,0.006033552573612577,0.0015763619999999965,-0.00020543096190476194
RUSSELL1000,return,RUSSELL1000_return,2015-06-23,0.0008019062,0.0058529304,-0.0049022958,0.0055996702,0.005565516987728795,0.006153373823077859,0.0036848287399999964,-4.238866666666666e-05
RUSSELL1000,return,RUSSELL1000_return,2015-06-24,-0.0077349063,0.0008019062,0.0058529304,0.0019588482,0.00556643588927325,0.0061380096958120155,0.0027252759399999963,9.421242857142859e-05
RUSSELL1000,return,RUSSELL1000_return,2015-06-25,-0.0029088301,-0.0077349063,0.0008019062,0.0099149907,0.007313943187325032,0.005957919313893945,0.0007865250399999966,0.00020839029523809523
RUSSELL1000,return,RUSSELL1000_return,2015-06-26,-0.0002250446,-0.0029088301,-0.0077349063,-0.0049022958,0.0052775881828846715,0.005635833229269462,-0.0017782391200000035,-0.0003595991666666667
RUSSELL1000,return,RUSSELL1000_return,2015-06-29,-0.0209016653,-0.0002250446,-0.0029088301,0.0058529304,0.004992221335037661,0.005633111253005461,-0.0008427888800000034,-0.0003165333952380952
RUSSELL1000,return,RUSSELL1000_return,2015-06-30,0.0030545437,-0.0209016653,-0.0002250446,0.0008019062,0.008860774285780526,0.007122813174839722,-0.006193708020000003,-0.001022239580952381
RUSSELL1000,return,RUSSELL1000_return,2015-07-01,0.0067704038,0.0030545437,-0.0209016653,-0.0077349063,0.009349197160643434,0.0071469321070451635,-0.005743180520000004,-0.0009763586476190478
RUSSELL1000,return,RUSSELL1000_return,2015-07-02,-0.0003487776,0.0067704038,0.0030545437,-0.0029088301,0.010725809607273637,0.007344463806263261,-0.0028421185000000035,-0.0006156174142857142
RUSSELL1000,return,RUSSELL1000_return,2015-07-06,-0.0036899692,-0.0003487776,0.0067704038,-0.0002250446,0.010782781315266263,0.007310031074558149,-0.0023301080000000035,-0.000751782038095238
RUSSELL1000,return,RUSSELL1000_return,2015-07-07,0.005961356,-0.0036899692,-0.0003487776,-0.0209016653,0.010724857593925545,0.007126820197654329,-0.0030230929200000035,-0.0005215526666666666
RUSSELL1000,return,RUSSELL1000_return,2015-07-08,-0.0165388347,0.005961356,-0.0036899692,0.0030545437,0.004383003280179848,0.007265047860291111,0.0023495113399999963,-0.0002001225380952382
RUSSELL1000,return,RUSSELL1000_return,2015-07-09,0.0023303401,-0.0165388347,0.005961356,0.0067704038,0.009438423081867126,0.007992320261955682,-0.001569164340000004,-0.0006759595761904763
RUSSELL1000,return,RUSSELL1000_return,2015-07-10,0.0121710406,0.0023303401,-0.0165388347,-0.0003487776,0.008632065599744271,0.008017392610296666,-0.0024571770800000036,-0.0005753171952380953
RUSSELL1000,return,RUSSELL1000_return,2015-07-13,0.0109317025,0.0121710406,0.0023303401,-0.0036899692,0.010911467140663805,0.008045196506775805,4.678655999999642e-05,-0.000558385180952381
RUSSELL1000,return,RUSSELL1000_return,2015-07-14,0.0046478016,0.0109317025,0.0121710406,0.005961356,0.011597411946180067,0.008408808939417384,0.0029711208999999962,-0.00015347025714285723
RUSSELL1000,return,RUSSELL1000_return,2015-07-15,-0.0013203699,0.0046478016,0.0109317025,-0.0165388347,0.01152740780251277,0.008334264101475027,0.002708410019999996,0.0003836098619047619
RUSSELL1000,return,RUSSELL1000_return,2015-07-16,0.0076287503,-0.0013203699,0.0046478016,0.0023303401,0.005722299073366152,0.008263857308112854,0.005752102979999996,0.0005440400238095238
RUSSELL1000,return,RUSSELL1000_return,2015-07-17,0.0005331652,0.0076287503,-0.0013203699,0.0121710406,0.005412428765522299,0.008337458905055724,0.006811785019999997,0.0006406628857142856
RUSSELL1000,return,RUSSELL1000_return,2015-07-20,0.0005899409,0.0005331652,0.0076287503,0.0109317025,0.0050196852061300526,0.008331991280467872,0.0044842099399999965,0.000572773219047619
RUSSELL1000,return,RUSSELL1000_return,2015-07-21,-0.0045097169,0.0005899409,0.0005331652,0.0046478016,0.003639839375609999,0.008053024441006093,0.0024158576199999966,0.00012872322857142852
RUSSELL1000,return,RUSSELL1000_return,2015-07-22,-0.0020016411,-0.0045097169,0.0005899409,-0.0013203699,0.004449823092202951,0.008041208517218557,0.0005843539199999965,0.00014741746190476184
RUSSELL1000,return,RUSSELL1000_return,2015-07-23,-0.0054609456,-0.0020016411,-0.0045097169,0.0076287503,0.004532391022711138,0.007944647379418222,0.0004480996799999965,-0.00022660975238095245
RUSSELL1000,return,RUSSELL1000_return,2015-07-24,-0.0103707114,-0.0054609456,-0.0020016411,0.0005331652,0.0027954122493247147,0.008021287582344725,-0.002169839500000004,-0.0005248407904761906
RUSSELL1000,return,RUSSELL1000_return,2015-07-27,-0.0064323207,-0.0103707114,-0.0054609456,0.0005899409,0.004105681402187727,0.008159186176166348,-0.004350614820000004,-0.0006503553190476191
RUSSELL1000,return,RUSSELL1000_return,2015-07-28,0.0124233789,-0.0064323207,-0.0103707114,-0.0045097169,0.003061390862733623,0.008243741889055287,-0.005755067140000004,-0.0008181405857142859
RUSSELL1000,return,RUSSELL1000_return,2015-07-29,0.0076904367,0.0124233789,-0.0064323207,-0.0020016411,0.008789873613884384,0.008736571015709627,-0.002368447980000003,-0.00021583470476190482
RUSSELL1000,return,RUSSELL1000_return,2015-07-30,0.0004528597,0.0076904367,0.0124233789,-0.0054609456,0.009890738747615322,0.007490761095670989,-0.0004300324200000033,0.001145693961904762
RUSSELL1000,return,RUSSELL1000_return,2015-07-31,-0.0017943732,0.0004528597,0.0076904367,-0.0103707114,0.009483955455661884,0.007479117681761605,0.0007527286399999967,0.0010218042476190475
RUSSELL1000,return,RUSSELL1000_return,2015-08-03,-0.0028836877,-0.0017943732,0.0004528597,-0.0064323207,0.007546981820827706,0.00738286993664717,0.002467996279999997,0.0006139577238095238
RUSSELL1000,return,RUSSELL1000_return,2015-08-04,-0.0019604692,-0.0028836877,-0.0017943732,0.0124233789,0.0066093505403176725,0.00742002710650613,0.0031777228799999965,0.000493247719047619
RUSSELL1000,return,RUSSELL1000_return,2015-08-05,0.0034308012,-0.0019604692,-0.0028836877,0.0076904367,0.0043091154439521525,0.00738076903674054,0.00030095325999999676,0.0005756048619047618
RUSSELL1000,return,RUSSELL1000_return,2015-08-06,-0.0079132235,0.0034308012,-0.0019604692,0.0004528597,0.0025414802446676516,0.007308747922266826,-0.0005509738400000033,0.0004551022523809523
RUSSELL1000,return,RUSSELL1000_return,2015-08-07,-0.0026806956,-0.0079132235,0.0034308012,-0.0017943732,0.004032159966891832,0.006504029496366229,-0.0022241904800000033,0.0008658456428571428
RUSSELL1000,return,RUSSELL1000_return,2015-08-10,0.0128626352,-0.0026806956,-0.0079132235,-0.0028836877,0.004028020498503942,0.006539439836405116,-0.002401454960000003,0.0006272248952380951
RUSSELL1000,return,RUSSELL1000_return,2015-08-11,-0.0092706624,0.0128626352,-0.0026806956,-0.0019604692,0.00787512475406485,0.006601925005034346,0.0007478096199999972,0.0006601579714285715
RUSSELL1000,return,RUSSELL1000_return,2015-08-12,0.0009349746,-0.0092706624,0.0128626352,0.0034308012,0.009088696029859521,0.006501499117954141,-0.0007142290200000033,-0.0003018594047619048
RUSSELL1000,return,RUSSELL1000_return,2015-08-13,-0.0009896509,0.0009349746,-0.0092706624,-0.0079132235,0.00887003874096375,0.0064100077898595785,-0.0012133943400000032,-0.00047866069047619055
RUSSELL1000,return,RUSSELL1000_return,2015-08-14,0.0039884354,-0.0009896509,0.0009349746,-0.0026806956,0.008066683455873512,0.00640824244854233,0.00017132017999999674,-0.00046291216666666674
RUSSELL1000,return,RUSSELL1000_return,2015-08-17,0.005897526,0.0039884354,-0.0009896509,0.0128626352,0.00802848741736898,0.006225029625501449,0.001505146379999997,-0.0006362604952380954
RUSSELL1000,return,RUSSELL1000_return,2015-08-18,-0.002679993,0.005897526,0.0039884354,-0.0092706624,0.005882693644062845,0.006383464510340321,0.00011212453999999688,-0.00038081474285714287
RUSSELL1000,return,RUSSELL1000_return,2015-08-19,-0.0083802211,-0.002679993,0.005897526,0.0009349746,0.0035176761863235572,0.006398464941321482,0.0014302584199999972,-0.000536525880952381
RUSSELL1000,return,RUSSELL1000_return,2015-08-20,-0.0217494173,-0.0083802211,-0.002679993,-0.0009896509,0.005659986995820691,0.006572027877153925,-0.00043278072000000283,-0.0007208356047619048
RUSSELL1000,return,RUSSELL1000_return,2015-08-21,-0.0307593908,-0.0217494173,-0.0083802211,0.0039884354,0.011135945420813453,0.008018171772988364,-0.004584734000000003,-0.0016612059
RUSSELL1000,return,RUSSELL1000_return,2015-08-24,-0.0394858132,-0.0307593908,-0.0217494173,0.005897526,0.014715368340386125,0.010216680440171865,-0.011534299240000004,-0.0028658937666666668
RUSSELL1000,return,RUSSELL1000_return,2015-08-25,-0.0128461417,-0.0394858132,-0.0307593908,-0.002679993,0.015261531440542554,0.012907248439910706,-0.020610967080000004,-0.004252327185714286
RUSSELL1000,return,RUSSELL1000_return,2015-08-26,0.0374708709,-0.0128461417,-0.0394858132,-0.0083802211,0.012745194520767751,0.013036647599095267,-0.02264419682,-0.004557747233333334
RUSSELL1000,return,RUSSELL1000_return,2015-08-27,0.0246667971,0.0374708709,-0.0128461417,-0.0217494173,0.030164779833482033,0.015568003439016573,-0.013473978420000001,-0.003365009519047619
RUSSELL1000,return,RUSSELL1000_return,2015-08-28,0.001476649,0.0246667971,0.0374708709,-0.0307593908,0.03389320966792183,0.016578736765862575,-0.004190735540000004,-0.002556611404761905
RUSSELL1000,return,RUSSELL1000_return,2015-08-31,-0.0083028517,0.001476649,0.0246667971,-0.0394858132,0.03046880371452458,0.01658953075971887,0.002256472419999997,-0.0025078595333333335
RUSSELL1000,return,RUSSELL1000_return,2015-09-01,-0.0291403527,-0.0083028517,0.001476649,-0.0128461417,0.021725546590847643,0.016636265102535498,0.008493064719999995,-0.002817787080952381
RUSSELL1000,return,RUSSELL1000_return,2015-09-02,0.0181637244,-0.0291403527,-0.0083028517,0.0374708709,0.026437707977122624,0.017600213471005034,0.005234222519999996,-0.004068104461904762
RUSSELL1000,return,RUSSELL1000_return,2015-09-03,0.0015499461,0.0181637244,-0.0291403527,0.0246667971,0.02150131944340351,0.018256337885625418,0.0013727932199999967,-0.003109809528571429
RUSSELL1000,return,RUSSELL1000_return,2015-09-04,-0.0147714756,0.0015499461,0.0181637244,0.001476649,0.017318847807947017,0.018227236125915244,-0.003250576980000003,-0.0031993740571428573
RUSSELL1000,return,RUSSELL1000_return,2015-09-08,0.0249162817,-0.0147714756,0.0015499461,-0.0083028517,0.017729594513991503,0.018376746314062487,-0.006500201900000004,-0.003525957490476191
RUSSELL1000,return,RUSSELL1000_return,2015-09-09,-0.0135378591,0.0249162817,-0.0147714756,-0.0291403527,0.022474417774663597,0.019398551831987923,0.00014362477999999707,-0.002211815714285714
RUSSELL1000,return,RUSSELL1000_return,2015-09-10,0.0049574816,-0.0135378591,0.0249162817,0.0181637244,0.018037058518799602,0.01922748896466031,0.003264123499999996,-0.0034689821095238095
RUSSELL1000,return,RUSSELL1000_return,2015-09-11,0.0048005605,0.0049574816,-0.0135378591,0.0015499461,0.016181241492384396,0.019263478956678556,0.0006228749399999961,-0.002791451442857143
RUSSELL1000,return,RUSSELL1000_return,2015-09-14,-0.0039952972,0.0048005605,0.0049574816,-0.0147714756,0.016292717712573925,0.0193192562807741,0.001272997819999996,-0.002607375923809524
RUSSELL1000,return,RUSSELL1000_return,2015-09-15,0.0125547138,-0.0039952972,0.0048005605,0.0249162817,0.014220717305725349,0.019317805737046792,0.0034282334999999964,-0.0027505019380952385
RUSSELL1000,return,RUSSELL1000_return,2015-09-16,0.0088084041,0.0125547138,-0.0039952972,-0.0135378591,0.009998874409013854,0.019556193881879066,0.0009559199199999965,-0.002342583919047619
RUSSELL1000,return,RUSSELL1000_return,2015-09-17,-0.0019161374,0.0088084041,0.0125547138,0.0049574816,0.006156921704568601,0.019627704933311535,0.005425172559999997,-0.002203970676190476
RUSSELL1000,return,RUSSELL1000_return,2015-09-18,-0.0158805058,-0.0019161374,0.0088084041,0.0048005605,0.00699745505466182,0.019627486447814917,0.004050448759999997,-0.0021675966
RUSSELL1000,return,RUSSELL1000_return,2015-09-21,0.0040690023,-0.0158805058,-0.0019161374,-0.0039952972,0.0112582912819547,0.019813546989298804,-8.576450000000318e-05,-0.0025247530142857143
RUSSELL1000,return,RUSSELL1000_return,2015-09-22,-0.0125937742,0.0040690023,-0.0158805058,0.0125547138,0.011135164416188718,0.019356756390970186,0.0015270953999999967,-0.0012953044619047622
RUSSELL1000,return,RUSSELL1000_return,2015-09-23,-0.0023047315,-0.0125937742,0.0040690023,0.0088084041,0.010574365787710137,0.018354140680695352,-0.003502602200000003,-0.00043027509999999996
RUSSELL1000,return,RUSSELL1000_return,2015-09-24,-0.0038097085,-0.0023047315,-0.0125937742,-0.0019161374,0.008252916284133443,0.01604655414409003,-0.005725229320000003,0.0013402525999999999
RUSSELL1000,return,RUSSELL1000_return,2015-09-25,-0.0010119665,-0.0038097085,-0.0023047315,-0.0158805058,0.008075974015967873,0.015765814091822112,-0.006103943540000004,0.0017705589428571426
RUSSELL1000,return,RUSSELL1000_return,2015-09-28,-0.0262588869,-0.0010119665,-0.0038097085,0.0040690023,0.006062544713143461,0.013479480026570652,-0.0031302356800000037,-6.195712380952396e-05
RUSSELL1000,return,RUSSELL1000_return,2015-09-29,0.00075106,-0.0262588869,-0.0010119665,-0.0125937742,0.010561333967516753,0.013388799493511624,-0.009195813520000004,-0.0024869896952380956
RUSSELL1000,return,RUSSELL1000_return,2015-09-30,0.018867909,0.00075106,-0.0262588869,-0.0023047315,0.011157333202524761,0.013378991929932749,-0.0065268466800000036,-0.002521541552380952
RUSSELL1000,return,RUSSELL1000_return,2015-10-01,0.0018699478,0.018867909,0.00075106,-0.0038097085,0.01608847067836082,0.014087013125468843,-0.0022923185800000035,-0.001227695804761905
RUSSELL1000,return,RUSSELL1000_return,2015-10-02,0.0147948134,0.0018699478,0.018867909,-0.0010119665,0.01615492065274106,0.012557000908017743,-0.0011563873200000037,0.0002489851714285714
RUSSELL1000,return,RUSSELL1000_return,2015-10-05,0.0182434457,0.0147948134,0.0018699478,-0.0262588869,0.017666174841066393,0.012336264057658064,0.0020049686599999963,8.856083809523806e-05
RUSSELL1000,return,RUSSELL1000_return,2015-10-06,-0.0039316134,0.0182434457,0.0147948134,0.00075106,0.008904016202736384,0.01295735751609762,0.010905435179999996,0.0008834893904761904
RUSSELL1000,return,RUSSELL1000_return,2015-10-07,0.0087800177,-0.0039316134,0.0182434457,0.018867909,0.01036541373256797,0.012510743781903083,0.009968900499999997,0.0013996733047619047
RUSSELL1000,return,RUSSELL1000_return,2015-10-08,0.00873193,0.0087800177,-0.0039316134,0.0018699478,0.00910542677805625,0.011444242683003956,0.007951322239999998,0.0006312797809523809
RUSSELL1000,return,RUSSELL1000_return,2015-10-09,0.0009213976,0.00873193,0.0087800177,0.0147948134,0.00845346172723102,0.011092009492509158,0.009323718679999997,0.0016917459285714284
RUSSELL1000,return,RUSSELL1000_return,2015-10-12,0.000816815,0.0009213976,0.00873193,0.0182434457,0.008485514857675127,0.011067534019960627,0.006549035519999996,0.0014995514523809522
RUSSELL1000,return,RUSSELL1000_return,2015-10-13,-0.0070311649,0.000816815,0.0009213976,-0.0039316134,0.00555377080730485,0.011042236931070318,0.0030637093799999963,0.0013098492857142856
RUSSELL1000,return,RUSSELL1000_return,2015-10-14,-0.004774695,-0.0070311649,0.000816815,0.0087800177,0.00660355931965244,0.011134650840158591,0.002443799079999996,0.0011652841571428573
RUSSELL1000,return,RUSSELL1000_return,2015-10-15,0.0148624646,-0.004774695,-0.0070311649,0.00873193,0.006116390395064038,0.0108877748667875,-0.00026714346000000376,0.0003400742142857143
RUSSELL1000,return,RUSSELL1000_return,2015-10-16,0.0040968512,0.0148624646,-0.004774695,0.0009213976,0.008515367752976198,0.011198916746412942,0.000958963459999996,0.0006283628095238095
RUSSELL1000,return,RUSSELL1000_return,2015-10-19,0.0003262471,0.0040968512,0.0148624646,0.000816815,0.008629515905245813,0.011207472820523428,0.0015940541799999964,0.0009146956
RUSSELL1000,return,RUSSELL1000_return,2015-10-20,-0.0013822422,0.0003262471,0.0040968512,-0.0070311649,0.008643339657097696,0.010530690523981243,0.0014959405999999962,0.0016864457380952377
RUSSELL1000,return,RUSSELL1000_return,2015-10-21,-0.0064199153,-0.0013822422,0.0003262471,-0.004774695,0.00755015933937492,0.010536209179153775,0.002625725139999996,0.0014268626666666664
RUSSELL1000,return,RUSSELL1000_return,2015-10-22,0.0155576722,-0.0064199153,-0.0013822422,0.0148624646,0.007977086983259312,0.010206401595603539,0.0022966810799999967,0.0017208559476190473
RUSSELL1000,return,RUSSELL1000_return,2015-10-23,0.0103884294,0.0155576722,-0.0064199153,0.0040968512,0.008252181139640241,0.010591202025035261,0.0024357225999999967,0.0025714466
RUSSELL1000,return,RUSSELL1000_return,2015-10-26,-0.0017886072,0.0103884294,0.0155576722,0.0003262471,0.009013370349339663,0.010616632940176965,0.0036940382399999966,0.003247548404761905
RUSSELL1000,return,RUSSELL1000_return,2015-10-27,-0.0029952645,-0.0017886072,0.0103884294,-0.0013822422,0.009257243681753579,0.010633552024988053,0.0032710673799999966,0.0032105655142857146
RUSSELL1000,return,RUSSELL1000_return,2015-10-28,0.0126237908,-0.0029952645,-0.0017886072,-0.0064199153,0.009485245111861782,0.008383737322280461,0.0029484629199999965,0.004318357057142857
RUSSELL1000,return,RUSSELL1000_return,2015-10-29,-0.000894338,0.0126237908,-0.0029952645,0.0155576722,0.008561431101695131,0.00853019105147444,0.006757204139999996,0.004883725190476191
RUSSELL1000,return,RUSSELL1000_return,2015-10-30,-0.0041915937,-0.000894338,0.0126237908,0.0103884294,0.007418836518572599,0.007982838959228829,0.003466802099999996,0.00394266580952381
RUSSELL1000,return,RUSSELL1000_return,2015-11-02,0.0122207359,-0.0041915937,-0.000894338,-0.0017886072,0.00686263849017401,0.008168949571899975,0.0005507974799999962,0.003654020976190476
RUSSELL1000,return,RUSSELL1000_return,2015-11-03,0.0024894075,0.0122207359,-0.0041915937,-0.0029952645,0.008364292227055944,0.008011212683059614,0.0033526660999999964,0.003531445857142857
RUSSELL1000,return,RUSSELL1000_return,2015-11-04,-0.0029742478,0.0024894075,0.0122207359,0.0126237908,0.00765307462652911,0.0072677882452273825,0.004449600499999996,0.002781253561904762
RUSSELL1000,return,RUSSELL1000_return,2015-11-05,-0.0010726985,-0.0029742478,0.0024894075,-0.000894338,0.00659383385907386,0.007226460016642399,0.0013299927799999963,0.0028268423999999997
RUSSELL1000,return,RUSSELL1000_return,2015-11-06,-0.000334945,-0.0010726985,-0.0029742478,-0.0041915937,0.006609339893643239,0.007139950780879523,0.0012943206799999963,0.002357665438095238
RUSSELL1000,return,RUSSELL1000_return,2015-11-09,-0.0095210765,-0.000334945,-0.0010726985,0.0122207359,0.006006621295518572,0.0070081458606506,0.002065650419999996,0.0019259094857142854
RUSSELL1000,return,RUSSELL1000_return,2015-11-10,0.0018548609,-0.0095210765,-0.000334945,0.0024894075,0.004497310192667832,0.007440141061933366,-0.0022827120600000033,0.001428648814285714
RUSSELL1000,return,RUSSELL1000_return,2015-11-11,-0.0036187603,0.0018548609,-0.0095210765,-0.0029742478,0.0043350043513003,0.00743932115572469,-0.0024096213800000035,0.0014780795714285713
RUSSELL1000,return,RUSSELL1000_return,2015-11-12,-0.0141277799,-0.0036187603,0.0018548609,-0.0010726985,0.004365466342910448,0.007279718470226962,-0.0025385238800000034,0.0016405750285714282
RUSSELL1000,return,RUSSELL1000_return,2015-11-13,-0.0106887841,-0.0141277799,-0.0036187603,-0.000334945,0.006601218950782206,0.007947344286161067,-0.005149540160000004,0.0011951900333333331
RUSSELL1000,return,RUSSELL1000_return,2015-11-16,0.0145690132,-0.0106887841,-0.0141277799,-0.0095210765,0.006331802006440545,0.007702438572509699,-0.007220307980000004,-2.1536095238095346e-05
RUSSELL1000,return,RUSSELL1000_return,2015-11-17,-0.0011941481,0.0145690132,-0.0106887841,0.0018548609,0.011333372886599363,0.008298349279182927,-0.0024022900400000034,0.0004771382857142855
RUSSELL1000,return,RUSSELL1000_return,2015-11-18,0.0162332346,-0.0011941481,0.0145690132,-0.0036187603,0.011127200294679366,0.00830636012027682,-0.0030120918400000037,0.0004047385142857142
RUSSELL1000,return,RUSSELL1000_return,2015-11-19,-0.0011429796,0.0162332346,-0.0011941481,-0.0141277799,0.014021880655350136,0.008979097748535914,0.0009583071399999962,0.0012435707428571428
RUSSELL1000,return,RUSSELL1000_return,2015-11-20,0.0037529405,-0.0011429796,0.0162332346,-0.0106887841,0.011506051934423436,0.008826450388933366,0.0035552671999999966,0.0014948533952380953
RUSSELL1000,return,RUSSELL1000_return,2015-11-23,-0.0008627183,0.0037529405,-0.0011429796,0.0145690132,0.008440828156683582,0.00824264769117613,0.006443612119999997,0.0009327233142857141
RUSSELL1000,return,RUSSELL1000_return,2015-11-24,0.0016052123,-0.0008627183,0.0037529405,-0.0011941481,0.0074953814772895835,0.007958046358159575,0.0033572658199999966,0.00039695437619047605
RUSSELL1000,return,RUSSELL1000_return,2015-11-25,0.0003709089,0.0016052123,-0.0008627183,0.0162332346,0.007167810214708885,0.007945894436357594,0.003917137899999997,0.0005585648285714284
RUSSELL1000,return,RUSSELL1000_return,2015-11-27,0.0009643633,0.0003709089,0.0016052123,-0.0011429796,0.0020047967459604307,0.007904462987524459,0.0007446727599999966,0.0007188587999999999
RUSSELL1000,return,RUSSELL1000_return,2015-11-30,-0.0046732105,0.0009643633,0.0003709089,0.0037529405,0.0017083393728976961,0.007421152634528256,0.0011661413399999966,0.00016364796666666655
RUSSELL1000,return,RUSSELL1000_return,2015-12-01,0.0104530628,-0.0046732105,0.0009643633,-0.0008627183,0.0024940022821834207,0.007493550559847044,-0.0005190888600000035,-1.6298342857142964e-05
RUSSELL1000,return,RUSSELL1000_return,2015-12-02,-0.0106969663,0.0104530628,-0.0046732105,0.0016052123,0.005466736686807017,0.007762176776933593,0.0017440673599999964,0.0006810662523809523
RUSSELL1000,return,RUSSELL1000_return,2015-12-03,-0.0144577215,-0.0106969663,0.0104530628,0.0003709089,0.007810764337627798,0.007669135831939544,-0.0007163683600000037,-0.00041025290000000004
RUSSELL1000,return,RUSSELL1000_return,2015-12-04,0.0194304152,-0.0144577215,-0.0106969663,0.0009643633,0.009845012906567805,0.008220583296216413,-0.0036820944400000034,-0.0012172590428571428
RUSSELL1000,return,RUSSELL1000_return,2015-12-07,-0.0075574687,0.0194304152,-0.0144577215,-0.0046732105,0.014423042625402718,0.009356537700038917,1.1115939999996326e-05,-0.0001503703285714287
RUSSELL1000,return,RUSSELL1000_return,2015-12-08,-0.0063345492,-0.0075574687,0.0194304152,0.0104530628,0.014712013836319641,0.009494492834895495,-0.0005657357000000036,-0.00045916890952380965
RUSSELL1000,return,RUSSELL1000_return,2015-12-09,-0.0078817332,-0.0063345492,-0.0075574687,-0.0106969663,0.013428271574945094,0.009580444891197224,-0.003923258100000004,-0.0007448643476190478
RUSSELL1000,return,RUSSELL1000_return,2015-12-10,0.0025237973,-0.0078817332,-0.0063345492,-0.0144577215,0.013128929933728599,0.009511791392521967,-0.0033602114800000034,-0.000666800380952381
RUSSELL1000,return,RUSSELL1000_return,2015-12-11,-0.0192557525,0.0025237973,-0.0078817332,0.0194304152,0.011654051219931905,0.009521773310330404,3.609227999999652e-05,-0.0006349462666666668
RUSSELL1000,return,RUSSELL1000_return,2015-12-14,0.0036524838,-0.0192557525,0.0025237973,-0.0075574687,0.007745631649114497,0.010342801897040937,-0.007701141260000004,-0.001379564942857143
RUSSELL1000,return,RUSSELL1000_return,2015-12-15,0.0108172389,0.0036524838,-0.0192557525,-0.0063345492,0.009269989101438692,0.009968002236448878,-0.005459150760000003,-0.0005328857190476192
RUSSELL1000,return,RUSSELL1000_return,2015-12-16,0.0145692307,0.0108172389,0.0036524838,-0.0078817332,0.011715892653710905,0.009977174423056345,-0.002028793140000003,0.0004912106142857142
RUSSELL1000,return,RUSSELL1000_return,2015-12-17,-0.0147336186,0.0145692307,0.0108172389,0.0025237973,0.013128946023315652,0.009977189767792764,0.0024613996399999965,0.0004912209714285713
RUSSELL1000,return,RUSSELL1000_return,2015-12-18,-0.0170678386,-0.0147336186,0.0145692307,-0.0192557525,0.015211656491235497,0.010514542764473432,-0.0009900835400000034,-0.00015351571904761915
RUSSELL1000,return,RUSSELL1000_return,2015-12-21,0.0075336431,-0.0170678386,-0.0147336186,0.0036524838,0.014572921160457789,0.010430420015691699,-0.0005525007600000031,-0.0017392811095238096
RUSSELL1000,return,RUSSELL1000_return,2015-12-22,0.0088193818,0.0075336431,-0.0170678386,0.0108172389,0.014951348371200969,0.01062525256171589,0.00022373109999999693,-0.0013261085999999999
RUSSELL1000,return,RUSSELL1000_return,2015-12-23,0.0127370927,0.0088193818,0.0075336431,0.0145692307,0.014620497506218804,0.010802388047521694,-0.00017584032000000324,-0.0010848494904761906
RUSSELL1000,return,RUSSELL1000_return,2015-12-24,-0.0013881548,0.0127370927,0.0088193818,-0.0147336186,0.014174723658517603,0.01121610698947401,-0.000542267920000003,-0.00043723944285714307
RUSSELL1000,return,RUSSELL1000_return,2015-12-28,-0.0023225478,-0.0013881548,0.0127370927,-0.0170678386,0.011909995517053651,0.011207870164468807,0.002126824839999997,-0.0005797807333333334
RUSSELL1000,return,RUSSELL1000_return,2015-12-29,0.0104870138,-0.0023225478,-0.0013881548,0.0075336431,0.006619461175661267,0.011211857643603149,0.005075882999999997,-0.0007080405761904764
RUSSELL1000,return,RUSSELL1000_return,2015-12-30,-0.0071386873,0.0104870138,-0.0023225478,0.0088193818,0.00701363559702777,0.011472421730788463,0.005666557139999996,-0.00025458102857142873
RUSSELL1000,return,RUSSELL1000_return,2015-12-31,-0.0089690196,-0.0071386873,0.0104870138,0.0127370927,0.008658324391921223,0.011532359654769208,0.0024749433199999964,-0.0003719846857142858
RUSSELL1000,return,RUSSELL1000_return,2016-01-04,-0.0148421497,-0.0089690196,-0.0071386873,-0.0013881548,0.0076040752278599,0.011398839880757817,-0.0018662791400000031,-0.0012968457523809525
RUSSELL1000,return,RUSSELL1000_return,2016-01-05,0.0017783952,-0.0148421497,-0.0089690196,-0.0023225478,0.009529302944540848,0.011603804955311336,-0.004557078120000004,-0.0014942354380952383
RUSSELL1000,return,RUSSELL1000_return,2016-01-06,-0.013139269,0.0017783952,-0.0148421497,0.0104870138,0.009937454505240794,0.01123180974142991,-0.003736889520000003,-0.0007210870238095238
RUSSELL1000,return,RUSSELL1000_return,2016-01-07,-0.0240420535,-0.013139269,0.0017783952,-0.0071386873,0.0065087839612139745,0.010537280634965392,-0.008462146080000003,-0.002272024366666667
RUSSELL1000,return,RUSSELL1000_return,2016-01-08,-0.0109082138,-0.0240420535,-0.013139269,-0.0089690196,0.009398062152781505,0.011518992658044238,-0.011842819320000003,-0.003057004595238095
RUSSELL1000,return,RUSSELL1000_return,2016-01-11,8.28155e-05,-0.0109082138,-0.0240420535,-0.0148421497,0.0092892001368317,0.011626794291208654,-0.012230658160000005,-0.003274798147619048
RUSSELL1000,return,RUSSELL1000_return,2016-01-12,0.0071817903,8.28155e-05,-0.0109082138,0.0017783952,0.010552343163916678,0.011598870549003392,-0.009245665120000003,-0.002895533923809524
RUSSELL1000,return,RUSSELL1000_return,2016-01-13,-0.0253765826,0.0071817903,8.28155e-05,-0.013139269,0.012123322924346942,0.011751225653506558,-0.008164986100000004,-0.002673724733333334
RUSSELL1000,return,RUSSELL1000_return,2016-01-14,0.0159514405,-0.0253765826,0.0071817903,-0.0240420535,0.014400043661328037,0.012248465558861868,-0.010612448820000004,-0.0029651928333333335
RUSSELL1000,return,RUSSELL1000_return,2016-01-15,-0.0212493617,0.0159514405,-0.0253765826,-0.0109082138,0.016084426095381365,0.0128595110326214,-0.002613750020000003,-0.0023795282285714284
RUSSELL1000,return,RUSSELL1000_return,2016-01-19,-0.0005917064,-0.0212493617,0.0159514405,8.28155e-05,0.017971749195495868,0.013115432404835032,-0.004681979600000003,-0.00390650920952381
RUSSELL1000,return,RUSSELL1000_return,2016-01-20,-0.0111648001,-0.0005917064,-0.0212493617,0.0071817903,0.01792952274274307,0.01244785296055387,-0.004816883980000003,-0.004628458595238095
RUSSELL1000,return,RUSSELL1000_return,2016-01-21,0.004785628,-0.0111648001,-0.0005917064,-0.0253765826,0.016694905823769358,0.01232676735754341,-0.008486202060000003,-0.004458514857142857
RUSSELL1000,return,RUSSELL1000_return,2016-01-22,0.0209407124,0.004785628,-0.0111648001,0.0159514405,0.014350820974406573,0.012129924530860358,-0.0024537599400000034,-0.00341787359047619
RUSSELL1000,return,RUSSELL1000_return,2016-01-25,-0.016134405,0.0209407124,0.004785628,-0.0212493617,0.01602619431251454,0.013052867263129259,-0.0014559055600000038,-0.0027794417190476193
RUSSELL1000,return,RUSSELL1000_return,2016-01-26,0.0148758503,-0.016134405,0.0209407124,-0.0005917064,0.014541324733370196,0.013079979430327066,-0.00043291422000000385,-0.00396771728095238
RUSSELL1000,return,RUSSELL1000_return,2016-01-27,-0.0110702255,0.0148758503,-0.016134405,-0.0111648001,0.01606459223046242,0.01322408555927923,0.002660597119999996,-0.003865871680952381
RUSSELL1000,return,RUSSELL1000_return,2016-01-28,0.0044071996,-0.0110702255,0.0148758503,0.004785628,0.01604428704231089,0.01330193309701757,0.002679512039999996,-0.004326922666666668
RUSSELL1000,return,RUSSELL1000_return,2016-01-29,0.0253691649,0.0044071996,-0.0110702255,0.0209407124,0.016032756508485117,0.01343305477665675,0.002603826359999996,-0.004006458504761905
RUSSELL1000,return,RUSSELL1000_return,2016-02-01,-9.45269e-05,0.0253691649,0.0044071996,-0.016134405,0.017365872681277775,0.014579538970984685,0.0034895168599999972,-0.0032977846428571427
RUSSELL1000,return,RUSSELL1000_return,2016-02-02,-0.019297108,-9.45269e-05,0.0253691649,0.0148758503,0.013987366250862207,0.01456778053206956,0.006697492479999997,-0.0029623484333333333
RUSSELL1000,return,RUSSELL1000_return,2016-02-03,0.0055053459,-0.019297108,-9.45269e-05,-0.0110702255,0.01701367949791571,0.014950032388749262,-0.00013709918000000336,-0.003454162166666667
RUSSELL1000,return,RUSSELL1000_return,2016-02-04,0.002499317,0.0055053459,-0.019297108,0.0044071996,0.015931220779774137,0.014833982317047868,0.0031780150999999963,-0.0024852338047619046
RUSSELL1000,return,RUSSELL1000_return,2016-02-05,-0.0197115324,0.002499317,0.0055053459,0.0253691649,0.015917261978026058,0.01484517277285935,0.0027964385799999964,-0.0024509041952380955
RUSSELL1000,return,RUSSELL1000_return,2016-02-08,-0.0156081341,-0.0197115324,0.002499317,-9.45269e-05,0.012288855172640287,0.015147960834762553,-0.006219700880000003,-0.002763869119047619
RUSSELL1000,return,RUSSELL1000_return,2016-02-09,-0.0009831041,-0.0156081341,-0.0197115324,-0.019297108,0.012314162234866649,0.014659538142578333,-0.009322422320000004,-0.0023622539095238095
RUSSELL1000,return,RUSSELL1000_return,2016-02-10,0.0005480461,-0.0009831041,-0.0156081341,0.0055053459,0.011286315744921456,0.014529657509867275,-0.005659621540000004,-0.0018896296380952382
RUSSELL1000,return,RUSSELL1000_return,2016-02-11,-0.0124469412,0.0005480461,-0.0009831041,0.002499317,0.01022848189746742,0.014533169584813155,-0.006651081500000005,-0.0018674757999999998
RUSSELL1000,return,RUSSELL1000_return,2016-02-12,0.0197355601,-0.0124469412,0.0005480461,-0.0197115324,0.008995435478957411,0.01455326291599895,-0.009640333140000004,-0.0028021773
RUSSELL1000,return,RUSSELL1000_return,2016-02-16,0.0175773785,0.0197355601,-0.0124469412,-0.0156081341,0.013910165937156225,0.014382950463395992,-0.0017509146400000043,-0.0006539800285714286
RUSSELL1000,return,RUSSELL1000_return,2016-02-17,0.0170872217,0.0175773785,0.0197355601,-0.0009831041,0.013557982896020173,0.014480852589299584,0.004886187879999996,-0.0005765544095238095
RUSSELL1000,return,RUSSELL1000_return,2016-02-18,-0.0044814518,0.0170872217,0.0175773785,0.0005480461,0.014003436219922635,0.01415726041407626,0.008500253039999996,0.0012489971809523809
RUSSELL1000,return,RUSSELL1000_return,2016-02-19,0.0001306038,-0.0044814518,0.0170872217,-0.0124469412,0.014871220522983637,0.014207902418406908,0.007494353459999996,0.0010637712095238094
RUSSELL1000,return,RUSSELL1000_return,2016-02-22,0.0146364662,0.0001306038,-0.0044814518,0.0197355601,0.011286534544155255,0.013932959371296906,0.010009862459999996,0.0016016475857142855
RUSSELL1000,return,RUSSELL1000_return,2016-02-23,-0.0121121099,0.0146364662,0.0001306038,0.0175773785,0.01038219104919232,0.014208615338027272,0.008990043679999995,0.002070735119047619
RUSSELL1000,return,RUSSELL1000_return,2016-02-24,0.0046914138,-0.0121121099,0.0146364662,0.0170872217,0.012514241747306264,0.013839705123420613,0.0030521459999999956,0.0004967912
RUSSELL1000,return,RUSSELL1000_return,2016-02-25,0.0116962713,0.0046914138,-0.0121121099,-0.0044814518,0.010017455070484937,0.013324965004568753,0.0005729844199999957,0.0014884968571428573
RUSSELL1000,return,RUSSELL1000_return,2016-02-26,-0.0008486355,0.0116962713,0.0046914138,0.0001306038,0.010573954616526108,0.013182545010295208,0.0038085290399999957,0.0013370883333333335
RUSSELL1000,return,RUSSELL1000_return,2016-02-29,-0.0074753584,-0.0008486355,0.0116962713,0.0146364662,0.010667759025325874,0.012886912993483426,0.0036126811799999958,0.0018238307142857144
RUSSELL1000,return,RUSSELL1000_return,2016-03-01,0.0236432485,-0.0074753584,-0.0008486355,-0.0121121099,0.009471517283702801,0.013027908644897024,-0.0008096837400000043,0.001257994619047619
RUSSELL1000,return,RUSSELL1000_return,2016-03-02,0.0047952642,0.0236432485,-0.0074753584,0.0046914138,0.011972369082508406,0.0128727178271981,0.006341387939999996,0.0011758081238095238
RUSSELL1000,return,RUSSELL1000_return,2016-03-03,0.0044595483,0.0047952642,0.0236432485,0.0116962713,0.011968880615650943,0.012892799196150335,0.006362158019999996,0.001408655319047619
RUSSELL1000,return,RUSSELL1000_return,2016-03-04,0.0036391049,0.0044595483,0.0047952642,-0.0008486355,0.011594282427923685,0.011996227653991463,0.004914813419999995,0.0025399246666666666
RUSSELL1000,return,RUSSELL1000_return,2016-03-07,0.0013875321,0.0036391049,0.0044595483,-0.0074753584,0.0112037010187352,0.011980062984729164,0.005812361499999996,0.0024510560476190477
RUSSELL1000,return,RUSSELL1000_return,2016-03-08,-0.0120523949,0.0013875321,0.0036391049,0.0236432485,0.009074650345110869,0.011982295431509532,0.007584939599999995,0.0023981139095238095
RUSSELL1000,return,RUSSELL1000_return,2016-03-09,0.0052008493,-0.0120523949,0.0013875321,0.0047952642,0.007111908069097233,0.011376940217100895,0.00044581091999999593,0.0027628347428571426
RUSSELL1000,return,RUSSELL1000_return,2016-03-10,-0.0002223143,0.0052008493,-0.0120523949,0.0044595483,0.007175944046584799,0.010574798079710354,0.000526927939999996,0.0037537387142857143
RUSSELL1000,return,RUSSELL1000_return,2016-03-11,0.0171814632,-0.0002223143,0.0052008493,0.0036391049,0.006831701570548167,0.010559050251561432,-0.00040944458000000404,0.0037899668000000004
RUSSELL1000,return,RUSSELL1000_return,2016-03-14,-0.0013771587,0.0171814632,-0.0002223143,0.0013875321,0.010524480692217808,0.01092135106459839,0.0022990270799999957,0.004582034280952381
RUSSELL1000,return,RUSSELL1000_return,2016-03-15,-0.0025938008,-0.0013771587,0.0171814632,-0.0120523949,0.01065614366351695,0.010308270743567422,0.0017460889199999957,0.005109166780952381
RUSSELL1000,return,RUSSELL1000_return,2016-03-16,0.0062287929,-0.0025938008,-0.0013771587,0.0052008493,0.008135678792997219,0.009866281894116362,0.003637807739999995,0.004045863880952382
RUSSELL1000,return,RUSSELL1000_return,2016-03-17,0.0069429673,0.0062287929,-0.0025938008,-0.0002223143,0.008197802285725662,0.009387227448884861,0.0038433964599999962,0.003505455042857143
RUSSELL1000,return,RUSSELL1000_return,2016-03-18,0.0045020359,0.0069429673,0.0062287929,0.0171814632,0.007931344977211218,0.008901832978958739,0.005276452779999995,0.00302239530952381
RUSSELL1000,return,RUSSELL1000_return,2016-03-21,0.0011006349,0.0045020359,0.0069429673,-0.0013771587,0.004425545324100118,0.008737537468013113,0.0027405673199999954,0.0034501804380952378
RUSSELL1000,return,RUSSELL1000_return,2016-03-22,-0.0004551155,0.0011006349,0.0045020359,-0.0025938008,0.003963824674610354,0.008721660356959152,0.0032361260399999953,0.003496372395238096
RUSSELL1000,return,RUSSELL1000_return,2016-03-23,-0.0072767169,-0.0004551155,0.0011006349,0.0062287929,0.0032237418626722227,0.008372616789705724,0.0036638630999999955,0.002777725647619048
RUSSELL1000,return,RUSSELL1000_return,2016-03-24,-0.0001938995,-0.0072767169,-0.0004551155,0.0069429673,0.005436168532488533,0.008000892038668259,0.0009627611399999952,0.0030079824571428576
RUSSELL1000,return,RUSSELL1000_return,2016-03-28,0.0006346419,-0.0001938995,-0.0072767169,0.0045020359,0.004289397913178167,0.008020495886971318,-0.0004646122200000046,0.0027753484904761904
RUSSELL1000,return,RUSSELL1000_return,2016-03-29,0.0096512618,0.0006346419,-0.0001938995,0.0011006349,0.003433116537218737,0.007764470994956483,-0.0012380910200000047,0.0022486042333333335
RUSSELL1000,return,RUSSELL1000_return,2016-03-30,0.0042033162,0.0096512618,0.0006346419,-0.0004551155,0.006033880974660101,0.007892074329393688,0.00047203435999999545,0.0027485993428571433
RUSSELL1000,return,RUSSELL1000_return,2016-03-31,-0.0013793516,0.0042033162,0.0096512618,-0.0072767169,0.0062119549779309285,0.007539193601189658,0.0014037206999999955,0.0033047267047619047
RUSSELL1000,return,RUSSELL1000_return,2016-04-01,0.0060955163,-0.0013793516,0.0042033162,-0.0001938995,0.004466353366969751,0.005980209799949407,0.0025831937599999953,0.0021131743190476193
RUSSELL1000,return,RUSSELL1000_return,2016-04-04,-0.003380432,0.0060955163,-0.0013793516,0.0006346419,0.004373387189117974,0.006015991685275519,0.003841076919999995,0.002175091085714286
RUSSELL1000,return,RUSSELL1000_return,2016-04-05,-0.0099581101,-0.003380432,0.0060955163,0.0096512618,0.005365418527091567,0.006109669764046447,0.0030380621399999953,0.0018017586904761906
RUSSELL1000,return,RUSSELL1000_return,2016-04-06,0.0109993361,-0.0099581101,-0.003380432,0.0042033162,0.006391624476016449,0.0066055883659624295,-0.0008838122400000048,0.001154272261904762
RUSSELL1000,return,RUSSELL1000_return,2016-04-07,-0.0119676289,0.0109993361,-0.0099581101,-0.0013793516,0.008208297862206252,0.006946752675685061,0.00047539173999999534,0.0016119772142857143
RUSSELL1000,return,RUSSELL1000_return,2016-04-08,0.003036007,-0.0119676289,0.0109993361,0.0060955163,0.00998086897184623,0.006938435520808302,-0.0016422637200000049,0.0016160136904761907
RUSSELL1000,return,RUSSELL1000_return,2016-04-11,-0.002780658,0.003036007,-0.0119676289,-0.003380432,0.009468524694916734,0.006898477786818798,-0.002254165580000005,0.001512925961904762
RUSSELL1000,return,RUSSELL1000_return,2016-04-12,0.0096007447,-0.002780658,0.003036007,-0.0099581101,0.00945447793432132,0.0069530282880074686,-0.0021342107800000052,0.0013911000714285715
RUSSELL1000,return,RUSSELL1000_return,2016-04-13,0.0110075552,0.0096007447,-0.002780658,0.0109993361,0.009454293090613174,0.006253871628484037,0.001777560179999995,0.0010301134761904762
RUSSELL1000,return,RUSSELL1000_return,2016-04-14,3.01512e-05,0.0110075552,0.0096007447,-0.0119676289,0.009456297832829134,0.006590404870720364,0.001779203999999995,0.0016198617571428573
RUSSELL1000,return,RUSSELL1000_return,2016-04-15,-0.000630647,3.01512e-05,0.0110075552,0.003036007,0.0059787268766801505,0.006531129655955459,0.004178760019999995,0.0017448118523809525
RUSSELL1000,return,RUSSELL1000_return,2016-04-18,0.0062569976,-0.000630647,3.01512e-05,-0.002780658,0.006366245780911881,0.006466874217756573,0.003445429219999995,0.001418171857142857
RUSSELL1000,return,RUSSELL1000_return,2016-04-19,0.0032061542,0.0062569976,-0.000630647,0.0096007447,0.00536006651795105,0.006439245706976239,0.005252960339999996,0.0013855066333333334
RUSSELL1000,return,RUSSELL1000_return,2016-04-20,0.0009270837,0.0032061542,0.0062569976,0.0110075552,0.004796594659458483,0.006414046075898216,0.003974042239999994,0.001323797980952381
RUSSELL1000,return,RUSSELL1000_return,2016-04-21,-0.0051424406,0.0009270837,0.0032061542,3.01512e-05,0.0028071227245219884,0.00641445978804255,0.001957947939999995,0.0013155336380952381
RUSSELL1000,return,RUSSELL1000_return,2016-04-22,0.0008084655,-0.0051424406,0.0009270837,-0.000630647,0.0042681297989996215,0.006559077227219452,0.0009234295799999952,0.001092327680952381
RUSSELL1000,return,RUSSELL1000_return,2016-04-25,-0.0021141821,0.0008084655,-0.0051424406,0.0062569976,0.004184841146629366,0.006274379198545458,0.0012112520799999952,0.0014773363666666667
RUSSELL1000,return,RUSSELL1000_return,2016-04-26,0.0023866114,-0.0021141821,0.0008084655,0.0032061542,0.0032262678286629595,0.006313822406358921,-0.0004629838600000048,0.0013858943380952384
RUSSELL1000,return,RUSSELL1000_return,2016-04-27,0.0018681465,0.0023866114,-0.0021141821,0.0009270837,0.0030065971367698218,0.006314974110101315,-0.0006268924200000047,0.0014693214571428572
RUSSELL1000,return,RUSSELL1000_return,2016-04-28,-0.0093619536,0.0018681465,0.0023866114,-0.0051424406,0.003154035627708005,0.006032861097160825,-0.0004386798600000049,0.0010986969190476192
RUSSELL1000,return,RUSSELL1000_return,2016-04-29,-0.0050395699,-0.0093619536,0.0018681465,0.0008084655,0.004840721901529258,0.006398953493141399,-0.0012825824600000049,0.0004527316904761905
RUSSELL1000,return,RUSSELL1000_return,2016-05-02,0.0077892852,-0.0050395699,-0.0093619536,-0.0021141821,0.004915102327448204,0.006500396149141749,-0.002452189540000005,0.000278435580952381
RUSSELL1000,return,RUSSELL1000_return,2016-05-03,-0.0093062762,0.0077892852,-0.0050395699,0.0023866114,0.006741489940385507,0.006586124899255353,-0.0004714960800000048,0.0003590912428571429
RUSSELL1000,return,RUSSELL1000_return,2016-05-04,-0.0058118185,-0.0093062762,0.0077892852,0.0018681465,0.00748883475217514,0.006874968889605582,-0.002810073600000005,7.690818571428583e-05
RUSSELL1000,return,RUSSELL1000_return,2016-05-05,-0.0003001369,-0.0058118185,-0.0093062762,-0.0093619536,0.007065036101145047,0.006627445965995426,-0.004346066600000005,0.00027435064285714303
RUSSELL1000,return,RUSSELL1000_return,2016-05-06,0.0033699699,-0.0003001369,-0.0058118185,-0.0050395699,0.006603901513530177,0.006155020773618204,-0.0025337032600000046,-0.00026371949999999983
RUSSELL1000,return,RUSSELL1000_return,2016-05-09,0.0007095932,0.0033699699,-0.0003001369,0.0077892852,0.006871607854692878,0.005579900630334239,-0.0008517953000000047,0.0004666423476190479
RUSSELL1000,return,RUSSELL1000_return,2016-05-10,0.012543921,0.0007095932,0.0033699699,-0.0093062762,0.0051628778823488205,0.0055493490042647095,-0.0022677337000000047,0.0003558607380952383
RUSSELL1000,return,RUSSELL1000_return,2016-05-11,-0.0090857549,0.012543921,0.0007095932,-0.0058118185,0.00672642258195497,0.00609685805901975,0.0021023057399999954,0.0010856025952380953
RUSSELL1000,return,RUSSELL1000_return,2016-05-12,-0.0004473144,-0.0090857549,0.012543921,-0.0003001369,0.007768118328978512,0.006155300813919909,0.0014475184599999954,0.00019576928095238114
RUSSELL1000,return,RUSSELL1000_return,2016-05-13,-0.0082629372,-0.0004473144,-0.0090857549,0.0033699699,0.007776670392249266,0.005634825270386513,0.0014180829599999955,-0.0003497006999999998
RUSSELL1000,return,RUSSELL1000_return,2016-05-16,0.0098986909,-0.0082629372,-0.0004473144,0.0007095932,0.008728599440217817,0.005891625946989156,-0.0009084984600000047,-0.0007446096714285712
RUSSELL1000,return,RUSSELL1000_return,2016-05-17,-0.0088859098,0.0098986909,-0.0082629372,0.012543921,0.010025505108045552,0.006333295377059664,0.0009293210799999953,-0.0002432126285714284
RUSSELL1000,return,RUSSELL1000_return,2016-05-18,0.0001211584,-0.0088859098,0.0098986909,-0.0090857549,0.00824068120649782,0.006417696924906374,-0.003356645080000005,-0.000964303457142857
RUSSELL1000,return,RUSSELL1000_return,2016-05-19,-0.0038726992,0.0001211584,-0.0088859098,-0.0004473144,0.007647781936640876,0.006352436488528902,-0.0015152624200000047,-0.0011112080190476188
RUSSELL1000,return,RUSSELL1000_return,2016-05-20,0.0069133601,-0.0038726992,0.0001211584,-0.0082629372,0.007681546348136918,0.006361773116092458,-0.002200339380000005,-0.0013397691095238093
RUSSELL1000,return,RUSSELL1000_return,2016-05-23,-0.0020538577,0.0069133601,-0.0038726992,0.0098986909,0.007685457747125226,0.00654284308057034,0.0008349200799999953,-0.0007656833619047616
RUSSELL1000,return,RUSSELL1000_return,2016-05-24,0.0137339252,-0.0020538577,0.0069133601,-0.0088859098,0.005785444129646712,0.006538223085100756,-0.0015555896400000046,-0.0009019844666666665
RUSSELL1000,return,RUSSELL1000_return,2016-05-25,0.0071148197,0.0137339252,-0.0020538577,0.0001211584,0.007273062257709737,0.007265492177389321,0.0029683773599999954,-0.00014731269047619025
RUSSELL1000,return,RUSSELL1000_return,2016-05-26,-0.0003350475,0.0071148197,0.0137339252,-0.0038726992,0.007261091636507301,0.007419571274438519,0.004367109619999995,7.784008571428598e-05
RUSSELL1000,return,RUSSELL1000_return,2016-05-27,0.0046209942,-0.0003350475,0.0071148197,0.0069133601,0.006375865496070699,0.007408558871789954,0.005074639959999995,-2.707391428571402e-05
RUSSELL1000,return,RUSSELL1000_return,2016-05-31,-0.0005920423,0.0046209942,-0.0003350475,-0.0020538577,0.006292466879816834,0.007151534236339134,0.004616166779999995,0.0006387807428571432
RUSSELL1000,return,RUSSELL1000_return,2016-06-01,0.001627386,-0.0005920423,0.0046209942,0.0137339252,0.005928519885663432,0.007039950885323398,0.004908529859999995,0.0008505677714285716
RUSSELL1000,return,RUSSELL1000_return,2016-06-02,0.0034276152,0.001627386,-0.0005920423,0.0071148197,0.0033224251677547814,0.006862462271880142,0.002487222019999995,0.0005571440000000003
RUSSELL1000,return,RUSSELL1000_return,2016-06-03,-0.0031456324,0.0034276152,0.001627386,-0.0003350475,0.0022860784993852788,0.006500379958839294,0.001749781119999995,0.0011635197809523813
RUSSELL1000,return,RUSSELL1000_return,2016-06-06,0.0051639331,-0.0031456324,0.0034276152,0.0046209942,0.0031202285686473615,0.006382294799950616,0.001187664139999995,0.001290481023809524
RUSSELL1000,return,RUSSELL1000_return,2016-06-07,0.0015110337,0.0051639331,-0.0031456324,-0.0005920423,0.003275183517527907,0.006425440010955393,0.0012962519199999952,0.0015506748333333335
RUSSELL1000,return,RUSSELL1000_return,2016-06-08,0.0034926884,0.0015110337,0.0051639331,0.001627386,0.003102547288653521,0.0064119137903636955,0.0017168671199999951,0.0014621540619047621
RUSSELL1000,return,RUSSELL1000_return,2016-06-09,-0.0019518569,0.0034926884,0.0015110337,0.0034276152,0.0031997211773957942,0.0064243312957597614,0.002089927599999995,0.001594682404761905
RUSSELL1000,return,RUSSELL1000_return,2016-06-10,-0.0099414052,-0.0019518569,0.0034926884,-0.0031456324,0.0035253273701392356,0.005950322226932821,0.0010140331799999955,0.0009044072666666668
RUSSELL1000,return,RUSSELL1000_return,2016-06-13,-0.0077787885,-0.0099414052,-0.0019518569,0.0051639331,0.005983185586234718,0.006024616736129345,-0.0003451213800000047,0.0008636620142857146
RUSSELL1000,return,RUSSELL1000_return,2016-06-14,-0.0019788823,-0.0077787885,-0.0099414052,0.0015110337,0.005800882608311582,0.006310047067434504,-0.002933665700000005,0.0005145442000000002
RUSSELL1000,return,RUSSELL1000_return,2016-06-15,-0.0012471795,-0.0019788823,-0.0077787885,0.0034926884,0.005322624164563733,0.006015091149772251,-0.003631648900000005,0.0008137849095238097
RUSSELL1000,return,RUSSELL1000_return,2016-06-16,0.0028091875,-0.0012471795,-0.0019788823,-0.0019518569,0.00399241639869472,0.005654302581331816,-0.004579622480000004,0.00028302917619047645
RUSSELL1000,return,RUSSELL1000_return,2016-06-17,-0.0028489508,0.0028091875,-0.0012471795,-0.0099414052,0.0051699469780556425,0.005268878808571926,-0.0036274136000000053,0.0008399385714285717
RUSSELL1000,return,RUSSELL1000_return,2016-06-20,0.0062992976,-0.0028489508,0.0028091875,-0.0077787885,0.0037944808454689867,0.005328662421764281,-0.002208922720000005,0.0006985048000000002
RUSSELL1000,return,RUSSELL1000_return,2016-06-21,0.0024270061,0.0062992976,-0.0028489508,-0.0019788823,0.0038509818911924105,0.005354618184958615,0.0006066944999999953,0.0011828856000000003
RUSSELL1000,return,RUSSELL1000_return,2016-06-22,-0.0017769021,0.0024270061,0.0062992976,-0.0012471795,0.0036078457048117,0.005201873555082282,0.0014878721799999953,0.0009692496952380955
RUSSELL1000,return,RUSSELL1000_return,2016-06-23,0.013726263,-0.0017769021,0.0024270061,0.0028091875,0.003714442243439837,0.0051941711967837065,0.0013819276599999954,0.0009824380571428573
RUSSELL1000,return,RUSSELL1000_return,2016-06-24,-0.0363310151,0.013726263,-0.0017769021,-0.0028489508,0.006739758184837895,0.005193230860716694,0.0035653427599999952,0.0009820731904761908
RUSSELL1000,return,RUSSELL1000_return,2016-06-27,-0.0191263688,-0.0363310151,0.013726263,0.0062992976,0.019416898852686396,0.009497805087485553,-0.0031310701000000054,-0.0010867760857142857
RUSSELL1000,return,RUSSELL1000_return,2016-06-28,0.0183333711,-0.0191263688,-0.0363310151,0.0024270061,0.019657623758926317,0.010276703990717643,-0.008216203380000005,-0.0019816009095238096
RUSSELL1000,return,RUSSELL1000_return,2016-06-29,0.0174493834,0.0183333711,-0.0191263688,-0.0017769021,0.02284014117141835,0.011118369818849746,-0.005034930380000005,-0.001328630580952381
RUSSELL1000,return,RUSSELL1000_return,2016-06-30,0.0136352199,0.0174493834,0.0183333711,0.013726263,0.025038409504099867,0.011851022164173422,-0.0011896732800000052,-0.00046951507142857144
RUSSELL1000,return,RUSSELL1000_return,2016-07-01,0.0023605346,0.0136352199,0.0174493834,-0.0363310151,0.025024879854357807,0.012240537125505116,-0.0012078819000000056,0.00010228654285714288
RUSSELL1000,return,RUSSELL1000_return,2016-07-05,-0.0072505407,0.0023605346,0.0136352199,-0.0191263688,0.015689728756380632,0.012228251375552935,0.006530428039999994,5.1473180952380975e-05
RUSSELL1000,return,RUSSELL1000_return,2016-07-06,0.0056705184,-0.0072505407,0.0023605346,0.0183333711,0.01104657379582989,0.012314418708944687,0.008905593659999994,-0.00014399864285714282
RUSSELL1000,return,RUSSELL1000_return,2016-07-07,-0.0003786689,0.0056705184,-0.0072505407,0.0174493834,0.009716227756775954,0.012325827378773217,0.0063730231199999945,-0.00011987553333333333
RUSSELL1000,return,RUSSELL1000_return,2016-07-08,0.0154316167,-0.0003786689,0.0056705184,0.0136352199,0.007696623051774666,0.012320222144980495,0.002807412659999995,-0.0002098613714285714
RUSSELL1000,return,RUSSELL1000_return,2016-07-11,0.0036292221,0.0154316167,-0.0003786689,0.0023605346,0.008343196859249795,0.01276698263343104,0.0031666920199999947,0.0003586590238095238
RUSSELL1000,return,RUSSELL1000_return,2016-07-12,0.0071020288,0.0036292221,0.0154316167,-0.0072505407,0.00833183452223061,0.012774567998696872,0.003420429519999995,0.0006244246904761905
RUSSELL1000,return,RUSSELL1000_return,2016-07-13,-7.97337e-05,0.0071020288,0.0036292221,0.0056705184,0.005834449065576776,0.012610079358358003,0.006290943419999995,0.0014360167857142858
RUSSELL1000,return,RUSSELL1000_return,2016-07-14,0.0049580176,-7.97337e-05,0.0071020288,-0.0003786689,0.006514420609585656,0.012439542297315118,0.005140892999999995,0.0018026384428571427
RUSSELL1000,return,RUSSELL1000_return,2016-07-15,-0.0008049313,0.0049580176,-7.97337e-05,0.0154316167,0.005779760782214835,0.012426200774229896,0.006208230299999995,0.0021329670095238096
RUSSELL1000,return,RUSSELL1000_return,2016-07-18,0.0023854431,-0.0008049313,0.0049580176,0.0036292221,0.0033545126155398205,0.012420559279239601,0.0029609206999999947,0.002154026447619047
RUSSELL1000,return,RUSSELL1000_return,2016-07-19,-0.0015214967,0.0023854431,-0.0008049313,0.0071020288,0.003338643812162164,0.012419785874565022,0.0027121648999999947,0.0021338481428571426
RUSSELL1000,return,RUSSELL1000_return,2016-07-20,0.0046423551,-0.0015214967,0.0023854431,-7.97337e-05,0.0026629925408699537,0.012396513568045747,0.0009874597999999946,0.0021970602428571426
RUSSELL1000,return,RUSSELL1000_return,2016-07-21,-0.0035624517,0.0046423551,-0.0015214967,0.0049580176,0.0030052391856314384,0.01237435119984537,0.001931877559999995,0.002118158219047619
RUSSELL1000,return,RUSSELL1000_return,2016-07-22,0.0047412924,-0.0035624517,0.0046423551,-0.0008049313,0.003264823935090958,0.012435748926962179,0.00022778369999999475,0.0018329459428571427
RUSSELL1000,return,RUSSELL1000_return,2016-07-25,-0.0029744286,0.0047412924,-0.0035624517,0.0023854431,0.003734616525034184,0.012422482279970183,0.0013370284399999949,0.002143336157142857
RUSSELL1000,return,RUSSELL1000_return,2016-07-26,0.0008236022,-0.0029744286,0.0047412924,-0.0015214967,0.004108931915248902,0.012176015492761478,0.00026505409999999464,0.0013480651285714285
RUSSELL1000,return,RUSSELL1000_return,2016-07-27,-0.0015098805,0.0008236022,-0.0029744286,0.0046423551,0.00398602560156984,0.008602129339825402,0.0007340738799999948,0.003117332619047619
RUSSELL1000,return,RUSSELL1000_return,2016-07-28,0.0020286205,-0.0015098805,0.0008236022,-0.0035624517,0.003381725483196994,0.007041957488309745,-0.0004963732400000054,0.003956213014285715
RUSSELL1000,return,RUSSELL1000_return,2016-07-29,0.0019449024,0.0020286205,-0.0015098805,0.0047412924,0.0030193959482757667,0.006229514278999652,0.0006218411999999946,0.0031797963190476194
RUSSELL1000,return,RUSSELL1000_return,2016-08-01,-0.0014631639,0.0019449024,0.0020286205,-0.0029744286,0.0022183136000800494,0.005303742634307724,6.25631999999945e-05,0.0024414877000000007
RUSSELL1000,return,RUSSELL1000_return,2016-08-02,-0.0068305368,-0.0014631639,0.0019449024,0.0008236022,0.0017558047090233584,0.00469938872221193,0.00036481613999999447,0.0017225170428571432
RUSSELL1000,return,RUSSELL1000_return,2016-08-03,0.0037917952,-0.0068305368,-0.0014631639,-0.0015098805,0.0036116772842048907,0.005051782329298582,-0.0011660116600000054,0.0012848469761904766
RUSSELL1000,return,RUSSELL1000_return,2016-08-04,0.000498142,0.0037917952,-0.0068305368,0.0020286205,0.004213576309304025,0.004679934287253134,-0.00010567652000000551,0.001810672495238096
RUSSELL1000,return,RUSSELL1000_return,2016-08-05,0.0083465808,0.000498142,0.0037917952,0.0019449024,0.00407301489700916,0.004602097616455212,-0.0004117722200000054,0.0015643688571428576
RUSSELL1000,return,RUSSELL1000_return,2016-08-08,-0.0007144794,0.0083465808,0.000498142,-0.0014631639,0.005685867051207315,0.004807201968328992,0.0008685634599999945,0.0019798569380952385
RUSSELL1000,return,RUSSELL1000_return,2016-08-09,0.0005667617,-0.0007144794,0.0083465808,-0.0068305368,0.0056185697249196845,0.003715368808702234,0.0010183003599999946,0.0012109952190476193
RUSSELL1000,return,RUSSELL1000_return,2016-08-10,-0.002600116,0.0005667617,-0.0007144794,0.0037917952,0.003671816321413477,0.0036755946473968322,0.0024977600599999945,0.001065163771428572
RUSSELL1000,return,RUSSELL1000_return,2016-08-11,0.0047085149,-0.002600116,0.0005667617,0.000498142,0.00418543450595702,0.0034835900940904433,0.0012193778199999946,0.0006031568761904766
RUSSELL1000,return,RUSSELL1000_return,2016-08-12,-0.0007077553,0.0047085149,-0.002600116,0.0083465808,0.004420969816629372,0.0035916837727795986,0.0020614523999999946,0.0008311687142857147
RUSSELL1000,return,RUSSELL1000_return,2016-08-15,0.0033546778,-0.0007077553,0.0047085149,-0.0007144794,0.0027363008020451526,0.0034771585644913783,0.00025058517999999473,0.0005613700047619052
RUSSELL1000,return,RUSSELL1000_return,2016-08-16,-0.0057115832,0.0033546778,-0.0007077553,0.0005667617,0.0029724485531038777,0.003513719549914046,0.0010644166199999948,0.000759446628571429
RUSSELL1000,return,RUSSELL1000_return,2016-08-17,0.0016390464,-0.0057115832,0.0033546778,-0.002600116,0.004275651757567667,0.003761867035714403,-0.0001912523600000054,0.000373873947619048
RUSSELL1000,return,RUSSELL1000_return,2016-08-18,0.0025800062,0.0016390464,-0.0057115832,0.0047085149,0.004095059882101686,0.0037454334536012835,0.0006565801199999947,0.0005243760000000003
RUSSELL1000,return,RUSSELL1000_return,2016-08-19,-0.0012733378,0.0025800062,0.0016390464,-0.0007077553,0.0036555897034079897,0.003658078467400694,0.00023087837999999464,0.0004261689095238099
RUSSELL1000,return,RUSSELL1000_return,2016-08-22,-0.0003058375,-0.0012733378,0.0025800062,0.0033546778,0.0037003716278480817,0.003566233757981891,0.00011776187999999465,0.0005351743333333337
RUSSELL1000,return,RUSSELL1000_return,2016-08-23,0.0022798385,-0.0003058375,-0.0012733378,-0.0057115832,0.0032323728917782804,0.0034363011456486387,-0.0006143411800000054,0.00029483481428571465
RUSSELL1000,return,RUSSELL1000_return,2016-08-24,-0.0054886794,0.0022798385,-0.0003058375,0.0016390464,0.0016892878453831845,0.0033771351262200087,0.0009839431599999947,0.0005450380095238098
RUSSELL1000,return,RUSSELL1000_return,2016-08-25,-0.0009892432,-0.0054886794,0.0022798385,0.0025800062,0.0032680101450042465,0.0036230622741129375,-0.00044160200000000534,0.0002444531714285718
RUSSELL1000,return,RUSSELL1000_return,2016-08-26,-0.0017812343,-0.0009892432,-0.0054886794,-0.0012733378,0.0027991716518084775,0.0036122224265459873,-0.0011554518800000054,0.0002692454238095242
RUSSELL1000,return,RUSSELL1000_return,2016-08-29,0.005425523,-0.0017812343,-0.0009892432,-0.0003058375,0.0028136969684588085,0.0036151133692083554,-0.0012570311800000054,8.782376666666706e-05
RUSSELL1000,return,RUSSELL1000_return,2016-08-30,-0.001657683,0.005425523,-0.0017812343,0.0022798385,0.004148783702388831,0.003780517782543328,-0.00011075908000000544,0.00025356760476190517
RUSSELL1000,return,RUSSELL1000_return,2016-08-31,-0.0021920888,-0.001657683,0.005425523,-0.0054886794,0.003950532449841493,0.0037851697723020874,-0.0008982633800000055,0.0002443047904761909
RUSSELL1000,return,RUSSELL1000_return,2016-09-01,0.0002189756,-0.0021920888,-0.001657683,-0.0009892432,0.003195911044325483,0.003474250285847594,-0.00023894526000000542,0.00046518326666666703
RUSSELL1000,return,RUSSELL1000_return,2016-09-02,0.0047364489,0.0002189756,-0.0021920888,-0.0017812343,0.003170574695322861,0.0033896512592875476,2.6984999999945723e-06,0.00029504900000000046
RUSSELL1000,return,RUSSELL1000_return,2016-09-06,0.0028914184,0.0047364489,0.0002189756,0.005425523,0.003568617146387328,0.003525791449162788,0.0013062351399999944,0.0004968731380952385
RUSSELL1000,return,RUSSELL1000_return,2016-09-07,0.0005399101,0.0028914184,0.0047364489,-0.001657683,0.002966481485676724,0.0030929189928879004,0.0007994142199999945,0.00023710350000000045
RUSSELL1000,return,RUSSELL1000_return,2016-09-08,-0.0022998893,0.0005399101,0.0028914184,-0.0021920888,0.0026582034427683897,0.003085726912040554,0.0012389328399999944,0.00029683633333333373
RUSSELL1000,return,RUSSELL1000_return,2016-09-09,-0.0248672351,-0.0022998893,0.0005399101,0.0002189756,0.002693195621721003,0.003136184125262587,0.0012173727399999944,0.00016032914285714329
RUSSELL1000,return,RUSSELL1000_return,2016-09-12,0.0144356302,-0.0248672351,-0.0022998893,0.0047364489,0.012068135590138798,0.006292301792624024,-0.0037998694000000053,-0.0009000098619047614
RUSSELL1000,return,RUSSELL1000_return,2016-09-13,-0.0148369189,0.0144356302,-0.0248672351,0.0028914184,0.014347556224428347,0.007039467247307597,-0.0018600331400000052,-0.0004368138952380948
RUSSELL1000,return,RUSSELL1000_return,2016-09-14,-0.0005495289,-0.0148369189,0.0144356302,0.0005399101,0.015053022637157779,0.007709945692140856,-0.005405700600000006,-0.001109631209523809
RUSSELL1000,return,RUSSELL1000_return,2016-09-15,0.0102079429,-0.0005495289,-0.0148369189,-0.0022998893,0.014952998892999026,0.00764370022349878,-0.005623588400000005,-0.0012955458142857137
RUSSELL1000,return,RUSSELL1000_return,2016-09-16,-0.0036989535,0.0102079429,-0.0005495289,-0.0248672351,0.016603237168568874,0.007966441397711637,-0.0031220219600000053,-0.0005374731428571424
RUSSELL1000,return,RUSSELL1000_return,2016-09-19,0.0005359968,-0.0036989535,0.0102079429,0.0144356302,0.011624642620543508,0.007978673520330836,0.0011116343599999947,-0.0007916636142857138
RUSSELL1000,return,RUSSELL1000_return,2016-09-20,-4.65606e-05,0.0005359968,-0.0036989535,-0.0148369189,0.00900960315367293,0.007947893420763961,-0.0016682923200000057,-0.0008889973952380947
RUSSELL1000,return,RUSSELL1000_return,2016-09-21,0.0110014214,-4.65606e-05,0.0005359968,-0.0005495289,0.005247812496326179,0.007949435555245304,0.0012897793399999943,-0.0008305794333333328
RUSSELL1000,return,RUSSELL1000_return,2016-09-22,0.0069612163,0.0110014214,-4.65606e-05,0.0102079429,0.006603146789970749,0.008359136055552384,0.0035999693999999942,-0.00029213853333333285
RUSSELL1000,return,RUSSELL1000_return,2016-09-23,-0.0056604312,0.0069612163,0.0110014214,-0.0036989535,0.005914613477283022,0.008492513222712262,0.0029506240799999943,-6.921578095238042e-05
RUSSELL1000,return,RUSSELL1000_return,2016-09-26,-0.0080993237,-0.0056604312,0.0069612163,0.0005359968,0.006501817484978519,0.008498074240684713,0.002558328539999994,-7.73944380952376e-05
RUSSELL1000,return,RUSSELL1000_return,2016-09-27,0.0059221958,-0.0080993237,-0.0056604312,-4.65606e-05,0.008119059305216815,0.008675995330665948,0.0008312644399999944,-0.00041596969999999945
RUSSELL1000,return,RUSSELL1000_return,2016-09-28,0.0057915577,0.0059221958,-0.0080993237,0.0110014214,0.008391934978379291,0.008777643319057393,0.0020250157199999943,-4.9139695238094734e-05
RUSSELL1000,return,RUSSELL1000_return,2016-09-29,-0.0093938446,0.0057915577,0.0059221958,0.0069612163,0.007243630552527404,0.008789413743536095,0.0009830429799999945,-3.170947142857092e-05
RUSSELL1000,return,RUSSELL1000_return,2016-09-30,0.0078497616,-0.0093938446,0.0057915577,-0.0056604312,0.007555203017151332,0.00902006582360033,-0.0022879692000000056,-0.0004000981190476185
RUSSELL1000,return,RUSSELL1000_return,2016-10-03,-0.0031621949,0.0078497616,-0.0093938446,-0.0080993237,0.00841456170062768,0.009184984644343773,0.0004140693599999943,7.808523333333386e-05
RUSSELL1000,return,RUSSELL1000_return,2016-10-04,-0.0048916967,-0.0031621949,0.0078497616,0.0059221958,0.0073935132203915765,0.009211986831518184,0.001401495119999994,-8.29228857142852e-05
RUSSELL1000,return,RUSSELL1000_return,2016-10-05,0.0046410854,-0.0048916967,-0.0031621949,0.0057915577,0.007321810319266527,0.009199721861551383,-0.0007612833800000058,-0.000541406009523809
RUSSELL1000,return,RUSSELL1000_return,2016-10-06,2.45194e-05,0.0046410854,-0.0048916967,-0.0093938446,0.007078431505602793,0.00924019968004664,-0.0009913778400000059,-0.0004580885333333328
RUSSELL1000,return,RUSSELL1000_return,2016-10-07,-0.0034152783,2.45194e-05,0.0046410854,0.0078497616,0.005317571197926655,0.00923810062392639,0.000892294959999994,-0.0004826309476190471
RUSSELL1000,return,RUSSELL1000_return,2016-10-10,0.0047542126,-0.0034152783,2.45194e-05,-0.0031621949,0.003803776884029613,0.009252266783940396,-0.001360713020000006,-0.0005357447095238091
RUSSELL1000,return,RUSSELL1000_return,2016-10-11,-0.012573711,0.0047542126,-0.0034152783,-0.0048916967,0.004457800779724936,0.007437300073899183,0.000222568479999994,0.0008748004190476195
RUSSELL1000,return,RUSSELL1000_return,2016-10-12,0.0011925441,-0.012573711,0.0047542126,0.0046410854,0.00716369916008295,0.007309229414673972,-0.001313834380000006,-0.0004113586857142853
RUSSELL1000,return,RUSSELL1000_return,2016-10-13,-0.0030276714,0.0011925441,-0.012573711,2.45194e-05,0.006590081917243202,0.006522028042908425,-0.0020035426400000058,0.0003519490761904766
RUSSELL1000,return,RUSSELL1000_return,2016-10-14,-3.57528e-05,-0.0030276714,0.0011925441,-0.0034152783,0.006495947757004989,0.006561454603364412,-0.0026139808000000065,0.0002339422904761909
RUSSELL1000,return,RUSSELL1000_return,2016-10-17,-0.0028563418,-3.57528e-05,-0.0030276714,0.0047542126,0.006567158679033123,0.006150808701454826,-0.0019380757000000057,-0.00025385274285714244
RUSSELL1000,return,RUSSELL1000_return,2016-10-18,0.006197735,-0.0028563418,-3.57528e-05,-0.012573711,0.005407926468329167,0.006129924038855301,-0.003460186580000006,-0.00021372837619047577
RUSSELL1000,return,RUSSELL1000_return,2016-10-19,0.0025520346,0.006197735,-0.0028563418,0.0011925441,0.003765911564705516,0.006287041066148647,0.00029410261999999413,5.5878204761905256e-05
RUSSELL1000,return,RUSSELL1000_return,2016-10-20,-0.0015319049,0.0025520346,0.006197735,-0.0030276714,0.0038938983198760816,0.006310453444043923,0.0005660007199999942,0.0001796208333333338
RUSSELL1000,return,RUSSELL1000_return,2016-10-21,-8.4487e-05,-0.0015319049,0.0025520346,-3.57528e-05,0.003594754570968404,0.005808503262352537,0.0008651540199999943,-0.000417204228571428
RUSSELL1000,return,RUSSELL1000_return,2016-10-24,0.0047335272,-8.4487e-05,-0.0015319049,-0.0028563418,0.0035978726932066095,0.005559136230416903,0.0008554071799999943,-0.000752713909523809
RUSSELL1000,return,RUSSELL1000_return,2016-10-25,-0.0042666615,0.0047335272,-8.4487e-05,0.006197735,0.003221810972793436,0.005563041304932059,0.0023733809799999944,-0.00025776350952380904
RUSSELL1000,return,RUSSELL1000_return,2016-10-26,-0.0020205909,-0.0042666615,0.0047335272,0.0025520346,0.0035029996225278345,0.005351776703257218,0.000280501679999994,-7.525578571428527e-05
RUSSELL1000,return,RUSSELL1000_return,2016-10-27,-0.0034581171,-0.0020205909,-0.0042666615,-0.0015319049,0.0033554958606798286,0.005184790241553408,-0.000634023420000006,-0.00045348372380952335
RUSSELL1000,return,RUSSELL1000_return,2016-10-28,-0.0026893338,-0.0034581171,-0.0020205909,-8.4487e-05,0.003586943864822846,0.005017938610809938,-0.001019265860000006,-0.0008939444285714282
RUSSELL1000,return,RUSSELL1000_return,2016-10-31,0.0004148654,-0.0026893338,-0.0034581171,0.0047335272,0.0036063463226089333,0.004649885911349824,-0.0015402352200000059,-0.0005746820095238091
RUSSELL1000,return,RUSSELL1000_return,2016-11-01,-0.0069189542,0.0004148654,-0.0026893338,-0.0042666615,0.0017857134972850599,0.004241488318793263,-0.0024039675800000063,-0.0009287246857142854
RUSSELL1000,return,RUSSELL1000_return,2016-11-02,-0.0069163431,-0.0069189542,0.0004148654,-0.0020205909,0.0026581777124293033,0.004416032521033046,-0.002934426120000006,-0.0011076179857142851
RUSSELL1000,return,RUSSELL1000_return,2016-11-03,-0.0039718001,-0.0069163431,-0.0069189542,-0.0034581171,0.003102036633768306,0.004523569943114851,-0.003913576560000006,-0.0012040297190476187
RUSSELL1000,return,RUSSELL1000_return,2016-11-04,-0.0011977763,-0.0039718001,-0.0069163431,-0.0026893338,0.003091670168572775,0.004354402463170571,-0.004016313160000005,-0.0016141671238095235
RUSSELL1000,return,RUSSELL1000_return,2016-11-07,0.0219663312,-0.0011977763,-0.0039718001,0.0004148654,0.0033155702669044225,0.004339546985805317,-0.003718001660000006,-0.0016723716809523806
RUSSELL1000,return,RUSSELL1000_return,2016-11-08,0.0041594853,0.0219663312,-0.0011977763,-0.0069189542,0.012182808106929326,0.006714560588301883,0.0005922914999999945,-0.0004637236095238091
RUSSELL1000,return,RUSSELL1000_return,2016-11-09,0.0115776456,0.0041594853,0.0219663312,-0.0069163431,0.01146127118572597,0.006692670757366243,0.0028079793999999944,-0.0004920439571428566
RUSSELL1000,return,RUSSELL1000_return,2016-11-10,0.0017683204,0.0115776456,0.0041594853,-0.0039718001,0.010480720661520372,0.006587002142605585,0.006506777139999994,0.0006580206428571434
RUSSELL1000,return,RUSSELL1000_return,2016-11-11,-0.0006996384,0.0017683204,0.0115776456,-0.0011977763,0.0092930702269296,0.006590535669315142,0.007654801239999993,0.0006854385619047625
RUSSELL1000,return,RUSSELL1000_return,2016-11-14,0.0013931115,-0.0006996384,0.0017683204,0.0219663312,0.00917637620869193,0.0065443730716788755,0.007754428819999995,0.0007962972761904768
RUSSELL1000,return,RUSSELL1000_return,2016-11-15,0.0076014326,0.0013931115,-0.0006996384,0.0041594853,0.004760783452226581,0.006542717464228426,0.003639784879999994,0.000864338433333334
RUSSELL1000,return,RUSSELL1000_return,2016-11-16,-0.0012335169,0.0076014326,0.0013931115,0.0115776456,0.005092037907449613,0.006642590433864584,0.004328174339999994,0.0013623276904761912
RUSSELL1000,return,RUSSELL1000_return,2016-11-17,0.0050081822,-0.0012335169,0.0076014326,0.0017683204,0.0035095512242614723,0.006569656414248284,0.0017659418399999943,0.0010084585523809529
RUSSELL1000,return,RUSSELL1000_return,2016-11-18,-0.0020991633,0.0050081822,-0.0012335169,-0.0006996384,0.003797386442696681,0.006620179758492261,0.002413914199999994,0.0011254179619047625
RUSSELL1000,return,RUSSELL1000_return,2016-11-21,0.007448961,-0.0020991633,0.0050081822,0.0013931115,0.004121968580654203,0.0066327099938880895,0.002134009219999994,0.0010984056571428577
RUSSELL1000,return,RUSSELL1000_return,2016-11-22,0.0024294973,0.007448961,-0.0020991633,0.0076014326,0.00469913875828581,0.006767882383925509,0.003345179119999994,0.0014571412761904769
RUSSELL1000,return,RUSSELL1000_return,2016-11-23,0.0012053578,0.0024294973,0.007448961,-0.0012335169,0.004052795850967725,0.006730685784127215,0.0023107920599999944,0.0013474255666666673
RUSSELL1000,return,RUSSELL1000_return,2016-11-25,0.0039222394,0.0012053578,0.0024294973,0.0050081822,0.0036459173666332,0.0066072648472572885,0.002798566999999994,0.0016079979142857147
RUSSELL1000,return,RUSSELL1000_return,2016-11-28,-0.0055490731,0.0039222394,0.0012053578,-0.0020991633,0.0035112405127941115,0.006571248964831221,0.0025813784399999944,0.0018909898333333338
RUSSELL1000,return,RUSSELL1000_return,2016-11-29,0.0015239002,-0.0055490731,0.0039222394,0.007448961,0.004773144547714996,0.006671430339622398,0.001891396479999994,0.0017914205000000003
RUSSELL1000,return,RUSSELL1000_return,2016-11-30,-0.0022774116,0.0015239002,-0.0055490731,0.0024294973,0.003652358707692785,0.006592832326104947,0.0007063843199999942,0.0019920506904761914
RUSSELL1000,return,RUSSELL1000_return,2016-12-01,-0.0037398102,-0.0022774116,0.0015239002,0.0012053578,0.0037034381995120946,0.006650956309542669,-0.00023499746000000578,0.0018638470238095243
RUSSELL1000,return,RUSSELL1000_return,2016-12-02,0.0004016349,-0.0037398102,-0.0022774116,0.0039222394,0.0038787874957334724,0.006474899574231211,-0.0012240310600000058,0.002015234833333334
RUSSELL1000,return,RUSSELL1000_return,2016-12-05,0.0063765635,0.0004016349,-0.0037398102,-0.0055490731,0.002909455649480819,0.006159411403958423,-0.001928151960000006,0.0023637099761904764
RUSSELL1000,return,RUSSELL1000_return,2016-12-06,0.0040411678,0.0063765635,0.0004016349,0.0015239002,0.0039138470847618605,0.006039999270732871,0.00045697535999999415,0.002856489195238096
RUSSELL1000,return,RUSSELL1000_return,2016-12-07,0.0130093465,0.0040411678,0.0063765635,-0.0022774116,0.004234193418183026,0.005971981415866761,0.0009604288799999942,0.003105962723809524
RUSSELL1000,return,RUSSELL1000_return,2016-12-08,0.0028005706,0.0130093465,0.0040411678,-0.0037398102,0.0063180176046046,0.0047530747473593605,0.004017780499999994,0.0026794396428571434
RUSSELL1000,return,RUSSELL1000_return,2016-12-09,0.0051543653,0.0028005706,0.0130093465,0.0004016349,0.004806647898445038,0.004741152776313377,0.005325856659999994,0.0026147294190476196
RUSSELL1000,return,RUSSELL1000_return,2016-12-12,-0.001728273,0.0051543653,0.0028005706,0.0063765635,0.003989962912496328,0.004322740941879912,0.006276402739999994,0.002308858928571429
RUSSELL1000,return,RUSSELL1000_return,2016-12-13,0.0062725534,-0.001728273,0.0051543653,0.0040411678,0.005352717598536724,0.004411042047902637,0.004655435439999993,0.0021423544809523816
RUSSELL1000,return,RUSSELL1000_return,2016-12-14,-0.0083441187,0.0062725534,-0.001728273,0.0130093465,0.005381641761176717,0.00444866624498775,0.005101712559999994,0.002474363614285715
RUSSELL1000,return,RUSSELL1000_return,2016-12-15,0.0038114016,-0.0083441187,0.0062725534,0.0028005706,0.005977329686331429,0.00503571318100894,0.0008310195199999944,0.002010685985714286
RUSSELL1000,return,RUSSELL1000_return,2016-12-16,-0.0015269687,0.0038114016,-0.0083441187,0.0051543653,0.006076863309725251,0.004891166823441286,0.0010331857199999944,0.0018302083190476195
RUSSELL1000,return,RUSSELL1000_return,2016-12-19,0.0021315647,-0.0015269687,0.0038114016,-0.001728273,0.005664699803609743,0.004900767197844318,-0.0003030810800000056,0.0018162344238095245
RUSSELL1000,return,RUSSELL1000_return,2016-12-20,0.003903814,0.0021315647,-0.0015269687,0.0062725534,0.005684891250306273,0.004846995156406311,0.0004688864599999944,0.0016792526380952388
RUSSELL1000,return,RUSSELL1000_return,2016-12-21,-0.0025225669,0.003903814,0.0021315647,-0.0083441187,0.0051542687671680045,0.004789694665244699,-4.861420000005796e-06,0.0019651087000000004
RUSSELL1000,return,RUSSELL1000_return,2016-12-22,-0.0022053132,-0.0025225669,0.003903814,0.0038114016,0.003011788585159436,0.0047125113734028294,0.0011594489399999943,0.0014902740380952388
RUSSELL1000,return,RUSSELL1000_return,2016-12-23,0.0015614613,-0.0022053132,-0.0025225669,-0.0015269687,0.002886697155824247,0.004774450578456166,-4.38940200000057e-05,0.001269568776190477
RUSSELL1000,return,RUSSELL1000_return,2016-12-27,0.002316963,0.0015614613,-0.0022053132,0.0021315647,0.0028196656318520467,0.004774843485189482,0.0005737919799999943,0.0012865260857142864
RUSSELL1000,return,RUSSELL1000_return,2016-12-28,-0.008309985,0.002316963,0.0015614613,0.003903814,0.00284636487267767,0.004743283206861328,0.0006108716399999943,0.001210084352380953
RUSSELL1000,return,RUSSELL1000_return,2016-12-29,-0.0001063227,-0.008309985,0.002316963,-0.0025225669,0.004222262680018941,0.0049727117351690015,-0.001831888160000006,0.0010786123571428577
RUSSELL1000,return,RUSSELL1000_return,2016-12-30,-0.0044200602,-0.0001063227,-0.008309985,-0.0022053132,0.004261540225797864,0.0049781345712819145,-0.0013486393200000057,0.0010009826952380957
RUSSELL1000,return,RUSSELL1000_return,2017-01-03,0.0084401193,-0.0044200602,-0.0001063227,0.0015614613,0.0044822320225250826,0.005069801262270409,-0.0017915887200000056,0.0008989518095238101
RUSSELL1000,return,RUSSELL1000_return,2017-01-04,0.0071116965,0.0084401193,-0.0044200602,0.002316963,0.006409823184158723,0.005207420055538777,-0.0004158571200000058,0.001478948452380953
RUSSELL1000,return,RUSSELL1000_return,2017-01-05,-0.0011284823,0.0071116965,0.0084401193,-0.008309985,0.007227399200874555,0.005342132882318369,0.0005430895799999945,0.001798475195238096
RUSSELL1000,return,RUSSELL1000_return,2017-01-06,0.0035856666,-0.0011284823,0.0071116965,-0.0001063227,0.005546251519272988,0.005271117934157145,0.0019793901199999945,0.0014410920619047623
RUSSELL1000,return,RUSSELL1000_return,2017-01-09,-0.0036388519,0.0035856666,-0.0011284823,-0.0044200602,0.005443973567730139,0.005260810828938419,0.0027177879799999945,0.001419401528571429
RUSSELL1000,return,RUSSELL1000_return,2017-01-10,0.0005196395,-0.0036388519,0.0035856666,0.0084401193,0.005193345007465252,0.004645339062459018,0.002874029639999995,0.0006266301761904769
RUSSELL1000,return,RUSSELL1000_return,2017-01-11,0.0028423395,0.0005196395,-0.0036388519,0.0071116965,0.0041802610038724165,0.004618555970552543,0.001289933679999995,0.0005180144095238102
RUSSELL1000,return,RUSSELL1000_return,2017-01-12,-0.0022075205,0.0028423395,0.0005196395,-0.0011284823,0.002948299844865316,0.0045292017880511045,0.00043606227999999473,0.0004079179428571434
RUSSELL1000,return,RUSSELL1000_return,2017-01-13,0.0022011001,-0.0022075205,0.0028423395,0.0035856666,0.0031256100758661775,0.00454169377097466,0.00022025463999999478,0.000385096633333334
RUSSELL1000,return,RUSSELL1000_return,2017-01-17,-0.0034035471,0.0022011001,-0.0022075205,-0.0036388519,0.002796967088773651,0.004361112240062934,-5.665866000000531e-05,0.00019121790476190532
RUSSELL1000,return,RUSSELL1000_return,2017-01-18,0.0022218667,-0.0034035471,0.0022011001,0.0005196395,0.002722617294720979,0.00399558518092896,-9.59770000000526e-06,0.00042648321904761963
RUSSELL1000,return,RUSSELL1000_return,2017-01-19,-0.0036781526,0.0022218667,-0.0034035471,0.0028423395,0.0029056154942014734,0.00394296482905942,0.00033084773999999477,0.00035079108095238155
RUSSELL1000,return,RUSSELL1000_return,2017-01-20,0.0032869507,-0.0036781526,0.0022218667,-0.0022075205,0.00295937218937203,0.004021352239740592,-0.000973250680000005,0.00024835375238095304
RUSSELL1000,return,RUSSELL1000_return,2017-01-23,-0.0025421786,0.0032869507,-0.0036781526,0.0022011001,0.0033771136373010754,0.004056158879969361,0.00012564355999999482,0.00030337213333333395
RUSSELL1000,return,RUSSELL1000_return,2017-01-24,0.0071486035,-0.0025421786,0.0032869507,-0.0034035471,0.00331397053169469,0.004013750515584441,-0.0008230121800000053,-3.579895238094634e-06
RUSSELL1000,return,RUSSELL1000_return,2017-01-25,0.0078628139,0.0071486035,-0.0025421786,0.0022218667,0.004431352004722417,0.004257689591235168,0.0012874179399999946,0.0004569520285714292
RUSSELL1000,return,RUSSELL1000_return,2017-01-26,-0.0008443759,0.0078628139,0.0071486035,-0.0036781526,0.00535131065352477,0.004502724388017824,0.0024156073799999943,0.0009363866523809529
RUSSELL1000,return,RUSSELL1000_return,2017-01-27,-0.0011260519,-0.0008443759,0.0078628139,0.0032869507,0.004648484297516992,0.004516609977006695,0.0029823627199999946,0.0008218229761904767
RUSSELL1000,return,RUSSELL1000_return,2017-01-30,-0.0061907619,-0.0011260519,-0.0008443759,-0.0025421786,0.004983096515215115,0.004522110091522621,0.0020997621999999947,0.0006578698857142863
RUSSELL1000,return,RUSSELL1000_return,2017-01-31,-0.0003685501,-0.0061907619,-0.0011260519,0.0071486035,0.005996827222839684,0.004331610944357364,0.0013700455399999947,0.000758785271428572
RUSSELL1000,return,RUSSELL1000_return,2017-02-01,0.0002865076,-0.0003685501,-0.0061907619,0.0078628139,0.005054137167101658,0.0043346064773196885,-0.00013338518000000546,0.000746298252380953
RUSSELL1000,return,RUSSELL1000_return,2017-02-02,0.0008142448,0.0002865076,-0.0003685501,-0.0008443759,0.0025949102491672443,0.004172778255320932,-0.0016486464400000053,0.0009704205285714291
RUSSELL1000,return,RUSSELL1000_return,2017-02-03,0.0076933862,0.0008142448,0.0002865076,-0.0011260519,0.0028197080716891596,0.0038059185632606032,-0.0013169223000000056,0.0006072836476190481
RUSSELL1000,return,RUSSELL1000_return,2017-02-06,-0.0021135656,0.0076933862,0.0008142448,-0.0061907619,0.004934464117658213,0.003857393371907313,0.0004469653199999944,0.0006349831571428576
RUSSELL1000,return,RUSSELL1000_return,2017-02-07,3.57855e-05,-0.0021135656,0.0076933862,-0.0003685501,0.0037605828845149185,0.003885795757366854,0.0012624045799999946,0.0005880744285714291
RUSSELL1000,return,RUSSELL1000_return,2017-02-08,0.0010869378,3.57855e-05,-0.0021135656,0.0002865076,0.003720880885924288,0.0038256212485363026,0.0013432716999999944,0.0004190324714285719
RUSSELL1000,return,RUSSELL1000_return,2017-02-09,0.0062079653,0.0010869378,3.57855e-05,0.0008142448,0.003681054104233353,0.0037123021853453855,0.0015033577399999943,0.0006440700761904767
RUSSELL1000,return,RUSSELL1000_return,2017-02-10,0.0036318573,0.0062079653,0.0010869378,0.0076933862,0.004184514570302107,0.003905280946843015,0.0025821018399999943,0.0009149427333333338
RUSSELL1000,return,RUSSELL1000_return,2017-02-13,0.0052845472,0.0036318573,0.0062079653,-0.0021135656,0.003229481540131274,0.0039284950627627635,0.0017697960599999945,0.0009525388190476195
RUSSELL1000,return,RUSSELL1000_return,2017-02-14,0.0041993635,0.0052845472,0.0036318573,3.57855e-05,0.002647865520832924,0.0039671707952866975,0.003249418619999994,0.001309303947619048
RUSSELL1000,return,RUSSELL1000_return,2017-02-15,0.0049833274,0.0041993635,0.0052845472,0.0010869378,0.0019463201405680761,0.004013327052865791,0.004082134219999994,0.001404459347619048
RUSSELL1000,return,RUSSELL1000_return,2017-02-16,-0.0008700498,0.0049833274,0.0041993635,0.0062079653,0.000994638819952224,0.003927325702036597,0.004861412139999995,0.0018038343238095244
RUSSELL1000,return,RUSSELL1000_return,2017-02-17,0.0017279685,-0.0008700498,0.0049833274,0.0036318573,0.0024987004889752583,0.003968610670218961,0.0034458091199999945,0.0016566002047619054
RUSSELL1000,return,RUSSELL1000_return,2017-02-21,0.006152109,0.0017279685,-0.0008700498,0.0052845472,0.0026060228554402763,0.003775918416585062,0.0030650313599999944,0.0019140345428571436
RUSSELL1000,return,RUSSELL1000_return,2017-02-22,-0.0012434754,0.006152109,0.0017279685,0.0041993635,0.002811524745948432,0.003878380222800788,0.0032385437199999945,0.0020504706523809526
RUSSELL1000,return,RUSSELL1000_return,2017-02-23,-2.05915e-05,-0.0012434754,0.006152109,0.0049833274,0.0033488470878967162,0.0038112596394006036,0.0021499759399999942,0.0021123136619047625
RUSSELL1000,return,RUSSELL1000_return,2017-02-24,0.0017355786,-2.05915e-05,-0.0012434754,-0.0008700498,0.0030221990717276487,0.0036554861283204032,0.0011491921599999944,0.0017709234238095241
RUSSELL1000,return,RUSSELL1000_return,2017-02-27,0.0016276017,0.0017355786,-2.05915e-05,0.0017279685,0.0028037207425499677,0.003379008241135723,0.0016703178399999942,0.0014791503142857147
RUSSELL1000,return,RUSSELL1000_return,2017-02-28,-0.0031191843,0.0016276017,0.0017355786,0.006152109,0.0028035640879035288,0.0033368114509063932,0.0016502444799999945,0.001596863533333334
RUSSELL1000,return,RUSSELL1000_return,2017-03-01,0.0136142021,-0.0031191843,0.0016276017,-0.0012434754,0.002045065843687059,0.003444734253647964,-0.00020401418000000563,0.001501952466666667
RUSSELL1000,return,RUSSELL1000_return,2017-03-02,-0.0061508432,0.0136142021,-0.0031191843,-2.05915e-05,0.0063726305913302745,0.003912637761986758,0.0027675213199999946,0.002445045990476191
RUSSELL1000,return,RUSSELL1000_return,2017-03-03,0.0007219069,-0.0061508432,0.0136142021,0.0017355786,0.007528102982287597,0.004304390400551936,0.0015414709799999944,0.0021696987000000005
RUSSELL1000,return,RUSSELL1000_return,2017-03-06,-0.0035338175,0.0007219069,-0.0061508432,0.0016276017,0.007535214653507185,0.004295906187988714,0.0013387366399999945,0.0021904320000000004
RUSSELL1000,return,RUSSELL1000_return,2017-03-07,-0.0031261134,-0.0035338175,0.0007219069,-0.0031191843,0.00783339215618678,0.004466928876772406,0.0003064527999999945,0.001983381414285715
RUSSELL1000,return,RUSSELL1000_return,2017-03-08,-0.0022051589,-0.0031261134,-0.0035338175,0.0136142021,0.007834150277222715,0.004398849246422762,0.00030506697999999456,0.0014681671476190479
RUSSELL1000,return,RUSSELL1000_return,2017-03-09,0.0003942877,-0.0022051589,-0.0031261134,-0.0061508432,0.002480592776987749,0.004402621997967819,-0.0028588052200000055,0.0014638055619047626
RUSSELL1000,return,RUSSELL1000_return,2017-03-10,0.003327551,0.0003942877,-0.0022051589,0.0007219069,0.0019868765617005414,0.0043974999495012875,-0.0015497790400000055,0.0014808770952380956
RUSSELL1000,return,RUSSELL1000_return,2017-03-13,0.0008591277,0.003327551,0.0003942877,-0.0035338175,0.0028749186492690367,0.004414612487479698,-0.0010286502200000055,0.0015875729619047622
RUSSELL1000,return,RUSSELL1000_return,2017-03-14,-0.0033741467,0.0008591277,0.003327551,-0.0031261134,0.0025733673381425717,0.0042871685962273184,-0.00015006118000000532,0.00133286640952381
RUSSELL1000,return,RUSSELL1000_return,2017-03-15,0.00874939,-0.0033741467,0.0008591277,-0.0022051589,0.002646432237400048,0.004371095783849392,-0.00019966784000000531,0.000999247171428572
RUSSELL1000,return,RUSSELL1000_return,2017-03-16,-0.0013677299,0.00874939,-0.0033741467,0.0003942877,0.004474305193547603,0.004600319616259966,0.0019912419399999944,0.0011642396857142862
RUSSELL1000,return,RUSSELL1000_return,2017-03-17,-0.0010808237,-0.0013677299,0.00874939,0.003327551,0.004695453003511622,0.00457701797101115,0.0016388384199999943,0.0008991400000000005
RUSSELL1000,return,RUSSELL1000_return,2017-03-20,-0.0022625184,-0.0010808237,-0.0013677299,0.0008591277,0.004712938945147122,0.004497056816512153,0.0007571634799999942,0.0006103709000000004
RUSSELL1000,return,RUSSELL1000_return,2017-03-21,-0.013005377,-0.0022625184,-0.0010808237,-0.0033741467,0.0048991407686003715,0.00453012094679668,0.00013283425999999427,0.0005440628714285719
RUSSELL1000,return,RUSSELL1000_return,2017-03-22,0.0018908366,-0.013005377,-0.0022625184,0.00874939,0.007709861887908719,0.005395780145148298,-0.0017934118000000059,-0.00015752500952380912
RUSSELL1000,return,RUSSELL1000_return,2017-03-23,-0.0007780347,0.0018908366,-0.013005377,-0.0013677299,0.005718018600293257,0.0052240237542924665,-0.0031651224800000057,-0.00036044274285714243
RUSSELL1000,return,RUSSELL1000_return,2017-03-24,-0.0007273257,-0.0007780347,0.0018908366,-0.0010808237,0.00577020291563053,0.005221076537088854,-0.003047183440000006,-0.00033827889999999956
RUSSELL1000,return,RUSSELL1000_return,2017-03-27,-0.000915806,-0.0007273257,-0.0007780347,-0.0022625184,0.005802394848029315,0.005221204132246548,-0.0029764838400000056,-0.0003719329095238091
RUSSELL1000,return,RUSSELL1000_return,2017-03-28,0.0073348857,-0.000915806,-0.0007273257,-0.013005377,0.005874628999835617,0.005199706196929182,-0.0027071413600000056,-0.0004981893190476186
RUSSELL1000,return,RUSSELL1000_return,2017-03-29,0.0015142784,0.0073348857,-0.000915806,0.0018908366,0.0035386599292190485,0.00545905609025022,0.0013609111799999945,-0.00022641389047619
RUSSELL1000,return,RUSSELL1000_return,2017-03-30,0.0029898367,0.0015142784,0.0073348857,-0.0007780347,0.003528554864121187,0.005429850019656097,0.0012855995399999945,-5.772809523809061e-06
RUSSELL1000,return,RUSSELL1000_return,2017-03-31,-0.0019361133,0.0029898367,0.0015142784,-0.0007273257,0.0033767315839466,0.0045153088632154705,0.0020391738199999946,-0.000511694971428571
RUSSELL1000,return,RUSSELL1000_return,2017-04-03,-0.0019479933,-0.0019361133,0.0029898367,-0.000915806,0.0036560367667730367,0.004342484053762956,0.0017974162999999945,-0.0003109935476190472
RUSSELL1000,return,RUSSELL1000_return,2017-04-04,0.0006744771,-0.0019479933,-0.0019361133,0.0073348857,0.0038703958149678814,0.004349809156428494,0.0015909788399999943,-0.0004381316523809519
RUSSELL1000,return,RUSSELL1000_return,2017-04-05,-0.0033988335,0.0006744771,-0.0019479933,0.0015142784,0.0021734279340111977,0.00429667371462798,0.00025889711999999444,-0.00023773667142857097
RUSSELL1000,return,RUSSELL1000_return,2017-04-06,0.0027857942,-0.0033988335,0.0006744771,0.0029898367,0.002543149295621845,0.004306241815705551,-0.0007237252600000056,-0.0002507233428571424
RUSSELL1000,return,RUSSELL1000_return,2017-04-07,-0.0008008577,0.0027857942,-0.0033988335,-0.0019361133,0.002469225136570476,0.004330639790535406,-0.0007645337600000056,-1.3058909523809096e-05
RUSSELL1000,return,RUSSELL1000_return,2017-04-10,0.0009969812,-0.0008008577,0.0027857942,-0.0019479933,0.0023853328308063317,0.0043328714372917205,-0.0005374826400000056,-6.997059523809481e-05
RUSSELL1000,return,RUSSELL1000_return,2017-04-11,-0.0008766524,0.0009969812,-0.0008008577,0.0006744771,0.002312450802074179,0.00427090204453818,5.1512259999994364e-05,-0.00018095010952380908
RUSSELL1000,return,RUSSELL1000_return,2017-04-12,-0.0041970706,-0.0008766524,0.0009969812,-0.0033988335,0.002312029343839341,0.004266560982390162,-0.0002587136400000056,-0.00026360630476190435
RUSSELL1000,return,RUSSELL1000_return,2017-04-13,-0.0068766561,-0.0041970706,-0.0008766524,0.0027857942,0.002593491134684454,0.004300205136637071,-0.0004183610600000056,-0.00030279315714285676
RUSSELL1000,return,RUSSELL1000_return,2017-04-17,0.0087503235,-0.0068766561,-0.0041970706,-0.0008008577,0.0031494110479681884,0.003996758922102058,-0.0023508511200000053,-0.00104689059047619
RUSSELL1000,return,RUSSELL1000_return,2017-04-18,-0.0026396609,0.0087503235,-0.0068766561,0.0009969812,0.0059637183383124855,0.0045303923863217405,-0.00044061488000000546,-0.0005650785238095233
RUSSELL1000,return,RUSSELL1000_return,2017-04-19,-0.0012447357,-0.0026396609,0.0087503235,-0.0008766524,0.005966318660427184,0.004551984673798133,-0.0011679433000000056,-0.0006393088666666662
RUSSELL1000,return,RUSSELL1000_return,2017-04-20,0.0076056222,-0.0012447357,-0.0026396609,-0.0041970706,0.005964096391159638,0.00453923834015618,-0.0012415599600000052,-0.0005908430238095232
RUSSELL1000,return,RUSSELL1000_return,2017-04-21,-0.0029780842,0.0076056222,-0.0012447357,-0.0068766561,0.00678156804535294,0.003904650293576014,0.0011189785999999949,0.00039063312857142915
RUSSELL1000,return,RUSSELL1000_return,2017-04-24,0.0107154618,-0.0029780842,0.0076056222,0.0087503235,0.005783049311877218,0.003955342264481656,0.0018986929799999948,0.0001587797571428577
RUSSELL1000,return,RUSSELL1000_return,2017-04-25,0.0060871038,0.0107154618,-0.0029780842,-0.0026396609,0.006399079139015191,0.004567111038884589,0.0022917206399999945,0.0007060891142857148
RUSSELL1000,return,RUSSELL1000_return,2017-04-26,-0.0002551282,0.0060871038,0.0107154618,-0.0012447357,0.005887443849452901,0.004700316193365887,0.004037073579999995,0.0010305857571428576
RUSSELL1000,return,RUSSELL1000_return,2017-04-27,0.0007730578,-0.0002551282,0.0060871038,0.0076056222,0.005678415328482345,0.0046888339721943605,0.0042349950799999946,0.0010620466047619054
RUSSELL1000,return,RUSSELL1000_return,2017-04-28,-0.0024563826,0.0007730578,-0.0002551282,-0.0029780842,0.005483263122072426,0.0044631150745953144,0.0028684821999999948,0.0007495786095238101
RUSSELL1000,return,RUSSELL1000_return,2017-05-01,0.0019377934,-0.0024563826,0.0007730578,0.0107154618,0.005347478607257335,0.00451292907045767,0.002972822519999995,0.0005604995142857149
RUSSELL1000,return,RUSSELL1000_return,2017-05-02,0.0009418836,0.0019377934,-0.0024563826,0.0060871038,0.0031660479928167814,0.0044903960329605525,0.0012172888399999949,0.0005104022142857148
RUSSELL1000,return,RUSSELL1000_return,2017-05-03,-0.0016190888,0.0009418836,0.0019377934,-0.0002551282,0.0016704439298850101,0.004455779653905758,0.00018824479999999478,0.0006474496857142862
RUSSELL1000,return,RUSSELL1000_return,2017-05-04,0.000196427,-0.0016190888,0.0009418836,0.0007730578,0.0018614059949704812,0.0044467694316037264,-8.454732000000519e-05,0.0006631118047619053
RUSSELL1000,return,RUSSELL1000_return,2017-05-05,0.0046860057,0.000196427,-0.0016190888,-0.0024563826,0.0018122009079566555,0.004447931826268405,-0.00019987348000000517,0.0006403475142857149
RUSSELL1000,return,RUSSELL1000_return,2017-05-08,-0.0003233012,0.0046860057,0.000196427,0.0019377934,0.00232988885735536,0.004430698118394365,0.0012286041799999948,0.0010253398571428577
RUSSELL1000,return,RUSSELL1000_return,2017-05-09,-0.000869517,-0.0003233012,0.0046860057,0.0009418836,0.002376787724597716,0.0044208655331227625,0.0007763852599999947,0.0008772876952380956
RUSSELL1000,return,RUSSELL1000_return,2017-05-10,0.0016749527,-0.000869517,-0.0003233012,-0.0016190888,0.002481020438921646,0.004422193864101141,0.0004141051399999947,0.0008740182047619054
RUSSELL1000,return,RUSSELL1000_return,2017-05-11,-0.0021629969,0.0016749527,-0.000869517,0.000196427,0.0022308948184836404,0.00442560989993075,0.0010729134399999948,0.0009063025619047625
RUSSELL1000,return,RUSSELL1000_return,2017-05-12,-0.0016293666,-0.0021629969,0.0016749527,0.0046860057,0.002669132714271876,0.004460287749287002,0.0006010286599999948,0.0008450480619047624
RUSSELL1000,return,RUSSELL1000_return,2017-05-15,0.0050905982,-0.0016293666,-0.0021629969,-0.0003233012,0.0014839068305125523,0.004348960485689656,-0.0006620458000000051,0.0009673196809523815
RUSSELL1000,return,RUSSELL1000_return,2017-05-16,-0.0005992137,0.0050905982,-0.0016293666,-0.000869517,0.002996832564167125,0.004043036269651055,0.0004207340799999949,0.0015371889333333337
RUSSELL1000,return,RUSSELL1000_return,2017-05-17,-0.0178933267,-0.0005992137,0.0050905982,0.0016749527,0.0029700570078829134,0.003710088862822938,0.0004747947399999949,0.0010919728761904768
RUSSELL1000,return,RUSSELL1000_return,2017-05-18,0.0036309751,-0.0178933267,-0.0005992137,-0.0021629969,0.008582670751150847,0.005525992975108815,-0.003438861140000005,0.0003656078380952388
RUSSELL1000,return,RUSSELL1000_return,2017-05-19,0.0070365167,0.0036309751,-0.0178933267,-0.0016293666,0.00916910139387703,0.005557289617234997,-0.0022800667400000056,0.0005977845428571435
RUSSELL1000,return,RUSSELL1000_return,2017-05-22,0.0052953197,0.0070365167,0.0036309751,0.0050905982,0.010095116283793283,0.005522686927805217,-0.0005468900800000055,0.0005706842809523816
RUSSELL1000,return,RUSSELL1000_return,2017-05-23,0.0017183033,0.0052953197,0.0070365167,-0.0005992137,0.010124070944549814,0.005551893163022906,-0.0005059457800000052,0.0009646558952380959
RUSSELL1000,return,RUSSELL1000_return,2017-05-24,0.0026286644,0.0017183033,0.0052953197,-0.0178933267,0.01017167215870912,0.005089722069133925,-4.244238000000538e-05,0.0005362197761904769
RUSSELL1000,return,RUSSELL1000_return,2017-05-25,0.0043103311,0.0026286644,0.0017183033,0.0036309751,0.0021273207738536633,0.004955309595912802,0.004061955839999995,0.00037153218571428634
RUSSELL1000,return,RUSSELL1000_return,2017-05-26,0.0003689341,0.0043103311,0.0026286644,0.0070365167,0.002114569439393001,0.005026085722166193,0.004197827039999995,0.0005889350095238102
RUSSELL1000,return,RUSSELL1000_return,2017-05-30,-0.0013721515,0.0003689341,0.0043103311,0.0052953197,0.0019746231457347537,0.005026119158847939,0.0028643105199999946,0.0005696910238095244
RUSSELL1000,return,RUSSELL1000_return,2017-05-31,-0.0001105774,-0.0013721515,0.0003689341,0.0017183033,0.0021646776113187125,0.004998975534451231,0.0015308162799999947,0.0006213210761904768
RUSSELL1000,return,RUSSELL1000_return,2017-06-01,0.0084154604,-0.0001105774,-0.0013721515,0.0026286644,0.002276695936597974,0.00499198308685448,0.0011650401399999947,0.0005237796095238102
RUSSELL1000,return,RUSSELL1000_return,2017-06-02,0.0035922712,0.0084154604,-0.0001105774,0.0043103311,0.0040144231819129895,0.005281297125609997,0.002322399339999995,0.0008796642190476197
RUSSELL1000,return,RUSSELL1000_return,2017-06-05,-0.0015089317,0.0035922712,0.0084154604,0.0003689341,0.003937637419453676,0.005280450764209625,0.0021787873599999944,0.0011278242190476196
RUSSELL1000,return,RUSSELL1000_return,2017-06-06,-0.0028642974,-0.0015089317,0.0035922712,-0.0013721515,0.0042319729689153235,0.005308529450081935,0.0018032141999999945,0.0010466166619047625
RUSSELL1000,return,RUSSELL1000_return,2017-06-07,0.0015875033,-0.0028642974,-0.0015089317,-0.0001105774,0.004552356482321563,0.005305399004632582,0.001504785019999994,0.0006870784190476197
RUSSELL1000,return,RUSSELL1000_return,2017-06-08,0.0005526234,0.0015875033,-0.0028642974,0.0084154604,0.004464206231842791,0.0053035893720100495,0.0018444011599999942,0.0007780691095238101
RUSSELL1000,return,RUSSELL1000_return,2017-06-09,-0.0008693525,0.0005526234,0.0015875033,0.0035922712,0.0025417306225101553,0.005290563210038276,0.0002718337599999944,0.0008457900809523815
RUSSELL1000,return,RUSSELL1000_return,2017-06-12,-0.0007489476,-0.0008693525,0.0005526234,-0.0015089317,0.0017419358705619817,0.005299750577309149,-0.0006204909800000055,0.0007246326904761911
RUSSELL1000,return,RUSSELL1000_return,2017-06-13,0.0051463385,-0.0007489476,-0.0008693525,-0.0028642974,0.0016769780359637441,0.00527012780623935,-0.0004684941600000056,0.0007919683714285719
RUSSELL1000,return,RUSSELL1000_return,2017-06-14,-0.0011294754,0.0051463385,-0.0007489476,0.0015875033,0.002459747774821319,0.005321637055577923,0.0011336330199999945,0.001114620995238096
RUSSELL1000,return,RUSSELL1000_return,2017-06-15,-0.0022463557,-0.0011294754,0.0051463385,0.0005526234,0.002628721328959699,0.005262041640670163,0.0005902372799999944,0.0008184270142857148
RUSSELL1000,return,RUSSELL1000_return,2017-06-16,0.0001315153,-0.0022463557,-0.0011294754,-0.0008693525,0.002920560367081968,0.005296393293185946,3.0441459999994495e-05,0.0007399916809523816
RUSSELL1000,return,RUSSELL1000_return,2017-06-19,0.0083375369,0.0001315153,-0.0022463557,-0.0007489476,0.0028774524718552844,0.00315225427940983,0.00023061501999999443,0.0015983174904761913
RUSSELL1000,return,RUSSELL1000_return,2017-06-20,-0.0069203726,0.0083375369,0.0001315153,0.0051463385,0.00451023087655493,0.0034566217477067403,0.0020479119199999945,0.0018224394809523816
RUSSELL1000,return,RUSSELL1000_return,2017-06-21,-0.0007115092,-0.0069203726,0.0083375369,-0.0011294754,0.005547015117276279,0.0037345608782659713,-0.00036543030000000566,0.0011578257047619052
RUSSELL1000,return,RUSSELL1000_return,2017-06-22,-0.0002198839,-0.0007115092,-0.0069203726,-0.0022463557,0.005535760412682457,0.0036304012542107936,-0.0002818370600000057,0.0008717862333333338
RUSSELL1000,return,RUSSELL1000_return,2017-06-23,0.0020066437,-0.0002198839,-0.0007115092,0.0001315153,0.005429128855128981,0.0036324408708169925,0.00012345729999999432,0.0007794916047619052
RUSSELL1000,return,RUSSELL1000_return,2017-06-26,0.0006307947,0.0020066437,-0.0002198839,0.0083375369,0.005494198423902711,0.003619119862369612,0.0004984829799999943,0.0007498715714285719
RUSSELL1000,return,RUSSELL1000_return,2017-06-27,-0.0082755045,0.0006307947,0.0020066437,-0.0069203726,0.003443574823057789,0.003525997483625946,-0.0010428654600000053,0.0005746555523809528
RUSSELL1000,return,RUSSELL1000_return,2017-06-28,0.0092024393,-0.0082755045,0.0006307947,-0.0007115092,0.0040259014846643825,0.004021055710870665,-0.001313891840000005,0.00016301561904761953
RUSSELL1000,return,RUSSELL1000_return,2017-06-29,-0.0085679909,0.0092024393,-0.0082755045,-0.0002198839,0.006233069305846066,0.0044576191361342795,0.0006688978599999949,0.0006665675619047624
RUSSELL1000,return,RUSSELL1000_return,2017-06-30,0.0016585101,-0.0085679909,0.0092024393,0.0020066437,0.007516591892888313,0.00489221010987872,-0.001000723540000005,0.0002638335857142863
RUSSELL1000,return,RUSSELL1000_return,2017-07-03,0.0025748107,0.0016585101,-0.0085679909,0.0006307947,0.007483308779746595,0.0045387023742290535,-0.001070350260000005,-5.79259523809518e-05
RUSSELL1000,return,RUSSELL1000_return,2017-07-05,0.0011567397,0.0025748107,0.0016585101,-0.0082755045,0.007642596184868291,0.004503079232015764,-0.000681547060000005,-0.00010637645238095178
RUSSELL1000,return,RUSSELL1000_return,2017-07-06,-0.0095353368,0.0011567397,0.0025748107,0.0092024393,0.006355209836457539,0.004499135366758593,0.001204901779999995,2.0560280952381544e-05
RUSSELL1000,return,RUSSELL1000_return,2017-07-07,0.0066767271,-0.0095353368,0.0011567397,-0.0085679909,0.00597340012050074,0.004928072477070641,-0.0025426534400000054,-0.0002971082619047613
RUSSELL1000,return,RUSSELL1000_return,2017-07-10,0.000667348,0.0066767271,-0.0095353368,0.0016585101,0.006019510707959155,0.005145712987025186,0.0005062901599999948,-5.476427142857081e-05
RUSSELL1000,return,RUSSELL1000_return,2017-07-11,-0.0003966709,0.000667348,0.0066767271,0.0025748107,0.005988319568729952,0.005146450925136208,0.00030805773999999475,-4.930119523809465e-05
RUSSELL1000,return,RUSSELL1000_return,2017-07-12,0.0073839005,-0.0003966709,0.000667348,0.0011567397,0.005853042326932979,0.005143717938624167,-0.0002862385800000053,-2.6792547619047036e-05
RUSSELL1000,return,RUSSELL1000_return,2017-07-13,0.0018591496,0.0073839005,-0.0003966709,-0.0095353368,0.00681956301363321,0.005387039405419486,0.0009591935799999948,0.0003604859333333339
RUSSELL1000,return,RUSSELL1000_return,2017-07-14,0.0045882746,0.0018591496,0.0073839005,0.0066767271,0.0035613778114969284,0.00528786784161851,0.0032380908599999947,0.00020395312857142918
RUSSELL1000,return,RUSSELL1000_return,2017-07-17,4.97011e-05,0.0045882746,0.0018591496,0.000667348,0.0031567426976496834,0.005362454548796105,0.002820400359999995,0.0004762269380952387
RUSSELL1000,return,RUSSELL1000_return,2017-07-18,0.0004498719,4.97011e-05,0.0045882746,-0.0003966709,0.0032720383640211744,0.005327460943421511,0.002696870979999995,0.0005855629761904767
RUSSELL1000,return,RUSSELL1000_return,2017-07-19,0.005784703,0.0004498719,4.97011e-05,0.0073839005,0.0030887140035242015,0.005326557183655422,0.002866179539999995,0.0006007228142857149
RUSSELL1000,return,RUSSELL1000_return,2017-07-20,-0.0001419946,0.005784703,0.0004498719,0.0018591496,0.002537572992428582,0.005167926351601611,0.002546340039999995,0.00047915929523809585
RUSSELL1000,return,RUSSELL1000_return,2017-07-21,-0.0004301673,-0.0001419946,0.005784703,0.0045882746,0.0028156306390207503,0.004886686460165058,0.002146111199999995,0.0008019392000000005
RUSSELL1000,return,RUSSELL1000_return,2017-07-24,-0.000625972,-0.0004301673,-0.0001419946,4.97011e-05,0.0026147275478573834,0.004882713806706313,0.001142422819999995,0.000815336433333334
RUSSELL1000,return,RUSSELL1000_return,2017-07-25,0.003152932,-0.000625972,-0.0004301673,0.0004498719,0.0027013456485855103,0.004887820160793684,0.0010072881999999947,0.0007959989047619054
RUSSELL1000,return,RUSSELL1000_return,2017-07-26,-1.28297e-05,0.003152932,-0.000625972,0.005784703,0.002829348019273073,0.004908373564397014,0.0015479002199999948,0.0008505840619047625
RUSSELL1000,return,RUSSELL1000_return,2017-07-27,-0.0013710189,-1.28297e-05,0.003152932,-0.0001419946,0.001563964822311505,0.004911822831754102,0.00038839367999999474,0.0008199352809523817
RUSSELL1000,return,RUSSELL1000_return,2017-07-28,-0.0013528534,-0.0013710189,-1.28297e-05,-0.0004301673,0.0017532872422120558,0.004485104427600612,0.00014258881999999477,0.0011487203095238102
RUSSELL1000,return,RUSSELL1000_return,2017-07-31,-0.0007311356,-0.0013528534,-0.0013710189,-0.000625972,0.001873105212431262,0.0041134734573799485,-4.194840000000524e-05,0.0006460873238095244
RUSSELL1000,return,RUSSELL1000_return,2017-08-01,0.0024294791,-0.0007311356,-0.0013528534,0.003152932,0.0018818724785491271,0.0035530704847863246,-6.298112000000523e-05,0.00101927090952381
RUSSELL1000,return,RUSSELL1000_return,2017-08-02,5.80833e-05,0.0024294791,-0.0007311356,-1.28297e-05,0.0015757030205017354,0.0035639721755156444,-0.00020767170000000516,0.0010559837190476195
RUSSELL1000,return,RUSSELL1000_return,2017-08-03,-0.0018966121,5.80833e-05,0.0024294791,-0.0013710189,0.001578212328840797,0.0035526420317790607,-0.00019348910000000516,0.0009361395571428577
RUSSELL1000,return,RUSSELL1000_return,2017-08-04,0.0021072307,-0.0018966121,5.80833e-05,-0.0013528534,0.0016898090498991356,0.0036052543273930857,-0.00029860774000000517,0.0007907418523809531
RUSSELL1000,return,RUSSELL1000_return,2017-08-07,0.0015488518,0.0021072307,-0.0018966121,-0.0007311356,0.0018509461629408843,0.0027258731222228882,0.00039340907999999475,0.001345149828571429
RUSSELL1000,return,RUSSELL1000_return,2017-08-08,-0.0023791932,0.0015488518,0.0021072307,0.0024294791,0.0017842915558755586,0.0024389681834697313,0.0008494065599999948,0.001100965290476191
RUSSELL1000,return,RUSSELL1000_return,2017-08-09,-0.0007040989,-0.0023791932,0.0015488518,5.80833e-05,0.0020023328111435303,0.0025539461926857134,-0.00011232790000000525,0.0009558919000000005
RUSSELL1000,return,RUSSELL1000_return,2017-08-10,-0.0143074278,-0.0007040989,-0.0023791932,-0.0018966121,0.0020150877986134996,0.0025629520660809374,-0.00026476434000000527,0.000941252471428572
RUSSELL1000,return,RUSSELL1000_return,2017-08-11,0.0016050719,-0.0143074278,-0.0007040989,0.0021072307,0.006707647054213809,0.0038728773983944752,-0.002746927480000005,-9.166792380952322e-05
RUSSELL1000,return,RUSSELL1000_return,2017-08-14,0.0101300678,0.0016050719,-0.0143074278,0.0015488518,0.006619983577974132,0.003866870503443517,-0.002847359240000005,-0.00010376686190476132
RUSSELL1000,return,RUSSELL1000_return,2017-08-15,-0.0005532381,0.0101300678,0.0016050719,-0.0023791932,0.008798525696859147,0.004360661747794118,-0.0011311160400000054,0.00016012805238095295
RUSSELL1000,return,RUSSELL1000_return,2017-08-16,0.0019477225,-0.0005532381,0.0101300678,-0.0007040989,0.008771625300706031,0.00436340923766178,-0.0007659250200000052,0.00013141666190476248
RUSSELL1000,return,RUSSELL1000_return,2017-08-17,-0.0153737632,0.0019477225,-0.0005532381,-0.0143074278,0.008856061070110869,0.004381081605294951,-0.00023556074000000526,0.00020274288095238152
RUSSELL1000,return,RUSSELL1000_return,2017-08-18,-0.0018005267,-0.0153737632,0.0019477225,0.0016050719,0.009282235555601778,0.005357371815437722,-0.0004488278200000053,-0.0008048031285714281
RUSSELL1000,return,RUSSELL1000_return,2017-08-21,0.001126307,-0.0018005267,-0.0153737632,0.0101300678,0.009218575718030201,0.005359336799361726,-0.0011299475400000053,-0.000883780847619047
RUSSELL1000,return,RUSSELL1000_return,2017-08-22,0.0099509833,0.001126307,-0.0018005267,-0.0005532381,0.0071066474244142735,0.005376658553397671,-0.0029306997000000056,-0.0008096630238095233
RUSSELL1000,return,RUSSELL1000_return,2017-08-23,-0.0030675381,0.0099509833,0.001126307,0.0019477225,0.00922273617573314,0.005867706850230102,-0.000829855420000005,-0.00030599848571428523
RUSSELL1000,return,RUSSELL1000_return,2017-08-24,-0.0017593055,-0.0030675381,0.0099509833,-0.0153737632,0.009117252425569681,0.005841314027212956,-0.0018329075400000052,-0.000602211347619047
RUSSELL1000,return,RUSSELL1000_return,2017-08-25,0.0018270277,-0.0017593055,-0.0030675381,-0.0018005267,0.005293324114593432,0.00584493473395181,0.0008899839999999947,-0.0006853768619047613
RUSSELL1000,return,RUSSELL1000_return,2017-08-28,0.0003765959,0.0018270277,-0.0017593055,0.001126307,0.005076526706628478,0.0058677946822208475,0.0016154948799999946,-0.0005330889285714279
RUSSELL1000,return,RUSSELL1000_return,2017-08-29,0.000774752,0.0003765959,0.0018270277,0.0099509833,0.005105576514128013,0.005867850428500296,0.0014655526599999947,-0.00045073419999999947
RUSSELL1000,return,RUSSELL1000_return,2017-08-30,0.0052190464,0.000774752,0.0003765959,-0.0030675381,0.001993845179411371,0.005873451195476024,-0.0003696936000000054,-0.00037902526666666614
RUSSELL1000,return,RUSSELL1000_return,2017-08-31,0.006244291,0.0052190464,0.000774752,-0.0017593055,0.002555573698024555,0.005970882397340486,0.0012876232999999946,-0.00024618872857142806
RUSSELL1000,return,RUSSELL1000_return,2017-09-01,0.0022780855,0.006244291,0.0052190464,0.0018270277,0.0026738126286788987,0.006136937902866814,0.002888342599999995,4.8392590476191034e-05
RUSSELL1000,return,RUSSELL1000_return,2017-09-05,-0.0078698585,0.0022780855,0.006244291,0.0003765959,0.0026364004663784143,0.006138398464466989,0.0029785541599999946,0.0002471877142857149
RUSSELL1000,return,RUSSELL1000_return,2017-09-06,0.0028875735,-0.0078698585,0.0022780855,0.000774752,0.0055928413641254705,0.006369008100009425,0.0013292632799999943,-0.00022791177142857086
RUSSELL1000,return,RUSSELL1000_return,2017-09-07,-0.0002724721,0.0028875735,-0.0078698585,0.0052190464,0.0056202211509207576,0.006394330698138617,0.0017518275799999945,-0.0001641631190476185
RUSSELL1000,return,RUSSELL1000_return,2017-09-08,-0.0011767478,-0.0002724721,0.0028875735,0.006244291,0.005300763409702078,0.0063743365448801215,0.0006535238799999946,-6.38430666666661e-05
RUSSELL1000,return,RUSSELL1000_return,2017-09-11,0.0109724981,-0.0011767478,-0.0002724721,0.0022780855,0.004285767870547279,0.006377543881502061,-0.0008306838800000054,-8.635015714285657e-05
RUSSELL1000,return,RUSSELL1000_return,2017-09-12,0.003589407,0.0109724981,-0.0011767478,-0.0078698585,0.006855715146212407,0.00592911573635746,0.0009081986399999947,0.0011174558380952387
RUSSELL1000,return,RUSSELL1000_return,2017-09-13,0.0005765226,0.003589407,0.0109724981,0.0028875735,0.0047925712989155345,0.005953039296612501,0.003200051739999995,0.0012119479857142863
RUSSELL1000,return,RUSSELL1000_return,2017-09-14,-0.0007560572,0.0005765226,0.003589407,-0.0002724721,0.00493943392167142,0.005591503556765054,0.0027378415599999947,0.0007570172619047624
RUSSELL1000,return,RUSSELL1000_return,2017-09-15,0.0020675082,-0.0007560572,0.0005765226,-0.0011767478,0.005017235273783554,0.005594054463815585,0.0026411245399999947,0.00074735920952381
RUSSELL1000,return,RUSSELL1000_return,2017-09-18,0.0018765051,0.0020675082,-0.0007560572,0.0109724981,0.00459179829348651,0.005595400543943678,0.003289975739999995,0.0007530632904761912
RUSSELL1000,return,RUSSELL1000_return,2017-09-19,0.0009684113,0.0018765051,0.0020675082,0.003589407,0.001640714629307505,0.004202306807871265,0.0014707771399999948,0.0015745046380952388
RUSSELL1000,return,RUSSELL1000_return,2017-09-20,0.0009639251,0.0009684113,0.0018765051,0.0005765226,0.0011355211623882467,0.004133999677506721,0.0009465779999999948,0.0017063588285714292
RUSSELL1000,return,RUSSELL1000_return,2017-09-21,-0.0029830203,0.0009639251,0.0009684113,-0.0007560572,0.0011170247338727804,0.00413529055071468,0.0010240584999999947,0.0016986263571428576
RUSSELL1000,return,RUSSELL1000_return,2017-09-22,0.0008051493,-0.0029830203,0.0009639251,0.0020675082,0.002054688096683097,0.0037938296117618793,0.0005786658799999949,0.0010827214238095244
RUSSELL1000,return,RUSSELL1000_return,2017-09-25,-0.0021267654,0.0008051493,-0.0029830203,0.0018765051,0.0018975580350700015,0.0036742419495286167,0.0003261940999999947,0.0012671351095238101
RUSSELL1000,return,RUSSELL1000_return,2017-09-26,0.000103573,-0.0021267654,0.0008051493,0.0009684113,0.0019242672084796378,0.003690215888891269,-0.0004744600000000054,0.0012496370190476194
RUSSELL1000,return,RUSSELL1000_return,2017-09-27,0.0041976836,0.000103573,-0.0021267654,0.0009639251,0.0017967938572785692,0.0036958930328017292,-0.0006474276600000053,0.0011675677476190483
RUSSELL1000,return,RUSSELL1000_return,2017-09-28,0.0014680374,0.0041976836,0.000103573,-0.0029830203,0.002815185573793082,0.003748687769413044,-6.759600000053392e-07,0.0013495243047619053
RUSSELL1000,return,RUSSELL1000_return,2017-09-29,0.0036354185,0.0014680374,0.0041976836,0.0008051493,0.0022913662682631825,0.003746424923591034,0.0008895355799999948,0.0013825378952380958
RUSSELL1000,return,RUSSELL1000_return,2017-10-02,0.0041689585,0.0036354185,0.0014680374,-0.0021267654,0.0025948075419257566,0.0036807013254574893,0.0014555894199999946,0.0013071270428571433
RUSSELL1000,return,RUSSELL1000_return,2017-10-03,0.0023370303,0.0041689585,0.0036354185,0.000103573,0.0018394280728976445,0.0035676367585445803,0.0027147341999999948,0.0012083016857142863
RUSSELL1000,return,RUSSELL1000_return,2017-10-04,0.0013361826,0.0023370303,0.0041689585,0.0041976836,0.0012104558710420731,0.0035685435841663112,0.0031614256599999946,0.0012111085809523815
RUSSELL1000,return,RUSSELL1000_return,2017-10-05,0.0055811307,0.0013361826,0.0023370303,0.0014680374,0.0012728764451259394,0.0029000515128543582,0.002589125459999995,0.001649491490476191
RUSSELL1000,return,RUSSELL1000_return,2017-10-06,-0.0007726704,0.0055811307,0.0013361826,0.0036354185,0.001642605201900151,0.003014841846946052,0.0034117441199999947,0.0017777561190476193
RUSSELL1000,return,RUSSELL1000_return,2017-10-09,-0.0019155482,-0.0007726704,0.0055811307,0.0041689585,0.002468078832518094,0.0030337662460561245,0.002530126339999995,0.0017539371523809528
RUSSELL1000,return,RUSSELL1000_return,2017-10-10,0.0022630605,-0.0019155482,-0.0007726704,0.0023370303,0.002917175834800691,0.003073474983301896,0.0013132249999999947,0.0017187561809523812
RUSSELL1000,return,RUSSELL1000_return,2017-10-11,0.0017440983,0.0022630605,-0.0019155482,0.0013361826,0.00291086650686141,0.002235815147386957,0.001298431039999995,0.0013040210571428578
RUSSELL1000,return,RUSSELL1000_return,2017-10-12,-0.0014605527,0.0017440983,0.0022630605,0.0055811307,0.0029178969466793357,0.0021769923732234526,0.0013800141799999949,0.001216149214285715
RUSSELL1000,return,RUSSELL1000_return,2017-10-13,0.0007995954,-0.0014605527,0.0017440983,-0.0007726704,0.0019078043354686044,0.002251043349040949,-2.8322500000005142e-05,0.001119145628571429
RUSSELL1000,return,RUSSELL1000_return,2017-10-16,0.0016316209,0.0007995954,-0.0014605527,-0.0019155482,0.0018838696765877475,0.002211497334055321,0.0002861306599999948,0.0011932243238095244
RUSSELL1000,return,RUSSELL1000_return,2017-10-17,0.0005386992,0.0016316209,0.0007995954,0.0022630605,0.001469892197750631,0.0022049170156853643,0.0009955644799999948,0.0011724677857142863
RUSSELL1000,return,RUSSELL1000_return,2017-10-18,0.0007779316,0.0005386992,0.0016316209,0.0017440983,0.0012893629858188507,0.002202883905467043,0.0006506922199999949,0.0011087627428571433
RUSSELL1000,return,RUSSELL1000_return,2017-10-19,0.0003995308,0.0007779316,0.0005386992,-0.0014605527,0.001149324260424668,0.002203882630700014,0.00045745887999999485,0.0010996922809523814
RUSSELL1000,return,RUSSELL1000_return,2017-10-20,0.0052650653,0.0003995308,0.0007779316,0.0007995954,0.0004786413423553159,0.002209056334212555,0.0008294755799999947,0.0010728163619047625
RUSSELL1000,return,RUSSELL1000_return,2017-10-23,-0.0041582315,0.0052650653,0.0003995308,0.0016316209,0.0020372695692947996,0.00218499622944456,0.001722569559999995,0.0014655823428571435
RUSSELL1000,return,RUSSELL1000_return,2017-10-24,0.001637263,-0.0041582315,0.0052650653,0.0005386992,0.0033344017633483596,0.002505016751012334,0.0005645990799999948,0.0012292308761904767
RUSSELL1000,return,RUSSELL1000_return,2017-10-25,-0.0049126064,0.001637263,-0.0041582315,0.0007779316,0.003368289962081437,0.0023846519168849944,0.0007843118399999949,0.0014084703238095243
RUSSELL1000,return,RUSSELL1000_return,2017-10-26,0.0016337287,-0.0049126064,0.001637263,0.0003995308,0.004223739494054045,0.0027457818202164205,-0.0003537957600000051,0.0011696046380952386
RUSSELL1000,return,RUSSELL1000_return,2017-10-27,0.0078224807,0.0016337287,-0.0049126064,0.0052650653,0.004313873112886831,0.0026600701480632622,-0.00010695618000000516,0.0010475115476190483
RUSSELL1000,return,RUSSELL1000_return,2017-10-30,-0.00334869,0.0078224807,0.0016337287,-0.0041582315,0.0051755986292177595,0.0030440106910884003,0.0004045268999999949,0.0013501040857142863
RUSSELL1000,return,RUSSELL1000_return,2017-10-31,0.0014204898,-0.00334869,0.0078224807,0.001637263,0.00500709711501269,0.0031611174812976157,0.0005664351999999948,0.001017527490476191
RUSSELL1000,return,RUSSELL1000_return,2017-11-01,0.0012754001,0.0014204898,-0.00334869,-0.0049126064,0.004996434354496071,0.0030799709229301017,0.0005230805599999949,0.000886648028571429
RUSSELL1000,return,RUSSELL1000_return,2017-11-02,0.0001797249,0.0012754001,0.0014204898,0.0016337287,0.00397550097816293,0.003063643808446386,0.0017606818599999949,0.00083609420952381
RUSSELL1000,return,RUSSELL1000_return,2017-11-03,0.0032668443,0.0001797249,0.0012754001,0.0078224807,0.00403976838766634,0.0030645987871550815,0.001469881099999995,0.0007810247952380958
RUSSELL1000,return,RUSSELL1000_return,2017-11-06,0.001569875,0.0032668443,0.0001797249,-0.00334869,0.0024495767474395583,0.0029216309876082666,0.0005587538199999948,0.0006708206809523815
RUSSELL1000,return,RUSSELL1000_return,2017-11-07,-0.0007094409,0.001569875,0.0032668443,0.0014204898,0.0011087715577080901,0.002908452116647489,0.001542466819999995,0.0007823704619047625
RUSSELL1000,return,RUSSELL1000_return,2017-11-08,0.001509848,-0.0007094409,0.001569875,0.0012754001,0.001505522043790517,0.002864082219036465,0.0011164806799999947,0.0008398041428571433
RUSSELL1000,return,RUSSELL1000_return,2017-11-09,-0.0036737259,0.001509848,-0.0007094409,0.0001797249,0.0015153280008124205,0.0028500493293130624,0.0011633702599999948,0.0008039368809523816
RUSSELL1000,return,RUSSELL1000_return,2017-11-10,-0.0003204638,-0.0036737259,0.001509848,0.0032668443,0.002676051207162231,0.0030018613457965175,0.00039268009999999484,0.000545945252380953
RUSSELL1000,return,RUSSELL1000_return,2017-11-13,0.0009989424,-0.0003204638,-0.0036737259,0.001569875,0.002140034973201265,0.0029739381805463125,-0.0003247815200000052,0.0006002352000000006
RUSSELL1000,return,RUSSELL1000_return,2017-11-14,-0.0021765915,0.0009989424,-0.0003204638,-0.0007094409,0.0020258533774036593,0.0029749243404841017,-0.00043896804000000524,0.0006097279142857149
RUSSELL1000,return,RUSSELL1000_return,2017-11-15,-0.0051949605,-0.0021765915,0.0009989424,0.001509848,0.0021755459757886618,0.0030251629118973667,-0.0007323981600000052,0.00042838446666666725
RUSSELL1000,return,RUSSELL1000_return,2017-11-16,0.0086258836,-0.0051949605,-0.0021765915,-0.0036737259,0.002491380368545618,0.003264020396131189,-0.002073359860000005,0.00015535305238095293
RUSSELL1000,return,RUSSELL1000_return,2017-11-17,-0.0018394544,0.0086258836,-0.0051949605,-0.0003204638,0.0051595655085231625,0.0037517062305008372,0.0003865620399999948,0.000529065052380953
RUSSELL1000,return,RUSSELL1000_return,2017-11-20,0.0014753542,-0.0018394544,0.0086258836,0.0009989424,0.005255432002012593,0.003787217852075831,8.276391999999479e-05,0.0004224467095238102
RUSSELL1000,return,RUSSELL1000_return,2017-11-21,0.0066637572,0.0014753542,-0.0018394544,-0.0021765915,0.005280454363764824,0.0036320389594935265,0.00017804627999999482,0.00024198427619047684
RUSSELL1000,return,RUSSELL1000_return,2017-11-22,-0.0005798322,0.0066637572,0.0014753542,-0.0051949605,0.005753750237594988,0.0037425558311580858,0.0019461160199999948,0.0007573170714285721
RUSSELL1000,return,RUSSELL1000_return,2017-11-24,0.0020663201,-0.0005798322,0.0066637572,0.0086258836,0.004570233196649577,0.003747759826651155,0.002869141679999995,0.0006517411095238101
RUSSELL1000,return,RUSSELL1000_return,2017-11-27,-0.0006071121,0.0020663201,-0.0005798322,-0.0018394544,0.0032575679647842025,0.003532943810748821,0.0015572289799999947,0.0009840709428571436
RUSSELL1000,return,RUSSELL1000_return,2017-11-28,0.0097391498,-0.0006071121,0.0020663201,0.0014753542,0.0029702767968022214,0.003546156616218214,0.0018036974399999951,0.0008773642380952388
RUSSELL1000,return,RUSSELL1000_return,2017-11-29,-0.0003135593,0.0097391498,-0.0006071121,0.0066637572,0.004596077358175847,0.003752507170573518,0.0034564565599999944,0.0009686341952380958
RUSSELL1000,return,RUSSELL1000_return,2017-11-30,0.0082618227,-0.0003135593,0.0097391498,-0.0005798322,0.004435238477534758,0.0036345031690405358,0.0020609932599999947,0.0011131642285714294
RUSSELL1000,return,RUSSELL1000_return,2017-12-01,-0.0018884619,0.0082618227,-0.0003135593,0.0020663201,0.00486124253072368,0.003955833544030625,0.003829324239999994,0.0014389419857142862
RUSSELL1000,return,RUSSELL1000_return,2017-12-04,-0.0012337815,-0.0018884619,0.0082618227,-0.0006071121,0.005499626132331206,0.004022067773431977,0.0030383678399999946,0.0012882818904761911
RUSSELL1000,return,RUSSELL1000_return,2017-12-05,-0.0038959422,-0.0012337815,-0.0018884619,0.0097391498,0.005609517436121889,0.004053253913540202,0.002913033959999994,0.0012209720619047624
RUSSELL1000,return,RUSSELL1000_return,2017-12-06,-0.0004454137,-0.0038959422,-0.0012337815,-0.0003135593,0.004702390232139358,0.0041721184340612555,0.0001860155599999946,0.000879886990476191
RUSSELL1000,return,RUSSELL1000_return,2017-12-07,0.0035980618,-0.0004454137,-0.0038959422,0.0082618227,0.0047062603607949385,0.004178626470319356,0.00015964467999999462,0.0007839208619047624
RUSSELL1000,return,RUSSELL1000_return,2017-12-08,0.0055772377,0.0035980618,-0.0004454137,-0.0018884619,0.0027578450287871065,0.004207279952839804,-0.0007731075000000052,0.0009890400380952384
RUSSELL1000,return,RUSSELL1000_return,2017-12-11,0.0029870205,0.0055772377,0.0035980618,-0.0012337815,0.003819632555276054,0.004324445719387133,0.0007200324199999949,0.0011827252619047623
RUSSELL1000,return,RUSSELL1000_return,2017-12-12,0.0011787106,0.0029870205,0.0055772377,-0.0038959422,0.003745570171734013,0.0041926980223407646,0.0015641928199999946,0.0014999036619047623
RUSSELL1000,return,RUSSELL1000_return,2017-12-13,-0.000474339,0.0011787106,0.0029870205,-0.0004454137,0.002307719953911785,0.004172869135682988,0.002579123379999995,0.0015712929190476196
RUSSELL1000,return,RUSSELL1000_return,2017-12-14,-0.0040879549,-0.000474339,0.0011787106,0.0035980618,0.0023172141768681397,0.004195297375595346,0.0025733383199999945,0.0015011366619047627
RUSSELL1000,return,RUSSELL1000_return,2017-12-15,0.0090185838,-0.0040879549,-0.000474339,0.0055772377,0.0036395646984129022,0.004298538672054394,0.0010361349799999948,0.0014101193571428576
RUSSELL1000,return,RUSSELL1000_return,2017-12-18,0.0058087891,0.0090185838,-0.0040879549,0.0029870205,0.004840326110657849,0.0043254486184156095,0.001724404199999995,0.0020869548000000005
RUSSELL1000,return,RUSSELL1000_return,2017-12-19,-0.0032839026,0.0058087891,0.0090185838,0.0011787106,0.0051771264209500845,0.0041527501124812485,0.002288757919999995,0.0019528074428571433
RUSSELL1000,return,RUSSELL1000_return,2017-12-20,-0.0005412716,-0.0032839026,0.0058087891,-0.000474339,0.005767363106697079,0.004229947980083311,0.0013962352799999948,0.0018840241952380956
RUSSELL1000,return,RUSSELL1000_return,2017-12-21,0.0020917745,-0.0005412716,-0.0032839026,-0.0040879549,0.005772865354319803,0.004262455809984195,0.0013828487599999947,0.0017879943952380957
RUSSELL1000,return,RUSSELL1000_return,2017-12-22,-0.0003029023,0.0020917745,-0.0005412716,0.0090185838,0.004905073126966201,0.004115181817877092,0.0026187946399999947,0.0015702809333333339
RUSSELL1000,return,RUSSELL1000_return,2017-12-26,-0.0008741733,-0.0003029023,0.0020917745,0.0058087891,0.003407343562725847,0.004108385357475603,0.0007544974199999947,0.0015834680714285716
RUSSELL1000,return,RUSSELL1000_return,2017-12-27,0.000874468,-0.0008741733,-0.0003029023,-0.0032839026,0.0019114305675005806,0.004141085134212215,-0.0005820950600000053,0.0014434445761904767
RUSSELL1000,return,RUSSELL1000_return,2017-12-28,0.0022263739,0.000874468,-0.0008741733,-0.0005412716,0.0012224637021880482,0.0041169536421861675,0.00024957905999999476,0.00151399600952381
RUSSELL1000,return,RUSSELL1000_return,2017-12-29,-0.0051193294,0.0022263739,0.000874468,0.0020917745,0.0013899613990110838,0.0036684654037899248,0.0008031081599999948,0.0011562447761904768
RUSSELL1000,return,RUSSELL1000_return,2018-01-02,0.0082222127,-0.0051193294,0.0022263739,-0.0003029023,0.0027722992527816175,0.003906888105589794,-0.0006391126200000052,0.0009273985809523813
RUSSELL1000,return,RUSSELL1000_return,2018-01-03,0.0061885681,0.0082222127,-0.0051193294,-0.0008741733,0.004863566193721633,0.0039031779011042046,0.0010659103799999948,0.0009255123904761911
RUSSELL1000,return,RUSSELL1000_return,2018-01-04,0.0039517988,0.0061885681,0.0082222127,0.000874468,0.005174899484460211,0.004008557518127,0.002478458659999995,0.0013101328666666671
RUSSELL1000,return,RUSSELL1000_return,2018-01-05,0.0067262649,0.0039517988,0.0061885681,0.0022263739,0.005119137887801727,0.0040037300006173756,0.003093924819999995,0.0015570652619047625
RUSSELL1000,return,RUSSELL1000_return,2018-01-08,0.0019089482,0.0067262649,0.0039517988,-0.0051193294,0.0053200972010131985,0.003951009330573108,0.003993903019999995,0.0020628846476190483
RUSSELL1000,return,RUSSELL1000_return,2018-01-09,0.0014055683,0.0019089482,0.0067262649,0.0082222127,0.0024814527584100694,0.003909460813868749,0.005399558539999994,0.0021749971190476195
RUSSELL1000,return,RUSSELL1000_return,2018-01-10,-0.0012829538,0.0014055683,0.0019089482,0.0061885681,0.002414626499270819,0.0038988182737958992,0.0040362296599999944,0.002070592666666667
RUSSELL1000,return,RUSSELL1000_return,2018-01-11,0.0076037925,-0.0012829538,0.0014055683,0.0039517988,0.002992411592024206,0.0038776560878162917,0.0025419252799999945,0.0017439168809523812
RUSSELL1000,return,RUSSELL1000_return,2018-01-12,0.006337607,0.0076037925,-0.0012829538,0.0067262649,0.0037678061706339404,0.004077390036496415,0.0032723240199999948,0.0019637631666666673
RUSSELL1000,return,RUSSELL1000_return,2018-01-16,-0.0039328806,0.006337607,0.0076037925,0.0019089482,0.0036817622991634326,0.004181800145324091,0.0031945924399999943,0.0022094249000000005
RUSSELL1000,return,RUSSELL1000_return,2018-01-17,0.0092714785,-0.0039328806,0.006337607,0.0014055683,0.004912842674779658,0.004357205420787526,0.002026226679999994,0.0020447324428571434
RUSSELL1000,return,RUSSELL1000_return,2018-01-18,-0.0016706509,0.0092714785,-0.0039328806,-0.0012829538,0.005836909307249018,0.004392163488884771,0.003599408719999994,0.002680895938095238
RUSSELL1000,return,RUSSELL1000_return,2018-01-19,0.0049318753,-0.0016706509,0.0092714785,0.0076037925,0.005919967142172011,0.004237633388955607,0.003521869299999994,0.0021718847619047626
RUSSELL1000,return,RUSSELL1000_return,2018-01-22,0.0080966718,0.0049318753,-0.0016706509,0.006337607,0.005569610297457794,0.00420419190450834,0.002987485859999994,0.0021301269619047624
RUSSELL1000,return,RUSSELL1000_return,2018-01-23,0.0023633003,0.0080966718,0.0049318753,-0.0039328806,0.005880982974488418,0.004204908048103512,0.0033392988199999946,0.0026720590761904767
RUSSELL1000,return,RUSSELL1000_return,2018-01-24,-0.0008528699,0.0023633003,0.0080966718,0.0092714785,0.0044295441016586655,0.004141214386544007,0.004598534999999995,0.0028103720238095244
RUSSELL1000,return,RUSSELL1000_return,2018-01-25,0.0004181276,-0.0008528699,0.0023633003,-0.0016706509,0.0040578433963988645,0.004215941113430946,0.0025736653199999945,0.0026701508619047624
RUSSELL1000,return,RUSSELL1000_return,2018-01-26,0.0112455134,0.0004181276,-0.0008528699,0.0049318753,0.0035924885414349884,0.004193393594217494,0.002991421019999995,0.00270448561904762
RUSSELL1000,return,RUSSELL1000_return,2018-01-29,-0.006794865,0.0112455134,0.0004181276,0.0080966718,0.0051965413660100945,0.004499104037589463,0.004254148639999995,0.0032816135571428575
RUSSELL1000,return,RUSSELL1000_return,2018-01-30,-0.01070869,-0.006794865,0.0112455134,0.0023633003,0.0065379720327337545,0.004988882260668822,0.0012758412799999948,0.0029164072238095245
RUSSELL1000,return,RUSSELL1000_return,2018-01-31,0.0003897528,-0.01070869,-0.006794865,-0.0008528699,0.008355407680114944,0.005809383055971123,-0.0013385567800000054,0.002300451800000001
RUSSELL1000,return,RUSSELL1000_return,2018-02-01,-0.0002715172,0.0003897528,-0.01070869,0.0004181276,0.008391866449540588,0.005577324672150438,-0.0010900322400000054,0.0025627890476190482
RUSSELL1000,return,RUSSELL1000_return,2018-02-02,-0.0208824667,-0.0002715172,0.0003897528,0.0112455134,0.00836651045546146,0.005452980027161216,-0.0012279612000000053,0.00215832571904762
RUSSELL1000,return,RUSSELL1000_return,2018-02-05,-0.040102127,-0.0208824667,-0.0002715172,-0.006794865,0.008721590818148795,0.007329522147688885,-0.007653557220000007,0.0008692288238095243
RUSSELL1000,return,RUSSELL1000_return,2018-02-06,0.016574176,-0.040102127,-0.0208824667,-0.01070869,0.0168416312574553,0.011513407552078367,-0.014315009620000008,-0.0012285771666666662
RUSSELL1000,return,RUSSELL1000_return,2018-02-07,-0.0044947687,0.016574176,-0.040102127,0.0003897528,0.0219478214481461,0.012042033502578566,-0.008858436420000008,-0.0007596290190476186
RUSSELL1000,return,RUSSELL1000_return,2018-02-08,-0.0370382748,-0.0044947687,0.016574176,-0.0002715172,0.02153815421144336,0.012052154660514649,-0.009835340720000007,-0.0010645679190476186
RUSSELL1000,return,RUSSELL1000_return,2018-02-09,0.0146181969,-0.0370382748,-0.0044947687,-0.0208824667,0.023631241803486278,0.014357432009527372,-0.017188692240000008,-0.002895227114285714
RUSSELL1000,return,RUSSELL1000_return,2018-02-12,0.0137219552,0.0146181969,-0.0370382748,-0.040102127,0.02729339279246068,0.014857316984651082,-0.010088559520000007,-0.0021380294619047615
RUSSELL1000,return,RUSSELL1000_return,2018-02-13,0.002844027,0.0137219552,0.0146181969,0.016574176,0.022729040751396277,0.01511563909639942,0.000676256919999994,-0.0018466883809523803
RUSSELL1000,return,RUSSELL1000_return,2018-02-14,0.0140282647,0.002844027,0.0137219552,-0.0044947687,0.02109910644818641,0.015040096127449418,-0.0020697728800000057,-0.0020130493333333326
RUSSELL1000,return,RUSSELL1000_return,2018-02-15,0.0122158527,0.0140282647,0.002844027,-0.0370382748,0.022166048517835657,0.01543108194363021,0.0016348337999999938,-0.0011577566999999994
RUSSELL1000,return,RUSSELL1000_return,2018-02-16,0.0004494239,0.0122158527,0.0140282647,0.0146181969,0.0049114571309767695,0.015543547624111316,0.011485659299999994,-0.0010175484047619042
RUSSELL1000,return,RUSSELL1000_return,2018-02-20,-0.0056360144,0.0004494239,0.0122158527,0.0137219552,0.006486996973203079,0.015545978395687454,0.008651904699999994,-0.0009165924619047612
RUSSELL1000,return,RUSSELL1000_return,2018-02-21,-0.0052338118,-0.0056360144,0.0004494239,0.002844027,0.008243444996633282,0.015518213725610665,0.004780310779999993,-0.001419825304761904
RUSSELL1000,return,RUSSELL1000_return,2018-02-22,0.0006998683,-0.0052338118,-0.0056360144,0.0140282647,0.009424710895896101,0.015381514766713022,0.0031647430199999932,-0.0020546102380952377
RUSSELL1000,return,RUSSELL1000_return,2018-02-23,0.0157198914,0.0006998683,-0.0052338118,0.0122158527,0.007208172026582902,0.01536189667110651,0.0004990637399999937,-0.002133821285714285
RUSSELL1000,return,RUSSELL1000_return,2018-02-26,0.0112017197,0.0157198914,0.0006998683,0.0004494239,0.008656872552187549,0.01584896326243684,0.001199871479999994,-0.0013446421761904757
RUSSELL1000,return,RUSSELL1000_return,2018-02-27,-0.0125760242,0.0112017197,0.0157198914,-0.0056360144,0.00969687053629575,0.01608191398293254,0.003350330639999994,-0.0008311377904761897
RUSSELL1000,return,RUSSELL1000_return,2018-02-28,-0.0106200801,-0.0125760242,0.0112017197,-0.0052338118,0.011612265357129526,0.01602752916999797,0.0019623286799999935,-0.0019654967238095233
RUSSELL1000,return,RUSSELL1000_return,2018-03-01,-0.0123950748,-0.0106200801,-0.0125760242,0.0006998683,0.012650187968532045,0.016106700572405326,0.0008850750199999934,-0.0021476498238095234
RUSSELL1000,return,RUSSELL1000_return,2018-03-02,0.0057009938,-0.0123950748,-0.0106200801,0.0157198914,0.013983397238429195,0.016155647546318784,-0.0017339136000000064,-0.0022279538619047615
RUSSELL1000,return,RUSSELL1000_return,2018-03-05,0.0110315822,0.0057009938,-0.0123950748,0.0112017197,0.011321533360763565,0.016240029982394783,-0.0037376931200000076,-0.0019750376238095234
RUSSELL1000,return,RUSSELL1000_return,2018-03-06,0.0032091862,0.0110315822,0.0057009938,-0.0125760242,0.011265523947794537,0.01648477758690685,-0.0037717206200000063,-0.0014367947952380947
RUSSELL1000,return,RUSSELL1000_return,2018-03-07,-6.45344e-05,0.0032091862,0.0110315822,-0.0106200801,0.010356529876116771,0.015891460539536113,-0.000614678540000006,-0.00028957322857142795
RUSSELL1000,return,RUSSELL1000_return,2018-03-08,0.0043543191,-6.45344e-05,0.0032091862,-0.0123950748,0.008759873479288461,0.013018156192167719,0.0014964305999999941,0.0016169788000000005
RUSSELL1000,return,RUSSELL1000_return,2018-03-09,0.0168827651,0.0043543191,-6.45344e-05,0.0057009938,0.004062840714613884,0.012581956102016695,0.004846309379999994,0.001035080852380953
RUSSELL1000,return,RUSSELL1000_return,2018-03-12,-0.0008810358,0.0168827651,0.0043543191,0.0110315822,0.006803787137505228,0.012970968337357504,0.007082663639999995,0.0020530586523809535
RUSSELL1000,return,RUSSELL1000_return,2018-03-13,-0.0061993456,-0.0008810358,0.0168827651,0.0032091862,0.007152106946632672,0.009442304758769138,0.004700140039999994,0.0037748319380952393
RUSSELL1000,return,RUSSELL1000_return,2018-03-14,-0.0052838731,-0.0061993456,-0.0008810358,-6.45344e-05,0.00871037147373059,0.00933919527245406,0.0028184336799999933,0.0027835203904761916
RUSSELL1000,return,RUSSELL1000_return,2018-03-15,-0.0010542646,-0.0052838731,-0.0061993456,0.0043543191,0.009425628039491452,0.00914506376175932,0.0017745659399999933,0.0018784809476190482
RUSSELL1000,return,RUSSELL1000_return,2018-03-16,0.0020604203,-0.0010542646,-0.0052838731,0.0168827651,0.009365714816351652,0.009164029927100808,0.0006928491999999935,0.0016928480142857148
RUSSELL1000,return,RUSSELL1000_return,2018-03-19,-0.0137938255,0.0020604203,-0.0010542646,-0.0008810358,0.003416246071178877,0.008719922740006773,-0.0022716197600000064,0.0011229506619047627
RUSSELL1000,return,RUSSELL1000_return,2018-03-20,0.0015618408,-0.0137938255,0.0020604203,-0.0061993456,0.006003382852050476,0.008910623832128237,-0.004854177700000006,-0.0001156054428571421
RUSSELL1000,return,RUSSELL1000_return,2018-03-21,-0.0013098337,0.0015618408,-0.0137938255,-0.0052838731,0.006547347488090458,0.00891745474360714,-0.003301940420000006,-6.263320952380877e-05
RUSSELL1000,return,RUSSELL1000_return,2018-03-22,-0.0249347758,-0.0013098337,0.0015618408,-0.0010542646,0.00648754327007698,0.008831822243469251,-0.002507132540000006,0.00014337539523809597
RUSSELL1000,return,RUSSELL1000_return,2018-03-23,-0.0205784015,-0.0249347758,-0.0013098337,0.0020604203,0.011781186958839958,0.010347799097298436,-0.007283234780000006,-0.0007947657476190469
RUSSELL1000,return,RUSSELL1000_return,2018-03-26,0.0265206546,-0.0205784015,-0.0249347758,-0.0137938255,0.011641947667773607,0.011200752226681859,-0.011810999140000005,-0.0018080166904761896
RUSSELL1000,return,RUSSELL1000_return,2018-03-27,-0.0172568519,0.0265206546,-0.0205784015,0.0015618408,0.020508976077070522,0.012245137796648726,-0.003748103120000007,-0.0012936946333333328
RUSSELL1000,return,RUSSELL1000_return,2018-03-28,-0.0026982319,-0.0172568519,0.0265206546,-0.0013098337,0.021011512017817775,0.012367272939281158,-0.007511841660000006,-0.002648864709523809
RUSSELL1000,return,RUSSELL1000_return,2018-03-29,0.0137371837,-0.0026982319,-0.0172568519,-0.0249347758,0.020918024257640316,0.012156883879124286,-0.007789521300000006,-0.0021784936476190466
RUSSELL1000,return,RUSSELL1000_return,2018-04-02,-0.0223929389,0.0137371837,-0.0026982319,-0.0205784015,0.020128277008640366,0.012469149257744526,-5.512940000000598e-05,-0.0010186239428571422
RUSSELL1000,return,RUSSELL1000_return,2018-04-03,0.012433495,-0.0223929389,0.0137371837,0.0265206546,0.02060160593084125,0.013100136448204847,-0.0004180368800000056,-0.0014947127095238087
RUSSELL1000,return,RUSSELL1000_return,2018-04-04,0.0114123683,0.012433495,-0.0223929389,-0.0172568519,0.016564146730269198,0.013364748162330319,-0.0032354688000000064,-0.0011741174142857135
RUSSELL1000,return,RUSSELL1000_return,2018-04-05,0.0070764031,0.0114123683,0.012433495,-0.0026982319,0.015419621735823359,0.01338238297864536,0.0024983752399999936,-0.0011559847428571422
RUSSELL1000,return,RUSSELL1000_return,2018-04-06,-0.0215452076,0.0070764031,0.0114123683,0.0137371837,0.015214334140427383,0.01347176457570725,0.004453302239999993,-0.0009718315571428565
RUSSELL1000,return,RUSSELL1000_return,2018-04-09,0.0031718836,-0.0215452076,0.0070764031,-0.0223929389,0.01779512914475671,0.014195487101029776,-0.002603176020000007,-0.0019947207571428564
RUSSELL1000,return,RUSSELL1000_return,2018-04-10,0.0167364275,0.0031718836,-0.0215452076,0.012433495,0.0139433770478219,0.014171369015443674,0.0025097884799999927,-0.002051027209523809
RUSSELL1000,return,RUSSELL1000_return,2018-04-11,-0.0050739066,0.0167364275,0.0031718836,0.0114123683,0.014814564751295355,0.014161625858164151,0.0033703749799999932,-0.002057995666666666
RUSSELL1000,return,RUSSELL1000_return,2018-04-12,0.0079686539,-0.0050739066,0.0167364275,0.0070764031,0.014406232140197343,0.014173754393988675,7.311999999999336e-05,-0.00225765618095238
RUSSELL1000,return,RUSSELL1000_return,2018-04-13,-0.0030548086,0.0079686539,-0.0050739066,-0.0215452076,0.014519748250213425,0.014313259758278607,0.00025157015999999357,-0.0015829895380952373
RUSSELL1000,return,RUSSELL1000_return,2018-04-16,0.0082355007,-0.0030548086,0.0079686539,0.0031718836,0.008813994635637857,0.014292692545930887,0.003949649959999994,-0.0014768436095238088
RUSSELL1000,return,RUSSELL1000_return,2018-04-17,0.0106634424,0.0082355007,-0.0030548086,0.0167364275,0.008991406427472013,0.0144493300049189,0.004962373379999993,-0.0010344738333333326
RUSSELL1000,return,RUSSELL1000_return,2018-04-18,0.0011171551,0.0106634424,0.0082355007,-0.0050739066,0.007243603490685601,0.014661857395783646,0.0037477763599999938,-0.0006248061142857135
RUSSELL1000,return,RUSSELL1000_return,2018-04-19,-0.005584675,0.0011171551,0.0106634424,0.0079686539,0.00572955921282909,0.014349956638747866,0.004985988699999994,8.524058095238177e-05
RUSSELL1000,return,RUSSELL1000_return,2018-04-20,-0.0081788877,-0.005584675,0.0011171551,-0.0030548086,0.007025231127908716,0.014397848228817765,0.0022753229199999935,-0.0002550696952380944
RUSSELL1000,return,RUSSELL1000_return,2018-04-23,-0.0001197171,-0.0081788877,-0.005584675,0.0082355007,0.008262028654397811,0.01450066926826373,0.0012505070999999934,-0.0005821675047619039
RUSSELL1000,return,RUSSELL1000_return,2018-04-24,-0.0129708284,-0.0001197171,-0.0081788877,0.0106634424,0.0072830267714306,0.013385121062369523,-0.00042053646000000673,0.000599501957142858
RUSSELL1000,return,RUSSELL1000_return,2018-04-25,0.0015056001,-0.0129708284,-0.0001197171,0.0011171551,0.0058118285628159785,0.012876574909199016,-0.005147390620000007,0.0009617673428571434
RUSSELL1000,return,RUSSELL1000_return,2018-04-26,0.0100934759,0.0015056001,-0.0129708284,-0.005584675,0.005918128494572532,0.011474678436642282,-0.005069701620000007,-0.00022942572857142772
RUSSELL1000,return,RUSSELL1000_return,2018-04-27,0.0009654006,0.0100934759,0.0015056001,-0.0081788877,0.0089525534249366,0.010987203892717408,-0.0019340714400000072,0.0010729708333333341
RUSSELL1000,return,RUSSELL1000_return,2018-04-30,-0.0079083975,0.0009654006,0.0100934759,-0.0001197171,0.008265568002143807,0.010953363493406382,-0.00010521378000000698,0.0012474295238095244
RUSSELL1000,return,RUSSELL1000_return,2018-05-01,0.002495522,-0.0079083975,0.0009654006,-0.0129708284,0.008972669822011831,0.010735566209216332,-0.001662949860000007,0.00021668756190476251
RUSSELL1000,return,RUSSELL1000_return,2018-05-02,-0.0068590488,0.002495522,-0.0079083975,0.0015056001,0.006395670159085576,0.009406244166497492,0.0014303202199999932,0.0014018523666666674
RUSSELL1000,return,RUSSELL1000_return,2018-05-03,-0.0021826025,-0.0068590488,0.002495522,0.0100934759,0.007388045894900414,0.009215123490225016,-0.00024260956000000684,0.0004831598047619055
RUSSELL1000,return,RUSSELL1000_return,2018-05-04,0.0131156698,-0.0021826025,-0.0068590488,0.0009654006,0.00461306238779773,0.008880393017469526,-0.0026978252400000065,-0.00016421975714285642
RUSSELL1000,return,RUSSELL1000_return,2018-05-07,0.0038899753,0.0131156698,-0.0021826025,-0.0079083975,0.00854755771951298,0.009217970636028932,-0.00026777140000000635,0.00012336437142857216
RUSSELL1000,return,RUSSELL1000_return,2018-05-08,3.88967e-05,0.0038899753,0.0131156698,0.002495522,0.007471785967046761,0.007788687073965394,0.0020919031599999937,0.0013345635571428579
RUSSELL1000,return,RUSSELL1000_return,2018-05-09,0.0095087846,3.88967e-05,0.0038899753,-0.0068590488,0.007519229813174125,0.007781736710191381,0.0016005780999999938,0.0011853737047619055
RUSSELL1000,return,RUSSELL1000_return,2018-05-10,0.0091448588,0.0095087846,3.88967e-05,-0.0021826025,0.006394304431498279,0.007197446965335152,0.004874144779999994,0.0008412002333333341
RUSSELL1000,return,RUSSELL1000_return,2018-05-11,0.0018304346,0.0091448588,0.0095087846,0.0131156698,0.005155762717992167,0.0072814827254421965,0.007139637039999994,0.0015182843000000007
RUSSELL1000,return,RUSSELL1000_return,2018-05-14,0.0007548987,0.0018304346,0.0091448588,0.0038899753,0.004281673537105458,0.007131254467267167,0.004882589999999994,0.0012259881428571438
RUSSELL1000,return,RUSSELL1000_return,2018-05-15,-0.0064842789,0.0007548987,0.0018304346,3.88967e-05,0.004674872286524593,0.0070650597074438685,0.004255574679999994,0.001407402776190477
RUSSELL1000,return,RUSSELL1000_return,2018-05-16,0.0043818489,-0.0064842789,0.0007548987,0.0095087846,0.00664212769623555,0.007083923283555529,0.0029509395599999935,0.0007064608904761912
RUSSELL1000,return,RUSSELL1000_return,2018-05-17,-0.0003540567,0.0043818489,-0.0064842789,0.0091448588,0.005706498869023308,0.006768040358007102,0.0019255524199999936,0.0004073373904761912
RUSSELL1000,return,RUSSELL1000_return,2018-05-18,-0.0022212273,-0.0003540567,0.0043818489,0.0018304346,0.004040076464780941,0.0067679399222015475,2.5769319999993646e-05,0.00033727968571428647
RUSSELL1000,return,RUSSELL1000_return,2018-05-21,0.0074474894,-0.0022212273,-0.0003540567,0.0007548987,0.003993677990655326,0.0066597219261649914,-0.0007845630600000063,0.0004974438619047626
RUSSELL1000,return,RUSSELL1000_return,2018-05-22,-0.0034131967,0.0074474894,-0.0022212273,-0.0064842789,0.005482619052750327,0.006513196346236121,0.0005539550799999937,0.0012415570571428578
RUSSELL1000,return,RUSSELL1000_return,2018-05-23,0.0030841927,-0.0034131967,0.0074474894,0.0043818489,0.004597599733089614,0.00658684929961453,0.0011681715199999938,0.001084724695238096
RUSSELL1000,return,RUSSELL1000_return,2018-05-24,-0.0017559324,0.0030841927,-0.0034131967,-0.0003540567,0.0044033602441666065,0.005752810232316147,0.0009086402799999938,0.0018492495095238104
RUSSELL1000,return,RUSSELL1000_return,2018-05-25,-0.0020740493,-0.0017559324,0.0030841927,-0.0022212273,0.0045461747262858015,0.0058063293092876014,0.0006282651399999938,0.001693938438095239
RUSSELL1000,return,RUSSELL1000_return,2018-05-29,-0.0107759223,-0.0020740493,-0.0017559324,0.0074474894,0.004523532426709178,0.005526593735456917,0.000657700739999994,0.001114532476190477
RUSSELL1000,return,RUSSELL1000_return,2018-05-30,0.0128075748,-0.0107759223,-0.0020740493,-0.0034131967,0.005001433330500677,0.006105983714950531,-0.0029869816000000064,0.0005554218619047626
RUSSELL1000,return,RUSSELL1000_return,2018-05-31,-0.0067259586,0.0128075748,-0.0107759223,0.0030841927,0.008612795835093896,0.006339179638806521,0.0002571726999999937,0.0015418967333333342
RUSSELL1000,return,RUSSELL1000_return,2018-06-01,0.0106067604,-0.0067259586,0.0128075748,-0.0017559324,0.008919715176995625,0.006584461562136531,-0.001704857560000006,0.0011027786095238103
RUSSELL1000,return,RUSSELL1000_return,2018-06-04,0.004812973,0.0106067604,-0.0067259586,-0.0020740493,0.01047916228587934,0.0066314072831710445,0.0007676809999999937,0.0019344838095238103
RUSSELL1000,return,RUSSELL1000_return,2018-06-05,0.0010608425,0.004812973,0.0106067604,-0.0107759223,0.01046487111590929,0.006589826123831465,0.0021450854599999935,0.0022676064523809527
RUSSELL1000,return,RUSSELL1000_return,2018-06-06,0.008649426,0.0010608425,0.004812973,0.0128075748,0.007814336999493236,0.006104801478821614,0.004512438419999994,0.0016935670571428581
RUSSELL1000,return,RUSSELL1000_return,2018-06-07,-0.0006165005,0.008649426,0.0010608425,-0.0067259586,0.006875732494656156,0.006276356833579432,0.0036808086599999937,0.0019202075666666677
RUSSELL1000,return,RUSSELL1000_return,2018-06-08,0.0033043313,-0.0006165005,0.008649426,0.0106067604,0.00479071380145911,0.006287798520705426,0.004902700279999994,0.0018889981761904767
RUSSELL1000,return,RUSSELL1000_return,2018-06-11,0.0009997565,0.0033043313,-0.0006165005,0.004812973,0.0035762110641539865,0.006053251691215708,0.0034422144599999933,0.0015935480190476198
RUSSELL1000,return,RUSSELL1000_return,2018-06-12,0.0020145729,0.0009997565,0.0033043313,0.0010608425,0.003617168789181654,0.0058008975116659355,0.0026795711599999937,0.0012056860047619054
RUSSELL1000,return,RUSSELL1000_return,2018-06-13,-0.0041558167,0.0020145729,0.0009997565,0.008649426,0.003534673254829939,0.005802028142831379,0.0028703172399999937,0.0012144544952380962
RUSSELL1000,return,RUSSELL1000_return,2018-06-14,0.0028188301,-0.0041558167,0.0020145729,-0.0006165005,0.002878770225086168,0.005919252035792492,0.0003092686999999936,0.0009806109047619054
RUSSELL1000,return,RUSSELL1000_return,2018-06-15,-0.0008160574,0.0028188301,-0.0041558167,0.0033043313,0.003009560706224945,0.005675755622393414,0.0009963348199999937,0.001423616095238096
RUSSELL1000,return,RUSSELL1000_return,2018-06-18,-0.0016347919,-0.0008160574,0.0028188301,0.0009997565,0.00277453688826709,0.005653593774601915,0.00017225707999999365,0.0011760967476190484
RUSSELL1000,return,RUSSELL1000_return,2018-06-19,-0.0040934363,-0.0016347919,-0.0008160574,0.0020145729,0.00282775182119336,0.005677781556570598,-0.0003546526000000064,0.001115109357142858
RUSSELL1000,return,RUSSELL1000_return,2018-06-20,0.0021677365,-0.0040934363,-0.0016347919,-0.0041558167,0.002867422198470601,0.005747064298244128,-0.0015762544400000065,0.0010259565476190484
RUSSELL1000,return,RUSSELL1000_return,2018-06-21,-0.0065611993,0.0021677365,-0.0040934363,0.0028188301,0.0028396435492887002,0.005564688309530222,-0.0003115438000000063,0.0007745397428571437
RUSSELL1000,return,RUSSELL1000_return,2018-06-22,0.0018282722,-0.0065611993,0.0021677365,-0.0008160574,0.0033134673966244846,0.00572328205431346,-0.002187549680000006,0.0006246348571428579
RUSSELL1000,return,RUSSELL1000_return,2018-06-25,-0.0141732397,0.0018282722,-0.0065611993,-0.0016347919,0.003767081205823472,0.005702821039988887,-0.001658683760000006,0.0005648291190476198
RUSSELL1000,return,RUSSELL1000_return,2018-06-26,0.0023267066,-0.0141732397,0.0018282722,-0.0040934363,0.006744156881197671,0.006538064456115844,-0.004166373320000006,-2.647122857142779e-05
RUSSELL1000,return,RUSSELL1000_return,2018-06-27,-0.0090525852,0.0023267066,-0.0141732397,0.0021677365,0.007345844543348305,0.006539680363112496,-0.002882344740000006,0.00018308857619047698
RUSSELL1000,return,RUSSELL1000_return,2018-06-28,0.0064258405,-0.0090525852,0.0023267066,-0.0065611993,0.007128028325095992,0.006404704178882112,-0.005126409080000005,0.00026515224761904853
RUSSELL1000,return,RUSSELL1000_return,2018-06-29,0.0008609607,0.0064258405,-0.0090525852,0.0018282722,0.008673211026536379,0.005912305260816218,-0.002529001120000005,-3.873986190476104e-05
RUSSELL1000,return,RUSSELL1000_return,2018-07-02,0.0030403258,0.0008609607,0.0064258405,-0.0141732397,0.008561793475837822,0.005711639957964703,-0.0027224634200000057,0.0003225420095238104
RUSSELL1000,return,RUSSELL1000_return,2018-07-03,-0.0045135109,0.0030403258,0.0008609607,0.0023267066,0.005831923456857439,0.005250483721208573,0.0007202496799999944,-3.776439999999913e-05
RUSSELL1000,return,RUSSELL1000_return,2018-07-05,0.0087233521,-0.0045135109,0.0030403258,-0.0090525852,0.006154249664054523,0.005213982055708621,-0.0006477938200000056,-0.0004818826809523801
RUSSELL1000,return,RUSSELL1000_return,2018-07-06,0.0087207799,0.0087233521,-0.0045135109,0.0064258405,0.005135178284245961,0.005582439505405335,0.0029073936399999943,-0.00011700127142857052
RUSSELL1000,return,RUSSELL1000_return,2018-07-09,0.0090499865,0.0087207799,0.0087233521,0.0008609607,0.005608985339955516,0.005588060947736668,0.003366381519999994,-0.00011360346666666586
RUSSELL1000,return,RUSSELL1000_return,2018-07-10,0.0031477261,0.0090499865,0.0087207799,0.0030403258,0.005883389107226419,0.005932105059418563,0.005004186679999994,0.0003467054380952389
RUSSELL1000,return,RUSSELL1000_return,2018-07-11,-0.0070046188,0.0031477261,0.0090499865,-0.0045135109,0.005874616134530269,0.005928298267052986,0.005025666739999994,0.0003392480476190484
RUSSELL1000,return,RUSSELL1000_return,2018-07-12,0.0085670762,-0.0070046188,0.0031477261,0.0087233521,0.006901724337527942,0.006137342919381534,0.004527445159999994,-4.191268095238015e-05
RUSSELL1000,return,RUSSELL1000_return,2018-07-13,0.0008685851,0.0085670762,-0.0070046188,0.0087207799,0.006878286392403801,0.006407731972929608,0.004496189979999994,0.00027011128571428656
RUSSELL1000,return,RUSSELL1000_return,2018-07-16,-0.0014842067,0.0008685851,0.0085670762,0.0090499865,0.006561712035008735,0.006327510524131299,0.002925751019999994,0.0005093685142857152
RUSSELL1000,return,RUSSELL1000_return,2018-07-17,0.0042506641,-0.0014842067,0.0008685851,0.0031477261,0.005743950751099484,0.0063186501632367656,0.0008189123799999945,0.0003044620000000009
RUSSELL1000,return,RUSSELL1000_return,2018-07-18,0.0023198184,0.0042506641,-0.0014842067,-0.0070046188,0.005875417708621219,0.006370248365149792,0.0010394999799999943,0.0005457344523809532
RUSSELL1000,return,RUSSELL1000_return,2018-07-19,-0.0033922072,0.0023198184,0.0042506641,0.0085670762,0.0037955393389350212,0.0063610111295299525,0.0029043874199999944,0.0007340492285714294
RUSSELL1000,return,RUSSELL1000_return,2018-07-20,-0.0012631256,-0.0033922072,0.0023198184,0.0008685851,0.0030249232715386758,0.006336194488967996,0.000512530739999994,0.0007674410904761912
RUSSELL1000,return,RUSSELL1000_return,2018-07-23,0.0015503318,-0.0012631256,-0.0033922072,-0.0014842067,0.003111188913566373,0.006342511611747543,8.618859999999406e-05,0.0006040667047619056
RUSSELL1000,return,RUSSELL1000_return,2018-07-24,0.0032397606,0.0015503318,-0.0012631256,0.0042506641,0.0030229900328086175,0.0061276841634850315,0.0006930962999999941,0.0009903300904761912
RUSSELL1000,return,RUSSELL1000_return,2018-07-25,0.0088945483,0.0032397606,0.0015503318,0.0023198184,0.002746757187206223,0.006145051600197705,0.0004909155999999941,0.0010575438238095247
RUSSELL1000,return,RUSSELL1000_return,2018-07-26,-0.0024188346,0.0088945483,0.0032397606,-0.0033922072,0.0047119381000536,0.005288363985120489,0.0018058615799999937,0.0021560099190476197
RUSSELL1000,return,RUSSELL1000_return,2018-07-27,-0.0071597512,-0.0024188346,0.0088945483,-0.0012631256,0.004456682919026118,0.005381280280595582,0.0020005360999999938,0.0019300317666666675
RUSSELL1000,return,RUSSELL1000_return,2018-07-30,-0.0062410513,-0.0071597512,-0.0024188346,0.0015503318,0.006036419211671268,0.005200957688775556,0.0008212109799999939,0.00202016671904762
RUSSELL1000,return,RUSSELL1000_return,2018-07-31,0.0053591208,-0.0062410513,-0.0071597512,0.0032397606,0.006763065666088419,0.005395352148241549,-0.0007370656400000062,0.0014169813952380958
RUSSELL1000,return,RUSSELL1000_return,2018-08-01,-0.0009317352,0.0053591208,-0.0062410513,0.0088945483,0.007131027861604429,0.005461063553909721,-0.00031319360000000624,0.0016311794952380957
RUSSELL1000,return,RUSSELL1000_return,2018-08-02,0.0058863944,-0.0009317352,0.0053591208,-0.0024188346,0.00499237285219551,0.005478575739731485,-0.002278450300000006,0.001442033733333334
RUSSELL1000,return,RUSSELL1000_return,2018-08-03,0.0042368237,0.0058863944,-0.0009317352,-0.0071597512,0.006175450636518327,0.00538251470124545,-0.0006174045000000062,0.0019372673190476194
RUSSELL1000,return,RUSSELL1000_return,2018-08-06,0.0039407858,0.0042368237,0.0058863944,-0.0062410513,0.005180000227816378,0.005185112256566145,0.0016619104799999937,0.0017236231095238102
RUSSELL1000,return,RUSSELL1000_return,2018-08-07,0.0029812002,0.0039407858,0.0042368237,0.0053591208,0.0027079566061187217,0.004962738020224651,0.0036982778999999936,0.0014960043428571437
RUSSELL1000,return,RUSSELL1000_return,2018-08-08,-0.0004451331,0.0029812002,0.0039407858,-0.0009317352,0.002547401417909243,0.004668858082913492,0.003222693779999994,0.0012070145190476197
RUSSELL1000,return,RUSSELL1000_return,2018-08-09,-0.0008531083,-0.0004451331,0.0029812002,0.0058863944,0.002350709121036985,0.00466000670209504,0.003320014199999993,0.0010359259857142863
RUSSELL1000,return,RUSSELL1000_return,2018-08-10,-0.0064562173,-0.0008531083,-0.0004451331,0.0042368237,0.0024417103752952854,0.004309462745484015,0.0019721136599999936,0.0013288550571428578
RUSSELL1000,return,RUSSELL1000_return,2018-08-13,-0.0041412458,-0.0064562173,-0.0008531083,0.0039407858,0.00408923661175836,0.0042947485456485,-0.00016649454000000654,0.0006134601285714294
RUSSELL1000,return,RUSSELL1000_return,2018-08-14,0.0065150406,-0.0041412458,-0.0064562173,0.0029812002,0.0036315448881509512,0.004417263173897931,-0.0017829008600000063,0.00037489675238095305
RUSSELL1000,return,RUSSELL1000_return,2018-08-15,-0.0077505944,0.0065150406,-0.0041412458,-0.0004451331,0.004909532591494343,0.00459043752916545,-0.0010761327800000065,0.0007558132904761911
RUSSELL1000,return,RUSSELL1000_return,2018-08-16,0.0081534102,-0.0077505944,0.0065150406,-0.0008531083,0.005698472721425319,0.004872005452485137,-0.0025372250400000065,0.00018432479047619118
RUSSELL1000,return,RUSSELL1000_return,2018-08-17,0.0033849054,0.0081534102,-0.0077505944,-0.0064562173,0.007502005114799763,0.005157781586703348,-0.0007359213400000061,0.0004621148761904769
RUSSELL1000,return,RUSSELL1000_return,2018-08-20,0.0025944886,0.0033849054,0.0081534102,-0.0041412458,0.006892209568087418,0.005116414840059575,0.0012323031999999937,0.0007848345238095245
RUSSELL1000,return,RUSSELL1000_return,2018-08-21,0.0026496907,0.0025944886,0.0033849054,0.0065150406,0.006203158621799997,0.005108454245419868,0.002579450079999994,0.0009685304380952387
RUSSELL1000,return,RUSSELL1000_return,2018-08-22,-0.0001156788,0.0026496907,0.0025944886,-0.0077505944,0.005819033050742723,0.005120333732522349,0.0018063800999999938,0.0010208808619047627
RUSSELL1000,return,RUSSELL1000_return,2018-08-23,-0.001739669,-0.0001156788,0.0026496907,0.0081534102,0.0030060249566553434,0.005099943870390303,0.0033333632199999937,0.0008610980333333341
RUSSELL1000,return,RUSSELL1000_return,2018-08-24,0.0063551972,-0.001739669,-0.0001156788,0.0033849054,0.0021836290873449293,0.004780330221199523,0.0013547473799999936,0.0003547067333333341
RUSSELL1000,return,RUSSELL1000_return,2018-08-27,0.0075683679,0.0063551972,-0.001739669,0.0025944886,0.0030899584991199193,0.004907538117286917,0.0019488057399999936,0.0007725177714285722
RUSSELL1000,return,RUSSELL1000_return,2018-08-28,0.0004533046,0.0075683679,0.0063551972,0.0026496907,0.004012669048194298,0.004767661329183247,0.0029435815999999935,0.001473856776190477
RUSSELL1000,return,RUSSELL1000_return,2018-08-29,0.0056179968,0.0004533046,0.0075683679,-0.0001156788,0.004170022087978602,0.004438465906283463,0.0025043043799999934,0.0017926356285714294
RUSSELL1000,return,RUSSELL1000_return,2018-08-30,-0.0042908527,0.0056179968,0.0004533046,-0.001739669,0.004056232805898633,0.004449213258337188,0.0036510394999999937,0.0018049630571428579
RUSSELL1000,return,RUSSELL1000_return,2018-08-31,0.0005048307,-0.0042908527,0.0056179968,0.0063551972,0.004962970487339529,0.004610000580914089,0.0031408027599999938,0.0016450050809523817
RUSSELL1000,return,RUSSELL1000_return,2018-09-04,-0.0013576997,0.0005048307,-0.0042908527,0.0075683679,0.004698269992272312,0.004510951203988897,0.001970729459999994,0.0013887401428571435
RUSSELL1000,return,RUSSELL1000_return,2018-09-05,-0.0032784444,-0.0013576997,0.0005048307,0.0004533046,0.003609186601208245,0.004499525270787453,0.00018551593999999362,0.0011223342666666675
RUSSELL1000,return,RUSSELL1000_return,2018-09-06,-0.0034171497,-0.0032784444,-0.0013576997,0.0056179968,0.003913024151479025,0.004548933730091904,-0.0005608338600000064,0.0007785614000000008
RUSSELL1000,return,RUSSELL1000_return,2018-09-07,-0.002204077,-0.0034171497,-0.0032784444,-0.0042908527,0.0019300809204421264,0.004607921793074715,-0.0023678631600000067,0.0004738780714285722
RUSSELL1000,return,RUSSELL1000_return,2018-09-10,0.0021535053,-0.002204077,-0.0034171497,0.0005048307,0.0016092591469877497,0.004641327391278799,-0.0019505080200000065,0.00039011883809523883
RUSSELL1000,return,RUSSELL1000_return,2018-09-11,0.0036131767,0.0021535053,-0.002204077,-0.0013576997,0.002270983901424894,0.004647428611858471,-0.0016207731000000066,0.0005332909142857151
RUSSELL1000,return,RUSSELL1000_return,2018-09-12,0.0004194462,0.0036131767,0.0021535053,-0.0032784444,0.0032791985293834096,0.004403272089170494,-0.0006265978200000065,0.0010127858666666675
RUSSELL1000,return,RUSSELL1000_return,2018-09-13,0.0053790402,0.0004194462,0.0036131767,-0.0034171497,0.002930000461196538,0.004246019544157246,0.00011298029999999345,0.001229961676190477
RUSSELL1000,return,RUSSELL1000_return,2018-09-14,0.0007282931,0.0053790402,0.0004194462,-0.002204077,0.0029212406830216586,0.004182074727449257,0.0018722182799999934,0.00117586641904762
RUSSELL1000,return,RUSSELL1000_return,2018-09-17,-0.0062478428,0.0007282931,0.0053790402,0.0021535053,0.0020680432321143805,0.003653013778352583,0.0024586922999999933,0.0015796229666666674
RUSSELL1000,return,RUSSELL1000_return,2018-09-18,0.0053563058,-0.0062478428,0.0007282931,0.0036131767,0.004435687534155911,0.003708562597872864,0.0007784226799999935,0.0008938490142857151
RUSSELL1000,return,RUSSELL1000_return,2018-09-19,0.0006496458,0.0053563058,-0.0062478428,0.0004194462,0.0047700833141908015,0.0037986301603169024,0.0011270484999999935,0.0009877252238095246
RUSSELL1000,return,RUSSELL1000_return,2018-09-20,0.0077345942,0.0006496458,0.0053563058,0.0053790402,0.004762651395208345,0.0037811659320754055,0.0011730884199999936,0.0008951136619047628
RUSSELL1000,return,RUSSELL1000_return,2018-09-21,-0.0005660946,0.0077345942,0.0006496458,0.0007282931,0.0053615528078399316,0.00405224024380763,0.0016441992199999935,0.0011372519238095247
RUSSELL1000,return,RUSSELL1000_return,2018-09-24,-0.0035731588,-0.0005660946,0.0077345942,-0.0062478428,0.005447394351695118,0.004060387377866888,0.0013853216799999935,0.001115803552380953
RUSSELL1000,return,RUSSELL1000_return,2018-09-25,-0.0009142959,-0.0035731588,-0.0005660946,0.0053563058,0.004571295294644497,0.004143714984049122,0.0019202584799999935,0.001028494514285715
RUSSELL1000,return,RUSSELL1000_return,2018-09-26,-0.0036532747,-0.0009142959,-0.0035731588,0.0006496458,0.004241201212370295,0.003976755566201382,0.0006661381399999937,0.000682328176190477
RUSSELL1000,return,RUSSELL1000_return,2018-09-27,0.0028887025,-0.0036532747,-0.0009142959,0.0077345942,0.004661147423501512,0.0037528333616763812,-0.00019444596000000642,0.00014796424285714362
RUSSELL1000,return,RUSSELL1000_return,2018-09-28,0.0001990577,0.0028887025,-0.0036532747,-0.0005660946,0.002685366572199262,0.0038000733015339863,-0.0011636243000000066,0.00026393557142857224
RUSSELL1000,return,RUSSELL1000_return,2018-10-01,0.0028277008,0.0001990577,0.0028887025,-0.0035731588,0.0027489790555151436,0.003596880946194507,-0.0010105938400000064,5.890852380953145e-06
RUSSELL1000,return,RUSSELL1000_return,2018-10-02,-0.0008487757,0.0028277008,0.0001990577,-0.0009142959,0.0027476858097358163,0.0035059850168319526,0.00026957807999999364,0.00034486959047619125
RUSSELL1000,return,RUSSELL1000_return,2018-10-03,0.0010489734,-0.0008487757,0.0028277008,-0.0036532747,0.002740775813227521,0.003515327653820438,0.0002826821199999936,0.0002804121428571436
RUSSELL1000,return,RUSSELL1000_return,2018-10-04,-0.0085660631,0.0010489734,-0.0008487757,0.0028887025,0.0016371184312383115,0.0034984427475363363,0.0012231317399999937,0.00039501562380952457
RUSSELL1000,return,RUSSELL1000_return,2018-10-05,-0.0057853919,-0.0085660631,0.0010489734,0.0001990577,0.004402627218500552,0.003938637326314088,-0.0010678213800000066,0.00014322425714285793
RUSSELL1000,return,RUSSELL1000_return,2018-10-08,-0.0010825189,-0.0057853919,-0.0085660631,0.0028277008,0.004770227125231328,0.004077146255492864,-0.0022647113000000066,3.0450819047619852e-05
RUSSELL1000,return,RUSSELL1000_return,2018-10-09,-0.0014594766,-0.0010825189,-0.0057853919,-0.0008487757,0.003982060445269153,0.00405369041213521,-0.003046755240000007,8.38583476190484e-05
RUSSELL1000,return,RUSSELL1000_return,2018-10-10,-0.0327218496,-0.0014594766,-0.0010825189,0.0010489734,0.003906436031218165,0.0040380995628034625,-0.0031688954200000063,-8.818840952380875e-05
RUSSELL1000,return,RUSSELL1000_return,2018-10-11,-0.0202105165,-0.0327218496,-0.0014594766,-0.0085660631,0.013119965282223341,0.008107133921436197,-0.009923060020000006,-0.0018184277571428565
RUSSELL1000,return,RUSSELL1000_return,2018-10-12,0.0140330908,-0.0202105165,-0.0327218496,-0.0057853919,0.013832982480443555,0.009020828152439878,-0.012251950700000005,-0.0028008069333333324
RUSSELL1000,return,RUSSELL1000_return,2018-10-15,-0.0052255212,0.0140330908,-0.0202105165,-0.0010825189,0.01827524411501703,0.009592733476423768,-0.008288254160000006,-0.002388709285714285
RUSSELL1000,return,RUSSELL1000_return,2018-10-16,0.0218050777,-0.0052255212,0.0140330908,-0.0014594766,0.017958027514104663,0.009583982766824305,-0.009116854620000007,-0.002672224252380951
RUSSELL1000,return,RUSSELL1000_return,2018-10-17,-0.0005200355,0.0218050777,-0.0052255212,-0.0327218496,0.02279937264320727,0.010922301012923224,-0.004463943760000007,-0.0013363708952380943
RUSSELL1000,return,RUSSELL1000_return,2018-10-18,-0.0144543487,-0.0005200355,0.0218050777,-0.0202105165,0.016499237674284465,0.01081703129029212,0.001976419059999993,-0.0016161966714285704
RUSSELL1000,return,RUSSELL1000_return,2018-10-19,-0.0011625308,-0.0144543487,-0.0005200355,0.0140330908,0.014662730828713517,0.011155680301594566,0.003127652619999993,-0.0023354345047619037
RUSSELL1000,return,RUSSELL1000_return,2018-10-22,-0.0042544817,-0.0011625308,-0.0144543487,-0.0052255212,0.013353636303818025,0.010920587934179351,8.852829999999286e-05,-0.0027591071238095228
RUSSELL1000,return,RUSSELL1000_return,2018-10-23,-0.0055125521,-0.0042544817,-0.0011625308,0.0218050777,0.013263789431833994,0.01091321180665294,0.00028273619999999303,-0.002934744604761904
RUSSELL1000,return,RUSSELL1000_return,2018-10-24,-0.0311728474,-0.0055125521,-0.0042544817,-0.0005200355,0.005586502564835382,0.010927081610762106,-0.005180789760000007,-0.0030270966666666654
RUSSELL1000,return,RUSSELL1000_return,2018-10-25,0.0185264286,-0.0311728474,-0.0055125521,-0.0144543487,0.012152998583078856,0.012514276972961582,-0.011311352140000007,-0.00446798007142857
RUSSELL1000,return,RUSSELL1000_return,2018-10-26,-0.0169144366,0.0185264286,-0.0311728474,-0.0011625308,0.01770345938009695,0.013484798794204712,-0.004715196680000007,-0.0034118037238095224
RUSSELL1000,return,RUSSELL1000_return,2018-10-29,-0.0067028169,-0.0169144366,0.0185264286,-0.0042544817,0.018304544576384314,0.013712669679849169,-0.007865577840000007,-0.004354810347619047
RUSSELL1000,return,RUSSELL1000_return,2018-10-30,0.0159049012,-0.0067028169,-0.0169144366,-0.0055125521,0.0182163287822788,0.01368074055130699,-0.008355244880000008,-0.004683471042857141
RUSSELL1000,return,RUSSELL1000_return,2018-10-31,0.0113692377,0.0159049012,-0.0067028169,-0.0311728474,0.021307691461220378,0.014322313230586997,-0.004071754220000006,-0.004060747214285713
RUSSELL1000,return,RUSSELL1000_return,2018-11-01,0.0116293512,0.0113692377,0.0159049012,0.0185264286,0.015476272489020013,0.01470243557134844,0.0044366627999999925,-0.003478937052380951
RUSSELL1000,return,RUSSELL1000_return,2018-11-02,-0.0060815311,0.0116293512,0.0113692377,-0.0169144366,0.014157677876384932,0.01504270579051208,0.0030572473199999926,-0.002975109538095237
RUSSELL1000,return,RUSSELL1000_return,2018-11-05,0.0049028482,-0.0060815311,0.0116293512,-0.0067028169,0.010757998367505484,0.01500626051953524,0.005223828419999992,-0.002856798490476189
RUSSELL1000,return,RUSSELL1000_return,2018-11-06,0.0061357477,0.0049028482,-0.0060815311,0.0159049012,0.008571143195789062,0.015083024606418725,0.007544961439999992,-0.002347834676190475
RUSSELL1000,return,RUSSELL1000_return,2018-11-07,0.0207819355,0.0061357477,0.0049028482,0.0113692377,0.007191453282955885,0.015195133527696723,0.005591130739999992,-0.0020041076952380943
RUSSELL1000,return,RUSSELL1000_return,2018-11-08,-0.0024487524,0.0207819355,0.0061357477,0.0116293512,0.009830084619729392,0.01598935988376514,0.0074736702999999936,-0.0009449928333333322
RUSSELL1000,return,RUSSELL1000_return,2018-11-09,-0.0092640593,-0.0024487524,0.0207819355,-0.0060815311,0.010344907476924878,0.01425139341365814,0.0046580495799999925,0.0004965832238095248
RUSSELL1000,return,RUSSELL1000_return,2018-11-12,-0.0196930894,-0.0092640593,-0.0024487524,0.0049028482,0.011230864483201323,0.013643358272988425,0.004021543939999993,0.0010178430904761915
RUSSELL1000,return,RUSSELL1000_return,2018-11-13,-0.0011501427,-0.0196930894,-0.0092640593,0.0061357477,0.015371600243041206,0.014014645939486458,-0.0008976435800000078,-0.0005881654904761893
RUSSELL1000,return,RUSSELL1000_return,2018-11-14,-0.0073957693,-0.0011501427,-0.0196930894,0.0207819355,0.014875505867459737,0.013975381704343835,-0.0023548216600000078,-0.0003940998476190464
RUSSELL1000,return,RUSSELL1000_return,2018-11-15,0.0111403465,-0.0073957693,-0.0011501427,-0.0024487524,0.007355741140778022,0.013080216945274883,-0.007990362620000007,-0.0017846163714285701
RUSSELL1000,return,RUSSELL1000_return,2018-11-16,0.0022507679,0.0111403465,-0.0073957693,-0.0092640593,0.011344267018425917,0.013380624998028341,-0.005272542840000008,-0.0012293600857142843
RUSSELL1000,return,RUSSELL1000_return,2018-11-19,-0.0172181604,0.0022507679,0.0111403465,-0.0196930894,0.011499123102353945,0.013047499489248092,-0.0029695774000000072,-0.0004338783428571416
RUSSELL1000,return,RUSSELL1000_return,2018-11-20,-0.0176841477,-0.0172181604,0.0022507679,-0.0011501427,0.010618857491216955,0.013552952917611442,-0.002474591600000007,-0.0011984321333333321
RUSSELL1000,return,RUSSELL1000_return,2018-11-21,0.0040793128,-0.0176841477,-0.0172181604,-0.0073957693,0.012509419503692292,0.014013389413281944,-0.005781392600000007,-0.0018379400380952367
RUSSELL1000,return,RUSSELL1000_return,2018-11-23,-0.0059462648,0.0040793128,-0.0176841477,0.0111403465,0.013174161285383281,0.014043916169530175,-0.0034863761800000073,-0.0013811845666666656
RUSSELL1000,return,RUSSELL1000_return,2018-11-26,0.0157343603,-0.0059462648,0.0040793128,0.0022507679,0.010343520687064053,0.01234427919890082,-0.006903698440000007,-0.00017991872857142728
RUSSELL1000,return,RUSSELL1000_return,2018-11-27,0.0020941373,0.0157343603,-0.0059462648,-0.0172181604,0.01432017525694534,0.012146172656893304,-0.004206979960000007,-0.0003128743619047605
RUSSELL1000,return,RUSSELL1000_return,2018-11-28,0.0231549074,0.0020941373,0.0157343603,-0.0176841477,0.012410579875149515,0.011540290391166982,-0.0003445204200000065,0.0005922958238095252
RUSSELL1000,return,RUSSELL1000_return,2018-11-29,-0.0017990096,0.0231549074,0.0020941373,0.0040793128,0.011555136527923067,0.012403562417617014,0.007823290599999994,0.00201409221904762
RUSSELL1000,return,RUSSELL1000_return,2018-11-30,0.0083472285,-0.0017990096,0.0231549074,-0.0059462648,0.012305944470459455,0.012007554329760991,0.0066476261199999945,0.0011710488476190492
RUSSELL1000,return,RUSSELL1000_return,2018-12-03,0.0110789369,0.0083472285,-0.0017990096,0.0157343603,0.010113936509118753,0.011896820657930691,0.009506324779999993,0.0010271436476190492
RUSSELL1000,return,RUSSELL1000_return,2018-12-04,-0.0324694452,0.0110789369,0.0083472285,0.0020941373,0.009598397468807965,0.011872876971216096,0.008575240099999992,0.0010009334428571443
RUSSELL1000,return,RUSSELL1000_return,2018-12-06,-0.0008085559,-0.0324694452,0.0110789369,0.0231549074,0.021049050968522803,0.013885695702753872,0.001662523599999992,-0.00025563389523809395
RUSSELL1000,return,RUSSELL1000_return,2018-12-07,-0.0232255388,-0.0008085559,-0.0324694452,-0.0017990096,0.017331938325852444,0.013835449664464641,-0.0031301690600000084,-0.0005276055190476177
RUSSELL1000,return,RUSSELL1000_return,2018-12-10,0.001285601,-0.0232255388,-0.0008085559,0.0083472285,0.01944104558204291,0.014591328887210944,-0.007415474900000009,-0.0019257620190476178
RUSSELL1000,return,RUSSELL1000_return,2018-12-11,-0.000555508,0.001285601,-0.0232255388,0.0110789369,0.01822834057205783,0.013665120862215,-0.008827800400000009,-0.002854158899999999
RUSSELL1000,return,RUSSELL1000_return,2018-12-12,0.0055983205,-0.000555508,0.001285601,-0.0324694452,0.015605849624719071,0.013674171493394867,-0.01115468938000001,-0.0027640044047619037
RUSSELL1000,return,RUSSELL1000_return,2018-12-13,-0.0008719894,0.0055983205,-0.000555508,-0.0008085559,0.01129915635492881,0.013705507100224754,-0.0035411362400000084,-0.0020562720333333322
RUSSELL1000,return,RUSSELL1000_return,2018-12-14,-0.0183555078,-0.0008719894,0.0055983205,-0.0232255388,0.011295356148763697,0.013096364800161363,-0.0035538229400000087,-0.0011600291761904749
RUSSELL1000,return,RUSSELL1000_return,2018-12-17,-0.0212368936,-0.0183555078,-0.0008719894,0.001285601,0.00918844806726959,0.013623295118976409,-0.0025798167400000087,-0.001979332276190475
RUSSELL1000,return,RUSSELL1000_return,2018-12-18,0.0001845951,-0.0212368936,-0.0183555078,-0.000555508,0.011931081484859992,0.01422019088310637,-0.007084315660000009,-0.0026384334333333322
RUSSELL1000,return,RUSSELL1000_return,2018-12-19,-0.015301143,0.0001845951,-0.0212368936,0.0055983205,0.012036455097425059,0.01388646039559313,-0.006936295040000008,-0.0031601358809523797
RUSSELL1000,return,RUSSELL1000_return,2018-12-20,-0.0159331224,-0.015301143,0.0001845951,-0.0008719894,0.010062325588427094,0.014071481515257276,-0.011116187740000009,-0.003995941161904761
RUSSELL1000,return,RUSSELL1000_return,2018-12-21,-0.0207216157,-0.0159331224,-0.015301143,-0.0183555078,0.008335065978004782,0.014013783251861311,-0.01412841434000001,-0.003934748876190475
RUSSELL1000,return,RUSSELL1000_return,2018-12-24,-0.0268685504,-0.0207216157,-0.0159331224,-0.0212368936,0.008694475130302774,0.014177510371933495,-0.014601635920000008,-0.0040793902095238085
RUSSELL1000,return,RUSSELL1000_return,2018-12-26,0.0496888986,-0.0268685504,-0.0207216157,0.0001845951,0.010030989805134526,0.014878187537143527,-0.015727967280000008,-0.00555309798095238
RUSSELL1000,return,RUSSELL1000_return,2018-12-27,0.0083876607,0.0496888986,-0.0268685504,-0.015301143,0.031378752815174736,0.019145938234268495,-0.0058271065800000075,-0.002903804485714284
RUSSELL1000,return,RUSSELL1000_return,2018-12-28,-0.0008097551,0.0083876607,0.0496888986,-0.0159331224,0.031379033093504455,0.018853228936485316,-0.0010893458400000077,-0.0032536473238095227
RUSSELL1000,return,RUSSELL1000_return,2018-12-31,0.008830066,-0.0008097551,0.0083876607,-0.0207216157,0.030300874955409864,0.018822668625215897,0.0019353276199999922,-0.003391927914285713
