index_name,series_id,unique_id,ds,y,lag_1,lag_2,lag_5,vol_5,vol_21,mom_5,mom_21
TOPIX1000,return,TOPIX1000_return,2009-01-08,-0.0311665698,0.0140060647,0.0003021609,,0.010106103288561307,,0.011443016266666666,
TOPIX1000,return,TOPIX1000_return,2009-01-09,-0.0068209919,-0.0311665698,0.0140060647,,0.022846949219663477,,0.0007906197499999998,
TOPIX1000,return,TOPIX1000_return,2009-01-13,-0.0481666776,-0.0068209919,-0.0311665698,0.0200208232,0.020076718926819052,,-0.0007317025800000002,
TOPIX1000,return,TOPIX1000_return,2009-01-14,0.006552803,-0.0481666776,-0.0068209919,0.0003021609,0.02500900361517046,,-0.01436920274,
TOPIX1000,return,TOPIX1000_return,2009-01-15,-0.0291285334,0.006552803,-0.0481666776,0.0140060647,0.026059875072078995,,-0.013119074320000002,
TOPIX1000,return,TOPIX1000_return,2009-01-16,0.027758978,-0.0291285334,0.006552803,-0.0311665698,0.02159212389749802,,-0.021745993940000003,
TOPIX1000,return,TOPIX1000_return,2009-01-19,-0.0002878303,0.027758978,-0.0291285334,-0.0068209919,0.02971712561032685,,-0.009960884380000002,
TOPIX1000,return,TOPIX1000_return,2009-01-20,-0.0155959486,-0.0002878303,0.027758978,-0.0481666776,0.030031661744357726,0.024442263887768198,-0.008654252060000001,-0.0046929773200000005
TOPIX1000,return,TOPIX1000_return,2009-01-21,-0.0224482655,-0.0155959486,-0.0002878303,0.006552803,0.021693246240426952,0.023419834243512384,-0.00214010626,-0.005684156527272727
TOPIX1000,return,TOPIX1000_return,2009-01-22,0.0113449207,-0.0224482655,-0.0155959486,-0.0291285334,0.022644149328675704,0.022848318213650645,-0.007940319960000001,-0.007081165608333333
TOPIX1000,return,TOPIX1000_return,2009-01-23,-0.0285124198,0.0113449207,-0.0224482655,0.027758978,0.02028786593296358,0.022464612505317724,0.0001543708599999999,-0.005663774353846154
TOPIX1000,return,TOPIX1000_return,2009-01-26,-0.0070804225,-0.0285124198,0.0113449207,-0.0002878303,0.016377320642988063,0.0224305360821547,-0.0110999087,-0.007295820457142858
TOPIX1000,return,TOPIX1000_return,2009-01-27,0.0491872423,-0.0070804225,-0.0285124198,-0.0155959486,0.015515265821104351,0.021614676956909204,-0.01245842714,-0.007281460593333333
TOPIX1000,return,TOPIX1000_return,2009-01-28,-0.0014859385,0.0491872423,-0.0070804225,-0.0224482655,0.031280449362000605,0.025206003776049948,0.0004982110400000003,-0.0037521666625
TOPIX1000,return,TOPIX1000_return,2009-01-29,0.0178706176,-0.0014859385,0.0491872423,0.0113449207,0.028737511558501645,0.024411796687461223,0.004690676440000001,-0.003618859123529412
TOPIX1000,return,TOPIX1000_return,2009-01-30,-0.0304397578,0.0178706176,-0.0014859385,-0.0285124198,0.02925873040907298,0.02421850928919096,0.005995815820000001,-0.0024249993055555554
TOPIX1000,return,TOPIX1000_return,2009-02-02,-0.0207283004,-0.0304397578,0.0178706176,-0.0070804225,0.02983405350293102,0.02439789983295885,0.005610348220000001,-0.003899460278947369
TOPIX1000,return,TOPIX1000_return,2009-02-03,-0.0051874502,-0.0207283004,-0.0304397578,0.0491872423,0.031842184398563796,0.024043474505343148,0.0028807726400000002,-0.004740902285
TOPIX1000,return,TOPIX1000_return,2009-02-04,0.0250710668,-0.0051874502,-0.0207283004,-0.0014859385,0.018609033287747948,0.023434882727522782,-0.00799416586,-0.0047621664714285715
TOPIX1000,return,TOPIX1000_return,2009-02-05,-0.0082311993,0.0250710668,-0.0051874502,0.0178706176,0.023953507890326194,0.023726025033181938,-0.0026827647999999996,-0.004521678680952381
TOPIX1000,return,TOPIX1000_return,2009-02-06,0.0060405248,-0.0082311993,0.0250710668,-0.0304397578,0.02101882958939206,0.02371234789868124,-0.00790312818,-0.004928029166666666
TOPIX1000,return,TOPIX1000_return,2009-02-09,-0.0149483966,0.0060405248,-0.0082311993,-0.0207283004,0.017230266751519268,0.023456658652341027,-0.0006070716599999992,-0.005307340590476191
TOPIX1000,return,TOPIX1000_return,2009-02-10,-0.0009697254,-0.0149483966,0.0060405248,-0.0051874502,0.015665700325502963,0.022821066726909926,0.0005489091000000009,-0.0045350466285714285
TOPIX1000,return,TOPIX1000_return,2009-02-12,-0.0231691874,-0.0009697254,-0.0149483966,0.0250710668,0.015390737953246763,0.022827480535755024,0.0013924540600000006,-0.00425641489047619
TOPIX1000,return,TOPIX1000_return,2009-02-13,0.0055620142,-0.0231691874,-0.0009697254,-0.0082311993,0.011452863875954983,0.021002027539782336,-0.008255596779999999,-0.0030660582142857146
TOPIX1000,return,TOPIX1000_return,2009-02-16,0.006942725,0.0055620142,-0.0231691874,0.0060405248,0.013014872205201327,0.02098044042951817,-0.00549695408,-0.003113238633333333
TOPIX1000,return,TOPIX1000_return,2009-02-17,-0.0177152313,0.006942725,0.0055620142,-0.0149483966,0.013219464793796076,0.020206367329511424,-0.005316514039999999,-0.001395559661904762
TOPIX1000,return,TOPIX1000_return,2009-02-18,-0.0097829851,-0.0177152313,0.006942725,-0.0009697254,0.013769903330543216,0.019344015384468567,-0.005869880979999999,-0.0035609981999999997
TOPIX1000,return,TOPIX1000_return,2009-02-19,0.0030921005,-0.0097829851,-0.0177152313,-0.0231691874,0.013548128106567414,0.019374628874329662,-0.007632532919999999,-0.004013148428571429
TOPIX1000,return,TOPIX1000_return,2009-02-20,-0.0161973785,0.0030921005,-0.0097829851,0.0055620142,0.010838659763746017,0.01924476234629393,-0.002380275339999999,-0.003123241328571428
TOPIX1000,return,TOPIX1000_return,2009-02-23,-0.0056163852,-0.0161973785,0.0030921005,0.006942725,0.011214324816493784,0.018977398941631085,-0.006732153879999999,-0.002825580042857143
TOPIX1000,return,TOPIX1000_return,2009-02-24,-0.0064761262,-0.0056163852,-0.0161973785,-0.0177152313,0.008451933239217573,0.018703100792983467,-0.00924397592,-0.0036332612761904768
TOPIX1000,return,TOPIX1000_return,2009-02-25,0.0213422576,-0.0064761262,-0.0056163852,-0.0097829851,0.00700671159657509,0.017835505616699217,-0.0069961549,-0.0025839139619047618
TOPIX1000,return,TOPIX1000_return,2009-02-26,-0.0043161131,0.0213422576,-0.0064761262,0.0030921005,0.014123730769701599,0.018541681855794544,-0.0007711063599999985,-0.0012304530047619047
TOPIX1000,return,TOPIX1000_return,2009-02-27,0.0194139339,-0.0043161131,0.0213422576,-0.0161973785,0.014005226374597737,0.01450369246616856,-0.002252749079999999,-0.0037782318333333337
TOPIX1000,return,TOPIX1000_return,2009-03-02,-0.0298044932,0.0194139339,-0.0043161131,-0.0056163852,0.014194583568561684,0.015360604844103242,0.004869513400000002,-0.0027829998142857144
TOPIX1000,return,TOPIX1000_return,2009-03-03,-0.0106363981,-0.0298044932,0.0194139339,-0.0064761262,0.02110251502346909,0.01567532888292372,3.189180000000152e-05,-0.005053243185714286
TOPIX1000,return,TOPIX1000_return,2009-03-04,0.0070365886,-0.0106363981,-0.0298044932,0.0213422576,0.02150151796913817,0.014632737780216764,-0.0008001625799999986,-0.004110226057142858
TOPIX1000,return,TOPIX1000_return,2009-03-05,0.0128350521,0.0070365886,-0.0106363981,-0.0043161131,0.018570531524640957,0.014306855661035699,-0.003661296379999999,-0.0027880884857142863
TOPIX1000,return,TOPIX1000_return,2009-03-06,-0.0276223353,0.0128350521,0.0070365886,0.0194139339,0.019951984858178916,0.014691121115025779,-0.0002310633399999991,-0.0019298740904761908
TOPIX1000,return,TOPIX1000_return,2009-03-09,-0.0152383022,-0.0276223353,0.0128350521,-0.0298044932,0.019456364884659877,0.014344709398761686,-0.009638317179999998,-0.004439083714285715
TOPIX1000,return,TOPIX1000_return,2009-03-10,-0.0097630624,-0.0152383022,-0.0276223353,-0.0106363981,0.01655635022434752,0.014517779897392672,-0.0067250789799999985,-0.004772755280952381
TOPIX1000,return,TOPIX1000_return,2009-03-11,0.0272875159,-0.0097630624,-0.0152383022,0.0070365886,0.016509310357778025,0.014337715620826396,-0.006550411839999997,-0.005525307052380952
TOPIX1000,return,TOPIX1000_return,2009-03-12,-0.0302602072,0.0272875159,-0.0097630624,0.0128350521,0.022184499517887885,0.015834049099537777,-0.002500226379999998,-0.0035140731238095238
TOPIX1000,return,TOPIX1000_return,2009-03-13,0.0340361591,-0.0302602072,0.0272875159,-0.0276223353,0.02309011460385938,0.016855815435954533,-0.011119278239999999,-0.004908857971428572
TOPIX1000,return,TOPIX1000_return,2009-03-16,0.0240496616,0.0340361591,-0.0302602072,-0.0152383022,0.028013042553351488,0.01831640517712856,0.001212420640000001,-0.0021847938523809527
TOPIX1000,return,TOPIX1000_return,2009-03-17,0.0261855396,0.0240496616,0.0340361591,-0.0097630624,0.027753948751394402,0.019133441572190393,0.009070013400000002,-0.001304429690476191
TOPIX1000,return,TOPIX1000_return,2009-03-18,0.0055343935,0.0261855396,0.0240496616,0.0272875159,0.026272241915392222,0.019989774781713505,0.016259733800000002,-0.0003881051857142864
TOPIX1000,return,TOPIX1000_return,2009-03-19,-3.85272e-05,0.0055343935,0.0261855396,-0.0302602072,0.025786159372420195,0.019622599683960372,0.011909109320000002,0.0007190198047619041
TOPIX1000,return,TOPIX1000_return,2009-03-23,0.0354236002,-3.85272e-05,0.0055343935,0.0340361591,0.0145045582056558,0.01947650956491284,0.01795344532,0.001183041609523809
TOPIX1000,return,TOPIX1000_return,2009-03-24,0.0271243271,0.0354236002,-3.85272e-05,0.0240496616,0.014897117719592777,0.020863463783450047,0.01823093354,0.0027226368333333325
TOPIX1000,return,TOPIX1000_return,2009-03-25,0.0067317358,0.0271243271,0.0354236002,0.0261855396,0.015256478989228318,0.02104018526550802,0.01884586664,0.004785575195238094
TOPIX1000,return,TOPIX1000_return,2009-03-26,0.0223366087,0.0067317358,0.0271243271,0.0055343935,0.015396686940590218,0.020907072864077298,0.014955105880000003,0.0053735809571428565
TOPIX1000,return,TOPIX1000_return,2009-03-27,-0.002766381,0.0223366087,0.0067317358,-3.85272e-05,0.014641599553973995,0.021035577701575405,0.01831554892,0.006745615952380952
TOPIX1000,return,TOPIX1000_return,2009-03-30,-0.0433365607,-0.002766381,0.0223366087,0.0354236002,0.01552089858592221,0.02085623320876568,0.01776997816,0.0055975855428571425
TOPIX1000,return,TOPIX1000_return,2009-03-31,-0.0201864231,-0.0433365607,-0.002766381,0.0271243271,0.02804157316814031,0.023370295228491954,0.0020179459800000023,0.0037394689904761903
TOPIX1000,return,TOPIX1000_return,2009-04-01,0.0266837792,-0.0201864231,-0.0433365607,0.0067317358,0.02530000750680459,0.023638419798436547,-0.007444204059999998,0.0018537377047619045
TOPIX1000,return,TOPIX1000_return,2009-04-02,0.0421249691,0.0266837792,-0.0201864231,0.0223366087,0.02934495988534863,0.023062779952039866,-0.003453795379999998,0.004543655438095238
TOPIX1000,return,TOPIX1000_return,2009-04-03,0.0060356402,0.0421249691,0.0266837792,-0.002766381,0.034563237949230295,0.024173536568392478,0.0005038767000000013,0.007056101495238095
TOPIX1000,return,TOPIX1000_return,2009-04-06,-0.0003961906,0.0060356402,0.0421249691,-0.0433365607,0.034579185851805874,0.024174563755687405,0.002264280940000002,0.007008437285714285
TOPIX1000,return,TOPIX1000_return,2009-04-07,0.002027819,-0.0003961906,0.0060356402,-0.0201864231,0.02419579844915602,0.024187531151000308,0.010852354960000001,0.00637837810952381
TOPIX1000,return,TOPIX1000_return,2009-04-08,-0.0209583903,0.002027819,-0.0003961906,0.0266837792,0.01842226120353197,0.022936595981003456,0.015295203380000002,0.007790290219047619
TOPIX1000,return,TOPIX1000_return,2009-04-09,0.0330134322,-0.0209583903,0.002027819,0.0421249691,0.02284834219357029,0.023255495264192738,0.005766769480000001,0.0075179050714285715
TOPIX1000,return,TOPIX1000_return,2009-04-10,0.0052210183,0.0330134322,-0.0209583903,0.0060356402,0.01931349847135155,0.023537859478359964,0.003944462100000002,0.009554881004761904
TOPIX1000,return,TOPIX1000_return,2009-04-13,0.0034206112,0.0052210183,0.0330134322,-0.0003961906,0.01929487458452012,0.023196729773995943,0.003781537720000001,0.008504095404761904
TOPIX1000,return,TOPIX1000_return,2009-04-14,-0.006612759,0.0034206112,0.0052210183,0.002027819,0.019163324344763713,0.021483618374790923,0.004544898080000003,0.0101079439
TOPIX1000,return,TOPIX1000_return,2009-04-15,-0.0100194903,-0.006612759,0.0034206112,-0.0209583903,0.019825221982083443,0.02104668263054084,0.0028167824800000023,0.008172281133333332
TOPIX1000,return,TOPIX1000_return,2009-04-16,-0.0039531988,-0.0100194903,-0.006612759,0.0330134322,0.016939132637750775,0.021074670300166316,0.005004562480000003,0.0065499405666666665
TOPIX1000,return,TOPIX1000_return,2009-04-17,0.0166675256,-0.0039531988,-0.0100194903,0.0052210183,0.00652256086090341,0.020693403897738185,-0.0023887637199999966,0.005114762547619047
TOPIX1000,return,TOPIX1000_return,2009-04-20,0.0031712346,0.0166675256,-0.0039531988,0.0034206112,0.010597217501761918,0.020846735141280083,-9.946225999999669e-05,0.005644911695238094
TOPIX1000,return,TOPIX1000_return,2009-04-21,-0.0209187675,0.0031712346,0.0166675256,-0.006612759,0.010577076370234455,0.02081472354260213,-0.00014933757999999664,0.005797757495238094
TOPIX1000,return,TOPIX1000_return,2009-04-22,-0.0006178082,-0.0209187675,0.0031712346,-0.0100194903,0.014108146627710797,0.02043278199224931,-0.003010539279999997,0.0031147876047619046
TOPIX1000,return,TOPIX1000_return,2009-04-23,0.0116049303,-0.0006178082,-0.0209187675,-0.0039531988,0.013556185372685941,0.019686031879228617,-0.0011302028599999973,0.0017937335428571423
TOPIX1000,return,TOPIX1000_return,2009-04-24,-0.0112989735,0.0116049303,-0.0006178082,0.0166675256,0.014498998945976572,0.019775669243036993,0.0019814229600000027,0.002025790423809523
TOPIX1000,return,TOPIX1000_return,2009-04-27,0.0037084926,-0.0112989735,0.0116049303,0.0031712346,0.01269986404200675,0.01940707081381251,-0.0036118768599999974,0.00042409603333333257
TOPIX1000,return,TOPIX1000_return,2009-04-28,-0.0256065161,0.0037084926,-0.0112989735,-0.0209187675,0.012773661040029095,0.019405282384142394,-0.003504425259999997,0.0007324233476190469
TOPIX1000,return,TOPIX1000_return,2009-04-30,0.0321695783,-0.0256065161,0.0037084926,-0.0006178082,0.014435319289182973,0.01770309973334828,-0.004441974979999997,0.001576711185714285
TOPIX1000,return,TOPIX1000_return,2009-05-01,0.0111243224,0.0321695783,-0.0256065161,0.0116049303,0.022047067895956025,0.018165562630018454,0.002115502320000003,0.004069854109523809
TOPIX1000,return,TOPIX1000_return,2009-05-07,0.0469445548,0.0111243224,0.0321695783,-0.0112989735,0.021996341799780453,0.017502286727846622,0.0020193807400000034,0.0033289275952380942
TOPIX1000,return,TOPIX1000_return,2009-05-08,0.0106724625,0.0469445548,0.0111243224,0.0037084926,0.027828884262505325,0.018059187134965446,0.013668086400000005,0.003558431676190476
TOPIX1000,return,TOPIX1000_return,2009-05-11,0.0057226078,0.0106724625,0.0469445548,-0.0256065161,0.02737639528736069,0.018119235437399125,0.015060880380000002,0.0037792327380952386
TOPIX1000,return,TOPIX1000_return,2009-05-12,-0.0170271515,0.0057226078,0.0106724625,0.0321695783,0.01757079589238811,0.018097919163169246,0.021326705160000004,0.00407060409047619
TOPIX1000,return,TOPIX1000_return,2009-05-13,0.0037135654,-0.0170271515,0.0057226078,0.0111243224,0.02293642436895245,0.018673973586585135,0.011487359200000003,0.003163224542857143
TOPIX1000,return,TOPIX1000_return,2009-05-14,-0.0296084875,0.0037135654,-0.0170271515,0.0469445548,0.023203633669076795,0.01783789560366519,0.010005207800000002,0.004338079576190476
TOPIX1000,return,TOPIX1000_return,2009-05-15,0.0223597422,-0.0296084875,0.0037135654,0.0106724625,0.01722128264134651,0.01803769058722947,-0.005305400659999996,0.0013560834000000003
TOPIX1000,return,TOPIX1000_return,2009-05-18,-0.025226767,0.0223597422,-0.0296084875,0.0057226078,0.02042694189177548,0.018600260984539964,-0.0029679447199999964,0.0021722131095238094
TOPIX1000,return,TOPIX1000_return,2009-05-19,0.0235729077,-0.025226767,0.0223597422,-0.0170271515,0.021779557653264326,0.019531333998010388,-0.009157819679999995,0.000808052242857143
TOPIX1000,return,TOPIX1000_return,2009-05-20,0.0073321612,0.0235729077,-0.025226767,0.0037135654,0.025382561417286946,0.020061456949392625,-0.0010378078399999955,0.002245464942857143
TOPIX1000,return,TOPIX1000_return,2009-05-21,-0.0056418626,0.0073321612,0.0235729077,-0.0296084875,0.02560253739066399,0.019887620919243825,-0.00031408867999999557,0.003071734061904762
TOPIX1000,return,TOPIX1000_return,2009-05-22,-0.0065409254,-0.0056418626,0.0073321612,0.0223597422,0.02047744633895634,0.019920831573808143,0.004479236300000004,0.0029913215
TOPIX1000,return,TOPIX1000_return,2009-05-25,0.0079869868,-0.0065409254,-0.0056418626,-0.025226767,0.018110666673043948,0.019767355199850605,-0.0013008972199999962,0.001886157166666667
TOPIX1000,return,TOPIX1000_return,2009-05-26,0.0007122582,0.0079869868,-0.0065409254,0.0235729077,0.012300120384679885,0.019810894697700875,0.005341853540000004,0.0021154787000000003
TOPIX1000,return,TOPIX1000_return,2009-05-27,0.0106121361,0.0007122582,0.0079869868,0.0073321612,0.0068867954090672074,0.01910306584195998,0.0007697236400000041,0.0031455275428571433
TOPIX1000,return,TOPIX1000_return,2009-05-28,0.0029369635,0.0106121361,0.0007122582,-0.0056418626,0.007768005748909034,0.01914957535046032,0.0014257186200000043,0.003680286795238096
TOPIX1000,return,TOPIX1000_return,2009-05-29,0.0026363587,0.0029369635,0.0106121361,-0.0065409254,0.006689199477432942,0.01906344602127287,0.003141483840000004,0.0032675264714285717
TOPIX1000,return,TOPIX1000_return,2009-06-01,0.0164774024,0.0026363587,0.0029369635,0.0079869868,0.004142558165595168,0.01877134468640765,0.0049769406600000034,0.003931113719047619
TOPIX1000,return,TOPIX1000_return,2009-06-02,0.0010601868,0.0164774024,0.0026363587,0.0007122582,0.006660066885502862,0.01896953264562075,0.006675023780000004,0.0045391570428571434
TOPIX1000,return,TOPIX1000_return,2009-06-03,0.0009742542,0.0010601868,0.0164774024,0.0106121361,0.006583569961754989,0.017700766190615128,0.006744609500000004,0.005809000038095239
TOPIX1000,return,TOPIX1000_return,2009-06-04,-0.0041791783,0.0009742542,0.0010601868,0.0029369635,0.006579039795976144,0.016656075112494048,0.004817033120000005,0.0043235084142857145
TOPIX1000,return,TOPIX1000_return,2009-06-05,0.0046747771,-0.0041791783,0.0009742542,0.0026363587,0.0077524886627118195,0.01667841288776178,0.003393804760000004,0.003594770285714286
TOPIX1000,return,TOPIX1000_return,2009-06-08,0.0112943439,0.0046747771,-0.0041791783,0.0164774024,0.007756295145706568,0.013416909386782085,0.0038014884400000047,0.0015819237285714283
TOPIX1000,return,TOPIX1000_return,2009-06-09,-0.0095786924,0.0112943439,0.0046747771,0.0010601868,0.005716898781015138,0.013438645661433483,0.0027648767400000043,0.0016115371285714286
TOPIX1000,return,TOPIX1000_return,2009-06-10,0.020567597,-0.0095786924,0.0112943439,0.0009742542,0.008024218153276273,0.013618214349893942,0.0006371009000000042,0.0008829037857142855
TOPIX1000,return,TOPIX1000_return,2009-06-11,0.0038588667,0.020567597,-0.0095786924,-0.0041791783,0.012019603715537237,0.013617138479674471,0.0045557694600000045,0.002673129904761905
TOPIX1000,return,TOPIX1000_return,2009-06-12,0.010656263,0.0038588667,0.020567597,0.0046747771,0.011058343247484994,0.013617730478800138,0.006163378460000005,0.0026800490142857144
TOPIX1000,return,TOPIX1000_return,2009-06-15,-0.0043337721,0.010656263,0.0038588667,0.0112943439,0.011179917981398448,0.011516769685764535,0.007359675640000005,0.004597418085714285
TOPIX1000,return,TOPIX1000_return,2009-06-16,-0.034032468,-0.0043337721,0.010656263,-0.0095786924,0.011962125313600774,0.01091571121695634,0.004234052440000005,0.003326298357142857
TOPIX1000,return,TOPIX1000_return,2009-06-17,0.0089270671,-0.034032468,-0.0043337721,0.020567597,0.020774425421802366,0.012165037014538405,-0.0006567026799999959,0.002906979261904761
TOPIX1000,return,TOPIX1000_return,2009-06-18,-0.0131566731,0.0089270671,-0.034032468,0.0038588667,0.018306995694564062,0.0113108555250113,-0.002984808659999996,0.0022095582809523806
TOPIX1000,return,TOPIX1000_return,2009-06-19,0.0091792282,-0.0131566731,0.0089270671,0.010656263,0.01829828940269238,0.011723051968966093,-0.006387916619999996,0.0012338995047619043
TOPIX1000,return,TOPIX1000_return,2009-06-22,0.0035452407,0.0091792282,-0.0131566731,-0.0043337721,0.017963192873391716,0.011734544873020128,-0.006683323579999996,0.001939665733333333
TOPIX1000,return,TOPIX1000_return,2009-06-23,-0.0227426834,0.0035452407,0.0091792282,-0.034032468,0.018556619838746853,0.011575413580677714,-0.005107521019999996,0.0024199593571428567
TOPIX1000,return,TOPIX1000_return,2009-06-24,0.0007961676,-0.0227426834,0.0035452407,0.0089270671,0.014372257185889152,0.012722035055613123,-0.0028495640999999954,0.0009566417285714281
TOPIX1000,return,TOPIX1000_return,2009-06-25,0.01977025,0.0007961676,-0.0227426834,-0.0131566731,0.013111322571933016,0.012721967639650512,-0.004475743999999995,0.0009606374142857139
TOPIX1000,return,TOPIX1000_return,2009-06-26,0.0076325324,0.01977025,0.0007961676,0.0091792282,0.015678810225773412,0.013216704301180805,0.0021096406200000048,0.0013967380761904758
TOPIX1000,return,TOPIX1000_return,2009-06-29,-0.0126278468,0.0076325324,0.01977025,0.0035452407,0.015518901152030879,0.01328361465478731,0.0018003014600000047,0.0016203365952380945
TOPIX1000,return,TOPIX1000_return,2009-06-30,0.0159787971,-0.0126278468,0.0076325324,-0.0227426834,0.016704475966569106,0.01363812991013744,-0.001434316039999995,0.000893469666666666
TOPIX1000,return,TOPIX1000_return,2009-07-01,-0.0016894415,0.0159787971,-0.0126278468,0.0007961676,0.012898230969071793,0.013610047859594918,0.0063099800600000065,0.0008697265571428565
TOPIX1000,return,TOPIX1000_return,2009-07-02,-0.0047325848,-0.0016894415,0.0159787971,0.01977025,0.013208050721596202,0.013621345563389977,0.005812858240000005,0.0007387918761904756
TOPIX1000,return,TOPIX1000_return,2009-07-03,-0.0037264218,-0.0047325848,-0.0016894415,0.0076325324,0.011114519973637885,0.013673241681635204,0.0009122912800000052,0.0004670376380952375
TOPIX1000,return,TOPIX1000_return,2009-07-06,-0.0091557876,-0.0037264218,-0.0047325848,-0.0126278468,0.010543731161235886,0.013665904250815212,-0.0013594995599999949,0.0004885974714285708
TOPIX1000,return,TOPIX1000_return,2009-07-07,-0.0037536342,-0.0091557876,-0.0037264218,0.0159787971,0.00969634577902208,0.013786805389047556,-0.0006650877199999947,-0.0001700008476190482
TOPIX1000,return,TOPIX1000_return,2009-07-08,-0.022820079,-0.0037536342,-0.0091557876,-0.0016894415,0.002771413642948623,0.013550181454043547,-0.004611573979999995,-0.0008865712333333339
TOPIX1000,return,TOPIX1000_return,2009-07-09,-0.0166025359,-0.022820079,-0.0037536342,-0.0047325848,0.00813069743199653,0.014264159435512656,-0.008837701479999996,-0.001517113452380953
TOPIX1000,return,TOPIX1000_return,2009-07-10,-0.0017769796,-0.0166025359,-0.022820079,-0.0037264218,0.008362034526851466,0.013680952182186146,-0.011211691699999995,-0.003287119780952382
TOPIX1000,return,TOPIX1000_return,2009-07-13,-0.0227990814,-0.0017769796,-0.0166025359,-0.0091557876,0.008830613620649987,0.013588730515130933,-0.010821803259999995,-0.003555493414285715
TOPIX1000,return,TOPIX1000_return,2009-07-14,0.0191975453,-0.0227990814,-0.0017769796,-0.0037536342,0.0101903218544579,0.01379875990790807,-0.013550462019999996,-0.005148605052380953
TOPIX1000,return,TOPIX1000_return,2009-07-15,-0.0025248974,0.0191975453,-0.0227990814,-0.022820079,0.01793372143475506,0.01478820277634686,-0.008960226119999996,-0.004028066128571429
TOPIX1000,return,TOPIX1000_return,2009-07-16,0.0068771671,-0.0025248974,0.0191975453,-0.0166025359,0.01622815849566264,0.013093016262729898,-0.004901189799999995,-0.002527705623809524
TOPIX1000,return,TOPIX1000_return,2009-07-17,0.0069301313,0.0068771671,-0.0025248974,-0.0017769796,0.015370112334979374,0.013010728669822514,-0.0002052491999999951,-0.0026253199095238097
TOPIX1000,return,TOPIX1000_return,2009-07-21,0.0267343693,0.0069301313,0.0068771671,-0.0227990814,0.01563843002945034,0.012935928916429341,0.001536172980000005,-0.0016688054142857142
TOPIX1000,return,TOPIX1000_return,2009-07-22,0.0054552082,0.0267343693,0.0069301313,0.0191975453,0.011513838625064875,0.014179475059425673,0.011442863120000004,-0.0008328463142857144
TOPIX1000,return,TOPIX1000_return,2009-07-23,0.0024610742,0.0054552082,0.0267343693,-0.0025248974,0.010819201327620336,0.014215042261195887,0.008694395700000006,-0.0007418954809523812
TOPIX1000,return,TOPIX1000_return,2009-07-24,0.0130557371,0.0024610742,0.0054552082,0.0068771671,0.009698327770417176,0.013299104963413006,0.009691590020000005,0.0004582834523809521
TOPIX1000,return,TOPIX1000_return,2009-07-27,0.0085246048,0.0130557371,0.0024610742,0.0069301313,0.009643544601494452,0.013580774144270086,0.010927304020000004,0.001042072476190476
TOPIX1000,return,TOPIX1000_return,2009-07-28,0.0022985825,0.0085246048,0.0130557371,0.0267343693,0.009503669219884063,0.013015318019562227,0.011246198720000006,0.0005065655619047616
TOPIX1000,return,TOPIX1000_return,2009-07-29,0.0002086961,0.0022985825,0.0085246048,0.0054552082,0.0045286252704906365,0.012921004554186745,0.006359041360000005,0.00025256794761904734
TOPIX1000,return,TOPIX1000_return,2009-07-30,0.0072538119,0.0002086961,0.0022985825,0.0024610742,0.005327720946969378,0.012580336836841429,0.0053097389400000045,0.0008638318952380949
TOPIX1000,return,TOPIX1000_return,2009-07-31,0.0146203948,0.0072538119,0.0002086961,0.0130557371,0.005113924713363231,0.01219434736347965,0.006268286480000005,0.0004483564095238093
TOPIX1000,return,TOPIX1000_return,2009-08-03,0.0076689523,0.0146203948,0.0072538119,0.0085246048,0.005652598973530446,0.012565133237672582,0.006581218020000004,0.0012250152809523806
TOPIX1000,return,TOPIX1000_return,2009-08-04,0.0015281957,0.0076689523,0.0146203948,0.0022985825,0.005591678774511437,0.01256256158407563,0.006410087520000005,0.0018155646666666667
TOPIX1000,return,TOPIX1000_return,2009-08-05,-0.010084762,0.0015281957,0.0076689523,0.0002086961,0.005741889521700625,0.012498826401376336,0.006256010160000004,0.0020657845476190475
TOPIX1000,return,TOPIX1000_return,2009-08-06,0.008584783,-0.010084762,0.0015281957,0.0072538119,0.00923494657038047,0.012542097578258119,0.004197318540000004,0.0020215476714285714
TOPIX1000,return,TOPIX1000_return,2009-08-07,-0.0007590787,0.008584783,-0.010084762,0.0146203948,0.009363364092906992,0.012547027948046172,0.004463512760000005,0.0026090913476190477
TOPIX1000,return,TOPIX1000_return,2009-08-10,0.0131775898,-0.0007590787,0.008584783,0.0076689523,0.007541517027453923,0.011158146049165752,0.001387618060000005,0.0036596151714285716
TOPIX1000,return,TOPIX1000_return,2009-08-11,0.0042987108,0.0131775898,-0.0007590787,0.0015281957,0.008957917903670903,0.010314771707068049,0.002489345560000005,0.005077716395238095
TOPIX1000,return,TOPIX1000_return,2009-08-12,-0.0141548989,0.0042987108,0.0131775898,-0.010084762,0.008969281122393638,0.010197432249655329,0.003043448580000005,0.005367034985714285
TOPIX1000,return,TOPIX1000_return,2009-08-13,0.0088855298,-0.0141548989,0.0042987108,0.008584783,0.010510852195982464,0.009121321436120565,0.002229421200000005,0.005778662723809523
TOPIX1000,return,TOPIX1000_return,2009-08-14,0.0053342344,0.0088855298,-0.0141548989,-0.0007590787,0.01055707255707886,0.008626971108060094,0.002289570560000005,0.005287614366666667
TOPIX1000,return,TOPIX1000_return,2009-08-17,-0.0249971578,0.0053342344,0.0088855298,0.0131775898,0.01046849017985508,0.00843954444110821,0.003508233180000005,0.005661858738095238
TOPIX1000,return,TOPIX1000_return,2009-08-18,0.0001121707,-0.0249971578,0.0053342344,0.0042987108,0.014713562902948382,0.010757873584258953,-0.004126716339999994,0.004144033742857143
TOPIX1000,return,TOPIX1000_return,2009-08-19,-0.0068401053,0.0001121707,-0.0249971578,-0.0141548989,0.014225247365518156,0.01077245772641206,-0.004964024359999994,0.003819368952380952
TOPIX1000,return,TOPIX1000_return,2009-08-20,0.0163651411,-0.0068401053,0.0001121707,0.0088855298,0.013395679473640147,0.009632667621190109,-0.0035010656399999942,0.0022205844476190476
TOPIX1000,return,TOPIX1000_return,2009-08-21,-0.0119143043,0.0163651411,-0.0068401053,0.0053342344,0.0153933948565967,0.010098770883224873,-0.002005143379999994,0.002740105061904762
TOPIX1000,return,TOPIX1000_return,2009-08-24,0.0244228886,-0.0119143043,0.0163651411,-0.0249971578,0.015269651333021729,0.010593716945927303,-0.0054548511199999945,0.0020555632285714285
TOPIX1000,return,TOPIX1000_return,2009-08-25,-0.0053456006,0.0244228886,-0.0119143043,0.0001121707,0.015451200523692905,0.011440448494165971,0.004429158160000006,0.0025968561571428576
TOPIX1000,return,TOPIX1000_return,2009-08-26,0.0110501982,-0.0053456006,0.0244228886,-0.0068401053,0.016014918553236935,0.01148142102318338,0.0033376039000000057,0.001936370185714286
TOPIX1000,return,TOPIX1000_return,2009-08-27,-0.0118237983,0.0110501982,-0.0053456006,0.0163651411,0.01514757587437224,0.011652776616907654,0.006915664600000006,0.0023531137904761906
TOPIX1000,return,TOPIX1000_return,2009-08-28,0.0053491705,-0.0118237983,0.0110501982,-0.0119143043,0.015974572155745714,0.012052460407041969,0.0012778767200000054,0.0017801378666666668
TOPIX1000,return,TOPIX1000_return,2009-08-31,-0.0036603496,0.0053491705,-0.0118237983,0.0244228886,0.014174661396141678,0.012016322603277537,0.004730571680000005,0.001689440657142857
TOPIX1000,return,TOPIX1000_return,2009-09-01,0.0031518039,-0.0036603496,0.0053491705,-0.0053456006,0.009063259119529344,0.011690460337639135,-0.0008860759599999945,0.0008189290190476191
TOPIX1000,return,TOPIX1000_return,2009-09-02,-0.0196624865,0.0031518039,-0.0036603496,0.0110501982,0.008811166219244614,0.011599321306324503,0.0008134049400000055,0.0006038267142857145
TOPIX1000,return,TOPIX1000_return,2009-09-03,-0.0074308012,-0.0196624865,0.0031518039,-0.0118237983,0.010444651673117093,0.012408406410193255,-0.005329131999999995,-0.00040525339047619034
TOPIX1000,return,TOPIX1000_return,2009-09-04,-0.0074658438,-0.0074308012,-0.0196624865,0.0053491705,0.00993402779169585,0.012318078224246538,-0.004450532579999994,-0.0002788743047619046
TOPIX1000,return,TOPIX1000_return,2009-09-07,0.009739114,-0.0074658438,-0.0074308012,-0.0036603496,0.008290847900851238,0.012238303372283254,-0.007013535439999994,-0.0010431898666666665
TOPIX1000,return,TOPIX1000_return,2009-09-08,0.0017443081,0.009739114,-0.0074658438,0.0031518039,0.011274428130603878,0.012462845889489616,-0.004333642719999994,-0.0005432759285714285
TOPIX1000,return,TOPIX1000_return,2009-09-09,-0.0070778694,0.0017443081,0.009739114,-0.0196624865,0.011056268412903537,0.012077244468540154,-0.0046151418799999944,-0.001087717914285714
TOPIX1000,return,TOPIX1000_return,2009-09-10,0.0200234305,-0.0070778694,0.0017443081,-0.0074308012,0.007696301288389669,0.012078704005914346,-0.0020982184599999945,-0.0016294598285714285
TOPIX1000,return,TOPIX1000_return,2009-09-11,-0.0084649331,0.0200234305,-0.0070778694,-0.0074658438,0.011695257163373322,0.012598087680118638,0.0033926278800000056,-1.920333333333155e-06
TOPIX1000,return,TOPIX1000_return,2009-09-14,-0.0173807033,-0.0084649331,0.0200234305,0.009739114,0.01193327144743764,0.012554953025551641,0.003192810020000006,-0.0008281328523809521
TOPIX1000,return,TOPIX1000_return,2009-09-15,-0.0015986134,-0.0173807033,-0.0084649331,0.0017443081,0.014168012618267068,0.012969155339089143,-0.0022311534399999944,-0.0019097965523809522
TOPIX1000,return,TOPIX1000_return,2009-09-16,-0.0009980663,-0.0015986134,-0.0173807033,-0.0070778694,0.014011523059794848,0.011842675685541136,-0.0028997377399999943,-0.0007955801523809524
TOPIX1000,return,TOPIX1000_return,2009-09-17,0.0087837366,-0.0009980663,-0.0015986134,0.0200234305,0.013820798482460362,0.011840898699850852,-0.0016837771199999945,-0.000848448580952381
TOPIX1000,return,TOPIX1000_return,2009-09-18,-7.20314e-05,0.0087837366,-0.0009980663,-0.0084649331,0.009710274452848605,0.011936064386504146,-0.003931715899999995,-0.00010445610952380954
TOPIX1000,return,TOPIX1000_return,2009-09-24,0.0112562654,-7.20314e-05,0.0087837366,-0.0173807033,0.009452733285491675,0.011325370490940139,-0.002253135559999995,-0.0008871786095238094
TOPIX1000,return,TOPIX1000_return,2009-09-25,-0.0221600712,0.0112562654,-7.20314e-05,-0.0015986134,0.0060634577505614155,0.011326033233381503,0.0034742581800000045,0.00021618185238095233
TOPIX1000,return,TOPIX1000_return,2009-09-28,-0.0219319521,-0.0221600712,0.0112562654,-0.0009980663,0.013170916700198742,0.010901790261989078,-0.000638033379999995,-0.0020020543285714284
TOPIX1000,return,TOPIX1000_return,2009-09-29,0.0013868681,-0.0219319521,-0.0221600712,0.0087837366,0.016275349633013192,0.011725830047025505,-0.004824810539999995,-0.00279188059047619
TOPIX1000,return,TOPIX1000_return,2009-09-30,0.0064555345,0.0013868681,-0.0219319521,-7.20314e-05,0.015016638157815669,0.01133868144228167,-0.006304184239999995,-0.003252039166666667
TOPIX1000,return,TOPIX1000_return,2009-10-01,-0.015030223,0.0064555345,0.0013868681,0.0112562654,0.015948719041337465,0.011349371624951438,-0.004998671059999996,-0.0023815947476190473
TOPIX1000,return,TOPIX1000_return,2009-10-02,-0.0239961253,-0.015030223,0.0064555345,-0.0221600712,0.013375908723930633,0.011525212933795171,-0.010255968739999993,-0.0033520420571428572
TOPIX1000,return,TOPIX1000_return,2009-10-05,-0.008610231,-0.0239961253,-0.015030223,-0.0219319521,0.013802805554915296,0.012375381250994053,-0.010623179559999996,-0.004320412328571428
TOPIX1000,return,TOPIX1000_return,2009-10-06,0.0052864922,-0.008610231,-0.0239961253,0.0013868681,0.012275379216929646,0.012286134200250157,-0.007958835339999994,-0.004880509228571429
TOPIX1000,return,TOPIX1000_return,2009-10-07,0.0161515197,0.0052864922,-0.008610231,0.0064555345,0.013112921631990595,0.011987915557530973,-0.0071789105199999955,-0.003692462623809524
TOPIX1000,return,TOPIX1000_return,2009-10-08,0.002294122,0.0161515197,0.0052864922,-0.015030223,0.016026566322469626,0.012703402425499897,-0.0052397134799999955,-0.002569494961904762
TOPIX1000,return,TOPIX1000_return,2009-10-09,0.0118015848,0.002294122,0.0161515197,-0.0239961253,0.015233854787912032,0.01269384330549839,-0.0017748444799999957,-0.0021047346857142857
TOPIX1000,return,TOPIX1000_return,2009-10-13,0.0038917331,0.0118015848,0.002294122,-0.008610231,0.00951998198303934,0.01279761611787714,0.005384697540000005,-0.0020065217904761904
TOPIX1000,return,TOPIX1000_return,2009-10-14,-0.0080093128,0.0038917331,0.0118015848,0.0052864922,0.005865818880118844,0.01283760230688592,0.007885090360000005,-0.0019042634571428572
TOPIX1000,return,TOPIX1000_return,2009-10-15,0.011012887,-0.0080093128,0.0038917331,0.0161515197,0.009329455742878204,0.012857964020723716,0.0052259293600000045,-0.0019486179047619046
TOPIX1000,return,TOPIX1000_return,2009-10-16,-0.003503248,0.011012887,-0.0080093128,0.002294122,0.008015519681808591,0.012222741689209976,0.004198202820000005,-0.002377691404761905
TOPIX1000,return,TOPIX1000_return,2009-10-19,0.0052892565,-0.003503248,0.011012887,0.0118015848,0.00874584393095158,0.01214690979901803,0.0030387288200000055,-0.0021414206857142855
TOPIX1000,return,TOPIX1000_return,2009-10-20,0.008514043,0.0052892565,-0.003503248,0.0038917331,0.007512560984662264,0.011724877108485106,0.0017362631600000053,-0.0010618987904761905
TOPIX1000,return,TOPIX1000_return,2009-10-21,0.000179351,0.008514043,0.0052892565,-0.0080093128,0.008105143264125838,0.011907971409642353,0.002660725140000005,-0.0005803437238095237
TOPIX1000,return,TOPIX1000_return,2009-10-22,-0.0056271893,0.000179351,0.008514043,0.011012887,0.005951261512144988,0.011908678119226048,0.004298457900000005,-0.0005242762333333333
TOPIX1000,return,TOPIX1000_return,2009-10-23,-0.0073862604,-0.0056271893,0.000179351,-0.003503248,0.005910299076394732,0.011759769628519243,0.0009704426400000054,-0.0012105108
TOPIX1000,return,TOPIX1000_return,2009-10-26,0.0095764471,-0.0073862604,-0.0056271893,0.0052892565,0.00682882788965904,0.011832455072517513,0.0001938401600000054,-0.0015588074190476188
TOPIX1000,return,TOPIX1000_return,2009-10-27,-0.0167612428,0.0095764471,-0.0073862604,0.008514043,0.007825049617267484,0.011746857647430255,0.0010512782800000055,-0.0016387987666666665
TOPIX1000,return,TOPIX1000_return,2009-10-28,-0.007560881,-0.0167612428,0.0095764471,0.000179351,0.009730758469356634,0.01132685087321545,-0.004003778879999994,-0.0013817117
TOPIX1000,return,TOPIX1000_return,2009-10-29,-0.0073364382,-0.007560881,-0.0167612428,-0.0056271893,0.009512134397339778,0.010421099066738904,-0.005551825279999994,-0.0006973749809523809
TOPIX1000,return,TOPIX1000_return,2009-10-30,0.014235734,-0.0073364382,-0.007560881,-0.0073862604,0.00954617279791368,0.010507367852767133,-0.005893675059999995,-0.0011127705190476188
TOPIX1000,return,TOPIX1000_return,2009-11-02,-0.0160489041,0.014235734,-0.0073364382,0.0095764471,0.012980570385112217,0.010916754282737539,-0.001569276179999995,-0.0007422848285714285
TOPIX1000,return,TOPIX1000_return,2009-11-04,0.000864263,-0.0160489041,0.014235734,-0.0167612428,0.012530777934091429,0.010985464220744175,-0.006694346419999994,-0.0007907934523809523
TOPIX1000,return,TOPIX1000_return,2009-11-05,-0.0071701704,0.000864263,-0.0160489041,-0.007560881,0.01142081504568894,0.009613609739561652,-0.003169245259999995,0.0003930345619047621
TOPIX1000,return,TOPIX1000_return,2009-11-06,-0.0008146531,-0.0071701704,0.000864263,-0.0073364382,0.011384534155816254,0.009551110856443135,-0.0030911031399999947,0.00046160887619047625
TOPIX1000,return,TOPIX1000_return,2009-11-09,-0.0038011376,-0.0008146531,-0.0071701704,0.014235734,0.0111476801467236,0.009489602592299858,-0.0017867461199999953,0.0001710781476190477
TOPIX1000,return,TOPIX1000_return,2009-11-10,0.0020240667,-0.0038011376,-0.0008146531,-0.0160489041,0.006696178892296451,0.008782077156703883,-0.005394120439999995,-0.0007790483904761903
TOPIX1000,return,TOPIX1000_return,2009-11-11,-1.10487e-05,0.0020240667,-0.0038011376,0.000864263,0.003726052801748584,0.008777548600938765,-0.0017795262799999954,-0.0007919081666666665
TOPIX1000,return,TOPIX1000_return,2009-11-12,-0.0049669971,-1.10487e-05,0.0020240667,-0.0071701704,0.0035888206630159945,0.008295408922421163,-0.001954588619999995,-0.0013544145238095235
TOPIX1000,return,TOPIX1000_return,2009-11-13,-0.0009985247,-0.0049669971,-1.10487e-05,-0.0008146531,0.0028469304537388864,0.008240351530683513,-0.0015139539599999953,-0.001776258819047619
TOPIX1000,return,TOPIX1000_return,2009-11-16,-0.0072175722,-0.0009985247,-0.0049669971,-0.0038011376,0.0028368087664624887,0.008116283769291134,-0.0015507282799999953,-0.0014424117666666666
TOPIX1000,return,TOPIX1000_return,2009-11-17,-0.0037021973,-0.0072175722,-0.0009985247,0.0020240667,0.003771747232410875,0.007680732652806635,-0.0022340151999999955,-0.0023105288714285713
TOPIX1000,return,TOPIX1000_return,2009-11-18,-0.008206172,-0.0037021973,-0.0072175722,-1.10487e-05,0.0029313216333639504,0.007682399882107419,-0.0033792679999999956,-0.0023200026476190476
TOPIX1000,return,TOPIX1000_return,2009-11-19,-0.0147148716,-0.008206172,-0.0037021973,-0.0049669971,0.0028676069232372544,0.007577792650437461,-0.005018292659999995,-0.0029626420999999997
TOPIX1000,return,TOPIX1000_return,2009-11-20,0.0012290284,-0.0147148716,-0.008206172,-0.0009985247,0.0051939743529502225,0.007513870583450548,-0.006967867559999995,-0.00406878089047619
TOPIX1000,return,TOPIX1000_return,2009-11-24,-0.0112558516,0.0012290284,-0.0147148716,-0.0072175722,0.0058837302995758175,0.007546962017498461,-0.0065223569399999945,-0.004018796252380953
TOPIX1000,return,TOPIX1000_return,2009-11-25,0.0049668339,-0.0112558516,0.0012290284,-0.0037021973,0.006267659776356023,0.007705232302683915,-0.007330012819999995,-0.004286827790476191
TOPIX1000,return,TOPIX1000_return,2009-11-26,-0.0045614203,0.0049668339,-0.0112558516,-0.008206172,0.00836891883261082,0.007925179028938955,-0.0055962065799999945,-0.003698585204761905
TOPIX1000,return,TOPIX1000_return,2009-11-27,-0.0226437264,-0.0045614203,0.0049668339,-0.0147148716,0.008242530404373132,0.007318364547066537,-0.004867256239999995,-0.004371816985714286
TOPIX1000,return,TOPIX1000_return,2009-11-30,0.0358209055,-0.0226437264,-0.0045614203,0.0012290284,0.010934020820940346,0.007905334285789736,-0.006453027199999996,-0.004651935252380952
TOPIX1000,return,TOPIX1000_return,2009-12-01,0.0212783406,0.0358209055,-0.0226437264,-0.0112558516,0.022175228638468224,0.01181070914455022,0.00046534822000000446,-0.0025861358952380953
TOPIX1000,return,TOPIX1000_return,2009-12-02,0.0011893684,0.0212783406,0.0358209055,0.0049668339,0.02264432851091873,0.012840977640197624,0.006972186660000004,-0.0012235273809523808
TOPIX1000,return,TOPIX1000_return,2009-12-03,0.0344375296,0.0011893684,0.0212783406,-0.0045614203,0.02279050324727955,0.012362326464464732,0.006216693560000004,-0.0018447828857142854
TOPIX1000,return,TOPIX1000_return,2009-12-04,0.0020151347,0.0344375296,0.0011893684,-0.0226437264,0.024767379669708378,0.014229926589075147,0.014016483540000005,0.000559333004761905
TOPIX1000,return,TOPIX1000_return,2009-12-07,0.0095573077,0.0020151347,0.0344375296,0.0358209055,0.016823658028195083,0.014233375423954525,0.018948255760000005,0.0006141364190476192
TOPIX1000,return,TOPIX1000_return,2009-12-08,-0.0023988675,0.0095573077,0.0020151347,0.0212783406,0.014121704572531908,0.01424401660993692,0.013695536200000006,0.0014106829952380956
TOPIX1000,return,TOPIX1000_return,2009-12-09,-0.0133865499,-0.0023988675,0.0095573077,0.0011893684,0.014892103875403632,0.014260577174012055,0.008960094580000005,0.0013352442142857146
TOPIX1000,return,TOPIX1000_return,2009-12-10,-0.0127085634,-0.0133865499,-0.0023988675,0.0344375296,0.01791365321923874,0.014582960581247088,0.006044910920000005,0.0008787960095238097
TOPIX1000,return,TOPIX1000_return,2009-12-11,0.0170159601,-0.0127085634,-0.0133865499,0.0020151347,0.0098055733280448,0.014876531424045263,-0.0033843076799999956,0.0001772421952380956
TOPIX1000,return,TOPIX1000_return,2009-12-14,-0.0039877015,0.0170159601,-0.0127085634,0.0095573077,0.013477843559998417,0.015323062754219352,-0.00038414259999999535,0.0009880521380952385
TOPIX1000,return,TOPIX1000_return,2009-12-15,-0.000511315,-0.0039877015,0.0170159601,-0.0023988675,0.0122889057277687,0.015305513530458241,-0.003093144439999995,0.0010346852619047624
TOPIX1000,return,TOPIX1000_return,2009-12-16,0.0155551407,-0.000511315,-0.0039877015,-0.0133865499,0.012344432630175123,0.015302646436468663,-0.0027156339399999952,0.0010578857238095242
TOPIX1000,return,TOPIX1000_return,2009-12-17,-0.0022510076,0.0155551407,-0.000511315,-0.0127085634,0.012864374600099959,0.015492598051981303,0.0030727041800000044,0.002142300623809524
TOPIX1000,return,TOPIX1000_return,2009-12-18,-0.0031045382,-0.0022510076,0.0155551407,0.0170159601,0.010239506109057665,0.01546844304667757,0.0051642153400000045,0.0022114048952380956
TOPIX1000,return,TOPIX1000_return,2009-12-21,-0.002273899,-0.0031045382,-0.0022510076,-0.0039877015,0.00815983275427155,0.015336147794139965,0.0011401156800000035,0.0024543398380952384
TOPIX1000,return,TOPIX1000_return,2009-12-22,0.0132093208,-0.002273899,-0.0031045382,-0.000511315,0.007923147192130827,0.014873050515926519,0.0014828761800000033,0.0030467671047619046
TOPIX1000,return,TOPIX1000_return,2009-12-24,0.0119711134,0.0132093208,-0.002273899,0.0155551407,0.009313787915302926,0.015028791232523321,0.004227003340000004,0.0036172572190476195
TOPIX1000,return,TOPIX1000_return,2009-12-25,-0.0047929579,0.0119711134,0.0132093208,-0.0022510076,0.008307557937834494,0.014731223260034888,0.003510197880000004,0.004723303171428572
TOPIX1000,return,TOPIX1000_return,2009-12-28,0.0067531055,-0.0047929579,0.0119711134,-0.0031045382,0.008810798497022546,0.014876395412931861,0.0030018078200000037,0.004258551180952382
TOPIX1000,return,TOPIX1000_return,2009-12-29,0.0010934554,0.0067531055,-0.0047929579,-0.002273899,0.008183379884334357,0.014745300260079834,0.004973336560000004,0.004797338123809524
TOPIX1000,return,TOPIX1000_return,2009-12-30,-0.009094992,0.0010934554,0.0067531055,0.0132093208,0.0075520537727804095,0.01338348457410468,0.005646807440000004,0.005927680114285715
TOPIX1000,return,TOPIX1000_return,2010-01-04,0.0091042065,-0.009094992,0.0010934554,0.0119711134,0.008496567443103484,0.011870889754847413,0.0011859448800000036,0.003788827852380953
TOPIX1000,return,TOPIX1000_return,2010-01-05,0.0042852587,0.0091042065,-0.009094992,-0.0047929579,0.007640382996030645,0.011255383308130263,0.0006125635000000035,0.0032091071809523817
TOPIX1000,return,TOPIX1000_return,2010-01-06,0.0127169112,0.0042852587,0.0091042065,0.0067531055,0.007093800716172517,0.011247878509069002,0.0024282068200000033,0.0033565305285714283
TOPIX1000,return,TOPIX1000_return,2010-01-07,0.0007538313,0.0127169112,0.0042852587,0.0010934554,0.008386407573335168,0.00902612230471748,0.003620967960000003,0.002322215366666667
TOPIX1000,return,TOPIX1000_return,2010-01-08,0.0102262448,0.0007538313,0.0127169112,-0.009094992,0.008413328888208754,0.009032462152564504,0.0035530431400000034,0.0022621533000000004
TOPIX1000,return,TOPIX1000_return,2010-01-12,0.0137180184,0.0102262448,0.0007538313,0.0091042065,0.004822686002651659,0.009060611508142276,0.007417290500000002,0.0022940074476190475
TOPIX1000,return,TOPIX1000_return,2010-01-13,-0.0107714808,0.0137180184,0.0102262448,0.0042852587,0.0056042224159502056,0.00932204197150838,0.008340052880000004,0.0030614782047619048
TOPIX1000,return,TOPIX1000_return,2010-01-14,0.0160732781,-0.0107714808,0.0137180184,0.0127169112,0.010357334580325136,0.00910630773061272,0.005328704980000003,0.0031860053047619045
TOPIX1000,return,TOPIX1000_return,2010-01-15,0.0079098381,0.0160732781,-0.0107714808,0.0007538313,0.011042019052957347,0.008753553401601066,0.005999978360000003,0.004556569185714286
TOPIX1000,return,TOPIX1000_return,2010-01-18,-0.0093396923,0.0079098381,0.0160732781,0.0102262448,0.010648809295532637,0.008320316378295917,0.007431179720000003,0.004122944328571428
TOPIX1000,return,TOPIX1000_return,2010-01-19,-0.008343017,-0.0093396923,0.0079098381,0.0137180184,0.012752187442161065,0.008656354056980373,0.0035179923000000037,0.003868087623809524
TOPIX1000,return,TOPIX1000_return,2010-01-20,-0.0053355946,-0.008343017,-0.0093396923,-0.0107714808,0.01214267568155837,0.009015709842314068,-0.0008942147799999963,0.003495149433333334
TOPIX1000,return,TOPIX1000_return,2010-01-21,0.0121635424,-0.0053355946,-0.008343017,0.0160732781,0.011247599630030209,0.008767602554099587,0.00019296246000000372,0.0025003525142857142
TOPIX1000,return,TOPIX1000_return,2010-01-22,-0.0159093229,0.0121635424,-0.0053355946,0.0079098381,0.009925814102316162,0.008939587956622348,-0.0005889846799999966,0.0031867596571428574
TOPIX1000,return,TOPIX1000_return,2010-01-25,-0.0068466754,-0.0159093229,0.0121635424,-0.0093396923,0.010524963548102142,0.009786717678457022,-0.005352816879999997,0.002577008004761904
TOPIX1000,return,TOPIX1000_return,2010-01-26,-0.0196014409,-0.0068466754,-0.0159093229,-0.008343017,0.010346410510002424,0.009949561901639358,-0.004854213499999998,0.002359256747619048
TOPIX1000,return,TOPIX1000_return,2010-01-27,-0.0095504415,-0.0196014409,-0.0068466754,-0.0053355946,0.012330362790174047,0.010707847339017421,-0.0071058982799999965,0.0007968395238095238
TOPIX1000,return,TOPIX1000_return,2010-01-28,0.0073750266,-0.0095504415,-0.0196014409,0.0121635424,0.012323151136237165,0.01061439036763169,-0.007948867659999996,-0.000227996423809524
TOPIX1000,return,TOPIX1000_return,2010-01-29,-0.014484391,0.0073750266,-0.0095504415,-0.0159093229,0.010406331436472642,0.01068462042951469,-0.008906570819999996,0.00035143140952380937
TOPIX1000,return,TOPIX1000_return,2010-02-01,-0.0025828737,-0.014484391,0.0073750266,-0.0068466754,0.010183741833744344,0.011047318206084159,-0.008621584439999996,-0.0006598779476190477
TOPIX1000,return,TOPIX1000_return,2010-02-02,0.0161369624,-0.0025828737,-0.014484391,-0.0196014409,0.010541751695747148,0.011047273273292945,-0.007768824099999995,-0.0008349412380952383
TOPIX1000,return,TOPIX1000_return,2010-02-03,0.0030225476,0.0161369624,-0.0025828737,-0.0095504415,0.01245535255442817,0.011468097642644937,-0.0006211434399999965,0.00036658039999999984
TOPIX1000,return,TOPIX1000_return,2010-02-04,-0.0052076354,0.0030225476,0.0161369624,0.0073750266,0.011428815977489903,0.011312144043579442,0.0018934543800000034,7.697759523809509e-05
TOPIX1000,return,TOPIX1000_return,2010-02-05,-0.0213619182,-0.0052076354,0.0030225476,-0.014484391,0.011304694865946294,0.011325233705319446,-0.0006230780199999965,-0.0003750649809523811
TOPIX1000,return,TOPIX1000_return,2010-02-08,-0.0099437255,-0.0213619182,-0.0052076354,-0.0025828737,0.01359860215659433,0.011787627762312096,-0.001998583459999997,-0.001997866380952381
TOPIX1000,return,TOPIX1000_return,2010-02-09,-0.0016339517,-0.0099437255,-0.0213619182,0.0161369624,0.014068007868566816,0.011893441022176886,-0.003470753819999997,-0.002507273847619048
TOPIX1000,return,TOPIX1000_return,2010-02-10,0.0023241506,-0.0016339517,-0.0099437255,0.0030225476,0.00931914173401045,0.011534731646727886,-0.0070249366399999956,-0.0030720451095238095
TOPIX1000,return,TOPIX1000_return,2010-02-12,0.0099601599,0.0023241506,-0.0016339517,-0.0052076354,0.009134297340634114,0.010959086328978494,-0.007164616039999997,-0.0036146102428571427
TOPIX1000,return,TOPIX1000_return,2010-02-15,-0.0098943004,0.0099601599,0.0023241506,-0.0213619182,0.01201204943531483,0.011212979846616254,-0.004131056979999997,-0.0026273892571428573
TOPIX1000,return,TOPIX1000_return,2010-02-16,0.0019486188,-0.0098943004,0.0099601599,-0.0099437255,0.008473022944612026,0.010453710189048263,-0.0018375334199999972,-0.0038639406142857145
TOPIX1000,return,TOPIX1000_return,2010-02-17,0.0222618092,0.0019486188,-0.0098943004,-0.0016339517,0.007202560296257418,0.010195766079930578,0.000540935440000003,-0.0041478082
TOPIX1000,return,TOPIX1000_return,2010-02-18,6.38325e-05,0.0222618092,0.0019486188,0.0023241506,0.011836091461215358,0.011623317415312152,0.005320087620000002,-0.0026429747952380956
TOPIX1000,return,TOPIX1000_return,2010-02-19,-0.0174504448,6.38325e-05,0.0222618092,0.0099601599,0.01202084664228255,0.011561792675674011,0.004868024000000004,-0.0022426486285714287
TOPIX1000,return,TOPIX1000_return,2010-02-22,0.0233739099,-0.0174504448,6.38325e-05,-0.0098943004,0.014999324714280263,0.01201711845403058,-0.0006140969399999966,-0.0028195462571428574
TOPIX1000,return,TOPIX1000_return,2010-02-23,-0.0026846063,0.0233739099,-0.0174504448,0.0019486188,0.017087030901546067,0.01293027942736365,0.006039545120000003,-0.002285719233333333
TOPIX1000,return,TOPIX1000_return,2010-02-24,-0.0126428627,-0.0026846063,0.0233739099,0.0222618092,0.017485338751361993,0.012550041456454159,0.005112900100000003,-0.001655970823809524
TOPIX1000,return,TOPIX1000_return,2010-02-25,-0.0049804013,-0.0126428627,-0.0026846063,6.38325e-05,0.015815048926576206,0.012732319880691234,-0.0018680342799999965,-0.0019319797428571429
TOPIX1000,return,TOPIX1000_return,2010-02-26,0.0030096227,-0.0049804013,-0.0126428627,-0.0174504448,0.015821891088660202,0.012101947477490079,-0.0028768810399999963,-0.0012357397619047622
TOPIX1000,return,TOPIX1000_return,2010-03-01,0.0053988588,0.0030096227,-0.0049804013,0.0233739099,0.01360025959016075,0.01198023234209574,0.0012151324600000034,-0.0006376414666666669
TOPIX1000,return,TOPIX1000_return,2010-03-02,0.0042038087,0.0053988588,0.0030096227,-0.0026846063,0.007101758580134791,0.011921765518505729,-0.002379877759999997,-0.0007317446952380955
TOPIX1000,return,TOPIX1000_return,2010-03-03,0.0033235909,0.0042038087,0.0053988588,-0.0126428627,0.007673035830102129,0.011535084249535569,-0.0010021947599999968,0.00015816957619047583
TOPIX1000,return,TOPIX1000_return,2010-03-04,-0.0088545395,0.0033235909,0.0042038087,-0.0049804013,0.004114719272770971,0.01153691616781919,0.002191095960000003,0.0004394297952380949
TOPIX1000,return,TOPIX1000_return,2010-03-05,0.0147500136,-0.0088545395,0.0033235909,0.0030096227,0.0058158739494020475,0.011118076169058225,0.0014162683200000035,-0.0007506417238095242
TOPIX1000,return,TOPIX1000_return,2010-03-08,0.018367573,0.0147500136,-0.0088545395,0.0053988588,0.00841100749755982,0.011601113092050544,0.0037643465000000037,-0.00019219096190476226
TOPIX1000,return,TOPIX1000_return,2010-03-09,-0.0032341899,0.018367573,0.0147500136,0.0042038087,0.010722934214188119,0.012215892196118183,0.006358089340000003,0.0009304380095238094
TOPIX1000,return,TOPIX1000_return,2010-03-10,-0.0020902552,-0.0032341899,0.018367573,0.0033235909,0.011578335415278404,0.011156404241702838,0.004870489620000004,0.0017936631666666662
TOPIX1000,return,TOPIX1000_return,2010-03-11,0.0085660392,-0.0020902552,-0.0032341899,-0.0088545395,0.012004463032921159,0.010871266350923604,0.003787720400000004,0.0021676379428571422
TOPIX1000,return,TOPIX1000_return,2010-03-12,0.0065095277,0.0085660392,-0.0020902552,0.0147500136,0.009730606527367517,0.010920672642779187,0.007271836140000004,0.002653351795238095
TOPIX1000,return,TOPIX1000_return,2010-03-15,0.0026383508,0.0065095277,0.0085660392,0.018367573,0.008800790703434163,0.01095250970685279,0.005623738960000004,0.0028526554666666666
TOPIX1000,return,TOPIX1000_return,2010-03-16,-0.00095238,0.0026383508,0.0065095277,-0.0032341899,0.005168201288795349,0.010830803018659926,0.0024778945200000036,0.00250399789047619
TOPIX1000,return,TOPIX1000_return,2010-03-17,0.0099922136,-0.00095238,0.0026383508,-0.0020902552,0.004608111376242725,0.010489392516321135,0.0029342565000000037,0.0029298036238095235
TOPIX1000,return,TOPIX1000_return,2010-03-18,-0.007143298,0.0099922136,-0.00095238,0.0085660392,0.004480808854571889,0.010598068441014971,0.005350750260000004,0.003312831947619047
TOPIX1000,return,TOPIX1000_return,2010-03-19,0.008687032,-0.007143298,0.0099922136,0.0065095277,0.006646749127725923,0.009888057713163199,0.0022088828200000033,0.0019125887476190474
TOPIX1000,return,TOPIX1000_return,2010-03-23,-0.0017327883,0.008687032,-0.007143298,0.0026383508,0.00705761399636701,0.009986010105660394,0.002644383680000004,0.002323217295238095
TOPIX1000,return,TOPIX1000_return,2010-03-24,0.0047705185,-0.0017327883,0.008687032,-0.00095238,0.00732423866397403,0.00896687624196575,0.0017701558600000042,0.0030716771285714283
TOPIX1000,return,TOPIX1000_return,2010-03-25,0.0001615318,0.0047705185,-0.0017327883,0.0099922136,0.0072390874604757625,0.007688701136699772,0.0029147355600000037,0.002185801347619048
TOPIX1000,return,TOPIX1000_return,2010-03-26,0.015331497,0.0001615318,0.0047705185,-0.007143298,0.006078209515319773,0.007623363961345116,0.0009485992000000037,0.002321331733333333
TOPIX1000,return,TOPIX1000_return,2010-03-29,0.007927883,0.015331497,0.0001615318,0.008687032,0.006858283138292836,0.007315688130531993,0.005443558200000004,0.0036534441
TOPIX1000,return,TOPIX1000_return,2010-03-30,0.0139055758,0.007927883,0.015331497,-0.0017327883,0.006776442215494347,0.007092879990336143,0.0052917284000000035,0.004268124304761905
TOPIX1000,return,TOPIX1000_return,2010-03-31,-0.0007592276,0.0139055758,0.007927883,0.0047705185,0.006317110142636621,0.0073885795570604075,0.008419401220000003,0.004786979214285714
TOPIX1000,return,TOPIX1000_return,2010-04-01,0.0067019625,-0.0007592276,0.0139055758,0.0001615318,0.007490673964032489,0.007484658843117902,0.007313452000000003,0.004493737004761905
TOPIX1000,return,TOPIX1000_return,2010-04-02,0.0042671221,0.0067019625,-0.0007592276,0.015331497,0.006424743104881286,0.007499657931314866,0.008621538140000004,0.00461269670952381
TOPIX1000,return,TOPIX1000_return,2010-04-05,0.0062918291,0.0042671221,0.0067019625,0.007927883,0.00535169619410158,0.00749437327882241,0.006408663160000004,0.0046576267666666666
TOPIX1000,return,TOPIX1000_return,2010-04-06,-0.0049406358,0.0062918291,0.0042671221,0.0139055758,0.005285189103013031,0.006828177622913396,0.006081452380000003,0.005378882414285714
TOPIX1000,return,TOPIX1000_return,2010-04-07,0.0047630961,-0.0049406358,0.0062918291,-0.0007592276,0.005024103841491015,0.006828951649517269,0.0023122100600000035,0.004441232442857143
TOPIX1000,return,TOPIX1000_return,2010-04-08,-0.0097970676,0.0047630961,-0.0049406358,0.0067019625,0.004781223141431055,0.006041683659691648,0.003416674800000004,0.0037934002095238095
TOPIX1000,return,TOPIX1000_return,2010-04-09,0.0033270146,-0.0097970676,0.0047630961,0.0042671221,0.007085313207725342,0.006570013714181403,0.00011686878000000365,0.0034808822238095237
TOPIX1000,return,TOPIX1000_return,2010-04-12,0.0053306343,0.0033270146,-0.0097970676,0.0062918291,0.006958992853665139,0.006445503238301606,-7.115271999999628e-05,0.003738847452380952
TOPIX1000,return,TOPIX1000_return,2010-04-13,-0.0064242087,0.0053306343,0.0033270146,-0.0049406358,0.006749394647457846,0.006362482912731136,-0.0002633916799999962,0.0035847805523809523
TOPIX1000,return,TOPIX1000_return,2010-04-14,0.002653851,-0.0064242087,0.0053306343,0.0047630961,0.00703306776084332,0.006683126920775524,-0.0005601062599999961,0.0029688883428571427
TOPIX1000,return,TOPIX1000_return,2010-04-15,0.0079308553,0.002653851,-0.0064242087,-0.0097970676,0.006688785828528169,0.006683089445770106,-0.0009819552799999961,0.0029696264476190472
TOPIX1000,return,TOPIX1000_return,2010-04-16,-0.0101125838,0.0079308553,0.002653851,0.0033270146,0.00542760445755658,0.0067035350371552884,0.002563629300000004,0.003392637652380952
TOPIX1000,return,TOPIX1000_return,2010-04-19,-0.0182802946,-0.0101125838,0.0079308553,0.0053306343,0.00777519486894784,0.007135602593887983,-0.00012429037999999622,0.0024352663476190474
TOPIX1000,return,TOPIX1000_return,2010-04-20,0.0012970678,-0.0182802946,-0.0101125838,-0.0064242087,0.010370676379442001,0.00821527765581904,-0.0048464761599999965,0.0019049331761904758
TOPIX1000,return,TOPIX1000_return,2010-04-21,0.0152992149,0.0012970678,-0.0182802946,0.002653851,0.010648168675073335,0.008067179879330472,-0.0033022208599999964,0.001553030119047619
TOPIX1000,return,TOPIX1000_return,2010-04-22,-0.009163051,0.0152992149,0.0012970678,0.0079308553,0.01352859526364887,0.008561352256566419,-0.0007731480799999961,0.00236407789047619
TOPIX1000,return,TOPIX1000_return,2010-04-23,-8.7893e-05,-0.009163051,0.0152992149,-0.0101125838,0.012925575701683732,0.008898802795303572,-0.004191929339999996,0.0017005745809523804
TOPIX1000,return,TOPIX1000_return,2010-04-26,0.0189266588,-8.7893e-05,-0.009163051,-0.0182802946,0.012549622591915159,0.008901125841402244,-0.0021869911799999964,0.0016886972095238092
TOPIX1000,return,TOPIX1000_return,2010-04-27,0.0009766186,0.0189266588,-8.7893e-05,0.0012970678,0.011617792744814365,0.009205994442212373,0.005254399500000004,0.00185989539047619
TOPIX1000,return,TOPIX1000_return,2010-04-28,-0.0201351584,0.0009766186,0.0189266588,0.0152992149,0.011645930949826092,0.009101278541018379,0.005190309660000003,0.0015288827999999997
TOPIX1000,return,TOPIX1000_return,2010-04-30,0.0096838128,-0.0201351584,0.0009766186,-0.009163051,0.01440990315569903,0.00979192007178193,-0.0018965649999999965,-9.210454285714325e-05
TOPIX1000,return,TOPIX1000_return,2010-05-06,-0.0309094982,0.0096838128,-0.0201351584,-8.7893e-05,0.014498652627139928,0.010018892867151716,0.0018728077600000035,0.00040518309523809496
TOPIX1000,return,TOPIX1000_return,2010-05-07,-0.026048958,-0.0309094982,0.0096838128,0.0189266588,0.02074659417334409,0.01200241885659275,-0.0042915132799999966,-0.0013858388428571432
TOPIX1000,return,TOPIX1000_return,2010-05-10,0.0137979473,-0.026048958,-0.0309094982,0.0009766186,0.01768775242839672,0.013064665439658467,-0.013286636639999997,-0.0028294617047619048
TOPIX1000,return,TOPIX1000_return,2010-05-11,-0.013509266,0.0137979473,-0.026048958,-0.0201351584,0.020908630318051957,0.013424417123132028,-0.010722370899999997,-0.0024720275047619054
TOPIX1000,return,TOPIX1000_return,2010-05-12,0.0007784357,-0.013509266,0.0137979473,0.0096838128,0.02036583544116726,0.013631819119875644,-0.009397192419999995,-0.0028800575142857144
TOPIX1000,return,TOPIX1000_return,2010-05-13,0.0163239338,0.0007784357,-0.013509266,-0.0309094982,0.01859211198357414,0.013547583831550677,-0.011178267839999995,-0.0030698032476190475
TOPIX1000,return,TOPIX1000_return,2010-05-14,-0.0121947378,0.0163239338,0.0007784357,-0.026048958,0.0180521240846275,0.014087424726599023,-0.001731581439999997,-0.0018259460380952383
TOPIX1000,return,TOPIX1000_return,2010-05-17,-0.0169432284,-0.0121947378,0.0163239338,0.0137979473,0.013993495727034276,0.014210202212508991,0.0010392626000000032,-0.0025650771047619047
TOPIX1000,return,TOPIX1000_return,2010-05-18,-0.0069686836,-0.0169432284,-0.0121947378,-0.013509266,0.013737300146476372,0.014421097247460426,-0.005108972539999997,-0.0036257372333333335
TOPIX1000,return,TOPIX1000_return,2010-05-19,-0.0035191162,-0.0069686836,-0.0169432284,0.0007784357,0.0130306505271595,0.014426868418803362,-0.0038008560599999963,-0.00365166460952381
TOPIX1000,return,TOPIX1000_return,2010-05-20,-0.0139066675,-0.0035191162,-0.0069686836,0.0163239338,0.012792645216126323,0.01435467544161804,-0.0046603664399999965,-0.003945615428571429
TOPIX1000,return,TOPIX1000_return,2010-05-21,-0.020479325,-0.0139066675,-0.0035191162,-0.0121947378,0.005407921556395297,0.014241835721512035,-0.010706486699999995,-0.004985497466666667
TOPIX1000,return,TOPIX1000_return,2010-05-24,0.0003146862,-0.020479325,-0.0139066675,-0.0169432284,0.0070097978274504215,0.014603512907720686,-0.012363404139999997,-0.00547915180952381
TOPIX1000,return,TOPIX1000_return,2010-05-25,-0.0230810444,0.0003146862,-0.020479325,-0.0069686836,0.008317768983859986,0.01435006217982713,-0.008911821219999996,-0.004593676533333334
TOPIX1000,return,TOPIX1000_return,2010-05-26,-0.0008549224,-0.0230810444,0.0003146862,-0.0035191162,0.010269013962888155,0.014827791401974445,-0.012134293379999998,-0.00575453901904762
TOPIX1000,return,TOPIX1000_return,2010-05-27,0.0130122243,-0.0008549224,-0.0230810444,-0.0139066675,0.0108788089561869,0.014081170339703701,-0.011601454619999996,-0.006523783652380952
TOPIX1000,return,TOPIX1000_return,2010-05-28,0.0099053685,0.0130122243,-0.0008549224,-0.020479325,0.015239650370231284,0.014691597448609359,-0.0062176762599999965,-0.005467818161904762
TOPIX1000,return,TOPIX1000_return,2010-05-31,0.0018029567,0.0099053685,0.0130122243,0.0003146862,0.014150086584183798,0.015032459040237988,-0.00014073755999999653,-0.004991948566666667
TOPIX1000,return,TOPIX1000_return,2010-06-01,-0.0004444337,0.0018029567,0.0099053685,-0.0230810444,0.014177688000151359,0.014106035130613145,0.00015691654000000343,-0.005807362952380953
TOPIX1000,return,TOPIX1000_return,2010-06-02,-0.0114654043,-0.0004444337,0.0018029567,-0.0008549224,0.0063620537718580865,0.014075238870394784,0.004684238680000004,-0.005875032109523811
TOPIX1000,return,TOPIX1000_return,2010-06-03,0.0239208787,-0.0114654043,-0.0004444337,0.0130122243,0.009611387913112314,0.013759667103881648,0.0025621423000000035,-0.005462186676190477
TOPIX1000,return,TOPIX1000_return,2010-06-04,-0.0006323703,0.0239208787,-0.0114654043,0.0099053685,0.013159661556243752,0.01485072373583124,0.004743873180000004,-0.004784231157142858
TOPIX1000,return,TOPIX1000_return,2010-06-07,-0.0346896752,-0.0006323703,0.0239208787,0.0018029567,0.01296881780766827,0.013605027905304264,0.002636325420000003,-0.003342463161904762
TOPIX1000,return,TOPIX1000_return,2010-06-08,-0.0010444235,-0.0346896752,-0.0006323703,-0.0004444337,0.021207040833040338,0.014431637377262899,-0.004662200959999997,-0.003753925885714286
TOPIX1000,return,TOPIX1000_return,2010-06-09,-0.0094076932,-0.0010444235,-0.0346896752,-0.0114654043,0.02117888735932259,0.013882049586237932,-0.004782198919999997,-0.004460705447619048
TOPIX1000,return,TOPIX1000_return,2010-06-10,0.0077010681,-0.0094076932,-0.0010444235,0.0239208787,0.021036065502514578,0.013776830483820024,-0.004370656699999998,-0.004265392457142857
TOPIX1000,return,TOPIX1000_return,2010-06-11,0.011307066,0.0077010681,-0.0094076932,-0.0006323703,0.016300025463797926,0.013984804430910514,-0.007614618819999997,-0.0039357432952380955
TOPIX1000,return,TOPIX1000_return,2010-06-14,0.0139896592,0.011307066,0.0077010681,-0.0346896752,0.018327108710062996,0.013660500167634931,-0.005226731559999997,-0.004174641761904761
TOPIX1000,return,TOPIX1000_return,2010-06-15,0.0002715886,0.0139896592,0.011307066,-0.0010444235,0.009628093802301417,0.014080405690413921,0.004509135320000003,-0.0029277657142857145
TOPIX1000,return,TOPIX1000_return,2010-06-16,0.0155524497,0.0002715886,0.0139896592,-0.0094076932,0.00945474973401165,0.013720144424726894,0.004772337740000003,-0.0021080125238095242
TOPIX1000,return,TOPIX1000_return,2010-06-17,-0.005571674,0.0155524497,0.0002715886,0.0077010681,0.00608491905912205,0.014193238907288802,0.009764366320000004,-0.0010355776047619052
TOPIX1000,return,TOPIX1000_return,2010-06-18,-0.0033659333,-0.005571674,0.0155524497,0.011307066,0.009271040346229425,0.014218242158229737,0.007109817900000004,-0.0011333184523809527
TOPIX1000,return,TOPIX1000_return,2010-06-21,0.0202967499,-0.0033659333,-0.005571674,0.0139896592,0.00991052277008437,0.013927856100910917,0.004175218040000003,-0.0006313787285714289
TOPIX1000,return,TOPIX1000_return,2010-06-22,-0.0089471331,0.0202967499,-0.0033659333,0.0002715886,0.011710022437166064,0.01386465555913812,0.005436636180000004,0.0013103391238095234
TOPIX1000,return,TOPIX1000_return,2010-06-23,-0.0154520722,-0.0089471331,0.0202967499,0.0155524497,0.013339008941408732,0.014044061135394137,0.0035928918400000035,0.0008693001095238091
TOPIX1000,return,TOPIX1000_return,2010-06-24,-0.0012789046,-0.0154520722,-0.0089471331,-0.005571674,0.013593566434021445,0.013480930548221323,-0.0026080125399999964,0.0012325844999999996
TOPIX1000,return,TOPIX1000_return,2010-06-25,-0.0142497323,-0.0012789046,-0.0154520722,-0.0033659333,0.013494793981634032,0.013484530213022011,-0.0017494586599999962,0.0012123948714285711
TOPIX1000,return,TOPIX1000_return,2010-06-28,-0.0068038438,-0.0142497323,-0.0012789046,0.0202967499,0.0146491492338772,0.013603494674827233,-0.003926218459999996,-8.579353809523852e-05
TOPIX1000,return,TOPIX1000_return,2010-06-29,-0.0100985581,-0.0068038438,-0.0142497323,-0.0089471331,0.005766940019520168,0.013477972947805457,-0.009346337199999995,-0.0008814703142857146
TOPIX1000,return,TOPIX1000_return,2010-06-30,-0.0126648222,-0.0100985581,-0.0068038438,-0.0154520722,0.005770002279414371,0.013609038548468655,-0.009576622199999996,-0.0014482091142857148
TOPIX1000,return,TOPIX1000_return,2010-07-01,-0.015549462,-0.0126648222,-0.0100985581,-0.0012789046,0.0051631874661585775,0.013823552582402155,-0.009019172199999996,-0.0020301323761904764
TOPIX1000,return,TOPIX1000_return,2010-07-02,0.0031336421,-0.015549462,-0.0126648222,-0.0142497323,0.0034870187801983366,0.013990650045593156,-0.011873283679999996,-0.0022246113142857147
TOPIX1000,return,TOPIX1000_return,2010-07-05,0.0070515903,0.0031336421,-0.015549462,-0.0068038438,0.0072069614282067075,0.012726573334362374,-0.008396608799999997,-0.0032144797238095246
TOPIX1000,return,TOPIX1000_return,2010-07-06,0.0125334912,0.0070515903,0.0031336421,-0.0100985581,0.010068223730861916,0.012913610451763768,-0.005625521979999997,-0.002848576838095239
TOPIX1000,return,TOPIX1000_return,2010-07-07,-0.0066565045,0.0125334912,0.0070515903,-0.0126648222,0.012377159334999156,0.011072008370540612,-0.0010991121199999967,-0.0005998546285714292
TOPIX1000,return,TOPIX1000_return,2010-07-08,0.0234711955,-0.0066565045,0.0125334912,-0.015549462,0.01121021048988007,0.01115072412412463,0.00010255142000000322,-0.0008670965809523815
TOPIX1000,return,TOPIX1000_return,2010-07-09,8.87185e-05,0.0234711955,-0.0066565045,0.0031336421,0.011172073851808647,0.012154641983289015,0.007906682920000003,0.0006985647857142851
TOPIX1000,return,TOPIX1000_return,2010-07-12,-0.004098991,8.87185e-05,0.0234711955,0.0070515903,0.011573085950364517,0.012048410418916635,0.007297698200000004,0.00033607194761904705
TOPIX1000,return,TOPIX1000_return,2010-07-13,-0.0037372898,-0.004098991,8.87185e-05,0.0125334912,0.012656047335320284,0.011813739303507586,0.005067581940000004,-0.0003975498142857148
TOPIX1000,return,TOPIX1000_return,2010-07-14,0.0193156386,-0.0037372898,-0.004098991,-0.0066565045,0.0123444363887621,0.011358888088739383,0.0018134257400000034,-0.0012416902428571434
TOPIX1000,return,TOPIX1000_return,2010-07-15,-0.0162879902,0.0193156386,-0.0037372898,0.0234711955,0.013315571075902852,0.012213783710285751,0.007007854360000005,-0.00033483071904761967
TOPIX1000,return,TOPIX1000_return,2010-07-16,-0.0188846907,-0.0162879902,0.0193156386,8.87185e-05,0.012891023379428912,0.012118892338057505,-0.0009439827799999967,-0.0018510421428571432
TOPIX1000,return,TOPIX1000_return,2010-07-20,-0.0100665984,-0.0188846907,-0.0162879902,-0.004098991,0.015112233558270263,0.012659410101894173,-0.004738664619999998,-0.0024849953190476197
TOPIX1000,return,TOPIX1000_return,2010-07-21,-0.0033478475,-0.0100665984,-0.0188846907,-0.0037372898,0.015283762960137417,0.012766714324061222,-0.005932186099999998,-0.0028040746095238105
TOPIX1000,return,TOPIX1000_return,2010-07-22,-0.0046818478,-0.0033478475,-0.0100665984,0.0193156386,0.01529872988239027,0.011618530998241389,-0.005854297639999997,-0.00393000781904762
TOPIX1000,return,TOPIX1000_return,2010-07-23,0.0193123621,-0.0046818478,-0.0033478475,-0.0162879902,0.006871637753392165,0.011563590816294074,-0.010653794919999997,-0.003726898995238096
TOPIX1000,return,TOPIX1000_return,2010-07-26,0.0053743212,0.0193123621,-0.0046818478,-0.0188846907,0.0141565092357957,0.01226806781790661,-0.003533724459999997,-0.0020714497428571434
TOPIX1000,return,TOPIX1000_return,2010-07-27,0.0002254965,0.0053743212,0.0193123621,-0.0100665984,0.011485079410683587,0.012375001535332495,0.0013180779200000032,-0.0017546294666666673
TOPIX1000,return,TOPIX1000_return,2010-07-28,0.0232716869,0.0002254965,0.0053743212,-0.0033478475,0.009721440634505663,0.012042900061621379,0.0033764969000000026,-0.0010653328571428578
TOPIX1000,return,TOPIX1000_return,2010-07-29,-0.0048481086,0.0232716869,0.0002254965,-0.0046818478,0.012113086799331986,0.013070798835924036,0.008700403780000003,0.0003668352714285708
TOPIX1000,return,TOPIX1000_return,2010-07-30,-0.0136523072,-0.0048481086,0.0232716869,0.0193123621,0.012159147678419741,0.012909829783129694,0.008667151620000004,0.0006168566761904755
TOPIX1000,return,TOPIX1000_return,2010-08-02,0.001459386,-0.0136523072,-0.0048481086,0.0053743212,0.013773918655424301,0.012962317906033981,0.0020742177600000028,0.0005698335809523802
TOPIX1000,return,TOPIX1000_return,2010-08-03,0.0101107712,0.001459386,-0.0136523072,0.0002254965,0.013650140405499016,0.01242500923460162,0.001291230720000003,0.001379778723809523
TOPIX1000,return,TOPIX1000_return,2010-08-04,-0.0154470133,0.0101107712,0.001459386,0.0232716869,0.014163422132655078,0.01256672823669812,0.003268285660000003,0.0017120229666666663
TOPIX1000,return,TOPIX1000_return,2010-08-05,0.0133448753,-0.0154470133,0.0101107712,-0.0048481086,0.010638478638759665,0.013038923588873845,-0.004475454379999997,0.0006406608904761899
TOPIX1000,return,TOPIX1000_return,2010-08-06,0.0047828297,0.0133448753,-0.0154470133,-0.0136523072,0.013265907970135854,0.013077073197776411,-0.0008368575999999968,0.000679298228571428
TOPIX1000,return,TOPIX1000_return,2010-08-09,-0.0042398164,0.0047828297,0.0133448753,0.001459386,0.01121730292320472,0.012994211185096808,0.002850169780000003,0.001224028428571428
TOPIX1000,return,TOPIX1000_return,2010-08-10,-0.0033350758,-0.0042398164,0.0047828297,0.0101107712,0.011674212847065915,0.011990289756301975,0.001710329300000003,-9.554356666666723e-05
TOPIX1000,return,TOPIX1000_return,2010-08-11,-0.0237248335,-0.0033350758,-0.0042398164,-0.0154470133,0.010768931128398307,0.012010918735490952,-0.0009788400999999971,-0.000258581390476191
TOPIX1000,return,TOPIX1000_return,2010-08-12,-0.0079861891,-0.0237248335,-0.0033350758,0.0133448753,0.013767963076901426,0.013043806988455928,-0.002634404139999997,-0.0011931453190476195
TOPIX1000,return,TOPIX1000_return,2010-08-13,0.004146292,-0.0079861891,-0.0237248335,0.0047828297,0.010494386574459343,0.013117985962273185,-0.006900617019999997,-0.0013954738571428575
TOPIX1000,return,TOPIX1000_return,2010-08-16,-0.0031082161,0.004146292,-0.0079861891,-0.0042398164,0.010319627341686621,0.012313477430584715,-0.007027924559999998,-0.0021178236952380963
TOPIX1000,return,TOPIX1000_return,2010-08-17,-0.0022895556,-0.0031082161,0.004146292,-0.0033350758,0.01040808937001515,0.011883497068458749,-0.006801604499999997,-0.0014902154047619052
TOPIX1000,return,TOPIX1000_return,2010-08-18,0.0103555021,-0.0022895556,-0.0031082161,-0.0237248335,0.0105051944161833,0.011201131663271238,-0.0065925004599999976,-0.0006999708761904768
TOPIX1000,return,TOPIX1000_return,2010-08-19,0.010603254,0.0103555021,-0.0022895556,-0.0079861891,0.007121455949203795,0.011233736417786695,0.00022356666000000261,0.0002725100999999994
TOPIX1000,return,TOPIX1000_return,2010-08-20,-0.0171665509,0.010603254,0.0103555021,0.004146292,0.006597061467605784,0.01141990741921352,0.003941455280000003,0.000936848266666666
TOPIX1000,return,TOPIX1000_return,2010-08-23,-0.0058030543,-0.0171665509,0.010603254,-0.0031082161,0.011497210448044755,0.012035420118193606,-0.000321113299999997,0.0003423385952380945
TOPIX1000,return,TOPIX1000_return,2010-08-24,-0.0086570469,-0.0058030543,-0.0171665509,-0.0022895556,0.011721504776173099,0.011280278078241229,-0.0008600809399999972,-0.000853633614285715
TOPIX1000,return,TOPIX1000_return,2010-08-25,-0.0129533759,-0.0086570469,-0.0058030543,0.0103555021,0.012249642731097268,0.011308457241962926,-0.002133579199999997,-0.001521794000000001
TOPIX1000,return,TOPIX1000_return,2010-08-26,0.0055398018,-0.0129533759,-0.0086570469,0.010603254,0.010637728591499704,0.011569316187245906,-0.006795354799999998,-0.002149359352380953
TOPIX1000,return,TOPIX1000_return,2010-08-27,0.0099614488,0.0055398018,-0.0129533759,-0.0171665509,0.00861629080405818,0.010185535770055229,-0.007808045239999997,-0.0029937348333333343
TOPIX1000,return,TOPIX1000_return,2010-08-30,0.0116081612,0.0099614488,0.0055398018,-0.0058030543,0.009720461480622892,0.010556649344004314,-0.0023824452999999966,-0.0022885178142857147
TOPIX1000,return,TOPIX1000_return,2010-08-31,-0.0296295675,0.0116081612,0.0099614488,-0.0086570469,0.011195489101135405,0.01063591460005429,0.001099797800000003,-0.0010856383666666674
TOPIX1000,return,TOPIX1000_return,2010-09-01,0.0086374992,-0.0296295675,0.0116081612,-0.0129533759,0.01776572862305405,0.012297779114046161,-0.0030947063199999966,-0.0025660647238095243
TOPIX1000,return,TOPIX1000_return,2010-09-02,0.009973724,0.0086374992,-0.0296295675,0.0055398018,0.017390389278213042,0.012225836862405965,0.0012234687000000036,-0.002636220533333334
TOPIX1000,return,TOPIX1000_return,2010-09-03,0.0052340797,0.009973724,0.0086374992,0.0099614488,0.017774327414567904,0.012152250696456547,0.002110253140000003,-0.001425709233333334
TOPIX1000,return,TOPIX1000_return,2010-09-06,0.0183278565,0.0052340797,0.009973724,0.0116081612,0.017373501917610567,0.011782601456538457,0.0011647793200000034,-0.0018119375952380958
TOPIX1000,return,TOPIX1000_return,2010-09-07,-0.004579112,0.0183278565,0.0052340797,-0.0296295675,0.018599935535741973,0.01250995150394408,0.0025087183800000033,-0.0011669363190476196
TOPIX1000,return,TOPIX1000_return,2010-09-08,-0.0168367498,-0.004579112,0.0183278565,0.0086374992,0.008302006741965691,0.012514336981098986,0.007518809480000002,-0.001183093252380953
TOPIX1000,return,TOPIX1000_return,2010-09-09,0.0071288401,-0.0168367498,-0.004579112,0.009973724,0.013581675085420571,0.0129689972860431,0.002423959680000004,-0.0018260301095238103
TOPIX1000,return,TOPIX1000_return,2010-09-10,0.0083924495,0.0071288401,-0.0168367498,0.0052340797,0.013241656600495593,0.012081388598926927,0.0018549829000000038,-0.0003568075571428578
TOPIX1000,return,TOPIX1000_return,2010-09-13,0.0048471986,0.0083924495,0.0071288401,0.0183278565,0.013515648268816306,0.012092904468296374,0.002486656860000004,0.00042312761428571374
TOPIX1000,return,TOPIX1000_return,2010-09-14,-0.0033903092,0.0048471986,0.0083924495,-0.004579112,0.010594502304190704,0.012104655771268267,-0.0002094747199999962,0.00045650411904761843
TOPIX1000,return,TOPIX1000_return,2010-09-15,0.0167581023,-0.0033903092,0.0048471986,-0.0168367498,0.01048469412888309,0.012108965232280425,2.8285840000003783e-05,0.0004430711142857137
TOPIX1000,return,TOPIX1000_return,2010-09-16,-0.0046483437,0.0167581023,-0.0033903092,0.0071288401,0.007236189570961773,0.012597573082366923,0.006747256260000003,0.0013501024428571424
TOPIX1000,return,TOPIX1000_return,2010-09-17,0.0087758247,-0.0046483437,0.0167581023,0.0083924495,0.00882359675241891,0.01248627507312894,0.004391819500000003,0.0006356335952380947
TOPIX1000,return,TOPIX1000_return,2010-09-21,-0.0025494856,0.0087758247,-0.0046483437,0.0048471986,0.008868603391813197,0.012419524014668325,0.004468494540000004,0.0005486131523809519
TOPIX1000,return,TOPIX1000_return,2010-09-22,-0.0041029011,-0.0025494856,0.0087758247,-0.0033903092,0.009391152026436776,0.01176963995741492,0.0029891577000000042,0.0012446638809523805
TOPIX1000,return,TOPIX1000_return,2010-09-24,-0.0096244258,-0.0041029011,-0.0025494856,0.0167581023,0.009516736417830733,0.01172449779384685,0.0028466393200000037,0.0013256235571428565
TOPIX1000,return,TOPIX1000_return,2010-09-27,0.013002594,-0.0096244258,-0.0041029011,-0.0046483437,0.006801915049818238,0.011767502451406167,-0.0024298662999999963,0.0012795578952380946
TOPIX1000,return,TOPIX1000_return,2010-09-28,-1.0962e-05,0.013002594,-0.0096244258,0.0087758247,0.00943387860292208,0.011559095787253604,0.0011003212400000034,0.0025155564619047614
TOPIX1000,return,TOPIX1000_return,2010-09-29,0.0049367854,-1.0962e-05,0.013002594,-0.0025494856,0.008409404481761147,0.011549943624508546,-0.0006570360999999966,0.002251234376190476
TOPIX1000,return,TOPIX1000_return,2010-09-30,-0.020655392,0.0049367854,-1.0962e-05,-0.0041029011,0.008651198733675317,0.011433692498039157,0.0008402181000000033,0.00201196469047619
TOPIX1000,return,TOPIX1000_return,2010-10-01,0.0007751583,-0.020655392,0.0049367854,-0.0096244258,0.013059506051772007,0.012220352148222062,-0.002470280079999997,0.00047560501428571344
TOPIX1000,return,TOPIX1000_return,2010-10-04,-0.0086461403,0.0007751583,-0.020655392,0.013002594,0.012449132426296488,0.010090805592617208,-0.00039036325999999713,0.0019234490999999994
TOPIX1000,return,TOPIX1000_return,2010-10-05,0.0122608935,-0.0086461403,0.0007751583,-1.0962e-05,0.01018548726960905,0.010219833511028207,-0.004720110119999997,0.0011004186476190469
TOPIX1000,return,TOPIX1000_return,2010-10-06,0.0145191236,0.0122608935,-0.0086461403,0.0049367854,0.012757696932844594,0.010330710258269222,-0.002265739019999997,0.00120933148095238
TOPIX1000,return,TOPIX1000_return,2010-10-07,0.0017677409,0.0145191236,0.0122608935,-0.020655392,0.014684399359498761,0.010703546425327701,-0.00034927137999999703,0.001651476428571428
TOPIX1000,return,TOPIX1000_return,2010-10-08,-0.0078967716,0.0017677409,0.0145191236,0.0007751583,0.009408907571371658,0.010000427644725977,0.004135355200000003,0.0008628994952380944
TOPIX1000,return,TOPIX1000_return,2010-10-12,-0.0174170191,-0.0078967716,0.0017677409,-0.0086461403,0.010869117319645434,0.010116232682405342,0.0024009692200000037,0.000704915704761904
TOPIX1000,return,TOPIX1000_return,2010-10-13,-0.0022916332,-0.0174170191,-0.0078967716,0.0122608935,0.013489618365179845,0.010167206430853353,0.000646793460000003,0.0006772838333333323
TOPIX1000,return,TOPIX1000_return,2010-10-14,0.0176629993,-0.0022916332,-0.0174170191,0.0145191236,0.011824456006292823,0.010075732367314651,-0.0022637118799999968,0.00022868986666666586
TOPIX1000,return,TOPIX1000_return,2010-10-15,-0.012616724,0.0176629993,-0.0022916332,0.0017677409,0.012968273788345905,0.010638663686184982,-0.0016349367399999966,0.0006701446190476182
TOPIX1000,return,TOPIX1000_return,2010-10-18,0.0049715983,-0.012616724,0.0176629993,-0.0078967716,0.013604625779567347,0.010973133399311674,-0.0045118297199999964,-0.00016147074285714365
TOPIX1000,return,TOPIX1000_return,2010-10-19,0.0039918693,0.0049715983,-0.012616724,-0.0174170191,0.014015187807439218,0.011001787438641792,-0.0019381557399999964,0.00023671532857142777
TOPIX1000,return,TOPIX1000_return,2010-10-20,-0.0120184213,0.0039918693,0.0049715983,-0.0022916332,0.011063496764856006,0.010378272243764596,0.0023436219400000033,-0.0003712005285714294
TOPIX1000,return,TOPIX1000_return,2010-10-21,-0.0039098822,-0.0120184213,0.0039918693,0.0176629993,0.012801020048517521,0.010651168761661032,0.0003982643200000035,-0.0007221566047619055
TOPIX1000,return,TOPIX1000_return,2010-10-22,0.0055020041,-0.0039098822,-0.0120184213,-0.012616724,0.008409454001237751,0.010443262582446796,-0.0039163119799999965,-0.0013262378857142865
TOPIX1000,return,TOPIX1000_return,2010-10-25,-0.0044529177,0.0055020041,-0.0039098822,0.0049715983,0.007586592009400771,0.010543425073052138,-0.00029256635999999614,-0.0009428336142857151
TOPIX1000,return,TOPIX1000_return,2010-10-26,-0.0041281064,-0.0044529177,0.0055020041,0.0039918693,0.00710736073740123,0.010548945623400297,-0.0021774695599999965,-0.0009595010714285722
TOPIX1000,return,TOPIX1000_return,2010-10-27,-0.0002077522,-0.0041281064,-0.0044529177,-0.0120184213,0.006217229038015072,0.010390201310810438,-0.0038014646999999955,-0.000697771576190477
TOPIX1000,return,TOPIX1000_return,2010-10-28,-0.0040767183,-0.0002077522,-0.0041281064,-0.0039098822,0.004245991064904192,0.009907965515294293,-0.0014393308799999962,-0.0013268356809523819
TOPIX1000,return,TOPIX1000_return,2010-10-29,-0.0040817984,-0.0040767183,-0.0002077522,0.0055020041,0.004270842487570596,0.009920682393966183,-0.0014726980999999963,-0.0015204431238095245
TOPIX1000,return,TOPIX1000_return,2010-11-01,-0.0094310547,-0.0040817984,-0.0040767183,-0.0044529177,0.0017854594464399693,0.009821889929150625,-0.0033894585999999964,-0.0019498994952380961
TOPIX1000,return,TOPIX1000_return,2010-11-02,-9.4117e-05,-0.0094310547,-0.0040817984,-0.0041281064,0.003285004958882693,0.00902624879901413,-0.004385085999999996,-0.0014154072428571435
TOPIX1000,return,TOPIX1000_return,2010-11-04,0.0164576171,-9.4117e-05,-0.0094310547,-0.0002077522,0.003816306875364515,0.00901768982419227,-0.0035782881199999963,-0.0014568013047619056
TOPIX1000,return,TOPIX1000_return,2010-11-05,0.0228179324,0.0164576171,-9.4117e-05,-0.0040767183,0.009909425708429754,0.009658169930326435,-0.00024521425999999706,-0.00026138428571428646
TOPIX1000,return,TOPIX1000_return,2010-11-08,0.0079942003,0.0228179324,0.0164576171,-0.0040817984,0.013832486534248683,0.010573895100606497,0.005133715880000003,0.00024133185238095159
TOPIX1000,return,TOPIX1000_return,2010-11-09,-0.0022210282,0.0079942003,0.0228179324,-0.0094310547,0.012839796081250502,0.010223427558552258,0.007548915620000003,-6.93787809523817e-05
TOPIX1000,return,TOPIX1000_return,2010-11-10,0.0156718344,-0.0022210282,0.0079942003,-9.4117e-05,0.010679149865323055,0.010224642720089326,0.008990920920000003,-0.0002593201666666674
TOPIX1000,return,TOPIX1000_return,2010-11-11,0.0039846477,0.0156718344,-0.0022210282,0.0164576171,0.009598966267183318,0.010629877719329496,0.012144111200000005,0.0008629944047619041
TOPIX1000,return,TOPIX1000_return,2010-11-12,-0.0110249962,0.0039846477,0.0156718344,0.0228179324,0.009816009014894028,0.00978177084132083,0.009649517320000004,0.0018821213952380947
TOPIX1000,return,TOPIX1000_return,2010-11-15,0.0054180029,-0.0110249962,0.0039846477,0.0079942003,0.010128866203165034,0.010146926358979822,0.002880931600000004,0.0014662469666666658
TOPIX1000,return,TOPIX1000_return,2010-11-16,-0.004457329,0.0054180029,-0.0110249962,-0.0022210282,0.009865844839908619,0.00950090491087111,0.002365692120000004,0.0008831518999999994
TOPIX1000,return,TOPIX1000_return,2010-11-17,0.0029847643,-0.004457329,0.0054180029,0.0156718344,0.010171713022852335,0.009078677482797302,0.0019184319600000041,0.0012716945190476183
TOPIX1000,return,TOPIX1000_return,2010-11-18,0.0218757361,0.0029847643,-0.004457329,0.0039846477,0.006957794544884973,0.009048494460913688,-0.0006189820599999962,0.0011770833761904755
TOPIX1000,return,TOPIX1000_return,2010-11-19,0.0008364901,0.0218757361,0.0029847643,-0.0110249962,0.012393993999299394,0.010106399251935766,0.002959235620000004,0.00202869608095238
TOPIX1000,return,TOPIX1000_return,2010-11-22,0.0067859563,0.0008364901,0.0218757361,0.0054180029,0.009940481458622105,0.009589100524084855,0.005331532880000004,0.002640834719047618
TOPIX1000,return,TOPIX1000_return,2010-11-24,-0.0103204269,0.0067859563,0.0008364901,-0.004457329,0.009962257495620793,0.00950746930883177,0.005605123560000004,0.0031501603619047613
TOPIX1000,return,TOPIX1000_return,2010-11-25,0.0036284517,-0.0103204269,0.0067859563,0.0029847643,0.011645614197745964,0.009929359518766346,0.004432503980000005,0.002396711266666666
TOPIX1000,return,TOPIX1000_return,2010-11-26,-0.0034417128,0.0036284517,-0.0103204269,0.0218757361,0.011629155207549606,0.009806460744087917,0.004561241460000004,0.0027815383809523804
TOPIX1000,return,TOPIX1000_return,2010-11-29,0.0089992059,-0.0034417128,0.0036284517,0.0008364901,0.006652253600347664,0.009783395820759577,-0.000502248319999996,0.00281422379047619
TOPIX1000,return,TOPIX1000_return,2010-11-30,-0.0157323801,0.0089992059,-0.0034417128,0.0067859563,0.007939920304143668,0.00984728837143587,0.001130294840000004,0.0032526503666666664
TOPIX1000,return,TOPIX1000_return,2010-12-01,0.0060776053,-0.0157323801,0.0089992059,-0.0103204269,0.010038893645241409,0.010582117563497894,-0.0033733724399999956,0.002697618852380952
TOPIX1000,return,TOPIX1000_return,2010-12-02,0.0129214166,0.0060776053,-0.0157323801,0.0036284517,0.009879244215110732,0.010488501143801295,-9.376599999999548e-05,0.00318139998095238
TOPIX1000,return,TOPIX1000_return,2010-12-03,0.0022389284,0.0129214166,0.0060776053,-0.0034417128,0.011496370070872572,0.010276611769418425,0.0017648269800000043,0.004245803376190476
TOPIX1000,return,TOPIX1000_return,2010-12-06,0.0022879535,0.0022389284,0.0129214166,0.0089992059,0.011127992608877335,0.010239893632766284,0.002900955220000004,0.004356900776190476
TOPIX1000,return,TOPIX1000_return,2010-12-07,-0.0027327335,0.0022879535,0.0022389284,-0.0157323801,0.010600799569020913,0.009862557267954493,0.0015587047400000044,0.0036821548904761897
TOPIX1000,return,TOPIX1000_return,2010-12-08,0.0093917809,-0.0027327335,0.0022879535,0.0060776053,0.005812582706699622,0.008914275281061253,0.004158634060000004,0.002465456514285714
TOPIX1000,return,TOPIX1000_return,2010-12-09,0.0048332241,0.0093917809,-0.0027327335,0.0129214166,0.006258016741277179,0.008962700559411363,0.004821469180000004,0.0025320079714285714
TOPIX1000,return,TOPIX1000_return,2010-12-10,-0.003898727,0.0048332241,0.0093917809,0.0022389284,0.004414700231170576,0.00890767822579457,0.003203830680000004,0.0028679247476190474
TOPIX1000,return,TOPIX1000_return,2010-12-13,0.0102956078,-0.003898727,0.0048332241,0.0022879535,0.0054758432900864264,0.008516289328178573,0.001976299600000004,0.0019359932523809516
TOPIX1000,return,TOPIX1000_return,2010-12-14,0.0049374032,0.0102956078,-0.003898727,-0.0027327335,0.006637557800988976,0.008701532241461266,0.003577830460000004,0.0022365151619047614
TOPIX1000,return,TOPIX1000_return,2010-12-15,0.0005342825,0.0049374032,0.0102956078,0.0093917809,0.005623337874177605,0.008165865331408688,0.005111857800000004,0.002996629419047619
TOPIX1000,return,TOPIX1000_return,2010-12-16,0.0015076645,0.0005342825,0.0049374032,0.0048332241,0.005325249141887572,0.008163000325317303,0.0033403581200000037,0.002764071304761904
TOPIX1000,return,TOPIX1000_return,2010-12-17,-0.0008466213,0.0015076645,0.0005342825,-0.003898727,0.005299796256286985,0.008001334518582018,0.002675246200000004,0.003048118614285714
TOPIX1000,return,TOPIX1000_return,2010-12-20,-0.0051167615,-0.0008466213,0.0015076645,0.0102956078,0.004463034803949485,0.008046406161270685,0.003285667340000004,0.0028656716809523806
TOPIX1000,return,TOPIX1000_return,2010-12-21,0.0086767227,-0.0051167615,-0.0008466213,0.0049374032,0.0036615583538863617,0.006937343641502375,0.00020319348000000394,0.0015803146523809522
TOPIX1000,return,TOPIX1000_return,2010-12-22,-0.0004378409,0.0086767227,-0.0051167615,0.0005342825,0.005005484292760673,0.007104271113945751,0.000951057380000004,0.0019536590619047616
TOPIX1000,return,TOPIX1000_return,2010-12-24,-0.0044959687,-0.0004378409,0.0086767227,0.0015076645,0.005044448046390152,0.007033123844366062,0.000756632700000004,0.0016096687190476184
TOPIX1000,return,TOPIX1000_return,2010-12-27,0.0034474511,-0.0044959687,-0.0004378409,-0.0008466213,0.00551368467437067,0.006643164921652431,-0.0004440939399999961,0.0018870238714285708
TOPIX1000,return,TOPIX1000_return,2010-12-28,-0.0012739473,0.0034474511,-0.0044959687,-0.0051167615,0.005764051477066103,0.006640909597792493,0.00041472054000000395,0.0018784047952380945
TOPIX1000,return,TOPIX1000_return,2010-12-29,0.0056564763,-0.0012739473,0.0034474511,0.0086767227,0.005054651794162854,0.006570553654190074,0.0011832833800000037,0.0019816317238095234
TOPIX1000,return,TOPIX1000_return,2010-12-30,-0.0101890704,0.0056564763,-0.0012739473,-0.0004378409,0.004007226704174862,0.0064310557224978825,0.0005792341000000038,0.0018224541238095232
TOPIX1000,return,TOPIX1000_return,2011-01-04,0.0144534917,-0.0101890704,0.0056564763,-0.0044959687,0.0063272448255810715,0.005752437828146461,-0.0013710117999999963,0.002086421252380952
TOPIX1000,return,TOPIX1000_return,2011-01-05,-0.000300058,0.0144534917,-0.0101890704,0.0034474511,0.009068754790981376,0.006306682820149464,0.0024188802800000036,0.0024852729857142855
TOPIX1000,return,TOPIX1000_return,2011-01-06,0.0141585309,-0.000300058,0.0144534917,-0.0012739473,0.009117224857153189,0.005856644848308129,0.0016693784600000036,0.0018556789571428569
TOPIX1000,return,TOPIX1000_return,2011-01-07,0.0020323442,0.0141585309,-0.000300058,0.0056564763,0.010394453350765389,0.006443809027193062,0.004755874100000003,0.0024232790761904758
TOPIX1000,return,TOPIX1000_return,2011-01-11,0.0003262193,0.0020323442,0.0141585309,-0.0101890704,0.01044220170681033,0.006444318821260364,0.004031047680000004,0.002411107204761904
TOPIX1000,return,TOPIX1000_return,2011-01-12,0.0030260426,0.0003262193,0.0020323442,0.0144534917,0.007509294866430129,0.006356205555195497,0.0061341056200000035,0.0025567716238095234
TOPIX1000,return,TOPIX1000_return,2011-01-13,0.0087866203,0.0030260426,0.0003262193,-0.000300058,0.005913725347983943,0.00616279236983766,0.0038486158000000034,0.0022536412285714276
TOPIX1000,return,TOPIX1000_return,2011-01-14,-0.0081262234,0.0087866203,0.0030260426,0.0141585309,0.005712867922576777,0.00630429024265985,0.005665951460000004,0.0024418981904761896
TOPIX1000,return,TOPIX1000_return,2011-01-17,-0.0017966949,-0.0081262234,0.0087866203,0.0020323442,0.006109942032970905,0.006578419798311882,0.001209000600000004,0.0022405888380952377
TOPIX1000,return,TOPIX1000_return,2011-01-18,0.002969672,-0.0017966949,-0.0081262234,0.0003262193,0.006219918995739657,0.0063638252372308435,0.00044319278000000395,0.0016647648999999992
TOPIX1000,return,TOPIX1000_return,2011-01-19,0.0056783824,0.002969672,-0.0017966949,0.0030260426,0.006319046907423878,0.006327612799312239,0.0009718833200000039,0.0015710634142857137
TOPIX1000,return,TOPIX1000_return,2011-01-20,-0.0103953662,0.0056783824,0.002969672,0.0087866203,0.006637883646773101,0.006384781693045593,0.001502351280000004,0.0018160205523809517
TOPIX1000,return,TOPIX1000_return,2011-01-21,-0.0174639216,-0.0103953662,0.0056783824,-0.0081262234,0.006912875344119126,0.006919482855510713,-0.0023340460199999962,0.0012492095666666657
TOPIX1000,return,TOPIX1000_return,2011-01-24,0.0069374701,-0.0174639216,-0.0103953662,-0.0017966949,0.009605684213310374,0.008031887576493313,-0.004201585659999996,0.0004579095523809516
TOPIX1000,return,TOPIX1000_return,2011-01-25,0.0131822052,0.0069374701,-0.0174639216,0.002969672,0.010864099281932802,0.008044292531034676,-0.0024547526599999966,0.0010319205809523801
TOPIX1000,return,TOPIX1000_return,2011-01-26,-0.007237039,0.0131822052,0.0069374701,0.0056783824,0.012906834567216224,0.008313941984982842,-0.00041224601999999624,0.0012464673666666658
TOPIX1000,return,TOPIX1000_return,2011-01-27,0.0076482511,-0.007237039,0.0131822052,-0.0103953662,0.012673455890791791,0.008512826284679222,-0.0029953302999999962,0.0009226960285714278
TOPIX1000,return,TOPIX1000_return,2011-01-28,-0.0107503667,0.0076482511,-0.007237039,-0.0174639216,0.012608298908920523,0.00853877167603654,0.0006133931600000038,0.001500992209523809
TOPIX1000,return,TOPIX1000_return,2011-01-31,-0.010487029,-0.0107503667,0.0076482511,0.0069374701,0.010358669929717283,0.0089300631963172,0.001956104140000004,0.0008249056476190468
TOPIX1000,return,TOPIX1000_return,2011-02-01,0.0038198516,-0.010487029,-0.0107503667,0.0131822052,0.011163591408978293,0.009258599540913673,-0.0015287956799999959,0.0003861874714285707
TOPIX1000,return,TOPIX1000_return,2011-02-02,0.0177345053,0.0038198516,-0.010487029,-0.007237039,0.008561057768095305,0.00921489768278093,-0.003401266399999996,0.00029872915238095157
TOPIX1000,return,TOPIX1000_return,2011-02-03,-0.002347145,0.0177345053,0.0038198516,0.0076482511,0.012252131747219517,0.009631119673158646,0.001593042460000004,0.0016284232333333326
TOPIX1000,return,TOPIX1000_return,2011-02-04,0.0084531372,-0.002347145,0.0177345053,-0.0107503667,0.0118251518627852,0.009200682219373646,-0.00040603675999999564,0.0008283929142857135
TOPIX1000,return,TOPIX1000_return,2011-02-07,0.0052919038,0.0084531372,-0.002347145,-0.010487029,0.010689501336009875,0.00934415831819108,0.0034346640200000043,0.0012452117333333326
TOPIX1000,return,TOPIX1000_return,2011-02-08,0.0039077486,0.0052919038,0.0084531372,0.0038198516,0.007363807001920645,0.008922287061058635,0.006590450580000006,0.0008229913952380946
TOPIX1000,return,TOPIX1000_return,2011-02-09,-3.00504e-05,0.0039077486,0.0052919038,0.0177345053,0.007355639677742839,0.008944355308987541,0.006608029980000004,0.000912296366666666
TOPIX1000,return,TOPIX1000_return,2011-02-10,0.0027820758,-3.00504e-05,0.0039077486,-0.002347145,0.004288691831906046,0.008945860284996771,0.0030551188400000048,0.0008953311428571422
TOPIX1000,return,TOPIX1000_return,2011-02-14,0.0133424824,0.0027820758,-3.00504e-05,0.0084531372,0.003130488269340778,0.008943112893688474,0.004080963000000004,0.0008837136761904755
TOPIX1000,return,TOPIX1000_return,2011-02-15,0.0035648586,0.0133424824,0.0027820758,0.0052919038,0.005026890745838797,0.009196091491445712,0.005058832040000004,0.0011006594904761895
TOPIX1000,return,TOPIX1000_return,2011-02-16,0.0050145237,0.0035648586,0.0133424824,0.0039077486,0.005066054170948685,0.008960441522999497,0.004713423000000004,0.00165737768095238
TOPIX1000,return,TOPIX1000_return,2011-02-17,0.0070984309,0.0050145237,0.0035648586,-3.00504e-05,0.005046191128471934,0.008952432299678252,0.004934778020000004,0.001981721423809523
TOPIX1000,return,TOPIX1000_return,2011-02-18,-0.0005915031,0.0070984309,0.0050145237,0.0027820758,0.004234530760204666,0.009020293248804356,0.006360474280000005,0.0021783289904761896
TOPIX1000,return,TOPIX1000_return,2011-02-21,0.0009603912,-0.0005915031,0.0070984309,0.0133424824,0.005122837346821054,0.009002398089796717,0.005685758500000004,0.0018797630142857135
TOPIX1000,return,TOPIX1000_return,2011-02-22,-0.0185011939,0.0009603912,-0.0005915031,0.0035648586,0.003082786429108938,0.008558297858901035,0.003209340260000005,0.0024205133666666662
TOPIX1000,return,TOPIX1000_return,2011-02-23,-0.0103188412,-0.0185011939,0.0009603912,0.0050145237,0.010147081530000292,0.00868091323219476,-0.0012038702399999953,0.0023711194476190465
TOPIX1000,return,TOPIX1000_return,2011-02-24,-0.0129205038,-0.0103188412,-0.0185011939,0.0070984309,0.010114901270936812,0.009036505465436533,-0.004270543219999995,0.0015493903380952375
TOPIX1000,return,TOPIX1000_return,2011-02-25,0.0082178154,-0.0129205038,-0.0103188412,-0.0005915031,0.008286458940237197,0.009150898233822691,-0.008274330159999996,0.0003064041952380945
TOPIX1000,return,TOPIX1000_return,2011-02-28,0.0097949094,0.0082178154,-0.0129205038,0.0009603912,0.010863998137477047,0.009135348192563154,-0.006512466459999995,0.0010423496428571422
TOPIX1000,return,TOPIX1000_return,2011-03-01,0.0131151773,0.0097949094,0.0082178154,-0.0185011939,0.012909134223408272,0.009224537020636024,-0.004745562819999995,0.0011445714666666659
TOPIX1000,return,TOPIX1000_return,2011-03-02,-0.0217163283,0.0131151773,0.0097949094,-0.0103188412,0.012211190065322876,0.009155668764826468,0.0015777114200000047,0.002281025942857142
TOPIX1000,return,TOPIX1000_return,2011-03-03,0.0059903146,-0.0217163283,0.0131151773,-0.0129205038,0.015584899992006173,0.01020629846579849,-0.0007017859999999953,0.001746297404761904
TOPIX1000,return,TOPIX1000_return,2011-03-04,0.0073588528,0.0059903146,-0.0217163283,0.0082178154,0.014102479979566216,0.01023928291771912,0.0030803776800000043,0.0018496527857142849
TOPIX1000,return,TOPIX1000_return,2011-03-07,-0.0147088618,0.0073588528,0.0059903146,0.0097949094,0.014029293335483833,0.00966890544471982,0.0029085851600000046,0.0013555740952380946
TOPIX1000,return,TOPIX1000_return,2011-03-08,-0.0025881904,-0.0147088618,0.0073588528,0.0131151773,0.015249182774970402,0.01026361012995981,-0.0019921690799999956,0.0007669209142857136
TOPIX1000,return,TOPIX1000_return,2011-03-09,0.0056124385,-0.0025881904,-0.0147088618,-0.0217163283,0.012776486963971464,0.010132145447687658,-0.005132842619999995,0.00024114340952380872
TOPIX1000,return,TOPIX1000_return,2011-03-10,-0.0142532814,0.0056124385,-0.0025881904,0.0059903146,0.009274039662539701,0.010140372688883815,0.0003329107400000048,0.00025640696666666586
TOPIX1000,return,TOPIX1000_return,2011-03-11,-0.0165596067,-0.0142532814,0.0056124385,0.0073588528,0.010521660914003188,0.010578364874859358,-0.0037158084599999953,-0.0006084039857142865
TOPIX1000,return,TOPIX1000_return,2011-03-14,-0.0743810287,-0.0165596067,-0.0142532814,-0.0147088618,0.009627017759832272,0.011133579098268261,-0.008499500359999995,-0.001395525714285715
TOPIX1000,return,TOPIX1000_return,2011-03-15,-0.0939796371,-0.0743810287,-0.0165596067,-0.0025881904,0.03146579090935852,0.019371412264726894,-0.020433933739999997,-0.005069959261904763
TOPIX1000,return,TOPIX1000_return,2011-03-16,0.0664123925,-0.0939796371,-0.0743810287,0.0056124385,0.042954640644469515,0.02694667613977341,-0.03871222308,-0.010180536380952381
TOPIX1000,return,TOPIX1000_return,2011-03-17,-0.0089985947,0.0664123925,-0.0939796371,-0.0142532814,0.06270483814460188,0.03163220009789766,-0.026552232279999994,-0.007187796671428571
TOPIX1000,return,TOPIX1000_return,2011-03-18,0.0233647119,-0.0089985947,0.0664123925,-0.0165596067,0.06300581433495084,0.031509485234603424,-0.025501294939999995,-0.007855088023809523
TOPIX1000,return,TOPIX1000_return,2011-03-22,0.0451737314,0.0233647119,-0.0089985947,-0.0743810287,0.06683575606068187,0.03209004655644936,-0.017516431219999996,-0.007080503214285714
TOPIX1000,return,TOPIX1000_return,2011-03-23,-0.0085112782,0.0451737314,0.0233647119,-0.0939796371,0.06266154934060003,0.03404708771667664,0.006394520800000006,-0.004901206333333334
TOPIX1000,return,TOPIX1000_return,2011-03-24,-0.0087054915,-0.0085112782,0.0451737314,0.0664123925,0.03313654424551629,0.03402828669516072,0.023488192580000004,-0.00535223820952381
TOPIX1000,return,TOPIX1000_return,2011-03-25,0.0041638641,-0.0087054915,-0.0085112782,-0.0089985947,0.024786736950854694,0.03390594775030004,0.008464615780000006,-0.004885776190476191
TOPIX1000,return,TOPIX1000_return,2011-03-28,0.0005403687,0.0041638641,-0.0087054915,0.0233647119,0.02311066850555909,0.033937188757366815,0.011097107540000007,-0.004196123557142857
TOPIX1000,return,TOPIX1000_return,2011-03-29,0.0016425615,0.0005403687,0.0041638641,0.0451737314,0.02232248017579789,0.03389125759380812,0.006532238900000005,-0.003555129628571429
TOPIX1000,return,TOPIX1000_return,2011-03-30,0.0186409354,0.0016425615,0.0005403687,-0.0085112782,0.006019217903339696,0.033807323041048436,-0.0021739950799999947,-0.0038682369571428573
TOPIX1000,return,TOPIX1000_return,2011-03-31,0.0037485229,0.0186409354,0.0016425615,-0.0087054915,0.009881492416883844,0.03404038542802362,0.0032564476400000057,-0.0034469976238095243
TOPIX1000,return,TOPIX1000_return,2011-04-01,-0.0076306455,0.0037485229,0.0186409354,0.0041638641,0.007360523498316718,0.03387347698378819,0.0057472505200000055,-0.003893028785714286
TOPIX1000,return,TOPIX1000_return,2011-04-04,-0.0033618387,-0.0076306455,0.0037485229,0.0005403687,0.009557040895369802,0.03364156707548537,0.003388348600000005,-0.0032222819857142863
TOPIX1000,return,TOPIX1000_return,2011-04-05,-0.0143205548,-0.0033618387,-0.0076306455,0.0016425615,0.00999695850320033,0.03357535059551826,0.002607907120000005,-0.00366762261904762
TOPIX1000,return,TOPIX1000_return,2011-04-06,-0.008732418,-0.0143205548,-0.0033618387,0.0186409354,0.012593981019401783,0.03355264845002932,-0.0005847161399999947,-0.004699975361904763
TOPIX1000,return,TOPIX1000_return,2011-04-07,0.0020493264,-0.008732418,-0.0143205548,0.0037485229,0.006732991624417303,0.03348879386800293,-0.006059386819999994,-0.004415382800000001
TOPIX1000,return,TOPIX1000_return,2011-04-08,0.0142817369,0.0020493264,-0.008732418,-0.0076306455,0.006130077244972204,0.03351672418781586,-0.006399226119999995,-0.004194548666666667
TOPIX1000,return,TOPIX1000_return,2011-04-11,-0.0011835328,0.0142817369,0.0020493264,-0.0033618387,0.01095977560643586,0.03369646364573395,-0.002016749639999995,-0.003781724933333334
TOPIX1000,return,TOPIX1000_return,2011-04-12,-0.0161819439,-0.0011835328,0.0142817369,-0.0143205548,0.010936209441324254,0.03361398231835603,-0.001581088459999995,-0.003159355952380953
TOPIX1000,return,TOPIX1000_return,2011-04-13,0.0073264549,-0.0161819439,-0.0011835328,-0.008732418,0.011495659298769077,0.03360655474075201,-0.0019533662799999948,-0.0031413720095238096
TOPIX1000,return,TOPIX1000_return,2011-04-14,0.0022472744,0.0073264549,-0.0161819439,0.0020493264,0.011370826597044017,0.029414781155679245,0.0012584083000000052,0.0007494605428571428
TOPIX1000,return,TOPIX1000_return,2011-04-15,-0.0064834661,0.0022472744,0.0073264549,0.0142817369,0.011374612719130872,0.019864911654366893,0.0012979979000000055,0.005331694423809524
TOPIX1000,return,TOPIX1000_return,2011-04-18,-0.0060480828,-0.0064834661,0.0022472744,-0.0011835328,0.008989747361269233,0.014226739350461488,-0.0028550426999999945,0.0018604630619047618
TOPIX1000,return,TOPIX1000_return,2011-04-19,-0.0105138437,-0.0060480828,-0.0064834661,-0.0161819439,0.00902677989196173,0.014128364492217327,-0.0038279526999999945,0.0020009636285714285
TOPIX1000,return,TOPIX1000_return,2011-04-20,0.0118464716,-0.0105138437,-0.0060480828,0.0073264549,0.007272990938920075,0.013486603082188447,-0.002694332659999995,0.0003876990761904761
TOPIX1000,return,TOPIX1000_return,2011-04-21,0.0056305125,0.0118464716,-0.0105138437,0.0022472744,0.008923540270007494,0.009247684187850993,-0.001790329319999995,-0.0011993132952380953
TOPIX1000,return,TOPIX1000_return,2011-04-22,0.0004887299,0.0056305125,0.0118464716,-0.0064834661,0.009420664431334267,0.009203400462403519,-0.001113681699999995,-0.0005258946904761906
TOPIX1000,return,TOPIX1000_return,2011-04-25,-0.0018764396,0.0004887299,0.0056305125,-0.0060480828,0.008930376648440904,0.009011519976935957,0.000280757500000005,-8.807462380952382e-05
TOPIX1000,return,TOPIX1000_return,2011-04-26,-0.0084101595,-0.0018764396,0.0004887299,-0.0105138437,0.008368471585657048,0.008965298986981778,0.001115086140000005,-0.00037570813333333335
TOPIX1000,return,TOPIX1000_return,2011-04-27,0.0076625393,-0.0084101595,-0.0018764396,0.0118464716,0.0076605884982132435,0.009130799733636376,0.0015358229800000052,-0.0008019237619047619
TOPIX1000,return,TOPIX1000_return,2011-04-28,0.0144289746,0.0076625393,-0.0084101595,0.0056305125,0.0063730798001884045,0.009304235545279382,0.0006990365200000053,-0.0005152581523809525
TOPIX1000,return,TOPIX1000_return,2011-05-02,0.0161443906,0.0144289746,0.0076625393,0.0004887299,0.008820058699245825,0.008907585339612088,0.0024587289400000052,-0.0007158277142857144
TOPIX1000,return,TOPIX1000_return,2011-05-06,-0.0107359011,0.0161443906,0.0144289746,-0.0018764396,0.010554267363207357,0.009601877528176525,0.0055898610800000055,-0.0001255483
TOPIX1000,return,TOPIX1000_return,2011-05-09,-0.0039196549,-0.0107359011,0.0161443906,-0.0084101595,0.012655602431295095,0.00974606323564749,0.0038179687800000057,-0.00027341761428571434
TOPIX1000,return,TOPIX1000_return,2011-05-10,0.0038692476,-0.0039196549,-0.0107359011,0.0076625393,0.011693672052275176,0.00975565696484544,0.004716069700000006,-0.0002999802904761905
TOPIX1000,return,TOPIX1000_return,2011-05-11,0.001441345,0.0038692476,-0.0039196549,0.0144289746,0.011577191762747482,0.00924258390682788,0.003957411360000006,0.0005662007761904761
TOPIX1000,return,TOPIX1000_return,2011-05-12,-0.0096929072,0.001441345,0.0038692476,0.0161443906,0.009988327251834484,0.008994108851464257,0.0013598854400000053,0.001050665680952381
TOPIX1000,return,TOPIX1000_return,2011-05-13,-0.0108774534,-0.0096929072,0.001441345,-0.0107359011,0.006502618048804503,0.009289082836840266,-0.0038075741199999945,0.0004915116999999999
TOPIX1000,return,TOPIX1000_return,2011-05-16,-0.0123329894,-0.0108774534,-0.0096929072,-0.0039196549,0.006540520561006644,0.00904069167526922,-0.0038358845799999946,-0.0007065449809523809
TOPIX1000,return,TOPIX1000_return,2011-05-17,-0.0007549842,-0.0123329894,-0.0108774534,0.0038692476,0.007568860056335744,0.009390711553904463,-0.005518551479999995,-0.0012374714857142856
TOPIX1000,return,TOPIX1000_return,2011-05-18,0.0109398765,-0.0007549842,-0.0123329894,0.001441345,0.006313372076913225,0.00874434645692525,-0.006443397839999994,-0.0005028543571428571
TOPIX1000,return,TOPIX1000_return,2011-05-19,-0.007229217,0.0109398765,-0.0007549842,-0.0096929072,0.0097647235613926,0.008939485869090052,-0.004543691539999993,-0.00033078666190476197
TOPIX1000,return,TOPIX1000_return,2011-05-20,-0.0050006187,-0.007229217,0.0109398765,-0.0108774534,0.009498460087357146,0.009041442690978809,-0.004050953499999994,-0.000782048157142857
TOPIX1000,return,TOPIX1000_return,2011-05-23,-0.0122201312,-0.0050006187,-0.007229217,-0.0123329894,0.008778899447163539,0.00900038661129403,-0.0028755865599999946,-0.0007114363761904762
TOPIX1000,return,TOPIX1000_return,2011-05-24,0.0017951661,-0.0122201312,-0.0050006187,-0.0007549842,0.00874859703995281,0.009279804512783308,-0.0028530149199999942,-0.0010053434428571428
TOPIX1000,return,TOPIX1000_return,2011-05-25,-0.0016094411,0.0017951661,-0.0122201312,0.0109398765,0.008972945464728833,0.009034688341475984,-0.002342984859999994,-0.00041920011904761893
TOPIX1000,return,TOPIX1000_return,2011-05-26,0.0115116803,-0.0016094411,0.0017951661,-0.007229217,0.005354008016096698,0.008587374043069059,-0.004852848379999995,-0.0010599578666666666
TOPIX1000,return,TOPIX1000_return,2011-05-27,-0.0025880842,0.0115116803,-0.0016094411,-0.0050006187,0.008754542137146626,0.008906448499668453,-0.0011046689199999946,-0.0007799022571428571
TOPIX1000,return,TOPIX1000_return,2011-05-30,-0.0016202258,-0.0025880842,0.0115116803,-0.0122201312,0.008550234847450398,0.008909842289982659,-0.0006221620199999943,-0.0009264172142857142
TOPIX1000,return,TOPIX1000_return,2011-05-31,0.0180678252,-0.0016202258,-0.0025880842,0.0017951661,0.005840327625594921,0.008908651678258592,0.001497819060000006,-0.000914216557142857
TOPIX1000,return,TOPIX1000_return,2011-06-01,0.0010034672,0.0180678252,-0.0016202258,-0.0016094411,0.009459842869699623,0.009638530246650116,0.004752350880000005,0.0003466398571428571
TOPIX1000,return,TOPIX1000_return,2011-06-02,-0.0164041927,0.0010034672,0.0180678252,0.0115116803,0.009085301070550214,0.009494268694576358,0.005274932540000005,2.9541185714285696e-05
TOPIX1000,return,TOPIX1000_return,2011-06-03,-0.0110959458,-0.0164041927,0.0010034672,-0.0025880842,0.012302429004565294,0.009540115332651918,-0.0003082420599999948,-0.0014387048761904764
TOPIX1000,return,TOPIX1000_return,2011-06-06,-0.0105677527,-0.0110959458,-0.0164041927,-0.0016202258,0.013248576976860731,0.008857307781685137,-0.0020098143799999945,-0.0027358637523809525
TOPIX1000,return,TOPIX1000_return,2011-06-07,0.0072902063,-0.0105677527,-0.0110959458,0.0180678252,0.013776556619391783,0.008849786899522186,-0.0037993197599999946,-0.0027278566857142856
TOPIX1000,return,TOPIX1000_return,2011-06-08,0.0008500942,0.0072902063,-0.0105677527,0.0010034672,0.009756385022797487,0.009108600083887634,-0.005954843539999995,-0.0021940537714285713
TOPIX1000,return,TOPIX1000_return,2011-06-09,-0.0018710889,0.0008500942,0.0072902063,-0.0164041927,0.009729241741879472,0.009031614091117357,-0.005985518139999995,-0.0023378229809523808
TOPIX1000,return,TOPIX1000_return,2011-06-10,0.0054278117,-0.0018710889,0.0008500942,-0.0110959458,0.007822565222789462,0.008991146493367103,-0.0030788973799999947,-0.0024955579285714283
TOPIX1000,return,TOPIX1000_return,2011-06-13,-0.0064277787,0.0054278117,-0.0018710889,-0.0105677527,0.007040138995050975,0.00899139816657892,0.0002258541200000054,-0.0017755236952380956
TOPIX1000,return,TOPIX1000_return,2011-06-14,0.0130770018,-0.0064277787,0.0054278117,0.0072902063,0.005536136578270194,0.00881691650677209,0.0010538489200000055,-0.0015636344238095239
TOPIX1000,return,TOPIX1000_return,2011-06-15,0.0021591392,0.0130770018,-0.0064277787,0.0008500942,0.007442477481088752,0.009006618337307638,0.0022112080200000052,-0.0003536348428571429
TOPIX1000,return,TOPIX1000_return,2011-06-16,-0.0150008284,0.0021591392,0.0130770018,-0.0018710889,0.007405559479112109,0.009022560731646149,0.0024730170200000052,-0.00021486706190476198
TOPIX1000,return,TOPIX1000_return,2011-06-17,-0.0086794827,-0.0150008284,0.0021591392,0.0054278117,0.01085535870486292,0.009193162062728607,-0.0001529308799999945,-0.001450138723809524
TOPIX1000,return,TOPIX1000_return,2011-06-20,0.0017882906,-0.0086794827,-0.0150008284,-0.0064277787,0.01087554018867843,0.009244052377319994,-0.0029743897599999944,-0.001519198995238095
TOPIX1000,return,TOPIX1000_return,2011-06-21,0.0110348899,0.0017882906,-0.0086794827,0.0130770018,0.0108439610806473,0.00923491895818248,-0.0013311758999999942,-0.0011959175999999999
TOPIX1000,return,TOPIX1000_return,2011-06-22,0.0162683894,0.0110348899,0.0017882906,0.0021591392,0.010184006115069618,0.009241162640892319,-0.0017395982799999945,-8.853564285714271e-05
TOPIX1000,return,TOPIX1000_return,2011-06-23,-0.0043095002,0.0162683894,0.0110348899,-0.0150008284,0.01307793179664637,0.009904563196207434,0.0010822517600000054,0.0006006654666666668
TOPIX1000,return,TOPIX1000_return,2011-06-24,0.0093699609,-0.0043095002,0.0162683894,-0.0086794827,0.010388380797074341,0.009952098873948583,0.0032205174000000053,0.00047209122380952387
TOPIX1000,return,TOPIX1000_return,2011-06-27,-0.0092043272,0.0093699609,-0.0043095002,0.0017882906,0.008104365991024034,0.009843694862649263,0.006830406120000005,0.0003701045857142858
TOPIX1000,return,TOPIX1000_return,2011-06-28,0.0066160334,-0.0092043272,0.0093699609,0.0110348899,0.010842568964191395,0.010046892370138007,0.004631882560000006,5.504539523809532e-05
TOPIX1000,return,TOPIX1000_return,2011-06-29,0.0167358345,0.0066160334,-0.0092043272,0.0162683894,0.010359516156404774,0.010138566643976688,0.0037481112600000047,0.0004472482142857143
TOPIX1000,return,TOPIX1000_return,2011-06-30,0.0059995357,0.0167358345,0.0066160334,-0.0043095002,0.010501883036517995,0.01002636398722746,0.003841600280000005,0.00038382008571428587
TOPIX1000,return,TOPIX1000_return,2011-07-01,0.0054906867,0.0059995357,0.0167358345,0.0093699609,0.009462018696546132,0.010100799945098587,0.0059034074600000045,0.0006217281095238096
TOPIX1000,return,TOPIX1000_return,2011-07-04,0.0120924188,0.0054906867,0.0059995357,-0.0092043272,0.009263676150221847,0.009358205160160442,0.005127552620000005,0.0016643414142857146
TOPIX1000,return,TOPIX1000_return,2011-07-05,0.0013082772,0.0120924188,0.0054906867,0.0066160334,0.00489027317635318,0.009142852866093062,0.009386901820000005,0.0027685492523809524
TOPIX1000,return,TOPIX1000_return,2011-07-06,0.0097618316,0.0013082772,0.0120924188,0.0167358345,0.006074765339740022,0.008629584059333728,0.008325350580000005,0.003334074485714286
TOPIX1000,return,TOPIX1000_return,2011-07-07,-0.0036144589,0.0097618316,0.0013082772,0.0059995357,0.004159657149153845,0.008702782893490154,0.006930550000000005,0.0034517709285714284
TOPIX1000,return,TOPIX1000_return,2011-07-08,0.0045399692,-0.0036144589,0.0097618316,0.0054906867,0.006345384878684185,0.008823214635257592,0.005007751080000004,0.003239173161904762
TOPIX1000,return,TOPIX1000_return,2011-07-11,-0.0050111547,0.0045399692,-0.0036144589,0.0120924188,0.006341538798977854,0.008748149518038685,0.004817607580000004,0.0035444616428571426
TOPIX1000,return,TOPIX1000_return,2011-07-12,-0.0151191219,-0.0050111547,0.0045399692,0.0013082772,0.006042261615734178,0.008930467007894672,0.0013968928800000046,0.0030473680047619052
TOPIX1000,return,TOPIX1000_return,2011-07-13,0.0038815284,-0.0151191219,-0.0050111547,0.0097618316,0.009550323357983734,0.009570033054956595,-0.0018885869399999956,0.0026334945190476192
TOPIX1000,return,TOPIX1000_return,2011-07-14,-0.0043011165,0.0038815284,-0.0151191219,-0.0036144589,0.00799188792938096,0.009274089946451756,-0.0030646475799999953,0.0021956148333333336
TOPIX1000,return,TOPIX1000_return,2011-07-15,0.0029016346,-0.0043011165,0.0038815284,0.0045399692,0.008009577920741808,0.009381880669343768,-0.003201979099999996,0.0018879836095238097
TOPIX1000,return,TOPIX1000_return,2011-07-19,-0.0067540681,0.0029016346,-0.0043011165,-0.0050111547,0.007638600371474835,0.008546716904602953,-0.0035296460199999947,0.0027404818476190478
TOPIX1000,return,TOPIX1000_return,2011-07-20,0.0082345193,-0.0067540681,0.0029016346,-0.0151191219,0.007761883516542203,0.00842757898520078,-0.0038782286999999955,0.002832168257142857
TOPIX1000,return,TOPIX1000_return,2011-07-21,-0.0005647679,0.0082345193,-0.0067540681,0.0038815284,0.006169882811194806,0.00850470079371698,0.0007924995400000048,0.0031391315285714287
TOPIX1000,return,TOPIX1000_return,2011-07-22,0.0102256068,-0.0005647679,0.0082345193,-0.0043011165,0.005929080473897301,0.00834136482095802,-9.675971999999525e-05,0.0025867668714285716
TOPIX1000,return,TOPIX1000_return,2011-07-25,-0.0080568723,0.0102256068,-0.0005647679,0.0029016346,0.006842614225143292,0.00794038286826427,0.002808584940000005,0.002299015319047619
TOPIX1000,return,TOPIX1000_return,2011-07-26,0.0050207455,-0.0080568723,0.0102256068,-0.0067540681,0.008386256701236048,0.008136021227403065,0.0006168835600000047,0.0021205690285714283
TOPIX1000,return,TOPIX1000_return,2011-07-27,-0.0081246808,0.0050207455,-0.0080568723,0.0082345193,0.007393426647801427,0.007996416143828573,0.0029718462800000047,0.001913463533333333
TOPIX1000,return,TOPIX1000_return,2011-07-28,-0.0125973021,-0.0081246808,0.0050207455,-0.0005647679,0.008070990192117855,0.007924509408409688,-0.00029999373999999544,0.0019648752666666667
TOPIX1000,return,TOPIX1000_return,2011-07-29,-0.0081308521,-0.0125973021,-0.0081246808,0.0102256068,0.009782137322887808,0.008452224694894026,-0.0027065005799999957,0.0010499545285714285
TOPIX1000,return,TOPIX1000_return,2011-08-01,0.0123517116,-0.0081308521,-0.0125973021,-0.0080568723,0.00666245288671028,0.007866374919618883,-0.006377792359999995,-0.00013417340476190505
TOPIX1000,return,TOPIX1000_return,2011-08-02,-0.0090848583,0.0123517116,-0.0081308521,0.0050207455,0.010514585865033083,0.008227850841246385,-0.0022960755799999954,0.0001683111619047617
TOPIX1000,return,TOPIX1000_return,2011-08-03,-0.0204067324,-0.0090848583,0.0123517116,-0.0081246808,0.009937104105859228,0.008369968794638728,-0.005117196339999995,-0.0005257624095238098
TOPIX1000,return,TOPIX1000_return,2011-08-04,-0.0005086018,-0.0204067324,-0.0090848583,-0.0125973021,0.01214021564774102,0.008907488510648008,-0.007573606659999996,-0.002073341038095238
TOPIX1000,return,TOPIX1000_return,2011-08-05,-0.0308510263,-0.0005086018,-0.0204067324,-0.0081308521,0.01209327071870888,0.008881787279308433,-0.005155866599999995,-0.0021598590857142856
TOPIX1000,return,TOPIX1000_return,2011-08-08,-0.0225679901,-0.0308510263,-0.0005086018,0.0123517116,0.016831059212446722,0.010440872124469884,-0.009699901439999995,-0.0040938047
TOPIX1000,return,TOPIX1000_return,2011-08-09,-0.0161886057,-0.0225679901,-0.0308510263,-0.0090848583,0.011922407177074988,0.011189717323443888,-0.016683841779999996,-0.004996353804761905
TOPIX1000,return,TOPIX1000_return,2011-08-10,0.0080212984,-0.0161886057,-0.0225679901,-0.0204067324,0.011191327390047351,0.01122065030119958,-0.018104591259999997,-0.0059834288
TOPIX1000,return,TOPIX1000_return,2011-08-11,-0.0080056706,0.0080212984,-0.0161886057,-0.0005086018,0.015942199539820102,0.01163004531682561,-0.012418985099999997,-0.005362835795238096
TOPIX1000,return,TOPIX1000_return,2011-08-12,-0.0035920546,-0.0080056706,0.0080212984,-0.0308510263,0.014857605889529828,0.011433610449521485,-0.013918398859999997,-0.0050241000190476195
TOPIX1000,return,TOPIX1000_return,2011-08-15,0.0117409502,-0.0035920546,-0.0080056706,-0.0225679901,0.011771820347765673,0.011257508071056443,-0.008466604519999995,-0.005379984923809524
TOPIX1000,return,TOPIX1000_return,2011-08-16,0.0025277775,0.0117409502,-0.0035920546,-0.0161886057,0.011493242936443673,0.011862414509155034,-0.0016048164599999962,-0.0046160769857142864
TOPIX1000,return,TOPIX1000_return,2011-08-17,-0.0032780353,0.0025277775,0.0117409502,0.0080212984,0.008104155677923674,0.011850842952073915,0.0021384601800000036,-0.004633879704761905
TOPIX1000,return,TOPIX1000_return,2011-08-18,-0.0121793826,-0.0032780353,0.0025277775,-0.0080056706,0.007614213786686489,0.011844022368040141,-0.00012140655999999615,-0.004468354333333334
TOPIX1000,return,TOPIX1000_return,2011-08-19,-0.0206595246,-0.0121793826,-0.0032780353,-0.0035920546,0.00882686522377076,0.011584192060760544,-0.000956148959999996,-0.005440444900000001
TOPIX1000,return,TOPIX1000_return,2011-08-22,-0.0118052657,-0.0206595246,-0.0121793826,0.0117409502,0.012596323921508171,0.011984343409538417,-0.004369642959999996,-0.006397338076190477
TOPIX1000,return,TOPIX1000_return,2011-08-23,0.010156968,-0.0118052657,-0.0206595246,0.0025277775,0.008937588073201285,0.011406797916835533,-0.009078886139999996,-0.0074464272428571435
TOPIX1000,return,TOPIX1000_return,2011-08-24,-0.0109904585,0.010156968,-0.0118052657,-0.0032780353,0.011653158974835091,0.012033308611746485,-0.007553048039999996,-0.006579101514285714
TOPIX1000,return,TOPIX1000_return,2011-08-25,0.0130551242,-0.0109904585,0.010156968,-0.0121793826,0.011454564797399484,0.011765853958980704,-0.009095532679999995,-0.0073415398000000005
TOPIX1000,return,TOPIX1000_return,2011-08-26,0.0055904756,0.0130551242,-0.0109904585,-0.0206595246,0.014820708670554964,0.0125752849483981,-0.004048631319999996,-0.0063329776571428575
TOPIX1000,return,TOPIX1000_return,2011-08-29,0.003739315,0.0055904756,0.0130551242,-0.0118052657,0.011808807375699457,0.0127474127814062,0.0012013687200000047,-0.005466893004761905
TOPIX1000,return,TOPIX1000_return,2011-08-30,0.0110897181,0.003739315,0.0055904756,0.010156968,0.00931039152106895,0.012885803574210314,0.0043102848600000045,-0.004901646952380952
TOPIX1000,return,TOPIX1000_return,2011-08-31,0.0044652113,0.0110897181,0.003739315,-0.0109904585,0.009464889960646887,0.012803999786306777,0.004496834880000004,-0.004961741880952382
TOPIX1000,return,TOPIX1000_return,2011-09-01,0.010166428,0.0044652113,0.0110897181,0.0130551242,0.004204336032238351,0.012926663339427305,0.007587968840000005,-0.004316500471428571
TOPIX1000,return,TOPIX1000_return,2011-09-02,-0.0111942823,0.010166428,0.0044652113,0.0055904756,0.0033836192401828827,0.01274425707513468,0.0070102296000000034,-0.0028606356904761912
TOPIX1000,return,TOPIX1000_return,2011-09-05,-0.0183979014,-0.0111942823,0.010166428,0.003739315,0.008928023986226545,0.012858464231896374,0.0036532780200000036,-0.0033694776190476192
TOPIX1000,return,TOPIX1000_return,2011-09-06,-0.0195729275,-0.0183979014,-0.0111942823,0.0110897181,0.013295434278894054,0.011768677228905898,-0.0007741652599999961,-0.0027764716714285716
TOPIX1000,return,TOPIX1000_return,2011-09-07,0.0170575165,-0.0195729275,-0.0183979014,0.0044652113,0.013524759304657597,0.011532616440236627,-0.006906694379999996,-0.0026338496428571427
TOPIX1000,return,TOPIX1000_return,2011-09-08,0.0050684899,0.0170575165,-0.0195729275,0.010166428,0.01691838047252155,0.011856242603806518,-0.004388233339999996,-0.0010507009666666667
TOPIX1000,return,TOPIX1000_return,2011-09-09,-0.0022865325,0.0050684899,0.0170575165,-0.0111942823,0.0159477274587445,0.01176039519694802,-0.005407820959999995,-0.0011913108952380954
TOPIX1000,return,TOPIX1000_return,2011-09-12,-0.0191284876,-0.0022865325,0.0050684899,-0.0183979014,0.015634175305279996,0.01166049820203431,-0.0036262709999999956,-0.0009189709857142858
TOPIX1000,return,TOPIX1000_return,2011-09-13,0.01162006,-0.0191284876,-0.0022865325,-0.0195729275,0.015809179718638888,0.012313186355009843,-0.003772388239999996,-0.0016588011285714288
TOPIX1000,return,TOPIX1000_return,2011-09-14,-0.0108001332,0.01162006,-0.0191284876,0.0170575165,0.014074716529864282,0.012306634969687305,0.002466209260000004,-0.001664557804761905
TOPIX1000,return,TOPIX1000_return,2011-09-15,0.0136695144,-0.0108001332,0.01162006,0.0050684899,0.012250208646350473,0.012422740486814673,-0.003105320679999996,-0.002299220219047619
TOPIX1000,return,TOPIX1000_return,2011-09-16,0.0217778297,0.0136695144,-0.0108001332,-0.0022865325,0.01414265565222846,0.01289739298113299,-0.0013851157799999955,-0.0014921940428571426
TOPIX1000,return,TOPIX1000_return,2011-09-20,-0.017085087,0.0217778297,0.0136695144,-0.0191284876,0.017463888607479706,0.013600043684401226,0.0034277566600000044,0.00012481606666666688
TOPIX1000,return,TOPIX1000_return,2011-09-21,0.0030250446,-0.017085087,0.0217778297,0.01162006,0.016815968035458446,0.013346923430601364,0.003836436780000005,0.0002950273809523812
TOPIX1000,return,TOPIX1000_return,2011-09-22,-0.0167855352,0.0030250446,-0.017085087,-0.0108001332,0.01625119866942001,0.013064015384998915,0.002117433700000005,0.0010012326333333336
TOPIX1000,return,TOPIX1000_return,2011-09-26,-0.020919417,-0.0167855352,0.0030250446,0.0136695144,0.01760468349594722,0.013437531367813222,0.0009203533000000048,-0.0002817437095238094
TOPIX1000,return,TOPIX1000_return,2011-09-27,0.0270416861,-0.020919417,-0.0167855352,0.0217778297,0.01813046570619556,0.01399622714355758,-0.005997432979999995,-0.000754551257142857
TOPIX1000,return,TOPIX1000_return,2011-09-28,0.0169780739,0.0270416861,-0.020919417,-0.017085087,0.020183109786982706,0.014984151186500915,-0.004944661699999996,-8.852449999999979e-05
TOPIX1000,return,TOPIX1000_return,2011-09-29,0.0107198694,0.0169780739,0.0270416861,0.0030250446,0.020800170109378662,0.01540022460933572,0.0018679704800000044,0.00045374208571428596
TOPIX1000,return,TOPIX1000_return,2011-09-30,-0.0014351587,0.0107198694,0.0169780739,-0.0167855352,0.02118822511765994,0.01554930280335998,0.003406935440000004,0.0007861494380952383
TOPIX1000,return,TOPIX1000_return,2011-10-03,-0.0184171602,-0.0014351587,0.0107198694,-0.020919417,0.018468532209690844,0.01537354369556266,0.006477010740000004,0.00018972673333333365
TOPIX1000,return,TOPIX1000_return,2011-10-04,-0.0147294467,-0.0184171602,-0.0014351587,0.0270416861,0.017551709061939112,0.015858625280295247,0.006977462100000003,-0.0008999100047619045
TOPIX1000,return,TOPIX1000_return,2011-10-05,-0.0131994484,-0.0147294467,-0.0184171602,0.0169780739,0.015426448569179138,0.015920423455918667,-0.0013767644599999961,-0.0020854278476190474
TOPIX1000,return,TOPIX1000_return,2011-10-06,0.0146012091,-0.0131994484,-0.0147294467,0.0107198694,0.011964953569907021,0.01598367357999872,-0.007412268919999997,-0.0021809119476190473
TOPIX1000,return,TOPIX1000_return,2011-10-07,0.0063901255,0.0146012091,-0.0131994484,-0.0014351587,0.013467054899162017,0.015931652323086097,-0.006636000979999996,-0.0006095257333333328
TOPIX1000,return,TOPIX1000_return,2011-10-11,0.0182619575,0.0063901255,0.0146012091,-0.0184171602,0.014627290134518614,0.015384466796599388,-0.005070944139999996,0.0006268101238095243
TOPIX1000,return,TOPIX1000_return,2011-10-12,-0.0021236131,0.0182619575,0.0063901255,-0.0147294467,0.015435849081676431,0.015450886064174699,0.0022648794000000036,0.0006841644571428574
TOPIX1000,return,TOPIX1000_return,2011-10-13,0.0073193227,-0.0021236131,0.0182619575,-0.0131994484,0.012764521986431786,0.015428538085753887,0.004786046120000003,0.00034168336190476225
TOPIX1000,return,TOPIX1000_return,2011-10-14,-0.0131280093,0.0073193227,-0.0021236131,0.0146012091,0.007913083624279942,0.015488998926657758,0.008889800340000004,0.0007991050380952385
TOPIX1000,return,TOPIX1000_return,2011-10-17,0.0176213539,-0.0131280093,0.0073193227,0.0063901255,0.01171376765267992,0.015154739788919422,0.0033439566600000034,0.0010848421000000006
TOPIX1000,return,TOPIX1000_return,2011-10-18,-0.0140695227,0.0176213539,-0.0131280093,0.0182619575,0.013399498493938695,0.015417641101256006,0.005590202340000004,0.0013706180000000003
TOPIX1000,return,TOPIX1000_return,2011-10-19,0.0003700758,-0.0140695227,0.0176213539,-0.0021236131,0.013555927919042275,0.015562510894777512,-0.0008760936999999962,0.0012149327857142861
TOPIX1000,return,TOPIX1000_return,2011-10-20,-0.0072247635,0.0003700758,-0.0140695227,0.0073193227,0.013544423796238403,0.01529870822144652,-0.0003773559199999962,0.0005816261857142862
TOPIX1000,return,TOPIX1000_return,2011-10-21,-0.0024962247,-0.0072247635,0.0003700758,-0.0131280093,0.013030231233528693,0.01458186435245172,-0.0032861731599999958,-0.0007994496809523805
TOPIX1000,return,TOPIX1000_return,2011-10-24,0.0151765297,-0.0024962247,-0.0072247635,0.0176213539,0.011835360315634603,0.014106979526200634,-0.0011598162399999962,-0.00010474195238095201
TOPIX1000,return,TOPIX1000_return,2011-10-25,-0.0103138471,0.0151765297,-0.0024962247,-0.0140695227,0.010877171380620276,0.014485903087257366,-0.001648781079999996,0.0004739001952380956
TOPIX1000,return,TOPIX1000_return,2011-10-26,-0.0015985824,-0.0103138471,0.0151765297,0.0003700758,0.009889880634658978,0.014165663998017266,-0.0008976459599999962,0.0007820758190476192
TOPIX1000,return,TOPIX1000_return,2011-10-27,0.022216583,-0.0015985824,-0.0103138471,-0.0072247635,0.009865951883645942,0.013285814874101671,-0.0012913775999999963,0.0017021155619047618
TOPIX1000,return,TOPIX1000_return,2011-10-28,0.0115711894,0.022216583,-0.0015985824,-0.0024962247,0.013540758775525552,0.012860595686094215,0.004596891700000004,0.001472348747619048
TOPIX1000,return,TOPIX1000_return,2011-10-31,-0.0096864488,0.0115711894,0.022216583,0.0151765297,0.0131544545033231,0.012585836054389008,0.007410374520000004,0.0012148780571428573
TOPIX1000,return,TOPIX1000_return,2011-11-01,-0.0126778201,-0.0096864488,0.0115711894,-0.0103138471,0.014146672351627008,0.012603035409098006,0.002437778820000004,0.00024314861904761913
TOPIX1000,return,TOPIX1000_return,2011-11-02,-0.0213354812,-0.0126778201,-0.0096864488,-0.0015985824,0.014707761963797342,0.012912873077181359,0.001964984220000004,-0.0002922162095238095
TOPIX1000,return,TOPIX1000_return,2011-11-04,0.018388789,-0.0213354812,-0.0126778201,0.022216583,0.018149219644519463,0.01313153775589411,-0.001982395539999996,-0.0004311838761904761
TOPIX1000,return,TOPIX1000_return,2011-11-07,-0.0022294677,0.018388789,-0.0213354812,0.0115711894,0.016911836761733714,0.013315906520963471,-0.0027479543399999964,0.0011458749666666667
TOPIX1000,return,TOPIX1000_return,2011-11-08,-0.0164798756,-0.0022294677,0.018388789,-0.0096864488,0.015009831896900385,0.012934723549887344,-0.005508085759999996,0.001668255
TOPIX1000,return,TOPIX1000_return,2011-11-09,0.0154883024,-0.0164798756,-0.0022294677,-0.0126778201,0.015770792143663316,0.01315719042575984,-0.006866771119999997,0.00018820334761904752
TOPIX1000,return,TOPIX1000_return,2011-11-10,-0.0256717977,0.0154883024,-0.0164798756,-0.0213354812,0.018042910448803535,0.013516509603353594,-0.0012335466199999965,0.0006214498666666666
TOPIX1000,return,TOPIX1000_return,2011-11-11,-0.0016362003,-0.0256717977,0.0154883024,0.018388789,0.019310399294726287,0.014039506592626089,-0.0021008099199999962,-0.0014706337142857142
TOPIX1000,return,TOPIX1000_return,2011-11-14,0.0093136468,-0.0016362003,-0.0256717977,-0.0022294677,0.015746096679737573,0.014038775987577924,-0.0061058077799999964,-0.0014474235809523808
TOPIX1000,return,TOPIX1000_return,2011-11-15,-0.0068232612,0.0093136468,-0.0016362003,-0.0164798756,0.01723254995094615,0.014107622094769113,-0.003797184879999996,-0.0013524557666666666
TOPIX1000,return,TOPIX1000_return,2011-11-16,-0.0092787146,-0.0068232612,0.0093136468,0.0154883024,0.015949134497745092,0.01391019989884365,-0.001865861999999996,-0.0010522296666666665
TOPIX1000,return,TOPIX1000_return,2011-11-17,0.0049772141,-0.0092787146,-0.0068232612,-0.0256717977,0.012733831908935461,0.013331143538936479,-0.006819265399999996,-0.0023331853095238096
TOPIX1000,return,TOPIX1000_return,2011-11-18,-0.0107452642,0.0049772141,-0.0092787146,-0.0016362003,0.007817743759361792,0.013139278773471043,-0.0006894630399999962,-0.0014261978428571427
TOPIX1000,return,TOPIX1000_return,2011-11-21,-0.004131011,-0.0107452642,0.0049772141,0.0093136468,0.009056714173077471,0.013286361356433272,-0.002511275819999996,-0.0019554997476190473
TOPIX1000,return,TOPIX1000_return,2011-11-22,0.0008915914,-0.004131011,-0.0107452642,-0.0068232612,0.006219711988183438,0.013242091779974373,-0.005200207379999997,-0.0018081782
TOPIX1000,return,TOPIX1000_return,2011-11-24,-0.016513187,0.0008915914,-0.004131011,-0.0092787146,0.006657912349401625,0.013253921502890523,-0.003657236859999997,-0.0016468536238095236
TOPIX1000,return,TOPIX1000_return,2011-11-25,0.000905754,-0.016513187,0.0008915914,0.0049772141,0.008667729103531627,0.013045093870231094,-0.0051041313399999965,-0.0031558877523809527
TOPIX1000,return,TOPIX1000_return,2011-11-28,0.0130110974,0.000905754,-0.016513187,-0.0107452642,0.007610649605963285,0.012966795621695852,-0.005918423359999997,-0.0026216210333333332
TOPIX1000,return,TOPIX1000_return,2011-11-29,0.0195511082,0.0130110974,0.000905754,-0.004131011,0.010651799966597016,0.013408816337178055,-0.0011671510399999974,-0.0019259219952380954
TOPIX1000,return,TOPIX1000_return,2011-11-30,-0.0016764072,0.0195511082,0.0130110974,0.0008915914,0.013803410957317191,0.013179512639197933,0.0035692728000000034,-0.002052849366666667
TOPIX1000,return,TOPIX1000_return,2011-12-01,0.015939083,-0.0016764072,0.0195511082,-0.016513187,0.01397466344717209,0.012806563274477647,0.0030556730800000037,-0.0026836873
TOPIX1000,return,TOPIX1000_return,2011-12-02,0.0055969079,0.015939083,-0.0016764072,0.000905754,0.009401819964140823,0.013316644216985543,0.009546127080000005,-0.001463423880952381
TOPIX1000,return,TOPIX1000_return,2011-12-05,0.0059642902,0.0055969079,0.015939083,0.0130110974,0.008516392645067834,0.013143140299316507,0.010484357860000005,-0.000593198738095238
TOPIX1000,return,TOPIX1000_return,2011-12-06,-0.0140858897,0.0059642902,0.0055969079,0.0195511082,0.008576579670023564,0.012312822000564416,0.009074996420000004,0.0007067903761904762
TOPIX1000,return,TOPIX1000_return,2011-12-07,0.01583131,-0.0140858897,0.0059642902,-0.0016764072,0.011120016610112133,0.012016785649100853,0.002347596840000003,-0.0008396228952380952
TOPIX1000,return,TOPIX1000_return,2011-12-08,-0.0062041434,0.01583131,-0.0140858897,0.015939083,0.012236553409690825,0.01254694812309378,0.005849140280000003,2.041413809523822e-05
TOPIX1000,return,TOPIX1000_return,2011-12-09,-0.0096129696,-0.0062041434,0.01583131,0.0055969079,0.011665581486687735,0.012062287452896907,0.0014204950000000038,0.0005097347190476192
TOPIX1000,return,TOPIX1000_return,2011-12-12,0.0116400522,-0.0096129696,-0.0062041434,0.0059642902,0.01227161366065372,0.011743261276006424,-0.0016214804999999965,-0.0006855639476190475
TOPIX1000,return,TOPIX1000_return,2011-12-13,-0.0082542892,0.0116400522,-0.0096129696,-0.0140858897,0.01336274190547578,0.010534226685934855,-0.00048632809999999625,0.0010911908095238097
TOPIX1000,return,TOPIX1000_return,2011-12-14,-0.0049811406,-0.0082542892,0.0116400522,0.01583131,0.012071071990403677,0.010717304465899979,0.0006799920000000036,0.0007760437190476191
TOPIX1000,return,TOPIX1000_return,2011-12-15,-0.0162886349,-0.0049811406,-0.0082542892,-0.0062041434,0.008641433347139281,0.010601264745149205,-0.0034824981199999966,9.533955714285711e-05
TOPIX1000,return,TOPIX1000_return,2011-12-16,-0.0019051635,-0.0162886349,-0.0049811406,-0.0096129696,0.010427701971280769,0.011099634045601794,-0.005499396419999997,-0.00035539252380952386
TOPIX1000,return,TOPIX1000_return,2011-12-19,-0.0100563055,-0.0019051635,-0.0162886349,0.0116400522,0.010235512256457519,0.010918389578932309,-0.003957835199999997,-4.2710428571430175e-06
TOPIX1000,return,TOPIX1000_return,2011-12-20,0.0027951316,-0.0100563055,-0.0019051635,-0.0082542892,0.00545008499419967,0.011067272920836601,-0.008297106739999996,-0.0007201529285714288
TOPIX1000,return,TOPIX1000_return,2011-12-21,0.010194736,0.0027951316,-0.0100563055,-0.0049811406,0.0073727824432594895,0.010846230637429973,-0.006087222579999997,-7.537217619047631e-05
TOPIX1000,return,TOPIX1000_return,2011-12-22,-0.0035641807,0.010194736,0.0027951316,-0.0162886349,0.01043131098617536,0.011027394481271139,-0.003052047259999997,0.0006068062523809523
TOPIX1000,return,TOPIX1000_return,2011-12-26,0.0047566199,-0.0035641807,0.010194736,-0.0019051635,0.007548537555920964,0.011064445730446808,-0.0005071564199999963,0.0003946266285714285
TOPIX1000,return,TOPIX1000_return,2011-12-27,-0.0030625096,0.0047566199,-0.0035641807,-0.0100563055,0.00782302247648178,0.010392422551495431,0.0008252002600000037,0.001407474576190476
TOPIX1000,return,TOPIX1000_return,2011-12-28,-0.0028028727,-0.0030625096,0.0047566199,0.0027951316,0.005738536546947601,0.01043797897609689,0.0022239594400000036,0.0012185096428571425
TOPIX1000,return,TOPIX1000_return,2011-12-29,0.000898374,-0.0028028727,-0.0030625096,0.010194736,0.0061318529031082316,0.010109960044507909,0.0011043585800000037,0.00046546344761904746
TOPIX1000,return,TOPIX1000_return,2011-12-30,0.0089506449,0.000898374,-0.0028028727,-0.0035641807,0.0035539231429355103,0.009120262016402638,-0.0007549138199999964,-0.00042276199047619066
TOPIX1000,return,TOPIX1000_return,2012-01-04,0.0197634163,0.0089506449,0.000898374,0.0047566199,0.005135737447733055,0.009339418864688233,0.0017480513000000038,8.32881095238094e-05
TOPIX1000,return,TOPIX1000_return,2012-01-05,-0.0092226696,0.0197634163,0.0089506449,-0.0030625096,0.009694899431560636,0.009694585228379194,0.004749410580000004,0.0002653992190476189
TOPIX1000,return,TOPIX1000_return,2012-01-06,-0.0092080989,-0.0092226696,0.0197634163,-0.0028028727,0.01120901103314691,0.009825578941497189,0.0035173785800000036,-0.0004402949476190478
TOPIX1000,return,TOPIX1000_return,2012-01-10,0.0029964201,-0.0092080989,-0.0092226696,0.000898374,0.012413244234303223,0.00988871512115214,0.002236333340000004,-0.0011627896666666668
TOPIX1000,return,TOPIX1000_return,2012-01-11,0.0021265063,0.0029964201,-0.0092080989,0.0089506449,0.012392152424836633,0.009466072985920821,0.002655942560000004,-0.00034934634285714296
TOPIX1000,return,TOPIX1000_return,2012-01-12,-0.0086526128,0.0021265063,0.0029964201,0.0197634163,0.01189122595192919,0.00873928794092483,0.0012911148400000041,-0.001001956042857143
TOPIX1000,return,TOPIX1000_return,2012-01-13,0.0102315554,-0.0086526128,0.0021265063,-0.0092226696,0.006359297813955355,0.008828044498924405,-0.0043920909799999965,-0.001118549823809524
TOPIX1000,return,TOPIX1000_return,2012-01-16,-0.0130790703,0.0102315554,-0.0086526128,-0.0092080989,0.008315435110676268,0.00893477612337449,-0.0005012459799999959,-0.00017357244285714306
TOPIX1000,return,TOPIX1000_return,2012-01-17,0.008639088,-0.0130790703,0.0102315554,0.0029964201,0.00943373384797634,0.008928879352010897,-0.001275440259999996,-0.0013506735142857144
TOPIX1000,return,TOPIX1000_return,2012-01-18,0.0047890909,0.008639088,-0.0130790703,0.0021265063,0.010364150673534217,0.009036158853480726,-0.00014690667999999601,-0.0005462269809523812
TOPIX1000,return,TOPIX1000_return,2012-01-19,0.0078436019,0.0047890909,0.008639088,-0.0086526128,0.010576391999597276,0.009047913856218162,0.00038561024000000385,-8.097786190476211e-05
TOPIX1000,return,TOPIX1000_return,2012-01-20,0.0202063309,0.0078436019,0.0047890909,0.0102315554,0.009577935775921717,0.008395457286723175,0.003684853180000004,0.0010681762714285714
TOPIX1000,return,TOPIX1000_return,2012-01-23,0.0015698187,0.0202063309,0.0078436019,-0.0130790703,0.012011953439706924,0.009337613335162984,0.005679808280000004,0.0021211045761904764
TOPIX1000,return,TOPIX1000_return,2012-01-24,0.0008448108,0.0015698187,0.0202063309,0.008639088,0.007057382672287396,0.008914590689780795,0.008609586080000006,0.002674729538095238
TOPIX1000,return,TOPIX1000_return,2012-01-25,0.0132988996,0.0008448108,0.0015698187,0.0047890909,0.00786395756130361,0.008923428484185422,0.007050730640000004,0.002581857119047619
TOPIX1000,return,TOPIX1000_return,2012-01-26,-0.0036583961,0.0132988996,0.0008448108,0.0078436019,0.0081671376001782,0.00908017550437068,0.008752692380000005,0.0027296744333333333
TOPIX1000,return,TOPIX1000_return,2012-01-27,-0.0045685585,-0.0036583961,0.0132988996,0.0202063309,0.009919148482608517,0.009083463419341943,0.006452292780000005,0.002725187985714286
TOPIX1000,return,TOPIX1000_return,2012-01-30,-0.0056487878,-0.0045685585,-0.0036583961,0.0015698187,0.007125387636001941,0.009206294785364607,0.0014973149000000042,0.0022811318714285713
TOPIX1000,return,TOPIX1000_return,2012-01-31,-0.0024240701,-0.0056487878,-0.0045685585,0.0008448108,0.007805838630325406,0.009298193048576231,5.359360000000407e-05,0.0021579757666666663
TOPIX1000,return,TOPIX1000_return,2012-02-01,0.0035346832,-0.0024240701,-0.0056487878,0.0132988996,0.00785970965074039,0.009288450283181152,-0.0006001825799999958,0.0021760139857142854
TOPIX1000,return,TOPIX1000_return,2012-02-02,0.0060167791,0.0035346832,-0.0024240701,-0.0036583961,0.0036036366481230504,0.0092881344547033,-0.002553025859999996,0.002301552519047619
TOPIX1000,return,TOPIX1000_return,2012-02-03,-0.0022125286,0.0060167791,0.0035346832,-0.0045685585,0.005134264772623392,0.009204812403885475,-0.0006179908199999959,0.0021618446238095236
TOPIX1000,return,TOPIX1000_return,2012-02-06,0.0120981753,-0.0022125286,0.0060167791,-0.0056487878,0.0047767166909199795,0.008309314045103893,-0.00014678483999999568,0.0011153710571428568
TOPIX1000,return,TOPIX1000_return,2012-02-07,0.0038640233,0.0120981753,-0.0022125286,-0.0024240701,0.006081614953798084,0.00828551238801076,0.003402607780000004,0.0021306493857142857
TOPIX1000,return,TOPIX1000_return,2012-02-08,0.0123030561,0.0038640233,0.0120981753,0.0035346832,0.0051550671001557484,0.007871767661020414,0.004660226460000004,0.0027531313952380947
TOPIX1000,return,TOPIX1000_return,2012-02-09,0.0028665247,0.0123030561,0.0038640233,0.0060167791,0.006084159593601918,0.008143438903586573,0.006413901040000005,0.003196304538095238
TOPIX1000,return,TOPIX1000_return,2012-02-10,-0.0068863018,0.0028665247,0.0123030561,-0.0022125286,0.006295024708988273,0.008140178599125065,0.005783850160000004,0.0032315435095238093
TOPIX1000,return,TOPIX1000_return,2012-02-13,0.0033778835,-0.0068863018,0.0028665247,0.0120981753,0.007917246847518974,0.008019473831022245,0.004849095520000004,0.0033156535571428566
TOPIX1000,return,TOPIX1000_return,2012-02-14,0.0064957158,0.0033778835,-0.0068863018,0.0038640233,0.006803267595680672,0.007861859143717856,0.003105037160000004,0.0029892882285714284
TOPIX1000,return,TOPIX1000_return,2012-02-15,0.0209042441,0.0064957158,0.0033778835,0.0123030561,0.006976268352598752,0.00697148899003694,0.003631375660000004,0.003921420899999999
TOPIX1000,return,TOPIX1000_return,2012-02-16,-0.003287844,0.0209042441,0.0064957158,0.0028665247,0.010037817691108017,0.007845474967622149,0.005351613260000004,0.004505475952380953
TOPIX1000,return,TOPIX1000_return,2012-02-17,0.0129514623,-0.003287844,0.0209042441,-0.0068863018,0.010769406225239395,0.008026762827637804,0.004120739520000004,0.004120860004761905
TOPIX1000,return,TOPIX1000_return,2012-02-20,0.0108775371,0.0129514623,-0.003287844,0.0033778835,0.009247158632202572,0.008220269968868833,0.008088292340000004,0.004364091452380952
TOPIX1000,return,TOPIX1000_return,2012-02-21,-0.0035719324,0.0108775371,0.0129514623,0.0064957158,0.008893575562501744,0.007545730835120664,0.009588223060000005,0.003919863176190476
TOPIX1000,return,TOPIX1000_return,2012-02-22,0.0109807409,-0.0035719324,0.0108775371,0.0209042441,0.01072074306736869,0.007707484787839462,0.007574693420000003,0.003675017885714286
TOPIX1000,return,TOPIX1000_return,2012-02-23,0.0047012477,0.0109807409,-0.0035719324,-0.003287844,0.008275964937990299,0.007837658163801879,0.005589992780000004,0.004157681223809525
TOPIX1000,return,TOPIX1000_return,2012-02-24,0.0059969739,0.0047012477,0.0109807409,0.0129514623,0.0067671106704796985,0.0075557637573785315,0.0071878111200000035,0.003748269228571428
TOPIX1000,return,TOPIX1000_return,2012-02-27,0.0015987903,0.0059969739,0.0047012477,0.0108775371,0.0059519027185589105,0.007374109977262804,0.005796913440000004,0.004208048752380952
TOPIX1000,return,TOPIX1000_return,2012-02-28,0.0038570447,0.0015987903,0.0059969739,-0.0035719324,0.005391962921170394,0.007125721390649226,0.0039411640800000045,0.004501732028571428
TOPIX1000,return,TOPIX1000_return,2012-02-29,-0.0029370667,0.0038570447,0.0015987903,0.0109807409,0.003493407139704151,0.006740169797613342,0.005426959500000004,0.004954390719047619
TOPIX1000,return,TOPIX1000_return,2012-03-01,-0.0051047117,-0.0029370667,0.0038570447,0.0047012477,0.0035066703057216792,0.006769116125686475,0.0026433979800000043,0.00492996230952381
TOPIX1000,return,TOPIX1000_return,2012-03-02,0.0075575049,-0.0051047117,-0.0029370667,0.0059969739,0.004630173774396504,0.0071120049781365855,0.0006822061000000039,0.004518562552380952
TOPIX1000,return,TOPIX1000_return,2012-03-05,-0.0060428395,0.0075575049,-0.0051047117,0.0015987903,0.005106122847753692,0.0071361396221637195,0.0009943123000000042,0.004591930447619047
TOPIX1000,return,TOPIX1000_return,2012-03-06,-0.0068683458,-0.0060428395,0.0075575049,0.0038570447,0.005953301032811938,0.00736406413127852,-0.0005340136599999958,0.00440953469047619
TOPIX1000,return,TOPIX1000_return,2012-03-07,-0.0058639766,-0.0068683458,-0.0060428395,-0.0029370667,0.005907680226039063,0.007535032368310419,-0.002679091759999996,0.0035063670190476188
TOPIX1000,return,TOPIX1000_return,2012-03-08,0.0166150868,-0.0058639766,-0.0068683458,-0.0051047117,0.0060820704261456485,0.007806097928080354,-0.0032644737399999957,0.003043128928571429
TOPIX1000,return,TOPIX1000_return,2012-03-09,0.0151697489,0.0166150868,-0.0058639766,0.0075575049,0.010552568938561378,0.008112551006183053,0.0010794859600000047,0.003248463723809523
TOPIX1000,return,TOPIX1000_return,2012-03-12,-0.0041448618,0.0151697489,0.0166150868,-0.0060428395,0.012149160191146887,0.00851772497872312,0.0026019347600000045,0.0038343315428571423
TOPIX1000,return,TOPIX1000_return,2012-03-13,0.0001315649,-0.0041448618,0.0151697489,-0.0068683458,0.011837177148145615,0.008364838440645207,0.0029815303000000045,0.003964876304761904
TOPIX1000,return,TOPIX1000_return,2012-03-14,0.0141928987,0.0001315649,-0.0041448618,-0.0058639766,0.010744504932529162,0.00840612372375062,0.004381512440000004,0.0038102897047619048
TOPIX1000,return,TOPIX1000_return,2012-03-15,0.0076667507,0.0141928987,0.0001315649,0.0166150868,0.009651620981663916,0.008692019643262335,0.008392887500000005,0.004176822223809524
TOPIX1000,return,TOPIX1000_return,2012-03-16,0.0035574965,0.0076667507,0.0141928987,0.0151697489,0.008507692399036029,0.007858284556327087,0.006603220280000004,0.003546465395238095
TOPIX1000,return,TOPIX1000_return,2012-03-19,0.001794087,0.0035574965,0.0076667507,-0.0041448618,0.007043533548812324,0.007701018420030227,0.004280769800000003,0.0038724339904761904
TOPIX1000,return,TOPIX1000_return,2012-03-21,-0.0110853351,0.001794087,0.0035574965,0.0001315649,0.005625467987911582,0.0074231951064771765,0.005468559560000004,0.0033411304047619044
TOPIX1000,return,TOPIX1000_return,2012-03-22,0.0038371407,-0.0110853351,0.001794087,0.0141928987,0.009313534608616374,0.007843570933421608,0.0032251795600000037,0.0022952793476190476
TOPIX1000,return,TOPIX1000_return,2012-03-23,-0.011263211,0.0038371407,-0.0110853351,0.0076667507,0.00716943157048756,0.007732306399606722,0.001154027960000004,0.002648092352380952
TOPIX1000,return,TOPIX1000_return,2012-03-26,-0.0005973222,-0.011263211,0.0038371407,0.0035574965,0.007837515105002196,0.0080507794156837,-0.002631964379999996,0.0015888565476190476
TOPIX1000,return,TOPIX1000_return,2012-03-27,0.024263655,-0.0005973222,-0.011263211,0.001794087,0.007212565618664436,0.008031365032004339,-0.0034629281199999957,0.0013365436952380949
TOPIX1000,return,TOPIX1000_return,2012-03-28,0.0012729675,0.024263655,-0.0005973222,-0.0110853351,0.01456223984772944,0.009428945282996919,0.0010309854800000032,0.002206385652380952
TOPIX1000,return,TOPIX1000_return,2012-03-29,-0.008009897,0.0012729675,0.024263655,0.0038371407,0.012951284876424761,0.009430263053245635,0.003502646000000003,0.002190870280952381
TOPIX1000,return,TOPIX1000_return,2012-03-30,-0.0041439322,-0.008009897,0.0012729675,-0.011263211,0.013922099509150116,0.009677734295001907,0.0011332384600000029,0.001625777819047619
TOPIX1000,return,TOPIX1000_return,2012-04-02,0.0021664738,-0.0041439322,-0.008009897,-0.0005973222,0.012642578492980738,0.009709715410325746,0.002557094220000003,0.001568308033333333
TOPIX1000,return,TOPIX1000_return,2012-04-03,-0.005832442,0.0021664738,-0.0041439322,0.024263655,0.01253010067298492,0.009588749791466176,0.003109853420000003,0.0019145549619047617
TOPIX1000,return,TOPIX1000_return,2012-04-04,-0.0184614685,-0.005832442,0.0021664738,0.0012729675,0.0044536503754338775,0.009639807772611846,-0.0029093659799999966,0.0012769384428571427
TOPIX1000,return,TOPIX1000_return,2012-04-05,-0.0033559919,-0.0184614685,-0.005832442,-0.008009897,0.007513760597621067,0.010457532013141872,-0.006856253179999996,0.000685575157142857
TOPIX1000,return,TOPIX1000_return,2012-04-06,-0.0084289713,-0.0033559919,-0.0184614685,-0.0041439322,0.007622590794840252,0.01035829281300929,-0.005925472159999997,0.0008528301047619044
TOPIX1000,return,TOPIX1000_return,2012-04-09,-0.0146820354,-0.0084289713,-0.0033559919,0.0021664738,0.007613095181979724,0.01045611698929207,-0.006782479979999996,0.0007306874999999998
TOPIX1000,return,TOPIX1000_return,2012-04-10,-0.0002026536,-0.0146820354,-0.0084289713,-0.005832442,0.006272591621971531,0.01030825448214701,-0.010152181819999996,-0.0007596516523809526
TOPIX1000,return,TOPIX1000_return,2012-04-11,-0.0093276149,-0.0002026536,-0.0146820354,-0.0184614685,0.0076055190294028845,0.009644982532328728,-0.009026224139999995,-0.0014916708190476195
TOPIX1000,return,TOPIX1000_return,2012-04-12,0.0049577107,-0.0093276149,-0.0002026536,-0.0033559919,0.005607076394309527,0.009781608421795126,-0.007199453419999996,-0.0017384685857142858
TOPIX1000,return,TOPIX1000_return,2012-04-13,0.0068797102,0.0049577107,-0.0093276149,-0.0084289713,0.007825569237556106,0.009883900875565347,-0.005536712899999996,-0.0015086521190476193
TOPIX1000,return,TOPIX1000_return,2012-04-16,-0.0144629679,0.0068797102,0.0049577107,-0.0146820354,0.009272127502079718,0.009421011246555705,-0.0024749765999999966,-0.0018568991904761908
TOPIX1000,return,TOPIX1000_return,2012-04-17,-0.000946521,-0.0144629679,0.0068797102,-0.0002026536,0.009200264213700595,0.009539397013296423,-0.002431163099999996,-0.0029106953142857142
TOPIX1000,return,TOPIX1000_return,2012-04-18,0.0202819401,-0.000946521,-0.0144629679,-0.0093276149,0.00916115012211001,0.009436780104113095,-0.0025799365799999965,-0.0031251723380952383
TOPIX1000,return,TOPIX1000_return,2012-04-19,-0.0062422593,0.0202819401,-0.000946521,0.0049577107,0.01262433938272682,0.010696901304885372,0.0033419744200000033,-0.002244798380952381
TOPIX1000,return,TOPIX1000_return,2012-04-20,-0.0029266389,-0.0062422593,0.0202819401,0.0068797102,0.013244384150215956,0.010547942054822616,0.0011019804200000033,-0.002014175723809524
TOPIX1000,return,TOPIX1000_return,2012-04-23,-0.0029581141,-0.0029266389,-0.0062422593,-0.0144629679,0.012896409982573938,0.010463263847340042,-0.0008592893999999969,-0.002336260466666667
TOPIX1000,return,TOPIX1000_return,2012-04-24,-0.0069978382,-0.0029581141,-0.0029266389,-0.000946521,0.01070212859613245,0.010264038085695452,0.0014416813600000033,-0.0019407796619047618
TOPIX1000,return,TOPIX1000_return,2012-04-25,0.0067963148,-0.0069978382,-0.0029581141,0.0202819401,0.011361563689397397,0.01031704349336686,0.00023141792000000335,-0.0022455661380952384
TOPIX1000,return,TOPIX1000_return,2012-04-26,0.0007134218,0.0067963148,-0.0069978382,-0.0062422593,0.005500966535093978,0.008640936243555835,-0.002465707139999997,-0.003077344242857143
TOPIX1000,return,TOPIX1000_return,2012-04-27,-0.0071642519,0.0007134218,0.0067963148,-0.0029266389,0.0051771311063141135,0.008627703544749746,-0.0010745709199999971,-0.003103989276190477
TOPIX1000,return,TOPIX1000_return,2012-05-01,-0.0184678075,-0.0071642519,0.0007134218,-0.0029581141,0.005858185124591478,0.008605606073880077,-0.001922093519999997,-0.0030637204619047616
TOPIX1000,return,TOPIX1000_return,2012-05-02,0.0042972822,-0.0184678075,-0.0071642519,-0.0069978382,0.009511184553058083,0.009239799770496826,-0.005024032199999997,-0.003745809761904762
TOPIX1000,return,TOPIX1000_return,2012-05-07,-0.0263444328,0.0042972822,-0.0184678075,0.0067963148,0.010238720250319798,0.009319329429982544,-0.002765008119999997,-0.0036443426952380955
TOPIX1000,return,TOPIX1000_return,2012-05-08,0.0057132036,-0.0263444328,0.0042972822,0.0007134218,0.012886369847819143,0.01055336204834631,-0.009393157639999997,-0.004621104161904762
TOPIX1000,return,TOPIX1000_return,2012-05-09,-0.0136407711,0.0057132036,-0.0263444328,-0.0071642519,0.01401154657546724,0.01028319494991649,-0.008393201279999997,-0.0034699293
TOPIX1000,return,TOPIX1000_return,2012-05-10,-0.0006346297,-0.0136407711,0.0057132036,-0.0184678075,0.01416802175670204,0.010519691116747032,-0.009688505119999998,-0.00395968069047619
TOPIX1000,return,TOPIX1000_return,2012-05-11,-0.0088301932,-0.0006346297,-0.0136407711,0.0042972822,0.013640229339582725,0.010491583503869398,-0.006121869559999997,-0.0035885215666666666
TOPIX1000,return,TOPIX1000_return,2012-05-14,-0.0017163722,-0.0088301932,-0.0006346297,-0.0263444328,0.01233423687557528,0.01025730201204806,-0.008747364639999996,-0.0033098624142857145
TOPIX1000,return,TOPIX1000_return,2012-05-15,-0.012217678,-0.0017163722,-0.0088301932,0.0057132036,0.00753331550997635,0.0102396783254058,-0.0038217525199999965,-0.003381944252380952
TOPIX1000,return,TOPIX1000_return,2012-05-16,-0.011351254,-0.012217678,-0.0017163722,-0.0136407711,0.005963980293313875,0.01034248930178134,-0.007407928839999997,-0.0035195663047619054
TOPIX1000,return,TOPIX1000_return,2012-05-17,0.0110974477,-0.011351254,-0.012217678,-0.0006346297,0.005429764192056447,0.010286269928091365,-0.006950025419999996,-0.004296183671428571
TOPIX1000,return,TOPIX1000_return,2012-05-18,-0.0292719703,0.0110974477,-0.011351254,-0.0088301932,0.00969830000075224,0.01055311127976787,-0.004603609939999996,-0.004095339028571428
TOPIX1000,return,TOPIX1000_return,2012-05-21,-0.0007704242,-0.0292719703,0.0110974477,-0.0017163722,0.014860340156051727,0.011711735606386985,-0.008691965359999995,-0.004800529619047619
TOPIX1000,return,TOPIX1000_return,2012-05-22,0.0114035881,-0.0007704242,-0.0292719703,-0.012217678,0.014976913810146672,0.011714695704243838,-0.008502775759999996,-0.004792144057142857
TOPIX1000,return,TOPIX1000_return,2012-05-23,-0.01610015,0.0114035881,-0.0007704242,-0.011351254,0.017088751930340054,0.010896146967681401,-0.0037785225399999955,-0.005214922723809524
TOPIX1000,return,TOPIX1000_return,2012-05-24,0.0008765374,-0.01610015,0.0114035881,0.0110974477,0.017734624389882016,0.011151963062616304,-0.004728301739999996,-0.005684346090476191
TOPIX1000,return,TOPIX1000_return,2012-05-25,-0.0001775682,0.0008765374,-0.01610015,-0.0292719703,0.015954106712507278,0.011229597226036715,-0.006772483799999995,-0.005503242457142858
TOPIX1000,return,TOPIX1000_return,2012-05-28,-0.0012060255,-0.0001775682,0.0008765374,-0.0007704242,0.00982475516580977,0.011277397841531879,-0.0009536033799999961,-0.0053708355095238094
TOPIX1000,return,TOPIX1000_return,2012-05-29,0.0081858096,-0.0012060255,-0.0001775682,0.0114035881,0.009824656086711007,0.011306403408553586,-0.0010407236399999963,-0.005095034904761904
TOPIX1000,return,TOPIX1000_return,2012-05-30,-0.0048162671,0.0081858096,-0.0012060255,-0.01610015,0.008864150694512435,0.011383276891568976,-0.0016842793399999966,-0.005028868485714285
TOPIX1000,return,TOPIX1000_return,2012-05-31,-0.0057516924,-0.0048162671,0.0081858096,0.0008765374,0.004764962956908993,0.011307508761735323,0.0005724972400000035,-0.005292187004761905
TOPIX1000,return,TOPIX1000_return,2012-06-01,-0.0146789281,-0.0057516924,-0.0048162671,-0.0001775682,0.005521225770839491,0.01130001458124254,-0.0007531487199999965,-0.005224922266666666
TOPIX1000,return,TOPIX1000_return,2012-06-04,-0.0189192582,-0.0146789281,-0.0057516924,-0.0012060255,0.008268522943456902,0.011106590852689405,-0.0036534206999999964,-0.005044499438095239
TOPIX1000,return,TOPIX1000_return,2012-06-05,0.0185066126,-0.0189192582,-0.0146789281,0.0081858096,0.010461575113725063,0.011284281586087203,-0.007196067239999998,-0.006150048980952381
TOPIX1000,return,TOPIX1000_return,2012-06-06,0.0144299793,0.0185066126,-0.0189192582,-0.0048162671,0.014495689327901058,0.01151313769059282,-0.005131906639999997,-0.004014284914285714
TOPIX1000,return,TOPIX1000_return,2012-06-07,0.0173122992,0.0144299793,0.0185066126,-0.0057516924,0.016948334648842007,0.01202704336127681,-0.0012826573599999975,-0.0035992003571428573
TOPIX1000,return,TOPIX1000_return,2012-06-08,-0.0180709064,0.0173122992,0.0144299793,-0.0146789281,0.018495910244234526,0.01261711071469945,0.0033301409600000028,-0.0021252446285714285
TOPIX1000,return,TOPIX1000_return,2012-06-11,0.0175351086,-0.0180709064,0.0173122992,-0.0189192582,0.019363444550174295,0.013079362620183652,0.002651745300000003,-0.0029555435190476193
TOPIX1000,return,TOPIX1000_return,2012-06-12,-0.0081834751,0.0175351086,-0.0180709064,0.0185066126,0.015733674703924738,0.013736172062884536,0.009942618660000003,-0.0017000529571428572
TOPIX1000,return,TOPIX1000_return,2012-06-13,0.0030370409,-0.0081834751,0.0175351086,0.0144299793,0.016605234154182382,0.013808858323126267,0.004604601120000003,-0.0020080102380952386
TOPIX1000,return,TOPIX1000_return,2012-06-14,-0.0010093869,0.0030370409,-0.0081834751,0.0173122992,0.015675574828750045,0.013645192064383388,0.0023260134400000026,-0.0012815950523809526
TOPIX1000,return,TOPIX1000_return,2012-06-15,0.0014272745,-0.0010093869,0.0030370409,-0.0180709064,0.013250413984903214,0.013448807266022721,-0.0013383237799999969,-0.0007891251904761908
TOPIX1000,return,TOPIX1000_return,2012-06-18,0.016873762,0.0014272745,-0.0010093869,0.0175351086,0.009406477610065613,0.013184417290513003,0.002561312400000003,-0.001249609628571429
TOPIX1000,return,TOPIX1000_return,2012-06-19,-0.0056675153,0.016873762,0.0014272745,-0.0081834751,0.009144280304690496,0.0120796931356677,0.002429043080000003,0.0009478061952380948
TOPIX1000,return,TOPIX1000_return,2012-06-20,0.0173119925,-0.0056675153,0.016873762,0.0030370409,0.008457750201736223,0.012161512882003171,0.0029322350400000025,0.0007146113809523806
TOPIX1000,return,TOPIX1000_return,2012-06-21,0.0088520174,0.0173119925,-0.0056675153,-0.0010093869,0.010631859498737078,0.012485200045272876,0.005787225360000004,0.000995963971428571
TOPIX1000,return,TOPIX1000_return,2012-06-22,-0.0042535099,0.0088520174,0.0173119925,0.0014272745,0.009948558924356792,0.011952817114364127,0.007759506220000002,0.0021841624190476186
TOPIX1000,return,TOPIX1000_return,2012-06-25,-0.007798732,-0.0042535099,0.0088520174,0.016873762,0.01110919027370296,0.012033032186988223,0.006623349340000003,0.001939874452380952
TOPIX1000,return,TOPIX1000_return,2012-06-26,-0.0086351361,-0.007798732,-0.0042535099,-0.0056675153,0.010895360395492047,0.01221365700441676,0.0016888505400000028,0.00157696189047619
TOPIX1000,return,TOPIX1000_return,2012-06-27,0.0097524139,-0.0086351361,-0.007798732,0.0173119925,0.011462359483534438,0.01240439861407863,0.001095326380000003,0.001223194719047619
TOPIX1000,return,TOPIX1000_return,2012-06-28,0.01810025,0.0097524139,-0.0086351361,0.0088520174,0.009028817728232138,0.012452981178002765,-0.00041658933999999743,0.0012977949238095236
TOPIX1000,return,TOPIX1000_return,2012-06-29,0.0150510098,0.01810025,0.0097524139,-0.0042535099,0.01189473103180998,0.012886946119598282,0.001433057180000002,0.0023890576428571425
TOPIX1000,return,TOPIX1000_return,2012-07-02,-0.0010108086,0.0150510098,0.01810025,-0.007798732,0.012693671627154424,0.01302864837371656,0.005293961120000001,0.003379662509523809
TOPIX1000,return,TOPIX1000_return,2012-07-03,0.0101529857,-0.0010108086,0.0150510098,-0.0086351361,0.011220890392288182,0.01240802369375562,0.006651545800000003,0.004030525342857143
TOPIX1000,return,TOPIX1000_return,2012-07-04,0.0020384363,0.0101529857,-0.0010108086,0.0097524139,0.007273449293323258,0.011290982236956458,0.010409170160000002,0.0054149179095238096
TOPIX1000,return,TOPIX1000_return,2012-07-05,-0.0029397587,0.0020384363,0.0101529857,0.01810025,0.008205928115963169,0.01090142061941284,0.008866374640000002,0.004630719038095238
TOPIX1000,return,TOPIX1000_return,2012-07-06,-0.0058850473,-0.0029397587,0.0020384363,0.0150510098,0.007663761511752057,0.01077900511160621,0.004658372900000002,0.003803588657142857
TOPIX1000,return,TOPIX1000_return,2012-07-09,-0.0104043334,-0.0058850473,-0.0029397587,-0.0010108086,0.006132415356849271,0.01051070600993497,0.0004711614800000024,0.0026989531095238093
TOPIX1000,return,TOPIX1000_return,2012-07-10,-0.0070969498,-0.0104043334,-0.0058850473,0.0101529857,0.00788762582100804,0.009866633155345212,-0.0014075434799999977,0.0030640280142857144
TOPIX1000,return,TOPIX1000_return,2012-07-11,-0.0015817587,-0.0070969498,-0.0104043334,0.0020384363,0.004692281395294923,0.009518271884167574,-0.004857530579999998,0.0018910728523809522
TOPIX1000,return,TOPIX1000_return,2012-07-12,-0.0130000495,-0.0015817587,-0.0070969498,-0.0029397587,0.003486587823455058,0.009274800997947382,-0.005581569579999998,0.0022054402999999996
TOPIX1000,return,TOPIX1000_return,2012-07-13,-0.0017155128,-0.0130000495,-0.0015817587,-0.0058850473,0.004371440494971429,0.009845575074940629,-0.007593627739999997,0.0014417693285714282
TOPIX1000,return,TOPIX1000_return,2012-07-17,-0.0039151428,-0.0017155128,-0.0130000495,-0.0104043334,0.005113559243395611,0.009855565664117726,-0.006759720839999997,0.0014081442857142856
TOPIX1000,return,TOPIX1000_return,2012-07-18,-0.00368416,-0.0039151428,-0.0017155128,-0.0070969498,0.004769183817158382,0.00992376288326234,-0.0054618827199999975,0.0011537434619047617
TOPIX1000,return,TOPIX1000_return,2012-07-19,0.0089786064,-0.00368416,-0.0039151428,-0.0015817587,0.004720643070511931,0.009289194184647074,-0.004779324759999998,0.00017479479523809495
TOPIX1000,return,TOPIX1000_return,2012-07-20,-0.0178952779,0.0089786064,-0.00368416,-0.0130000495,0.007840437852614877,0.009378012515754276,-0.0026672517399999977,0.0008722291619047616
TOPIX1000,return,TOPIX1000_return,2012-07-23,-0.0178721498,-0.0178952779,0.0089786064,-0.0017155128,0.009568480572246237,0.009438934254431165,-0.0036462974199999976,-0.0008043075238095242
TOPIX1000,return,TOPIX1000_return,2012-07-24,-0.0041681347,-0.0178721498,-0.0178952779,-0.0039151428,0.011321029598766448,0.009863892745042017,-0.006877624819999997,-0.0020768869142857144
TOPIX1000,return,TOPIX1000_return,2012-07-25,-0.0157469424,-0.0041681347,-0.0178721498,-0.00368416,0.011305032957889212,0.009862968326780507,-0.006928223199999998,-0.0020728214285714286
TOPIX1000,return,TOPIX1000_return,2012-07-26,0.0118371759,-0.0157469424,-0.0041681347,0.0089786064,0.011719202182238661,0.010239018821996522,-0.009340779679999998,-0.0024513076380952383
TOPIX1000,return,TOPIX1000_return,2012-07-27,0.016413883,0.0118371759,-0.0157469424,-0.0178952779,0.012851365797414674,0.010589412808017432,-0.008769065779999998,-0.0014764356380952384
TOPIX1000,return,TOPIX1000_return,2012-07-30,0.0072234352,0.016413883,0.0118371759,-0.0178721498,0.015621298511169692,0.011033078917589097,-0.0019072335999999975,-0.0011592228238095242
TOPIX1000,return,TOPIX1000_return,2012-07-31,0.0063829508,0.0072234352,0.016413883,-0.0041681347,0.013025290350546082,0.010315727540819336,0.0031118834000000025,-0.0016771663857142857
TOPIX1000,return,TOPIX1000_return,2012-08-01,-0.0089418235,0.0063829508,0.0072234352,-0.0157469424,0.012390206739775053,0.009772001933020103,0.005222100500000003,-0.0020899311
TOPIX1000,return,TOPIX1000_return,2012-08-02,0.0045302369,-0.0089418235,0.0063829508,0.0118371759,0.009561942094896005,0.009880863004015219,0.0065831242800000024,-0.0024675984761904765
TOPIX1000,return,TOPIX1000_return,2012-08-03,-0.0122924172,0.0045302369,-0.0089418235,0.016413883,0.009105684531708355,0.009593784806885098,0.005121736480000002,-0.0027353484190476194
TOPIX1000,return,TOPIX1000_return,2012-08-06,0.0165179234,-0.0122924172,0.0045302369,0.0072234352,0.009254509769444525,0.009745724697655469,-0.0006195235599999981,-0.0034177700142857146
TOPIX1000,return,TOPIX1000_return,2012-08-07,0.0110360203,0.0165179234,-0.0122924172,0.0063829508,0.011805574830421656,0.010674169140953793,0.0012393740800000017,-0.0024912137238095244
TOPIX1000,return,TOPIX1000_return,2012-08-08,0.0024119917,0.0110360203,0.0165179234,-0.0089418235,0.012476719048268354,0.01103764305650471,0.0021699879800000017,-0.0016854486000000002
TOPIX1000,return,TOPIX1000_return,2012-08-09,0.008348231,0.0024119917,0.0110360203,0.0045302369,0.010879780102924569,0.010884712975511654,0.004440751020000001,-0.0010751474047619052
TOPIX1000,return,TOPIX1000_return,2012-08-10,-0.006866611,0.008348231,0.0024119917,-0.0122924172,0.011020701391402316,0.01097888380470852,0.0052043498400000015,-0.00033966260476190523
TOPIX1000,return,TOPIX1000_return,2012-08-13,0.0001837663,-0.006866611,0.008348231,0.0165179234,0.008937376583743958,0.011068979312922392,0.006289511080000002,-0.0005913222380952385
TOPIX1000,return,TOPIX1000_return,2012-08-14,0.0031992136,0.0001837663,-0.006866611,0.0110360203,0.007049921345229545,0.010697648108582404,0.003022679660000001,3.647851428571377e-05
TOPIX1000,return,TOPIX1000_return,2012-08-15,-0.0029569441,0.0031992136,0.0001837663,0.0024119917,0.005530370513454681,0.010711154710809386,0.001455318320000001,0.0002705131047619043
TOPIX1000,return,TOPIX1000_return,2012-08-16,0.0159304001,-0.0029569441,0.0031992136,0.008348231,0.005812222755676079,0.010694460594753891,0.00038153116000000126,0.00031614161428571375
TOPIX1000,return,TOPIX1000_return,2012-08-17,0.0089139879,0.0159304001,-0.0029569441,-0.006866611,0.008688050626677383,0.011173432509812236,0.001897964980000001,0.0012501682857142852
TOPIX1000,return,TOPIX1000_return,2012-08-20,-0.0014585267,0.0089139879,0.0159304001,0.0001837663,0.007492166241199423,0.011171206420044358,0.005054084760000002,0.0012470912142857138
TOPIX1000,return,TOPIX1000_return,2012-08-21,0.0007062092,-0.0014585267,0.0089139879,0.0031992136,0.007789173589197539,0.010305197827641992,0.004725626160000001,0.002029793652380952
TOPIX1000,return,TOPIX1000_return,2012-08-22,-0.003314175,0.0007062092,-0.0014585267,-0.0029569441,0.007988549055021442,0.009255189342815799,0.004227025280000001,0.0029144774142857138
TOPIX1000,return,TOPIX1000_return,2012-08-23,0.002521008,-0.003314175,0.0007062092,0.0159304001,0.008070043786204748,0.00922433896251733,0.004155579100000001,0.0029551421619047617
TOPIX1000,return,TOPIX1000_return,2012-08-24,-0.0097350516,0.002521008,-0.003314175,0.0089139879,0.004705461737323267,0.008174037428107852,0.0014737006800000015,0.003825044561904761
TOPIX1000,return,TOPIX1000_return,2012-08-27,-0.0024062473,-0.0097350516,0.002521008,-0.0014585267,0.004724574042954852,0.008467052820424304,-0.0022561072199999985,0.0027977956333333324
TOPIX1000,return,TOPIX1000_return,2012-08-28,-0.0120238572,-0.0024062473,-0.0097350516,0.0007062092,0.0047035404760684555,0.007932960855325171,-0.0024456513399999983,0.0019015989523809517
TOPIX1000,return,TOPIX1000_return,2012-08-29,0.0053982833,-0.0120238572,-0.0024062473,-0.003314175,0.005871329844321994,0.00838627711472362,-0.004991664619999998,0.0009850612190476183
TOPIX1000,return,TOPIX1000_return,2012-08-30,-0.0083832947,0.0053982833,-0.0120238572,0.002521008,0.007547279592551234,0.008357290302790492,-0.003249172959999999,0.0009381722904761898
TOPIX1000,return,TOPIX1000_return,2012-08-31,-0.0165511387,-0.0083832947,0.0053982833,-0.0097350516,0.007020134814373402,0.008325102399264013,-0.005430033499999999,0.0009647688999999992
TOPIX1000,return,TOPIX1000_return,2012-09-03,-0.00411677,-0.0165511387,-0.0083832947,-0.0024062473,0.008558375468000513,0.00910790313306133,-0.006793250919999999,-3.9106128571429194e-05
TOPIX1000,return,TOPIX1000_return,2012-09-04,-0.0024877562,-0.00411677,-0.0165511387,-0.0120238572,0.008371316120791282,0.008724616855295329,-0.007135355459999999,0.0003502104047619041
TOPIX1000,return,TOPIX1000_return,2012-09-05,-0.0119030507,-0.0024877562,-0.00411677,0.0053982833,0.008059637391657415,0.007911501568253107,-0.005228135259999998,-0.0005548219571428576
TOPIX1000,return,TOPIX1000_return,2012-09-06,0.001389287,-0.0119030507,-0.0024877562,-0.0083832947,0.005735797952833938,0.007814136622861036,-0.00868840206,-0.001647158671428572
TOPIX1000,return,TOPIX1000_return,2012-09-07,0.0229138875,0.001389287,-0.0119030507,-0.0165511387,0.007313746787646167,0.007790725633227784,-0.006733885719999997,-0.0016958588952380959
TOPIX1000,return,TOPIX1000_return,2012-09-10,0.0028499042,0.0229138875,0.001389287,-0.00411677,0.013086996509255967,0.009242730157053182,0.0011591195200000015,-0.0010022562047619053
TOPIX1000,return,TOPIX1000_return,2012-09-11,-0.0069863509,0.0028499042,0.0229138875,-0.0024877562,0.012751418972590849,0.009177455942863153,0.002552454360000001,-0.0005395650047619053
TOPIX1000,return,TOPIX1000_return,2012-09-12,0.0131590837,-0.0069863509,0.0028499042,-0.0119030507,0.01334103027976376,0.00928198165527659,0.0016527354200000012,-0.0008809991571428576
TOPIX1000,return,TOPIX1000_return,2012-09-13,0.003243802,0.0131590837,-0.0069863509,0.001389287,0.01156446013628647,0.009743858827420602,0.006665162300000001,-0.0004067196285714292
TOPIX1000,return,TOPIX1000_return,2012-09-14,0.0171261936,0.003243802,0.0131590837,0.0229138875,0.01138123404907456,0.009756657838391107,0.007036065300000001,-0.00011144600476190534
TOPIX1000,return,TOPIX1000_return,2012-09-18,0.0019462231,0.0171261936,0.003243802,0.0028499042,0.009501788319559704,0.009857927633826613,0.005878526520000001,-5.450345714285769e-05
TOPIX1000,return,TOPIX1000_return,2012-09-19,0.0085534988,0.0019462231,0.0171261936,-0.0069863509,0.009582054244817848,0.00965616880943788,0.005697790300000001,-0.0003863017809523815
TOPIX1000,return,TOPIX1000_return,2012-09-20,-0.0145097129,0.0085534988,0.0019462231,0.0131590837,0.00644657470130929,0.009845884737218957,0.00880576024,9.046133809523754e-05
TOPIX1000,return,TOPIX1000_return,2012-09-21,0.0034351056,-0.0145097129,0.0085534988,0.003243802,0.011595049623163375,0.010345506032950057,0.0032720009200000013,-0.0006341063809523815
TOPIX1000,return,TOPIX1000_return,2012-09-24,-0.0036652113,0.0034351056,-0.0145097129,0.0171261936,0.011595248936510146,0.010362906058362403,0.0033102616400000006,-0.0003127120666666672
TOPIX1000,return,TOPIX1000_return,2012-09-25,0.0051841397,-0.0036652113,0.0034351056,0.0019462231,0.00879090346421704,0.01036625142740541,-0.0008480193399999988,-0.0006072939380952386
TOPIX1000,return,TOPIX1000_return,2012-09-26,-0.0105442188,0.0051841397,-0.0036652113,0.0085534988,0.009159725240930786,0.01021961095420182,-0.0002004360199999989,0.00010314374285714243
TOPIX1000,return,TOPIX1000_return,2012-09-27,0.0042724089,-0.0105442188,0.0051841397,-0.0145097129,0.008558915962587264,0.010470732066443148,-0.004019979539999999,-0.00028437870952380994
TOPIX1000,return,TOPIX1000_return,2012-09-28,-0.0110489605,0.0042724089,-0.0105442188,0.0034351056,0.006730448536919104,0.010156346413066562,-0.00026355517999999896,0.0004916339619047615
TOPIX1000,return,TOPIX1000_return,2012-10-01,-0.0068460348,-0.0110489605,0.0042724089,-0.0036652113,0.007776293979554242,0.010390515017079053,-0.0031603683999999995,-0.00029156812380952424
TOPIX1000,return,TOPIX1000_return,2012-10-02,-0.0013982801,-0.0068460348,-0.0110489605,0.0051841397,0.007955952725107539,0.010335928862513614,-0.003796533099999999,-0.00021836527142857188
TOPIX1000,return,TOPIX1000_return,2012-10-03,-0.0052049154,-0.0013982801,-0.0068460348,-0.0105442188,0.006511954746526711,0.009644499604320532,-0.005113017059999999,0.0005031994238095234
TOPIX1000,return,TOPIX1000_return,2012-10-04,0.0111994098,-0.0052049154,-0.0013982801,0.0042724089,0.005797220870557557,0.009673441801888602,-0.00404515638,0.0004513829761904756
TOPIX1000,return,TOPIX1000_return,2012-10-05,0.0023776103,0.0111994098,-0.0052049154,-0.0110489605,0.008486007848566526,0.009923381948262614,-0.002659756199999999,0.0011031527857142853
TOPIX1000,return,TOPIX1000_return,2012-10-09,-0.0129787883,0.0023776103,0.0111994098,-0.0068460348,0.007193592089534129,0.00946631343154555,2.5557960000001205e-05,0.0017831842619047615
TOPIX1000,return,TOPIX1000_return,2012-10-10,-0.015004797,-0.0129787883,0.0023776103,-0.0013982801,0.008963302545585123,0.010000379809660797,-0.001200992739999999,0.0010989901999999996
TOPIX1000,return,TOPIX1000_return,2012-10-11,-0.0040199877,-0.015004797,-0.0129787883,-0.0052049154,0.01089543252251548,0.009260470316782937,-0.003922296119999999,-0.0007066614428571432
TOPIX1000,return,TOPIX1000_return,2012-10-12,0.0063463869,-0.0040199877,-0.015004797,0.0111994098,0.010873424254889555,0.009249885893279537,-0.003685310579999999,-0.0010337991523809527
TOPIX1000,return,TOPIX1000_return,2012-10-15,0.0066343078,0.0063463869,-0.0040199877,0.0023776103,0.009317927712119633,0.009278408275086353,-0.0046559151599999985,-0.0003989068761904766
TOPIX1000,return,TOPIX1000_return,2012-10-16,0.0131937098,0.0066343078,0.0063463869,-0.0129787883,0.010267300847373298,0.008903361531316684,-0.003804575659999999,-0.0007096104904761909
TOPIX1000,return,TOPIX1000_return,2012-10-17,0.0100537705,0.0131937098,0.0066343078,-0.015004797,0.011061707219262097,0.009376447777635397,0.001429923960000001,-0.0002358053571428575
TOPIX1000,return,TOPIX1000_return,2012-10-18,0.0170674654,0.0100537705,0.0131937098,-0.0040199877,0.006483243430195573,0.008832921252053644,0.006441637460000002,-0.0005725874095238099
TOPIX1000,return,TOPIX1000_return,2012-10-19,0.0026723767,0.0170674654,0.0100537705,0.0063463869,0.004545774528996571,0.009628989626783354,0.01065912808,0.00014747174761904717
TOPIX1000,return,TOPIX1000_return,2012-10-22,-0.0009364893,0.0026723767,0.0170674654,0.0066343078,0.005593412536283626,0.009456256263530692,0.00992432604,-0.00013258168571428618
TOPIX1000,return,TOPIX1000_return,2012-10-23,-0.0058163679,-0.0009364893,0.0026723767,0.0131937098,0.0074299184263421116,0.008870138230475345,0.00841016662,0.0005137622952380948
TOPIX1000,return,TOPIX1000_return,2012-10-24,-0.0083401645,-0.0058163679,-0.0009364893,0.0100537705,0.00905607723506999,0.008947199682555893,0.004608151080000001,7.321593809523755e-05
TOPIX1000,return,TOPIX1000_return,2012-10-25,0.0110189306,-0.0083401645,-0.0058163679,0.0170674654,0.009979815580524977,0.00910169229363852,0.0009293640800000006,-0.0001494008809523815
TOPIX1000,return,TOPIX1000_return,2012-10-26,-0.0138646097,0.0110189306,-0.0083401645,0.0026723767,0.007622843298053445,0.00935809768294429,-0.000280342879999999,0.00012844630476190427
TOPIX1000,return,TOPIX1000_return,2012-10-29,-0.0013082341,-0.0138646097,0.0110189306,-0.0009364893,0.009401467014072774,0.00957302115580013,-0.003587740159999999,-2.966754761904816e-05
TOPIX1000,return,TOPIX1000_return,2012-10-30,-0.0091567684,-0.0013082341,-0.0138646097,-0.0058163679,0.009376695926370525,0.00952496331807399,-0.003662089119999999,-0.0002954124523809529
TOPIX1000,return,TOPIX1000_return,2012-10-31,0.0121201644,-0.0091567684,-0.0013082341,-0.0083401645,0.009682569832054884,0.009426592340353509,-0.004330169219999999,-0.00020530806666666716
TOPIX1000,return,TOPIX1000_return,2012-11-01,0.0012206883,0.0121201644,-0.0091567684,0.0110189306,0.011681363753163865,0.009664112778112131,-0.00023810343999999887,0.0006978442761904756
TOPIX1000,return,TOPIX1000_return,2012-11-02,0.0119238126,0.0012206883,0.0121201644,-0.0138646097,0.01002525790271744,0.009652602046603254,-0.002197751899999999,0.0008225570571428567
TOPIX1000,return,TOPIX1000_return,2012-11-05,-0.0055544163,0.0119238126,0.0012206883,-0.0013082341,0.009114790893399666,0.009839692233992375,0.002959932560000001,0.001638210771428571
TOPIX1000,return,TOPIX1000_return,2012-11-06,-0.0040346028,-0.0055544163,0.0119238126,-0.0091567684,0.009785046363440675,0.009703973411013905,0.002110696120000001,0.0008404095285714281
TOPIX1000,return,TOPIX1000_return,2012-11-07,0.0011558789,-0.0040346028,-0.0055544163,0.0121201644,0.00849338206132669,0.009753939795684554,0.0031351292400000007,0.0005350660476190471
TOPIX1000,return,TOPIX1000_return,2012-11-08,-0.0140097448,0.0011558789,-0.0040346028,0.0012206883,0.006850066042300538,0.009249416810919044,0.0009422721400000009,0.0012081454380952375
TOPIX1000,return,TOPIX1000_return,2012-11-09,-0.0062603425,-0.0140097448,0.0011558789,0.0119238126,0.009549681875181739,0.009164365113431591,-0.0021038144799999992,0.0012555288761904758
TOPIX1000,return,TOPIX1000_return,2012-11-12,-0.0112477475,-0.0062603425,-0.0140097448,-0.0055544163,0.005457916269374767,0.009241563712417463,-0.005740645499999999,0.0011488453142857139
TOPIX1000,return,TOPIX1000_return,2012-11-13,6.27728e-05,-0.0112477475,-0.0062603425,-0.0040346028,0.005978421344864289,0.009539524165060414,-0.00687931174,0.00031102939047619
TOPIX1000,return,TOPIX1000_return,2012-11-14,-0.0002256544,6.27728e-05,-0.0112477475,0.0011558789,0.00670277104175228,0.009428869962497083,-0.006059836619999998,-1.9008476190480368e-06
TOPIX1000,return,TOPIX1000_return,2012-11-15,0.0210615299,-0.0002256544,6.27728e-05,-0.0140097448,0.006350156758132142,0.00893146822820393,-0.0063361432799999996,-0.0006409181904761909
TOPIX1000,return,TOPIX1000_return,2012-11-16,0.0189561539,0.0210615299,-0.0002256544,-0.0062603425,0.012319166337309298,0.009864766456023515,0.0006781116600000012,-0.00011673917142857187
TOPIX1000,return,TOPIX1000_return,2012-11-19,0.014419842,0.0189561539,0.0210615299,-0.0112477475,0.013836706443765246,0.01003638591323408,0.005721410940000002,-2.6801623809524117e-05
TOPIX1000,return,TOPIX1000_return,2012-11-20,-0.0002138536,0.014419842,0.0189561539,6.27728e-05,0.010268436047414745,0.010510540480249006,0.010854928840000003,0.0005326014857142855
TOPIX1000,return,TOPIX1000_return,2012-11-21,0.0065502566,-0.0002138536,0.014419842,-0.0002256544,0.010341604369229837,0.010506672461865775,0.010799603560000003,0.0005670127095238093
TOPIX1000,return,TOPIX1000_return,2012-11-22,0.0123301529,0.0065502566,-0.0002138536,0.0210615299,0.008875713580392118,0.010477529386586644,0.012154785760000002,0.0011558995904761902
TOPIX1000,return,TOPIX1000_return,2012-11-26,0.0039315286,0.0123301529,0.0065502566,0.0189561539,0.007425739691097612,0.01051169666183117,0.010408510360000001,0.0021402004190476187
TOPIX1000,return,TOPIX1000_return,2012-11-27,0.0024986933,0.0039315286,0.0123301529,0.014419842,0.006006405942640712,0.010324486370111382,0.007403585300000001,0.0018027050857142852
TOPIX1000,return,TOPIX1000_return,2012-11-28,-0.0131106821,0.0024986933,0.0039315286,-0.0002138536,0.004762221109341349,0.009680314192154022,0.005019355560000002,0.00258190999047619
TOPIX1000,return,TOPIX1000_return,2012-11-29,0.0105361737,-0.0131106821,0.0024986933,0.0065502566,0.009470495630457432,0.010243682577784768,0.0024399898600000014,0.0020198886571428567
TOPIX1000,return,TOPIX1000_return,2012-11-30,0.0026851177,0.0105361737,-0.0131106821,0.0123301529,0.010052829738655253,0.010069267268398002,0.003237173280000002,0.0029576478047619046
TOPIX1000,return,TOPIX1000_return,2012-12-03,0.000185375,0.0026851177,0.0105361737,0.0039315286,0.008707104702617737,0.009848061677484915,0.0013081662400000014,0.0025083598666666663
TOPIX1000,return,TOPIX1000_return,2012-12-04,0.0001972323,0.000185375,0.0026851177,0.0024986933,0.008585257508473304,0.009857417245649876,0.0005589355200000014,0.002459059233333333
TOPIX1000,return,TOPIX1000_return,2012-12-05,-0.0002665014,0.0001972323,0.000185375,-0.0131106821,0.008516680843711544,0.009623823504098173,9.864332000000136e-05,0.0019006506476190472
TOPIX1000,return,TOPIX1000_return,2012-12-06,0.0087742632,-0.0002665014,0.0001972323,0.0105361737,0.004549391921422245,0.009487219233422396,0.002667479460000001,0.002152456119047619
TOPIX1000,return,TOPIX1000_return,2012-12-07,0.0018500636,0.0087742632,-0.0002665014,0.0026851177,0.00379287029508409,0.00948130394520908,0.0023150973600000015,0.0027624021190476187
TOPIX1000,return,TOPIX1000_return,2012-12-10,-0.0023052955,0.0018500636,0.0087742632,0.000185375,0.0037908883713869018,0.009476631752610497,0.0021480865400000013,0.002795458533333333
TOPIX1000,return,TOPIX1000_return,2012-12-11,-0.0030807337,-0.0023052955,0.0018500636,0.0001972323,0.004249206563415607,0.008755599037081698,0.0016499524400000014,0.003352813261904762
TOPIX1000,return,TOPIX1000_return,2012-12-12,0.0067686056,-0.0030807337,-0.0023052955,-0.0002665014,0.004752446975109043,0.00860728362604775,0.0009943592400000014,0.003504223204761905
TOPIX1000,return,TOPIX1000_return,2012-12-13,0.0101709234,0.0067686056,-0.0030807337,0.0087742632,0.005296145163632569,0.007935003349350348,0.002401380640000001,0.004362144780952381
TOPIX1000,return,TOPIX1000_return,2012-12-14,0.002335465,0.0101709234,0.0067686056,0.0018500636,0.005734950850053949,0.007967676607350845,0.002680712680000001,0.004843485285714285
TOPIX1000,return,TOPIX1000_return,2012-12-17,0.0085744622,0.002335465,0.0101709234,-0.0023052955,0.005721467035926062,0.00790556465350914,0.002777792960000001,0.0049654433523809525
TOPIX1000,return,TOPIX1000_return,2012-12-18,0.0112718021,0.0085744622,0.002335465,-0.0030807337,0.005362613649993569,0.007058593968174655,0.004953744500000001,0.004370821080952381
TOPIX1000,return,TOPIX1000_return,2012-12-19,0.027815454,0.0112718021,0.0085744622,0.0067686056,0.0035070092582204448,0.006436438114698767,0.00782425166,0.004004899566666667
TOPIX1000,return,TOPIX1000_return,2012-12-20,-0.0009281028,0.027815454,0.0112718021,0.0101709234,0.009475445538723853,0.007995252689679272,0.012033621340000002,0.004642785852380952
TOPIX1000,return,TOPIX1000_return,2012-12-21,-0.0071714378,-0.0009281028,0.027815454,0.002335465,0.011169548392587414,0.008018431492800569,0.009813816100000003,0.004608773985714285
TOPIX1000,return,TOPIX1000_return,2012-12-25,0.0062984531,-0.0071714378,-0.0009281028,0.0085744622,0.013356011005164236,0.008402210898279633,0.007912435540000002,0.003955359966666666
TOPIX1000,return,TOPIX1000_return,2012-12-26,0.0127455787,0.0062984531,-0.0071714378,0.0112718021,0.013366588349441433,0.008202327232565247,0.007457233720000002,0.0036681361666666664
TOPIX1000,return,TOPIX1000_return,2012-12-27,0.0076323641,0.0127455787,0.0062984531,0.027815454,0.013487438541307125,0.008438585853695762,0.0077519890400000015,0.004087852838095238
TOPIX1000,return,TOPIX1000_return,2012-12-28,0.006875208,0.0076323641,0.0127455787,-0.0009281028,0.007804554022571907,0.008464566664774381,0.0037153710600000014,0.004332313352380952
TOPIX1000,return,TOPIX1000_return,2013-01-04,0.0336152505,0.006875208,0.0076323641,-0.0071714378,0.007414321312088842,0.007470492777445272,0.005276033220000001,0.005284022404761905
TOPIX1000,return,TOPIX1000_return,2013-01-07,-0.0087744635,0.0336152505,0.006875208,0.0062984531,0.011568811032563143,0.009658868073192882,0.01343337088,0.0063830260619047625
TOPIX1000,return,TOPIX1000_return,2013-01-08,-0.0105975848,-0.0087744635,0.0336152505,0.0127455787,0.015265908489053783,0.010187482966956925,0.01041878756,0.005837331719047619
TOPIX1000,return,TOPIX1000_return,2013-01-09,0.0081266985,-0.0105975848,-0.0087744635,0.0076323641,0.01774461285652705,0.010743186859112921,0.00575015486,0.005323857442857143
TOPIX1000,return,TOPIX1000_return,2013-01-10,0.0113765594,0.0081266985,-0.0105975848,0.006875208,0.01775909285733634,0.010693224009898673,0.00584902174,0.005701451071428571
TOPIX1000,return,TOPIX1000_return,2013-01-11,0.0111059312,0.0113765594,0.0081266985,0.0336152505,0.017937319322568993,0.010670135690518247,0.00674929202,0.006255882538095238
TOPIX1000,return,TOPIX1000_return,2013-01-15,0.0083967259,0.0111059312,0.0113765594,-0.0087744635,0.010986996709121476,0.0107097099741981,0.0022474281600000008,0.006366914347619048
TOPIX1000,return,TOPIX1000_return,2013-01-16,-0.0202776578,0.0083967259,0.0111059312,-0.0105975848,0.009222502434172107,0.010666852990124974,0.005681666040000001,0.0066786601714285704
TOPIX1000,return,TOPIX1000_return,2013-01-17,0.0029248444,-0.0202776578,0.0083967259,0.0081266985,0.01351249355461944,0.012054429568506334,0.00374565144,0.005822833395238094
TOPIX1000,return,TOPIX1000_return,2013-01-18,0.0237664423,0.0029248444,-0.0202776578,0.0113765594,0.013289264670157347,0.011902925696981046,0.002705280620000001,0.0061088133047619035
TOPIX1000,return,TOPIX1000_return,2013-01-21,-0.0073146749,0.0237664423,0.0029248444,0.0111059312,0.016156251405179425,0.012512375746273388,0.005183257200000001,0.006918234099999999
TOPIX1000,return,TOPIX1000_return,2013-01-22,-0.0044194345,-0.0073146749,0.0237664423,0.0083967259,0.01656316946961776,0.012862012491950743,0.0014991359800000006,0.006085586561904762
TOPIX1000,return,TOPIX1000_return,2013-01-23,-0.0149030323,-0.0044194345,-0.0073146749,-0.0202776578,0.016216937656811533,0.013043670052874545,-0.0010640960999999994,0.00576392468095238
TOPIX1000,return,TOPIX1000_return,2013-01-24,0.0112037585,-0.0149030323,-0.0044194345,0.0029248444,0.014735451723263874,0.0137762899304521,1.0829000000000741e-05,0.004645948752380952
TOPIX1000,return,TOPIX1000_return,2013-01-25,0.0218971295,0.0112037585,-0.0149030323,0.0237664423,0.015585379777695975,0.01377466152140662,0.0016666118200000008,0.0046427085809523806
TOPIX1000,return,TOPIX1000_return,2013-01-28,-0.0037291718,0.0218971295,0.0112037585,-0.0073146749,0.014931415903617995,0.013330223141269576,0.001292749260000001,0.004360883604761905
TOPIX1000,return,TOPIX1000_return,2013-01-29,0.0078230438,-0.0037291718,0.0218971295,-0.0044194345,0.01449439113514227,0.01339962495879777,0.002009849880000001,0.004227499366666667
TOPIX1000,return,TOPIX1000_return,2013-01-30,0.0151510685,0.0078230438,-0.0037291718,-0.0149030323,0.014167139517571835,0.013159188326479975,0.004458345540000001,0.004941522299999999
TOPIX1000,return,TOPIX1000_return,2013-01-31,0.0060590222,0.0151510685,0.0078230438,0.0112037585,0.009508587512061639,0.013345310923799864,0.010469165700000001,0.005363075414285714
TOPIX1000,return,TOPIX1000_return,2013-02-01,0.00257824,0.0060590222,0.0151510685,0.0218971295,0.009685930810815384,0.013239713763526834,0.00944021844,0.005044667961904762
TOPIX1000,return,TOPIX1000_return,2013-02-04,0.0140005387,0.00257824,0.0060590222,-0.0037291718,0.0069378894366234215,0.013236259134141823,0.005576440540000001,0.004803995385714285
TOPIX1000,return,TOPIX1000_return,2013-02-05,-0.0169017697,0.0140005387,0.00257824,0.0078230438,0.005339469103839739,0.013382525862926528,0.009122382640000001,0.005143296847619047
TOPIX1000,return,TOPIX1000_return,2013-02-06,0.0314676978,-0.0169017697,0.0140005387,0.0151510685,0.012916507503151488,0.012521282751182732,0.004177419940000001,0.0027377244571428574
TOPIX1000,return,TOPIX1000_return,2013-02-07,0.0003360616,0.0314676978,-0.0169017697,0.0060590222,0.017595713177722915,0.013695648110828355,0.007440745800000001,0.004654017852380952
TOPIX1000,return,TOPIX1000_return,2013-02-08,-0.0123239336,0.0003360616,0.0314676978,0.00257824,0.017891711843755122,0.01328863481536058,0.006296153680000001,0.005174667680952381
TOPIX1000,return,TOPIX1000_return,2013-02-12,0.0119959761,-0.0123239336,0.0003360616,0.0140005387,0.019804817743303324,0.013800955093910126,0.003315718960000001,0.004200828057142857
TOPIX1000,return,TOPIX1000_return,2013-02-13,-0.0116671967,0.0119959761,-0.0123239336,-0.0169017697,0.01955313951951586,0.013817709963036648,0.0029148064400000007,0.0042303240904761905
TOPIX1000,return,TOPIX1000_return,2013-02-14,-0.0021532187,-0.0116671967,0.0119959761,0.0314676978,0.018328659491645173,0.014140974855639166,0.00396172104,0.003145889428571428
TOPIX1000,return,TOPIX1000_return,2013-02-15,-0.0128997741,-0.0021532187,-0.0116671967,0.0003360616,0.009981226882063085,0.014132502604424021,-0.0027624622599999996,0.002643511114285714
TOPIX1000,return,TOPIX1000_return,2013-02-18,0.0214578559,-0.0128997741,-0.0021532187,-0.0123239336,0.010684408408749301,0.0136164868312693,-0.005409629399999999,0.0029948389095238092
TOPIX1000,return,TOPIX1000_return,2013-02-19,0.0007133806,0.0214578559,-0.0128997741,0.0119959761,0.015020308215803427,0.014199817843236397,0.0013467285000000003,0.003877363266666666
TOPIX1000,return,TOPIX1000_return,2013-02-20,0.0104211583,0.0007133806,0.0214578559,-0.0116671967,0.01382003887896062,0.013457014929931909,-0.0009097905999999997,0.0027795984238095234
TOPIX1000,return,TOPIX1000_return,2013-02-21,-0.0113811478,0.0104211583,0.0007133806,-0.0021532187,0.013029422762701552,0.013347930668804808,0.0035078804000000007,0.0036241619095238094
TOPIX1000,return,TOPIX1000_return,2013-02-22,0.0007510141,-0.0113811478,0.0104211583,-0.0128997741,0.014591672391661198,0.013640925665792914,0.0016622945800000006,0.003292651752380952
TOPIX1000,return,TOPIX1000_return,2013-02-25,0.0179779721,0.0007510141,-0.0113811478,0.0214578559,0.012279814706645728,0.013010005872755538,0.004392452220000001,0.0040380825333333325
TOPIX1000,return,TOPIX1000_return,2013-02-26,-0.0141301663,0.0179779721,0.0007510141,0.0007133806,0.01111408820275451,0.013277788649832544,0.003696475460000001,0.004360664133333333
TOPIX1000,return,TOPIX1000_return,2013-02-27,-0.0137809828,-0.0141301663,0.0179779721,0.0104211583,0.013774214595536342,0.013226051403115481,0.0007277660800000009,0.0026450786190476186
TOPIX1000,return,TOPIX1000_return,2013-02-28,0.0231786532,-0.0137809828,-0.0141301663,-0.0113811478,0.013768706960557592,0.013643573145066546,-0.004112662139999999,0.002166420952380952
TOPIX1000,return,TOPIX1000_return,2013-03-01,0.0089132779,0.0231786532,-0.0137809828,0.0007510141,0.017402716782363336,0.014354842326422042,0.002799298060000001,0.0028976404476190472
TOPIX1000,return,TOPIX1000_return,2013-03-04,0.0079067333,0.0089132779,0.0231786532,0.0179779721,0.01754479251703748,0.014151711028363679,0.004431750820000001,0.0026006027999999994
TOPIX1000,return,TOPIX1000_return,2013-03-05,-0.003772016,0.0079067333,0.0089132779,-0.0141301663,0.016121169311962412,0.01418000402606671,0.002417503060000001,0.0026885890428571422
TOPIX1000,return,TOPIX1000_return,2013-03-06,0.0147704858,-0.003772016,0.0079067333,-0.0137809828,0.013987449100520232,0.014250012719861179,0.0044891331200000014,0.0023861958999999997
TOPIX1000,return,TOPIX1000_return,2013-03-07,0.0010636842,0.0147704858,-0.003772016,0.0231786532,0.00989275915399144,0.014282343467584906,0.010199426840000001,0.0024228600476190474
TOPIX1000,return,TOPIX1000_return,2013-03-08,0.0162956461,0.0010636842,0.0147704858,0.0089132779,0.0072224275804872,0.013588125949244237,0.005776433040000002,0.003278357852380952
TOPIX1000,return,TOPIX1000_return,2013-03-11,0.0190995924,0.0162956461,0.0010636842,0.0079067333,0.008639560409815719,0.012362428481943973,0.0072529066800000016,0.0025558791999999997
TOPIX1000,return,TOPIX1000_return,2013-03-12,-0.0037901392,0.0190995924,0.0162956461,-0.003772016,0.010166470265440722,0.012861948478750275,0.0094914785,0.003449380666666666
TOPIX1000,return,TOPIX1000_return,2013-03-13,-0.0045286303,-0.0037901392,0.0190995924,0.0147704858,0.010172382800009407,0.012467436966753787,0.009487853860000003,0.003855751828571428
TOPIX1000,return,TOPIX1000_return,2013-03-14,0.0064953592,-0.0045286303,-0.0037901392,0.0010636842,0.011269138596910097,0.012449440391322628,0.005628030640000001,0.003068865809523809
TOPIX1000,return,TOPIX1000_return,2013-03-15,0.0130547621,0.0064953592,-0.0045286303,0.0162956461,0.01097716175305577,0.011997191635588787,0.006714365640000002,0.003933749423809523
TOPIX1000,return,TOPIX1000_return,2013-03-18,-0.0226783181,0.0130547621,0.0064953592,0.0190995924,0.010347600528715742,0.012070170614301145,0.006066188840000002,0.004657938985714285
TOPIX1000,return,TOPIX1000_return,2013-03-19,0.0173021082,-0.0226783181,0.0130547621,-0.0037901392,0.013560878073747644,0.012938749371882014,-0.0022893932599999988,0.004192294033333333
TOPIX1000,return,TOPIX1000_return,2013-03-21,0.0115866585,0.0173021082,-0.0226783181,-0.0045286303,0.016032683552109992,0.012690882386086516,0.0019290562200000015,0.003994401285714285
TOPIX1000,return,TOPIX1000_return,2013-03-22,-0.018616743,0.0115866585,0.0173021082,0.0064953592,0.016029775634073793,0.01277187784676002,0.005152113980000001,0.004512176423809524
TOPIX1000,return,TOPIX1000_return,2013-03-25,0.008605136,-0.018616743,0.0115866585,0.0130547621,0.019136650350498753,0.013642389369750034,0.00012969354000000113,0.003129419219047618
TOPIX1000,return,TOPIX1000_return,2013-03-26,-0.0027978796,0.008605136,-0.018616743,-0.0226783181,0.018477428390302898,0.013271588396754089,-0.0007602316799999994,0.004081147019047619
TOPIX1000,return,TOPIX1000_return,2013-03-27,0.0106861066,-0.0027978796,0.008605136,0.0173021082,0.014233451526386016,0.013338539365974556,0.0032158560200000004,0.0039121520809523806
TOPIX1000,return,TOPIX1000_return,2013-03-28,-0.0093905519,0.0106861066,-0.0027978796,0.0115866585,0.012835423807096484,0.013045765306387075,0.0018926557000000011,0.00356492039047619
TOPIX1000,return,TOPIX1000_return,2013-03-29,-0.0017039164,-0.0093905519,0.0106861066,-0.018616743,0.012291468885534316,0.012762245700153975,-0.0023027863799999987,0.003790616314285714
TOPIX1000,return,TOPIX1000_return,2013-04-01,-0.0327329123,-0.0017039164,-0.0093905519,0.008605136,0.008386381123428668,0.012190122228619834,0.0010797789400000014,0.004365714714285714
TOPIX1000,return,TOPIX1000_return,2013-04-02,-0.0093245313,-0.0327329123,-0.0017039164,-0.0027978796,0.01601737959179073,0.013866327948978713,-0.007187830719999999,0.0017032592142857141
TOPIX1000,return,TOPIX1000_return,2013-04-03,0.0191229656,-0.0093245313,-0.0327329123,0.0106861066,0.015835089027220667,0.013962968653903904,-0.00849316106,0.0008347921095238089
TOPIX1000,return,TOPIX1000_return,2013-04-04,0.0271745553,0.0191229656,-0.0093245313,-0.0093905519,0.018598186764911262,0.014452930757601672,-0.00680578926,0.001368898409523809
TOPIX1000,return,TOPIX1000_return,2013-04-05,0.0276737425,0.0271745553,0.0191229656,-0.0017039164,0.023791551070557408,0.015446104326727848,0.0005072321800000002,0.0028425446619047617
TOPIX1000,return,TOPIX1000_return,2013-04-08,0.0333831196,0.0276737425,0.0271745553,-0.0327329123,0.02657382333146026,0.016183366609602692,0.006382763960000001,0.003456985457142856
TOPIX1000,return,TOPIX1000_return,2013-04-09,0.0003822568,0.0333831196,0.0276737425,-0.0093245313,0.01695132359415951,0.017432917755032685,0.01960597034,0.00499600619047619
TOPIX1000,return,TOPIX1000_return,2013-04-10,0.0175365269,0.0003822568,0.0333831196,0.0191229656,0.012875581311710863,0.017262210743755824,0.021547327959999998,0.0042382257476190465
TOPIX1000,return,TOPIX1000_return,2013-04-11,0.0238419457,0.0175365269,0.0003822568,0.0271745553,0.01296946424489513,0.017198178171527658,0.02123004022,0.004163794057142857
TOPIX1000,return,TOPIX1000_return,2013-04-12,0.0011705764,0.0238419457,0.0175365269,0.0276737425,0.012669762670916107,0.01761129264708542,0.0205635183,0.005479607623809522
TOPIX1000,return,TOPIX1000_return,2013-04-15,-0.0129237209,0.0011705764,0.0238419457,0.0333831196,0.014380011206941292,0.017492868240422076,0.015262885080000002,0.005750998419047618
TOPIX1000,return,TOPIX1000_return,2013-04-16,-0.0132034061,-0.0129237209,0.0011705764,0.0003822568,0.014700476620168748,0.01795862283048803,0.006001516980000001,0.004826280319047619
TOPIX1000,return,TOPIX1000_return,2013-04-17,0.0150686621,-0.0132034061,-0.0129237209,0.0175365269,0.017064253497386047,0.018268513124536333,0.003284384400000001,0.003575891357142856
TOPIX1000,return,TOPIX1000_return,2013-04-18,-0.0117230478,0.0150686621,-0.0132034061,0.0238419457,0.01657771511267764,0.017392128159275967,0.002790811440000001,0.005373366604761904
TOPIX1000,return,TOPIX1000_return,2013-04-19,0.0032866672,-0.0117230478,0.0150686621,0.0011705764,0.012387601233727431,0.017549355857080177,-0.004322187259999999,0.003991216319047619
TOPIX1000,return,TOPIX1000_return,2013-04-22,0.0166334579,0.0032866672,-0.0117230478,-0.0129237209,0.012655426729445533,0.01746299372701071,-0.003898969099999999,0.003595978638095237
TOPIX1000,return,TOPIX1000_return,2013-04-23,-0.0018691247,0.0166334579,0.0032866672,-0.0132034061,0.01419549534670374,0.01690639456509923,0.002012466660000001,0.005274559633333333
TOPIX1000,return,TOPIX1000_return,2013-04-24,0.0180844362,-0.0018691247,0.0166334579,0.0150686621,0.011873280225150397,0.01695765127971483,0.004279322940000002,0.004775785314285713
TOPIX1000,return,TOPIX1000_return,2013-04-25,0.0072807111,0.0180844362,-0.0018691247,-0.0117230478,0.012612012796806682,0.017102972308269758,0.004882477760000002,0.005770181304761904
TOPIX1000,return,TOPIX1000_return,2013-04-26,-0.009741973,0.0072807111,0.0180844362,0.0032866672,0.008573665212595352,0.017070144096655665,0.00868322954,0.005608019614285713
TOPIX1000,return,TOPIX1000_return,2013-04-30,0.0032331296,-0.009741973,0.0072807111,0.0166334579,0.01194201669703421,0.017085747912517244,0.006077501500000001,0.0055912852761904755
TOPIX1000,return,TOPIX1000_return,2013-05-01,-0.0060760185,0.0032331296,-0.009741973,-0.0018691247,0.010382624035452545,0.017014164508548847,0.003397435840000002,0.005826382704761904
TOPIX1000,return,TOPIX1000_return,2013-05-02,-0.0045964207,-0.0060760185,0.0032331296,0.0180844362,0.01106419465627652,0.01485033027111263,0.002556057080000002,0.007095758599999999
TOPIX1000,return,TOPIX1000_return,2013-05-07,0.030675469,-0.0045964207,-0.0060760185,0.0072807111,0.007014426917489362,0.014623034559172448,-0.0019801142999999986,0.007320906723809523
TOPIX1000,return,TOPIX1000_return,2013-05-08,0.0048799624,0.030675469,-0.0045964207,-0.009741973,0.016339905401020757,0.01529126307034837,0.0026988372800000014,0.007871025933333333
TOPIX1000,return,TOPIX1000_return,2013-05-09,-0.0105081446,0.0048799624,0.030675469,0.0032331296,0.014791833739051897,0.014644291971362846,0.005623224360000001,0.006809378652380953
TOPIX1000,return,TOPIX1000_return,2013-05-10,0.0248653588,-0.0105081446,0.0048799624,-0.0060760185,0.016522237815206592,0.01429030955134679,0.002874969520000001,0.004991193552380952
TOPIX1000,return,TOPIX1000_return,2013-05-13,0.0181262411,0.0248653588,-0.0105081446,-0.0045964207,0.01805492064505225,0.013545635924644282,0.009063244980000001,0.004585585895238094
TOPIX1000,return,TOPIX1000_return,2013-05-14,-0.0011921604,0.0181262411,0.0248653588,0.030675469,0.016554517497671638,0.013820950783928579,0.013607777340000002,0.005430537528571429
TOPIX1000,return,TOPIX1000_return,2013-05-15,0.0188727956,-0.0011921604,0.0181262411,0.0048799624,0.014325075009531006,0.013603263810500978,0.007234251460000002,0.004538695276190476
TOPIX1000,return,TOPIX1000_return,2013-05-16,-0.0057933655,0.0188727956,-0.0011921604,-0.0105081446,0.015096226785548495,0.013290317622330768,0.0100328181,0.004302069080952381
TOPIX1000,return,TOPIX1000_return,2013-05-17,0.0059563858,-0.0057933655,0.0188727956,0.0248653588,0.0135616680661765,0.013458181612874934,0.010975773920000001,0.0039704528
TOPIX1000,return,TOPIX1000_return,2013-05-20,0.01291399,0.0059563858,-0.0057933655,0.0181262411,0.011140457799459278,0.012891876629242722,0.007193979320000002,0.0048695055
TOPIX1000,return,TOPIX1000_return,2013-05-21,0.000860294,0.01291399,0.0059563858,-0.0011921604,0.010052485540565417,0.012307744371061826,0.0061515291000000015,0.006113191028571428
TOPIX1000,return,TOPIX1000_return,2013-05-22,0.0046992972,0.000860294,0.01291399,0.0188727956,0.00971383989176465,0.012180703325740639,0.006562019980000002,0.005436602071428572
TOPIX1000,return,TOPIX1000_return,2013-05-23,-0.0688634117,0.0046992972,0.000860294,-0.0057933655,0.006876984625937751,0.011533945901927767,0.003727320300000002,0.0062186185
TOPIX1000,return,TOPIX1000_return,2013-05-24,0.0048877479,-0.0688634117,0.0046992972,0.0059563858,0.03380967479450597,0.020051765201634705,-0.008886688939999998,0.002782900457142856
TOPIX1000,return,TOPIX1000_return,2013-05-27,-0.033665595,0.0048877479,-0.0688634117,0.01291399,0.03369557197901035,0.01980844338960735,-0.009100416519999998,0.0022235809333333327
TOPIX1000,return,TOPIX1000_return,2013-05-28,0.0125641791,-0.033665595,0.0048877479,0.000860294,0.03250557119765265,0.02129627632216396,-0.01841633352,0.0007094632999999995
TOPIX1000,return,TOPIX1000_return,2013-05-29,0.0087930275,0.0125641791,-0.033665595,0.0046992972,0.034595000519977666,0.02110429008593916,-0.016075556499999998,0.0004465939142857137
TOPIX1000,return,TOPIX1000_return,2013-05-30,-0.0377963827,0.0087930275,0.0125641791,-0.0688634117,0.03525179584880692,0.021131339388400935,-0.015256810439999996,0.0005186089809523804
TOPIX1000,return,TOPIX1000_return,2013-05-31,0.0009233951,-0.0377963827,0.0087930275,0.0048877479,0.024556511372249137,0.02264503319167414,-0.009043404639999997,-0.000817315290476191
TOPIX1000,return,TOPIX1000_return,2013-06-03,-0.0343569711,0.0009233951,-0.0377963827,-0.033665595,0.02405309684033195,0.022629980658741007,-0.009836275199999998,-0.0009273026476190482
TOPIX1000,return,TOPIX1000_return,2013-06-04,0.0263947216,-0.0343569711,0.0009233951,0.0125641791,0.024225700792489067,0.0237647508414895,-0.009974550419999997,-0.002274014676190477
TOPIX1000,return,TOPIX1000_return,2013-06-05,-0.032007636,0.0263947216,-0.0343569711,0.0087930275,0.027946427111837552,0.024562201411826436,-0.0072084419199999975,-0.0007982459952380961
TOPIX1000,return,TOPIX1000_return,2013-06-06,-0.0169439423,-0.032007636,0.0263947216,-0.0377963827,0.028062543221700615,0.024354016753658347,-0.015368574619999997,-0.003783155757142858
TOPIX1000,return,TOPIX1000_return,2013-06-07,-0.0116605657,-0.0169439423,-0.032007636,0.0009233951,0.025310747135387106,0.02443137244697822,-0.011198086539999997,-0.004822389314285715
TOPIX1000,return,TOPIX1000_return,2013-06-10,0.0518780649,-0.0116605657,-0.0169439423,-0.0343569711,0.024413869204549573,0.02444607207133157,-0.013714878699999999,-0.00487726650952381
TOPIX1000,return,TOPIX1000_return,2013-06-11,-0.0098413643,0.0518780649,-0.0116605657,0.0263947216,0.03454413851446364,0.026696447058743775,0.003532128500000002,-0.003590947171428573
TOPIX1000,return,TOPIX1000_return,2013-06-12,-0.004376893,-0.0098413643,0.0518780649,-0.032007636,0.03227511187033613,0.026252800004347543,-0.003715088679999998,-0.004922737904761905
TOPIX1000,return,TOPIX1000_return,2013-06-13,-0.0482260051,-0.004376893,-0.0098413643,-0.0169439423,0.028346117654486525,0.026239367296374563,0.0018110599200000018,-0.005074391838095239
TOPIX1000,return,TOPIX1000_return,2013-06-14,0.0120395554,-0.0482260051,-0.004376893,-0.0116605657,0.03595223852998184,0.02724361305978878,-0.004445352639999997,-0.008269572823809525
TOPIX1000,return,TOPIX1000_return,2013-06-17,0.0267227527,0.0120395554,-0.0482260051,0.0518780649,0.03632357212204622,0.027600248783398906,0.00029467158000000303,-0.007420386114285714
TOPIX1000,return,TOPIX1000_return,2013-06-18,0.0014514507,0.0267227527,0.0120395554,-0.0098413643,0.028234051364113326,0.028462040708895648,-0.004736390859999997,-0.0064315115000000015
TOPIX1000,return,TOPIX1000_return,2013-06-19,0.0188086548,0.0014514507,0.0267227527,-0.004376893,0.028175209497665103,0.028181014205995926,-0.0024778278599999967,-0.006977346704761906
TOPIX1000,return,TOPIX1000_return,2013-06-20,-0.0135874327,0.0188086548,0.0014514507,-0.0482260051,0.029653683123773058,0.028698031571251125,0.0021592817000000036,-0.006122662857142858
TOPIX1000,return,TOPIX1000_return,2013-06-21,0.0071781515,-0.0135874327,0.0188086548,0.0120395554,0.015705726981864596,0.028630599249111852,0.009086996180000004,-0.00699345951904762
TOPIX1000,return,TOPIX1000_return,2013-06-24,-0.009160952,0.0071781515,-0.0135874327,0.0267227527,0.015627530775881138,0.024991817964643184,0.008114715400000003,-0.003372432700000001
TOPIX1000,return,TOPIX1000_return,2013-06-25,-0.0099354619,-0.009160952,0.0071781515,0.0014514507,0.012957048776267677,0.02494764247000967,0.0009379744600000028,-0.0040414184095238104
TOPIX1000,return,TOPIX1000_return,2013-06-26,-0.0074971193,-0.0099354619,-0.009160952,0.0188086548,0.013816439996216793,0.024060371989461912,-0.001339408059999997,-0.002911412071428572
TOPIX1000,return,TOPIX1000_return,2013-06-27,0.0278007571,-0.0074971193,-0.0099354619,-0.0135874327,0.008017952936705548,0.023812182005513063,-0.006600562879999996,-0.0038667119952380965
TOPIX1000,return,TOPIX1000_return,2013-06-28,0.0318943089,0.0278007571,-0.0074971193,0.0071781515,0.01619558807732415,0.024663490594554305,0.0016770750800000026,-0.002961582014285715
TOPIX1000,return,TOPIX1000_return,2013-07-01,0.0146938695,0.0318943089,0.0278007571,-0.009160952,0.021271048301100572,0.024429438517535148,0.006620306560000002,0.0003570223476190468
TOPIX1000,return,TOPIX1000_return,2013-07-02,0.0184256311,0.0146938695,0.0318943089,-0.0099354619,0.019443210758258337,0.024629396994191692,0.011391270860000002,0.001012759223809523
TOPIX1000,return,TOPIX1000_return,2013-07-03,0.0015935378,0.0184256311,0.0146938695,-0.0074971193,0.01537803752839514,0.023507091904040156,0.017063489460000004,0.0035262164714285706
TOPIX1000,return,TOPIX1000_return,2013-07-04,-0.0028240846,0.0015935378,0.0184256311,0.0278007571,0.011890164478445087,0.022916308276633584,0.01888162088,0.0023452077190476185
TOPIX1000,return,TOPIX1000_return,2013-07-05,0.015297674,-0.0028240846,0.0015935378,0.0318943089,0.013870062355136359,0.021574511856837387,0.012756652540000002,0.003734900642857142
TOPIX1000,return,TOPIX1000_return,2013-07-08,-0.0136010486,0.015297674,-0.0028240846,0.0146938695,0.009415834536134265,0.021172828554947606,0.009437325560000003,0.005270215704761904
TOPIX1000,return,TOPIX1000_return,2013-07-09,0.0209537022,-0.0136010486,0.015297674,0.0184256311,0.013206501350975756,0.021254490501477794,0.0037783419400000033,0.005177811757142857
TOPIX1000,return,TOPIX1000_return,2013-07-10,-0.0014558432,0.0209537022,-0.0136010486,0.0015935378,0.013935731083801278,0.018784958794391283,0.004283956160000003,0.003705223057142856
TOPIX1000,return,TOPIX1000_return,2013-07-11,-0.0003962676,-0.0014558432,0.0209537022,-0.0028240846,0.014148017566117697,0.01857050307229545,0.0036740799600000033,0.004104533585714286
TOPIX1000,return,TOPIX1000_return,2013-07-12,0.0061632821,-0.0003962676,-0.0014558432,0.015297674,0.013908885035634236,0.018499783457800595,0.004159643360000003,0.004294087176190476
TOPIX1000,return,TOPIX1000_return,2013-07-16,0.0072629145,0.0061632821,-0.0003962676,-0.0136010486,0.012620417488382192,0.014051880922057534,0.002332764980000003,0.006884053233333333
TOPIX1000,return,TOPIX1000_return,2013-07-17,0.0022878166,0.0072629145,0.0061632821,0.0209537022,0.008950680395422244,0.014002830056506292,0.006505557600000003,0.006656594142857143
TOPIX1000,return,TOPIX1000_return,2013-07-18,0.0072898846,0.0022878166,0.0072629145,-0.0014558432,0.003867044022186012,0.01324686523418576,0.002772380480000003,0.005493025757142856
TOPIX1000,return,TOPIX1000_return,2013-07-19,-0.0080777216,0.0072898846,0.0022878166,-0.0003962676,0.003429596729714157,0.013219039182472483,0.004521526040000003,0.005771046419047618
TOPIX1000,return,TOPIX1000_return,2013-07-22,0.0036922125,-0.0080777216,0.0072898846,0.0061632821,0.00651544193841565,0.013195162666646165,0.0029852352400000027,0.00449074278095238
TOPIX1000,return,TOPIX1000_return,2013-07-23,0.0051398026,0.0036922125,-0.0080777216,0.0072629145,0.0063044137836053855,0.012533645100966054,0.0024910213200000026,0.005313583028571428
TOPIX1000,return,TOPIX1000_return,2013-07-24,-0.0023887444,0.0051398026,0.0036922125,0.0022878166,0.00596502492743362,0.012526374023672758,0.002066398940000003,0.005216518795238094
TOPIX1000,return,TOPIX1000_return,2013-07-25,-0.0145279537,-0.0023887444,0.0051398026,0.0072898846,0.006279954645179772,0.012221181086056536,0.0011310867400000026,0.00553900487142857
TOPIX1000,return,TOPIX1000_return,2013-07-26,-0.0296400703,-0.0145279537,-0.0023887444,-0.0080777216,0.008213136797020442,0.012548634815759283,-0.003232480919999998,0.005320314785714285
TOPIX1000,return,TOPIX1000_return,2013-07-29,-0.0330266785,-0.0296400703,-0.0145279537,0.0036922125,0.01458355158654578,0.014463676080205658,-0.007544950659999998,0.004265888547619047
TOPIX1000,return,TOPIX1000_return,2013-07-30,0.0177149039,-0.0330266785,-0.0296400703,0.0051398026,0.016614068843025482,0.015563763454034976,-0.014888728859999997,0.0013693439952380943
TOPIX1000,return,TOPIX1000_return,2013-07-31,-0.0145818419,0.0177149039,-0.0330266785,-0.0023887444,0.020822687724251904,0.01444029852626376,-0.0123737086,0.0006941342333333324
TOPIX1000,return,TOPIX1000_return,2013-08-01,0.0284028205,-0.0145818419,0.0177149039,-0.0145279537,0.020061027600257852,0.014434324650497257,-0.0148123281,-0.0006999472619047629
TOPIX1000,return,TOPIX1000_return,2013-08-02,0.0283555639,0.0284028205,-0.0145818419,-0.0296400703,0.02787757718378545,0.015237187570032075,-0.006226173259999997,-0.00022484300476190567
TOPIX1000,return,TOPIX1000_return,2013-08-05,-0.0098258079,0.0283555639,0.0284028205,-0.0330266785,0.02776519625224727,0.016466429183959554,0.005372953580000003,0.0010495391904761894
TOPIX1000,return,TOPIX1000_return,2013-08-06,0.0076309043,-0.0098258079,0.0283555639,0.0177149039,0.02081128911810969,0.01661896436625018,0.010013127700000003,0.0007161237952380942
TOPIX1000,return,TOPIX1000_return,2013-08-07,-0.0324931201,0.0076309043,-0.0098258079,-0.0145818419,0.02036209248294649,0.016364890922579922,0.007996327780000003,0.0003510395238095228
TOPIX1000,return,TOPIX1000_return,2013-08-08,-0.0135901036,-0.0324931201,0.0076309043,0.0284028205,0.026095584431628797,0.017639834785004534,0.004414072140000003,-0.0005485829285714295
TOPIX1000,return,TOPIX1000_return,2013-08-09,0.0012076471,-0.0135901036,-0.0324931201,0.0283555639,0.02302133395688007,0.017137948862638322,-0.003984512679999997,-0.002193526061904763
TOPIX1000,return,TOPIX1000_return,2013-08-12,-0.0053882667,0.0012076471,-0.0135901036,-0.0098258079,0.015440234464554265,0.01715352997070554,-0.009414096039999997,-0.0020666931904761913
TOPIX1000,return,TOPIX1000_return,2013-08-13,0.0199613371,-0.0053882667,0.0012076471,0.0076309043,0.015537879537765427,0.017163810283205357,-0.008526587799999995,-0.002304407433333334
TOPIX1000,return,TOPIX1000_return,2013-08-14,0.0122983874,0.0199613371,-0.0053882667,-0.0324931201,0.019272987584050463,0.01775798871920052,-0.006060501239999997,-0.0016473571952380962
TOPIX1000,return,TOPIX1000_return,2013-08-15,-0.016839151,0.0122983874,0.0199613371,-0.0135901036,0.013443416838114819,0.01791759845750788,0.002897800260000004,-0.0014075727714285727
TOPIX1000,return,TOPIX1000_return,2013-08-16,-0.0081293876,-0.016839151,0.0122983874,0.0012076471,0.014478318571874631,0.018204207479270183,0.002247990780000004,-0.002318380752380953
TOPIX1000,return,TOPIX1000_return,2013-08-19,0.0056699539,-0.0081293876,-0.016839151,-0.0053882667,0.015228743040268736,0.018107996603095578,0.0003805838400000039,-0.0030526318095238105
TOPIX1000,return,TOPIX1000_return,2013-08-20,-0.0209966405,0.0056699539,-0.0081293876,0.0199613371,0.014982484847791832,0.018165658343633432,0.002592227960000004,-0.0023979805952380963
TOPIX1000,return,TOPIX1000_return,2013-08-21,-0.003090109,-0.0209966405,0.0056699539,0.0122983874,0.014292804010644459,0.018546720560222673,-0.005599367559999996,-0.0035736402619047634
TOPIX1000,return,TOPIX1000_return,2013-08-22,-0.0020079204,-0.003090109,-0.0209966405,-0.016839151,0.01067406398201902,0.018440039696067903,-0.008677066839999996,-0.003965540814285715
TOPIX1000,return,TOPIX1000_return,2013-08-23,0.0200318592,-0.0020079204,-0.003090109,-0.0081293876,0.009869237353388937,0.018441855064718633,-0.005710820719999996,-0.00394740633809524
TOPIX1000,return,TOPIX1000_return,2013-08-26,-0.0015654353,0.0200318592,-0.0020079204,0.0056699539,0.014898257643047952,0.018984496685376034,-7.857135999999668e-05,-0.002301700961904763
TOPIX1000,return,TOPIX1000_return,2013-08-27,-0.0052994673,-0.0015654353,0.0200318592,-0.0209966405,0.014547571734920793,0.0179218376732738,-0.0015256491999999966,-0.000964813580952382
TOPIX1000,return,TOPIX1000_return,2013-08-28,-0.0173307917,-0.0052994673,-0.0015654353,-0.003090109,0.010396746186712914,0.016398265018708627,0.0016137854400000034,0.0003555298095238084
TOPIX1000,return,TOPIX1000_return,2013-08-29,0.0022858405,-0.0173307917,-0.0052994673,-0.0020079204,0.013496113296446217,0.016326411517489776,-0.0012343510999999966,-0.0013133128380952391
TOPIX1000,return,TOPIX1000_return,2013-08-30,-0.0093384012,0.0022858405,-0.0173307917,0.0200318592,0.013570983377666336,0.016053637893129587,-0.00037559891999999664,-0.0005100898666666678
TOPIX1000,return,TOPIX1000_return,2013-09-02,0.0107024887,-0.0093384012,0.0022858405,-0.0015654353,0.007550354262311818,0.014711457991245094,-0.006249650999999997,-0.0023072909000000008
TOPIX1000,return,TOPIX1000_return,2013-09-03,0.0283311534,0.0107024887,-0.0093384012,-0.0052994673,0.010762947665206262,0.013309290084074887,-0.0037960661999999964,-0.0031479135285714297
TOPIX1000,return,TOPIX1000_return,2013-09-04,0.0061162015,0.0283311534,0.0107024887,-0.0173307917,0.017797882348762492,0.01486564883201257,0.0029300579400000034,-0.0013309153714285726
TOPIX1000,return,TOPIX1000_return,2013-09-05,0.0014522634,0.0061162015,0.0283311534,0.0022858405,0.013754596041211447,0.014823606828732308,0.007619456580000003,-0.001403044076190477
TOPIX1000,return,TOPIX1000_return,2013-09-06,-0.0086696285,0.0014522634,0.0061162015,-0.0093384012,0.013840190480101001,0.013002837063905044,0.007452741160000003,0.00021340275714285632
TOPIX1000,return,TOPIX1000_return,2013-09-09,0.02170793,-0.0086696285,0.0014522634,0.0107024887,0.013639120026755417,0.012784158131119992,0.007586495700000004,0.00044771109523809437
TOPIX1000,return,TOPIX1000_return,2013-09-10,0.0146138275,0.02170793,-0.0086696285,0.0283311534,0.015079654564085521,0.01360165602138652,0.009787583960000004,0.0014239150428571419
TOPIX1000,return,TOPIX1000_return,2013-09-11,-0.0008480632,0.0146138275,0.02170793,0.0061162015,0.011740736563888448,0.013799669004731485,0.007044118780000004,0.0023763957190476182
TOPIX1000,return,TOPIX1000_return,2013-09-12,-0.004281851,-0.0008480632,0.0146138275,0.0014522634,0.012279096970208042,0.013208262062503856,0.0056512658400000035,0.0013854718952380943
TOPIX1000,return,TOPIX1000_return,2013-09-13,0.0005281026,-0.004281851,-0.0008480632,-0.0086696285,0.013015030394611044,0.013017488000783459,0.004504442960000004,0.0005959367333333325
TOPIX1000,return,TOPIX1000_return,2013-09-17,-0.0033931534,0.0005281026,-0.004281851,0.02170793,0.011212710834566215,0.01239104367225372,0.006343989180000004,0.0014229488095238087
TOPIX1000,return,TOPIX1000_return,2013-09-18,0.009911402,-0.0033931534,0.0005281026,0.0146138275,0.007675414118639289,0.012250793421174761,0.0013237725000000036,0.0016484837714285706
TOPIX1000,return,TOPIX1000_return,2013-09-19,0.0187968249,0.009911402,-0.0033931534,-0.0008480632,0.005664520831016167,0.012354929630669973,0.00038328740000000345,0.0018504574904761896
TOPIX1000,return,TOPIX1000_return,2013-09-20,0.0028311851,0.0187968249,0.009911402,-0.004281851,0.009857801456860785,0.011710400284341574,0.0043122650200000025,0.003745384414285714
TOPIX1000,return,TOPIX1000_return,2013-09-24,-0.0036224647,0.0028311851,0.0187968249,0.0005281026,0.0087595763211438,0.011608427285088005,0.005734872240000003,0.004027350799999999
TOPIX1000,return,TOPIX1000_return,2013-09-25,-0.0028185901,-0.0036224647,0.0028311851,-0.0033931534,0.009538403588206852,0.011655648262281767,0.0049047587800000025,0.003950467738095237
TOPIX1000,return,TOPIX1000_return,2013-09-26,0.0143323468,-0.0028185901,-0.0036224647,0.009911402,0.009416120735527621,0.011134243950494851,0.005019671440000003,0.002862351104761904
TOPIX1000,return,TOPIX1000_return,2013-09-27,-0.0025465845,0.0143323468,-0.0028185901,0.0187968249,0.010167856985721192,0.011356381603875159,0.005903860400000002,0.0036193883476190467
TOPIX1000,return,TOPIX1000_return,2013-09-30,-0.0195347562,-0.0025465845,0.0143323468,0.0028311851,0.007543449528809587,0.011263792485856584,0.001635178520000003,0.003750478004761904
TOPIX1000,return,TOPIX1000_return,2013-10-01,-0.0005132765,-0.0195347562,-0.0025465845,-0.0036224647,0.01198231156160445,0.0114782649283296,-0.002838009739999997,0.0036455273142857133
TOPIX1000,return,TOPIX1000_return,2013-10-02,-0.0153639219,-0.0005132765,-0.0195347562,-0.0028185901,0.01201206441705304,0.011511049296930767,-0.0022161720999999968,0.0035122360285714275
TOPIX1000,return,TOPIX1000_return,2013-10-03,-0.000899545,-0.0153639219,-0.0005132765,0.0143323468,0.013399460004044798,0.011915382241676984,-0.004725238459999997,0.0032253064714285705
TOPIX1000,return,TOPIX1000_return,2013-10-04,-0.0085804984,-0.000899545,-0.0153639219,-0.0025465845,0.00898922108063764,0.011819947036447863,-0.007771616819999996,0.0026728286761904755
TOPIX1000,return,TOPIX1000_return,2013-10-07,-0.0138905552,-0.0085804984,-0.000899545,-0.0195347562,0.008504353088583758,0.010482440498023559,-0.008978399599999996,0.0009151309714285706
TOPIX1000,return,TOPIX1000_return,2013-10-08,0.0021361404,-0.0138905552,-0.0085804984,-0.0005132765,0.006993162603711287,0.010887442062140703,-0.007849559399999997,-3.757172857142943e-05
TOPIX1000,return,TOPIX1000_return,2013-10-09,0.0145272291,0.0021361404,-0.0138905552,-0.0153639219,0.007747686179316228,0.01089314242537867,-0.007319676019999996,-5.006157142857985e-06
TOPIX1000,return,TOPIX1000_return,2013-10-10,0.0096374149,0.0145272291,0.0021361404,-0.000899545,0.010885629913515533,0.011143827183161136,-0.0013414458199999964,0.0010996061095238086
TOPIX1000,return,TOPIX1000_return,2013-10-11,0.0163315463,0.0096374149,0.0145272291,-0.0085804984,0.011959539665510726,0.010307644936668017,0.0007659461600000035,0.0005248196761904753
TOPIX1000,return,TOPIX1000_return,2013-10-15,0.0002595071,0.0163315463,0.0096374149,-0.0138905552,0.012277339325174991,0.010431114142681127,0.005748355100000003,0.0006066158095238086
TOPIX1000,return,TOPIX1000_return,2013-10-16,-0.0004596935,0.0002595071,0.0163315463,0.0021361404,0.007199445214716813,0.010426190156842131,0.008578367560000005,0.0006593572523809515
TOPIX1000,return,TOPIX1000_return,2013-10-17,0.0078876134,-0.0004596935,0.0002595071,0.0145272291,0.007844817267068814,0.010368823216726332,0.008059200780000003,0.0008413647523809514
TOPIX1000,return,TOPIX1000_return,2013-10-18,-0.0007362144,0.0078876134,-0.0004596935,0.0096374149,0.006991812790090989,0.010481465124101266,0.006731277640000003,0.0011918176476190467
TOPIX1000,return,TOPIX1000_return,2013-10-21,0.0056141609,-0.0007362144,0.0078876134,0.0163315463,0.0074387020203369285,0.010439304125989403,0.004656551780000003,0.0013183385523809514
TOPIX1000,return,TOPIX1000_return,2013-10-22,0.0016484483,0.0056141609,-0.0007362144,0.0002595071,0.003967877241413504,0.010303677538160326,0.002513074700000004,0.0011137080238095229
TOPIX1000,return,TOPIX1000_return,2013-10-23,-0.015367511,0.0016484483,0.0056141609,-0.0004596935,0.003816391606088948,0.009478674904775096,0.0027908629400000035,0.00029711866190476106
TOPIX1000,return,TOPIX1000_return,2013-10-24,0.0060243953,-0.015367511,0.0016484483,0.0078876134,0.009123749256976111,0.01005010849548215,-0.00019070055999999662,-0.0005694859142857152
TOPIX1000,return,TOPIX1000_return,2013-10-25,-0.021125628,0.0060243953,-0.015367511,-0.0007362144,0.008741354954921366,0.01012378557161167,-0.0005633441799999967,-0.00011011162857142945
TOPIX1000,return,TOPIX1000_return,2013-10-28,0.0172365463,-0.021125628,0.0060243953,0.0056141609,0.012701152902223194,0.01110895437801629,-0.0046412268999999964,-0.000981875338095239
TOPIX1000,return,TOPIX1000_return,2013-10-29,-0.004063745,0.0172365463,-0.021125628,0.0016484483,0.015745833996391186,0.0113251075002696,-0.002316749819999996,-0.0008435801238095248
TOPIX1000,return,TOPIX1000_return,2013-10-30,0.0094414882,-0.004063745,0.0172365463,-0.015367511,0.015592694752162087,0.011341342132652666,-0.0034591884799999965,-0.0009158258619047627
TOPIX1000,return,TOPIX1000_return,2013-10-31,-0.0086007332,0.0094414882,-0.004063745,0.0060243953,0.014782172910611364,0.010707819992473009,0.0015026113600000036,0.00046399529999999916
TOPIX1000,return,TOPIX1000_return,2013-11-01,-0.0092704891,-0.0086007332,0.0094414882,-0.021125628,0.015107139937845503,0.010888635831648818,-0.0014224143399999964,7.887831428571342e-05
TOPIX1000,return,TOPIX1000_return,2013-11-05,-0.0003980204,-0.0092704891,-0.0086007332,0.0172365463,0.011812805484365968,0.010531880901551126,0.0009486134400000037,0.0003690417809523801
TOPIX1000,return,TOPIX1000_return,2013-11-06,0.0080988091,-0.0003980204,-0.0092704891,-0.004063745,0.007623820744116459,0.01052942876177335,-0.0025782998999999964,0.0003929239047619039
TOPIX1000,return,TOPIX1000_return,2013-11-07,-0.0062823441,0.0080988091,-0.0003980204,0.0094414882,0.008869880720158584,0.010447459437864261,-0.00014578907999999655,0.001187176642857142
TOPIX1000,return,TOPIX1000_return,2013-11-08,-0.0071170908,-0.0062823441,0.0080988091,-0.0086007332,0.007262795215850809,0.010021695201027143,-0.0032905555399999967,0.0015494724095238086
TOPIX1000,return,TOPIX1000_return,2013-11-11,0.0081122726,-0.0071170908,-0.0062823441,-0.0092704891,0.007017779630171254,0.010196507688387774,-0.0029938270599999964,0.0011088423523809515
TOPIX1000,return,TOPIX1000_return,2013-11-12,0.0168057033,0.0081122726,-0.0071170908,-0.0003980204,0.0074248536379558465,0.009865117105047564,0.0004827252800000032,0.0008033682333333325
TOPIX1000,return,TOPIX1000_return,2013-11-13,-0.0010241768,0.0168057033,0.0081122726,0.0080988091,0.01033179658674668,0.010300481014944653,0.003923470020000003,0.001144715299999999
TOPIX1000,return,TOPIX1000_return,2013-11-14,0.012037914,-0.0010241768,0.0168057033,-0.0062823441,0.01021498973464734,0.009699790144226174,0.0020988728400000026,0.00031825229523809416
TOPIX1000,return,TOPIX1000_return,2013-11-15,0.0170260662,0.012037914,-0.0010241768,-0.0071170908,0.009731359508446275,0.010031100050479622,0.0057629244600000025,0.0008791288142857131
TOPIX1000,return,TOPIX1000_return,2013-11-18,0.0021427856,0.0170260662,0.012037914,0.0081122726,0.0074696484907704865,0.010622690094903247,0.01059155586,0.0017117840380952373
TOPIX1000,return,TOPIX1000_return,2013-11-19,-0.0039689069,0.0021427856,0.0170260662,0.0168057033,0.008385858821805156,0.010529255000819276,0.009397658460000003,0.0014382208095238085
TOPIX1000,return,TOPIX1000_return,2013-11-20,-0.0028934825,-0.0039689069,0.0021427856,-0.0010241768,0.008926919514820067,0.010586112236465358,0.005242736420000003,0.0012842830714285703
TOPIX1000,return,TOPIX1000_return,2013-11-21,0.0105632976,-0.0028934825,-0.0039689069,0.012037914,0.009286880051226111,0.010574910548873568,0.004868875280000002,0.0008791571952380941
TOPIX1000,return,TOPIX1000_return,2013-11-22,0.0019523178,0.0105632976,-0.0028934825,0.0170260662,0.009021931542464605,0.010784203556817062,0.0045739520000000035,0.0013036738285714276
TOPIX1000,return,TOPIX1000_return,2013-11-25,0.008953065,0.0019523178,0.0105632976,0.0021427856,0.0057435884839344585,0.010085109490524139,0.0015592023200000033,0.00212842758095238
TOPIX1000,return,TOPIX1000_return,2013-11-26,-0.0054129935,0.008953065,0.0019523178,-0.0039689069,0.006652215598504131,0.010161637039674454,0.002921258200000003,0.002267888042857142
TOPIX1000,return,TOPIX1000_return,2013-11-27,-0.0047337915,-0.0054129935,0.008953065,-0.0028934825,0.007045853187300343,0.008846355681055545,0.0026324408800000023,0.003016108733333332
TOPIX1000,return,TOPIX1000_return,2013-11-28,0.0114281239,-0.0047337915,-0.0054129935,0.0105632976,0.00744352724485165,0.00836664441153204,0.002264379080000003,0.0019699021714285705
TOPIX1000,return,TOPIX1000_return,2013-11-29,-0.0019359653,0.0114281239,-0.0047337915,0.0019523178,0.007690529516847957,0.008490110005092751,0.002437344340000003,0.0027076102142857134
TOPIX1000,return,TOPIX1000_return,2013-12-02,0.00011991,-0.0019359653,0.0114281239,0.008953065,0.007944240277831827,0.008401466902343868,0.001659687720000003,0.002165826714285713
TOPIX1000,return,TOPIX1000_return,2013-12-03,0.0029338458,0.00011991,-0.0019359653,-0.0054129935,0.006819392425199714,0.00805089583420695,-0.00010694327999999694,0.002581095438095237
TOPIX1000,return,TOPIX1000_return,2013-12-04,-0.017298779,0.0029338458,0.00011991,-0.0047337915,0.006188189077334449,0.007579281610864663,0.001562424580000003,0.0031622542428571417
TOPIX1000,return,TOPIX1000_return,2013-12-05,-0.0092239492,-0.017298779,0.0029338458,0.0114281239,0.010460659845493592,0.008778629800162202,-0.0009505729199999972,0.0023574562142857133
TOPIX1000,return,TOPIX1000_return,2013-12-06,0.0056407409,-0.0092239492,-0.017298779,-0.0019359653,0.008179495905248796,0.009022647104213284,-0.0050809875399999965,0.001532562961904761
TOPIX1000,return,TOPIX1000_return,2013-12-09,0.0159798342,0.0056407409,-0.0092239492,0.00011991,0.009502626130953406,0.008880309812213386,-0.003565646299999997,0.002100328914285713
TOPIX1000,return,TOPIX1000_return,2013-12-10,0.0008199318,0.0159798342,0.0056407409,0.0029338458,0.013032024565931574,0.009108991855728237,-0.00039366145999999714,0.003200182485714285
TOPIX1000,return,TOPIX1000_return,2013-12-11,-0.0046827573,0.0008199318,0.0159798342,-0.017298779,0.012930984443417885,0.009051185888371076,-0.0008164442599999974,0.002852928161904761
TOPIX1000,return,TOPIX1000_return,2013-12-12,-0.0066777371,-0.0046827573,0.0008199318,-0.0092239492,0.009750508346216505,0.008598248828209022,0.0017067600800000026,0.0018296681333333324
TOPIX1000,return,TOPIX1000_return,2013-12-13,-0.0026790498,-0.0066777371,-0.0046827573,0.0056407409,0.009080368941079204,0.008778687645955088,0.0022160025000000022,0.0015604509761904754
TOPIX1000,return,TOPIX1000_return,2013-12-16,-0.0128797994,-0.0026790498,-0.0066777371,0.0159798342,0.009058163733304375,0.008482893103468756,0.0005520443600000026,0.0008596431761904753
TOPIX1000,return,TOPIX1000_return,2013-12-17,0.0076922697,-0.0128797994,-0.0026790498,0.0008199318,0.005099592091971563,0.00813639953426175,-0.005219882359999997,-0.0005644456619047629
TOPIX1000,return,TOPIX1000_return,2013-12-18,0.01501498,0.0076922697,-0.0128797994,-0.0046827573,0.007497030547304484,0.008316843397731548,-0.003845414779999998,-0.0003001845142857153
TOPIX1000,return,TOPIX1000_return,2013-12-19,0.0103157925,0.01501498,0.0076922697,-0.0066777371,0.011205300597513615,0.008908790857036109,9.413268000000238e-05,0.0006038100999999991
TOPIX1000,return,TOPIX1000_return,2013-12-20,-0.0010742904,0.0103157925,0.01501498,-0.0026790498,0.01121498044389586,0.009113489535689655,0.0034928386000000027,0.0012328231952380944
TOPIX1000,return,TOPIX1000_return,2013-12-24,-0.0030932597,-0.0010742904,0.0103157925,-0.0128797994,0.011015381924405472,0.008868285174566944,0.0038137904800000025,0.0006786523380952371
TOPIX1000,return,TOPIX1000_return,2013-12-25,0.0004372814,-0.0030932597,-0.0010742904,0.0076922697,0.0076686159606792785,0.008900343973077103,0.0057710984200000015,0.0004383867428571419
TOPIX1000,return,TOPIX1000_return,2013-12-26,0.0174314513,0.0004372814,-0.0030932597,0.01501498,0.007897189640604072,0.008684380942034641,0.0043201007600000025,3.2873238095237165e-05
TOPIX1000,return,TOPIX1000_return,2013-12-27,0.0081749721,0.0174314513,0.0004372814,0.0103157925,0.008743878161240694,0.009371690382444122,0.004803395020000002,0.001120703942857142
TOPIX1000,return,TOPIX1000_return,2013-12-30,0.0093042337,0.0081749721,0.0174314513,-0.0010742904,0.008454081925708248,0.009391815955262126,0.004375230940000002,0.0017354069714285707
TOPIX1000,return,TOPIX1000_return,2014-01-06,-0.0081496093,0.0093042337,0.0081749721,-0.0030932597,0.008045822482823988,0.009293136473015644,0.006450935760000003,0.0016342693428571422
TOPIX1000,return,TOPIX1000_return,2014-01-07,-0.0069329357,-0.0081496093,0.0093042337,0.0004372814,0.0096942244727903,0.009508908650583016,0.005439665840000002,0.0013383815333333328
TOPIX1000,return,TOPIX1000_return,2014-01-08,0.0179719361,-0.0069329357,-0.0081496093,0.0174314513,0.011102987787947159,0.009677159174094827,0.003965622420000002,0.0010025317380952374
TOPIX1000,return,TOPIX1000_return,2014-01-09,-0.0074286684,0.0179719361,-0.0069329357,0.0081749721,0.011268265194679723,0.010359561126055992,0.004073719380000002,0.0017186312761904754
TOPIX1000,return,TOPIX1000_return,2014-01-10,0.0013341453,-0.0074286684,0.0179719361,0.0093042337,0.011986295647405614,0.00965345101059281,0.0009529912800000021,0.0021886365428571424
TOPIX1000,return,TOPIX1000_return,2014-01-14,-0.0228938793,0.0013341453,-0.0074286684,-0.0081496093,0.011094849030030229,0.0092977339040528,-0.0006410263999999978,0.002691402947619047
TOPIX1000,return,TOPIX1000_return,2014-01-15,0.0202208782,-0.0228938793,0.0013341453,-0.0069329357,0.014897270265496095,0.01080761905029821,-0.0035898803999999977,0.001332611509523809
TOPIX1000,return,TOPIX1000_return,2014-01-16,-0.0001644827,0.0202208782,-0.0228938793,0.0179719361,0.018000173123878464,0.011129828343092283,0.0018408823800000022,0.001534565985714285
TOPIX1000,return,TOPIX1000_return,2014-01-17,0.0020907136,-0.0001644827,0.0202208782,-0.0074286684,0.01560488375130639,0.011135060612923752,-0.0017864013799999974,0.0014876891047619042
TOPIX1000,return,TOPIX1000_return,2014-01-20,-0.0029961079,0.0020907136,-0.0001644827,0.0013341453,0.015322554489036095,0.011045125552143235,0.00011747502000000257,0.0018102353380952377
TOPIX1000,return,TOPIX1000_return,2014-01-21,0.0016123633,-0.0029961079,0.0020907136,-0.0228938793,0.015358927353107859,0.010932304837389018,-0.0007485756199999974,0.0019855510142857136
TOPIX1000,return,TOPIX1000_return,2014-01-22,0.0028836907,0.0016123633,-0.0029961079,0.0202208782,0.009201018557511964,0.010880738914025523,0.004152672900000002,0.0021899040190476184
TOPIX1000,return,TOPIX1000_return,2014-01-23,-0.0092479397,0.0028836907,0.0016123633,-0.0001644827,0.002342138454578161,0.010318338580674095,0.0006852354000000028,0.002940546404761904
TOPIX1000,return,TOPIX1000_return,2014-01-24,-0.0178136193,-0.0092479397,0.0028836907,0.0020907136,0.005083959054351182,0.010586966679348232,-0.0011314559999999973,0.0021338697666666664
TOPIX1000,return,TOPIX1000_return,2014-01-27,-0.0278859854,-0.0178136193,-0.0092479397,-0.0029961079,0.008544914576272473,0.011005309479313463,-0.0051123225799999976,0.0005706031333333327
TOPIX1000,return,TOPIX1000_return,2014-01-28,-0.0040506137,-0.0278859854,-0.0178136193,0.0016123633,0.013060650957526735,0.012384771621844542,-0.010090298079999999,-0.0012485291476190482
TOPIX1000,return,TOPIX1000_return,2014-01-29,0.026040498,-0.0040506137,-0.0278859854,0.0028836907,0.011994103301955742,0.01239969928637529,-0.01122289348,-0.0013902588285714293
TOPIX1000,return,TOPIX1000_return,2014-01-30,-0.0256692192,0.026040498,-0.0040506137,-0.0092479397,0.0203577450775521,0.013755324712700266,-0.006591532019999999,-2.937033333334088e-06
TOPIX1000,return,TOPIX1000_return,2014-01-31,-0.0028718328,-0.0256692192,0.026040498,-0.0178136193,0.022140015248766968,0.014849728406525192,-0.009875787919999999,-0.0012461037285714292
TOPIX1000,return,TOPIX1000_return,2014-02-03,-0.0198178964,-0.0028718328,-0.0256692192,-0.0278859854,0.021806626999640963,0.014220497398144481,-0.006887430619999998,-0.002212926780952382
TOPIX1000,return,TOPIX1000_return,2014-02-04,-0.0474190029,-0.0198178964,-0.0028718328,-0.0040506137,0.02009573807317479,0.014507176015195985,-0.005273812819999999,-0.0035459205190476197
TOPIX1000,return,TOPIX1000_return,2014-02-05,0.0206330924,-0.0474190029,-0.0198178964,0.026040498,0.02744955441010934,0.01705237301597445,-0.013947490659999997,-0.006247027023809524
TOPIX1000,return,TOPIX1000_return,2014-02-06,-0.0005112375,0.0206330924,-0.0474190029,-0.0256692192,0.025518824570730625,0.018021015232359588,-0.015028971779999997,-0.004876422180952382
TOPIX1000,return,TOPIX1000_return,2014-02-07,0.0230743388,-0.0005112375,0.0206330924,-0.0028718328,0.025376202260726802,0.018038849277827992,-0.00999737544,-0.004570627028571429
TOPIX1000,return,TOPIX1000_return,2014-02-10,0.012717367,0.0230743388,-0.0005112375,-0.0198178964,0.02951326280432111,0.018388636314164212,-0.004808141119999999,-0.004327655471428572
TOPIX1000,return,TOPIX1000_return,2014-02-12,0.0127492741,0.012717367,0.0230743388,-0.0474190029,0.028958041775234557,0.018740902623014345,0.0016989115600000014,-0.0033683204523809527
TOPIX1000,return,TOPIX1000_return,2014-02-13,-0.0163364478,0.0127492741,0.012717367,0.0206330924,0.009216417603395755,0.019047161579388686,0.013732566960000001,-0.0028247428904761914
TOPIX1000,return,TOPIX1000_return,2014-02-14,-0.0132564249,-0.0163364478,0.0127492741,-0.0005112375,0.015190033167589358,0.018753180534650606,0.006338658920000001,-0.0025124842476190483
TOPIX1000,return,TOPIX1000_return,2014-02-17,0.0068897274,-0.0132564249,-0.0163364478,0.0230743388,0.017517895843292167,0.01813683270180972,0.0037896214400000017,-0.004106641538095239
TOPIX1000,return,TOPIX1000_return,2014-02-18,0.0271247023,0.0068897274,-0.0132564249,0.012717367,0.014255075439822056,0.018278271128920894,0.000552699160000002,-0.0037707267714285723
TOPIX1000,return,TOPIX1000_return,2014-02-19,-0.0044727399,0.0271247023,0.0068897274,0.0127492741,0.018230514586164228,0.01945794449354504,0.0034341662200000024,-0.0025786320714285722
TOPIX1000,return,TOPIX1000_return,2014-02-20,-0.0198278639,-0.0044727399,0.0271247023,-0.0163364478,0.01764819413308769,0.019462196184015255,-1.0236579999997955e-05,-0.002648947880952382
TOPIX1000,return,TOPIX1000_return,2014-02-21,0.0233713959,-0.0198278639,-0.0044727399,-0.0132564249,0.018503987456453076,0.019787127514800752,-0.0007085197999999974,-0.0036699110809523816
TOPIX1000,return,TOPIX1000_return,2014-02-24,-0.0027149652,0.0233713959,-0.0198278639,0.0068897274,0.019517064159110933,0.02061419775888421,0.006617044360000003,-0.0026943060714285723
TOPIX1000,return,TOPIX1000_return,2014-02-25,0.0119957645,-0.0027149652,0.0233713959,0.0271247023,0.01995134830007072,0.020559573109120162,0.0046961058400000035,-0.0023832120476190485
TOPIX1000,return,TOPIX1000_return,2014-02-26,-0.0064734705,0.0119957645,-0.0027149652,-0.0044727399,0.016558165067110192,0.020469812128850795,0.0016703182800000028,-0.0009637175809523818
TOPIX1000,return,TOPIX1000_return,2014-02-27,-0.0065517026,-0.0064734705,0.0119957645,-0.0198278639,0.016766595277979867,0.01957546922994878,0.0012701721600000028,5.5925985714284905e-05
TOPIX1000,return,TOPIX1000_return,2014-02-28,-0.0046566927,-0.0065517026,-0.0064734705,0.0233713959,0.0132785369700661,0.0196092823943456,0.003925404420000002,-6.317348571428653e-05
TOPIX1000,return,TOPIX1000_return,2014-03-03,-0.012387818,-0.0046566927,-0.0065517026,-0.0027149652,0.007804954075531736,0.01868864041530786,-0.0016802132999999976,-0.001524944471428572
TOPIX1000,return,TOPIX1000_return,2014-03-04,0.006026925,-0.012387818,-0.0046566927,0.0119957645,0.009199707918508236,0.018044336839098687,-0.0036147838599999973,-0.0008924967952380962
TOPIX1000,return,TOPIX1000_return,2014-03-05,0.0073909781,0.006026925,-0.012387818,-0.0064734705,0.0067209825135393,0.018099933168792014,-0.004808551759999998,-0.0004687464238095247
TOPIX1000,return,TOPIX1000_return,2014-03-06,0.0128814499,0.0073909781,0.006026925,-0.0065517026,0.00848967624805305,0.017612898412757136,-0.002035662039999998,0.0008269142666666657
TOPIX1000,return,TOPIX1000_return,2014-03-07,0.0070988662,0.0128814499,0.0073909781,-0.0046566927,0.010184480034104578,0.013872233729309562,0.001850968460000002,0.003698364399999999
TOPIX1000,return,TOPIX1000_return,2014-03-10,-0.007694278,0.0070988662,0.0128814499,-0.012387818,0.009649438820031843,0.013350717472376395,0.004202080240000001,0.003053877438095237
TOPIX1000,return,TOPIX1000_return,2014-03-11,0.0045671343,-0.007694278,0.0070988662,0.006026925,0.007654074574706776,0.013537335383284258,0.005140788240000002,0.0027118278904761893
TOPIX1000,return,TOPIX1000_return,2014-03-12,-0.0214944768,0.0045671343,-0.007694278,0.0073909781,0.00763965105696235,0.012723381983106945,0.004848830100000002,0.0018305324380952371
TOPIX1000,return,TOPIX1000_return,2014-03-13,-0.0029627125,-0.0214944768,0.0045671343,0.0128814499,0.013730353911191437,0.013430350227105859,-0.0009282608799999981,0.00020139701904761813
TOPIX1000,return,TOPIX1000_return,2014-03-14,-0.0323845127,-0.0029627125,-0.0214944768,0.0070988662,0.011372267355739107,0.013130675849996979,-0.004097093359999998,-0.0005467928190476199
TOPIX1000,return,TOPIX1000_return,2014-03-17,-0.0081917881,-0.0323845127,-0.0029627125,-0.007694278,0.01483538843287642,0.01449199147874495,-0.011993769139999997,-0.0013109863857142866
TOPIX1000,return,TOPIX1000_return,2014-03-18,0.0093506169,-0.0081917881,-0.0323845127,0.0045671343,0.014800970680355349,0.01432443160611554,-0.012093271159999999,-0.0010698132047619058
TOPIX1000,return,TOPIX1000_return,2014-03-19,-0.0013168812,0.0093506169,-0.0081917881,-0.0214944768,0.016232450648348412,0.014402655161170145,-0.011136574639999999,-0.0009526279904761914
TOPIX1000,return,TOPIX1000_return,2014-03-20,-0.0157320234,-0.0013168812,0.0093506169,-0.0029627125,0.015505506969011734,0.01288798964760453,-0.007101055519999998,-0.0023069891095238103
TOPIX1000,return,TOPIX1000_return,2014-03-24,0.0144577737,-0.0157320234,-0.0013168812,-0.0323845127,0.01570381839622551,0.013212701986959074,-0.009654917699999998,-0.0028431454666666676
TOPIX1000,return,TOPIX1000_return,2014-03-25,0.000320761,0.0144577737,-0.0157320234,-0.0081917881,0.01237322803008786,0.013127022879718345,-0.00028646041999999853,-0.0012104960571428579
TOPIX1000,return,TOPIX1000_return,2014-03-26,0.0072495288,0.000320761,0.0144577737,0.0093506169,0.011573341147081926,0.011872549045701817,0.0014160494000000014,-0.002308145338095239
TOPIX1000,return,TOPIX1000_return,2014-03-27,0.0134779875,0.0072495288,0.000320761,-0.0013168812,0.011246756282194592,0.012053223427419478,0.0009958317800000014,-0.0018336456238095247
TOPIX1000,return,TOPIX1000_return,2014-03-28,0.0080435368,0.0134779875,0.0072495288,-0.0157320234,0.012375742903001367,0.01214226668714932,0.003954805520000002,-0.0017630635761904775
TOPIX1000,return,TOPIX1000_return,2014-03-31,0.0138897129,0.0080435368,0.0134779875,0.0144577737,0.005672898015888628,0.012273220601742008,0.008709917560000002,-0.0010717775142857152
TOPIX1000,return,TOPIX1000_return,2014-04-01,0.000980025,0.0138897129,0.0080435368,0.000320761,0.00553296888068113,0.012622515213531731,0.0085963054,-9.837677619047719e-05
TOPIX1000,return,TOPIX1000_return,2014-04-02,0.0061160357,0.000980025,0.0138897129,0.0072495288,0.00528893053341261,0.012580599215340002,0.0087281582,0.00017003835238095142
TOPIX1000,return,TOPIX1000_return,2014-04-03,0.0045463789,0.0061160357,0.000980025,0.0134779875,0.005391452088258995,0.012301992218791103,0.00850145958,0.001051174242857142
TOPIX1000,return,TOPIX1000_return,2014-04-04,-0.0007085123,0.0045463789,0.0061160357,0.0080435368,0.0047747546819187445,0.012276266185758276,0.006715137860000002,0.0009806720476190467
TOPIX1000,return,TOPIX1000_return,2014-04-07,-0.0157357835,-0.0007085123,0.0045463789,0.0138897129,0.005683735443230369,0.012191742403652233,0.004964728040000001,0.0005949820285714278
TOPIX1000,return,TOPIX1000_return,2014-04-08,-0.0185747363,-0.0157357835,-0.0007085123,0.000980025,0.008696855900722014,0.012348098711748825,-0.0009603712399999985,-0.0007677433714285722
TOPIX1000,return,TOPIX1000_return,2014-04-09,-0.0205440465,-0.0185747363,-0.0157357835,0.0061160357,0.011538676172230937,0.01279321882872012,-0.004871323499999998,-0.001990295871428572
TOPIX1000,return,TOPIX1000_return,2014-04-10,-0.0008105525,-0.0205440465,-0.0185747363,0.0045463789,0.011350378613654177,0.013373803717292642,-0.010203339939999997,-0.0026021896095238103
TOPIX1000,return,TOPIX1000_return,2014-04-11,-0.0134539179,-0.0008105525,-0.0205440465,-0.0007085123,0.009750067767999129,0.01328082481589316,-0.01127472622,-0.0028582699333333343
TOPIX1000,return,TOPIX1000_return,2014-04-14,-0.0011558363,-0.0134539179,-0.0008105525,-0.0157357835,0.007759996986397273,0.012824755564657063,-0.013823807339999997,-0.002475386176190477
TOPIX1000,return,TOPIX1000_return,2014-04-15,0.0029512591,-0.0011558363,-0.0134539179,-0.0185747363,0.009423071132577903,0.012827383529096969,-0.010907817899999998,-0.002389344452380953
TOPIX1000,return,TOPIX1000_return,2014-04-16,0.0269548249,0.0029512591,-0.0011558363,-0.0205440465,0.009947308181437815,0.010863216261275819,-0.006602618819999999,-0.000706688652380953
TOPIX1000,return,TOPIX1000_return,2014-04-17,-6.03214e-05,0.0269548249,0.0029512591,-0.0008105525,0.014801231592637397,0.012268860790901271,0.002897155460000001,0.000966959585714285
TOPIX1000,return,TOPIX1000_return,2014-04-18,0.0058892282,-6.03214e-05,0.0269548249,-0.0134539179,0.014757987907872605,0.012118273559510449,0.003047201680000001,0.0005188196666666659
TOPIX1000,return,TOPIX1000_return,2014-04-21,-0.0017017002,0.0058892282,-6.03214e-05,-0.0011558363,0.011534204951939596,0.012165627416818299,0.006915830900000001,0.0008619677333333326
TOPIX1000,return,TOPIX1000_return,2014-04-22,-0.0075844228,-0.0017017002,0.0058892282,0.0029512591,0.011631874020185208,0.011579913325202104,0.0068066581200000005,0.001530078361904761
TOPIX1000,return,TOPIX1000_return,2014-04-23,0.009798728,-0.0075844228,-0.0017017002,0.0269548249,0.013334550636493265,0.0113461459569095,0.004699521740000001,0.0004804499571428562
TOPIX1000,return,TOPIX1000_return,2014-04-24,-0.0078078601,0.009798728,-0.0075844228,-6.03214e-05,0.006765316257923398,0.011526551216832921,0.0012683023600000005,0.0009317817190476183
TOPIX1000,return,TOPIX1000_return,2014-04-25,0.004282014,-0.0078078601,0.009798728,0.0058892282,0.007932285751943881,0.011582095327146146,-0.00028120537999999954,0.0002147631999999991
TOPIX1000,return,TOPIX1000_return,2014-04-28,-0.0079785542,0.004282014,-0.0078078601,-0.0017017002,0.007647168136798211,0.011223860976950944,-0.0006026482199999996,-0.0002231403000000009
TOPIX1000,return,TOPIX1000_return,2014-04-30,0.0015765855,-0.0079785542,0.004282014,-0.0075844228,0.0083551334009913,0.011178294675794127,-0.0018580190199999995,-0.000986097014285715
TOPIX1000,return,TOPIX1000_return,2014-05-01,0.0171731555,0.0015765855,-0.0079785542,0.009798728,0.007769379156922938,0.010670387496499298,-2.5817359999999585e-05,-0.001572436414285715
TOPIX1000,return,TOPIX1000_return,2014-05-02,0.0002157818,0.0171731555,0.0015765855,-0.0078078601,0.0103665272590907,0.011422650736600818,0.0014490681400000003,-0.0008013349619047628
TOPIX1000,return,TOPIX1000_return,2014-05-07,-0.0257990389,0.0002157818,0.0171731555,0.004282014,0.00912159605746051,0.011316063239753928,0.0030537965200000006,-0.0010822994333333344
TOPIX1000,return,TOPIX1000_return,2014-05-08,0.0070404569,-0.0257990389,0.0002157818,-0.0079785542,0.015674961749736625,0.012442771400606121,-0.0029624140599999998,-0.0025273193285714297
TOPIX1000,return,TOPIX1000_return,2014-05-09,0.0047620535,0.0070404569,-0.0257990389,0.0015765855,0.015910682968344986,0.012613140226046055,4.1388160000000246e-05,-0.0021583207952380968
TOPIX1000,return,TOPIX1000_return,2014-05-12,-0.0064223512,0.0047620535,0.0070404569,0.0171731555,0.016050683312404977,0.012299110805542652,0.0006784817600000003,-0.0011822333190476201
TOPIX1000,return,TOPIX1000_return,2014-05-13,0.0178648755,-0.0064223512,0.0047620535,0.0002157818,0.013205072120508183,0.011711724477152581,-0.00404061958,-0.0006035483142857154
TOPIX1000,return,TOPIX1000_return,2014-05-14,0.0040668774,0.0178648755,-0.0064223512,-0.0257990389,0.016559977197578294,0.011437874013967826,-0.0005108008399999995,0.0012254479714285701
TOPIX1000,return,TOPIX1000_return,2014-05-15,-0.0040504049,0.0040668774,0.0178648755,0.0070404569,0.008660209895540477,0.011443982780457843,0.00546238242,0.0014577065380952368
TOPIX1000,return,TOPIX1000_return,2014-05-16,-0.0162901204,-0.0040504049,0.0040668774,0.0047620535,0.009531504369419528,0.011006967841356826,0.003244210060000001,0.0019054928714285703
TOPIX1000,return,TOPIX1000_return,2014-05-19,-0.0077073219,-0.0162901204,-0.0040504049,-0.0064223512,0.012787158742328358,0.011691596230671068,-0.0009662247199999994,0.0011848126761904749
TOPIX1000,return,TOPIX1000_return,2014-05-20,0.0029586113,-0.0077073219,-0.0162901204,0.0178648755,0.012936272259527601,0.011841470335758742,-0.0012232188599999995,0.0006772611999999988
TOPIX1000,return,TOPIX1000_return,2014-05-21,-0.0029651282,0.0029586113,-0.0077073219,0.0040668774,0.008337889040417762,0.010226638453180965,-0.0042044716999999985,-0.0004654156380952393
TOPIX1000,return,TOPIX1000_return,2014-05-22,0.0168111567,-0.0029651282,0.0029586113,-0.0040504049,0.007094231995545915,0.01024052083077049,-0.00561087282,-0.0006037397714285726
TOPIX1000,return,TOPIX1000_return,2014-05-23,0.009473404,0.0168111567,-0.0029651282,-0.0162901204,0.01239540144181294,0.010846208825954726,-0.0014385604999999995,-8.364793809523941e-05
TOPIX1000,return,TOPIX1000_return,2014-05-26,0.0120432726,0.009473404,0.0168111567,-0.0077073219,0.009751079523556444,0.011035346073462985,0.0037141443800000006,0.00044849988095237967
TOPIX1000,return,TOPIX1000_return,2014-05-27,0.0003532477,0.0120432726,0.009473404,0.0029586113,0.0077659754023275285,0.011151553925106788,0.00766426328,0.0013831520428571418
TOPIX1000,return,TOPIX1000_return,2014-05-28,0.0025160746,0.0003532477,0.0120432726,-0.0029651282,0.00823394954069292,0.010984383118576893,0.00714319056,0.0009333672666666656
TOPIX1000,return,TOPIX1000_return,2014-05-29,0.0021206851,0.0025160746,0.0003532477,0.0168111567,0.006789975649464473,0.010803133678934068,0.00823943112,0.0014249832047619035
TOPIX1000,return,TOPIX1000_return,2014-05-30,0.0006005375,0.0021206851,0.0025160746,0.009473404,0.005128782983165691,0.01078483397409091,0.0053013368000000005,0.0013220627809523797
TOPIX1000,return,TOPIX1000_return,2014-06-02,0.0159757909,0.0006005375,0.0021206851,0.0120432726,0.004851893365116341,0.010575365711863615,0.003526763500000001,0.0017305909571428562
TOPIX1000,return,TOPIX1000_return,2014-06-03,0.0067063096,0.0159757909,0.0006005375,0.0003532477,0.006586309528587327,0.011022241166199254,0.00431326716,0.0024162674047619034
TOPIX1000,return,TOPIX1000_return,2014-06-04,0.0043504801,0.0067063096,0.0159757909,0.0025160746,0.0062347917310936925,0.01054802783475685,0.00558387954,0.0019178461714285703
TOPIX1000,return,TOPIX1000_return,2014-06-05,-0.0010116482,0.0043504801,0.0067063096,0.0021206851,0.006060679624461993,0.010553256431972973,0.00595076064,0.0021147365666666653
TOPIX1000,return,TOPIX1000_return,2014-06-06,0.0023106053,-0.0010116482,0.0043504801,0.0006005375,0.0066852581452443004,0.008452106254160182,0.00532429398,0.003295088504761903
TOPIX1000,return,TOPIX1000_return,2014-06-09,8.53095e-05,0.0023106053,-0.0010116482,0.0159757909,0.006421726474938804,0.008410226263471824,0.00566630754,0.003069857476190475
TOPIX1000,return,TOPIX1000_return,2014-06-10,-0.0049801155,8.53095e-05,0.0023106053,0.0067063096,0.0031350795772730126,0.008425083366374835,0.0024882112600000004,0.00284715538095238
TOPIX1000,return,TOPIX1000_return,2014-06-11,0.0084442909,-0.0049801155,8.53095e-05,0.0043504801,0.003534966070840583,0.008351299186627668,0.00015092624000000062,0.00291583327142857
TOPIX1000,return,TOPIX1000_return,2014-06-12,-0.0010777794,0.0084442909,-0.0049801155,-0.0010116482,0.0049440804978133504,0.0077386945764370526,0.0009696884000000006,0.0024672340047619036
TOPIX1000,return,TOPIX1000_return,2014-06-13,0.0049045344,-0.0010777794,0.0084442909,0.0023106053,0.0049507899086369996,0.007766903434309998,0.0009564621600000005,0.0022222503476190467
TOPIX1000,return,TOPIX1000_return,2014-06-16,-0.0075929351,0.0049045344,-0.0010777794,8.53095e-05,0.0052547397654720265,0.0076502470775498925,0.0014752479800000007,0.0026486760285714278
TOPIX1000,return,TOPIX1000_return,2014-06-17,0.0027259726,-0.0075929351,0.0049045344,-0.0049801155,0.006688760860167966,0.006756982467735403,-6.0400939999999576e-05,0.0030628277095238084
TOPIX1000,return,TOPIX1000_return,2014-06-18,0.0088865551,0.0027259726,-0.0075929351,0.0084442909,0.006136807288191548,0.006293131508844045,0.0014808166800000006,0.003559651257142856
TOPIX1000,return,TOPIX1000_return,2014-06-19,0.0161884505,0.0088865551,0.0027259726,-0.0010777794,0.006264133690661917,0.006396918716411662,0.0015692695200000006,0.003841934295238094
TOPIX1000,return,TOPIX1000_return,2014-06-20,-6.9925e-06,0.0161884505,0.0088865551,0.0049045344,0.008718465018670615,0.006734397672399689,0.005022515500000001,0.004754009471428571
TOPIX1000,return,TOPIX1000_return,2014-06-23,-0.0011768983,-6.9925e-06,0.0161884505,-0.0075929351,0.00900699646124271,0.0062083231483047955,0.00404021012,0.003953145223809522
TOPIX1000,return,TOPIX1000_return,2014-06-24,0.0006514913,-0.0011768983,-6.9925e-06,0.0027259726,0.007213857981759659,0.006169717326685725,0.00532341748,0.0034459879714285706
TOPIX1000,return,TOPIX1000_return,2014-06-25,-0.00604026,0.0006514913,-0.0011768983,0.0088865551,0.007456179781193439,0.0058695165686834,0.004908521220000002,0.0029035221952380943
TOPIX1000,return,TOPIX1000_return,2014-06-26,0.0028294457,-0.00604026,0.0006514913,0.0161884505,0.008394455946709565,0.006166706227677733,0.0019231582000000004,0.0025990694476190463
TOPIX1000,return,TOPIX1000_return,2014-06-27,-0.0081933605,0.0028294457,-0.00604026,-6.9925e-06,0.003297641329189789,0.006166874503276226,-0.0007486427599999993,0.00261399188095238
TOPIX1000,return,TOPIX1000_return,2014-06-30,0.0072730139,-0.0081933605,0.0028294457,-0.0011768983,0.004608910019130067,0.006603395507116822,-0.0023859163599999995,0.0021228468523809513
TOPIX1000,return,TOPIX1000_return,2014-07-01,0.0108099843,0.0072730139,-0.0081933605,0.0006514913,0.006374190382282796,0.006686491407603029,-0.0006959339199999994,0.002440583823809523
TOPIX1000,return,TOPIX1000_return,2014-07-02,0.0036956165,0.0108099843,0.0072730139,-0.00604026,0.008253072389631215,0.006244027705597975,0.0013357646800000009,0.002194593033333332
TOPIX1000,return,TOPIX1000_return,2014-07-03,-0.0017484076,0.0036956165,0.0108099843,0.0028294457,0.007152945508000713,0.006169373926056744,0.0032829399800000008,0.0020512266952380943
TOPIX1000,return,TOPIX1000_return,2014-07-04,0.0051857245,-0.0017484076,0.0036956165,-0.0081933605,0.007509593381189576,0.006199205145504261,0.0023673693200000007,0.0017608034714285705
TOPIX1000,return,TOPIX1000_return,2014-07-07,-0.0043185033,0.0051857245,-0.0017484076,0.0072730139,0.004641931158078931,0.006208129989543521,0.00504318632,0.002055916457142856
TOPIX1000,return,TOPIX1000_return,2014-07-08,-0.0034382871,-0.0043185033,0.0051857245,0.0108099843,0.005957905395574935,0.006361184234394863,0.002724882880000001,0.001740244619047618
TOPIX1000,return,TOPIX1000_return,2014-07-09,-0.0036566725,-0.0034382871,-0.0043185033,0.0036956165,0.00430115387028757,0.006452830589804253,-0.00012477139999999943,0.0015724543047619035
TOPIX1000,return,TOPIX1000_return,2014-07-10,-0.0090749438,-0.0036566725,-0.0034382871,-0.0017484076,0.0039072826052567984,0.006391809773768799,-0.0015952291999999993,0.0016354753999999988
TOPIX1000,return,TOPIX1000_return,2014-07-11,-0.0032504708,-0.0090749438,-0.0036566725,0.0051857245,0.0051539904386459084,0.006598645110259963,-0.0030605364399999995,0.0008012261285714274
TOPIX1000,return,TOPIX1000_return,2014-07-14,0.0081454694,-0.0032504708,-0.0090749438,-0.0043185033,0.0024523380226430915,0.006646439430803581,-0.004747775499999999,0.0006977646333333323
TOPIX1000,return,TOPIX1000_return,2014-07-15,0.0065662743,0.0081454694,-0.0032504708,-0.0034382871,0.006305497867845538,0.006785183720056149,-0.0022549809599999994,0.0008520948714285705
TOPIX1000,return,TOPIX1000_return,2014-07-16,-2.75835e-05,0.0065662743,0.0081454694,-0.0036566725,0.00733882304299301,0.006605152753942953,-0.0002540686799999992,0.001526342938095237
TOPIX1000,return,TOPIX1000_return,2014-07-17,-0.0001586098,-2.75835e-05,0.0065662743,-0.0090749438,0.007093532618032386,0.006607478275024319,0.0004717491200000007,0.001395221219047618
TOPIX1000,return,TOPIX1000_return,2014-07-18,-0.0079869925,-0.0001586098,-2.75835e-05,-0.0032504708,0.004863913657531659,0.006385819202941251,0.0022550159200000006,0.00096449908095238
TOPIX1000,return,TOPIX1000_return,2014-07-22,0.0077384961,-0.0079869925,-0.0001586098,0.0081454694,0.006417399184249649,0.005639606337508817,0.0013077115800000007,-0.0001867124904761915
TOPIX1000,return,TOPIX1000_return,2014-07-23,-0.0007106981,0.0077384961,-0.0079869925,0.0065662743,0.006310685011239868,0.005899250098932208,0.0012263169200000005,0.00018212029999999896
TOPIX1000,return,TOPIX1000_return,2014-07-24,-0.0020988824,-0.0007106981,0.0077384961,-2.75835e-05,0.00556652939787815,0.0058947556271926405,-0.0002290775599999995,0.00020432030952380852
TOPIX1000,return,TOPIX1000_return,2014-07-25,0.0090774559,-0.0020988824,-0.0007106981,-0.0001586098,0.005624555818164902,0.005914843370642801,-0.0006433373399999995,7.33501333333323e-05
TOPIX1000,return,TOPIX1000_return,2014-07-28,0.0037161546,0.0090774559,-0.0020988824,-0.0079869925,0.0071368829174658375,0.006051950192438929,0.0012038758000000004,0.0007932413666666656
TOPIX1000,return,TOPIX1000_return,2014-07-29,0.0034771058,0.0037161546,0.0090774559,0.0077384961,0.004954471348251999,0.006069933589893093,0.00354450522,0.000835465599999999
TOPIX1000,return,TOPIX1000_return,2014-07-30,0.0014976378,0.0034771058,0.0037161546,-0.0007106981,0.004386634218997127,0.005726494276311997,0.0026922271600000004,0.0013912020904761895
TOPIX1000,return,TOPIX1000_return,2014-07-31,-0.002181922,0.0014976378,0.0034771058,-0.0020988824,0.004057155192050816,0.005566336409473261,0.0031338943400000007,0.00111618418095238
TOPIX1000,return,TOPIX1000_return,2014-08-01,-0.0062604822,-0.002181922,0.0014976378,0.0090774559,0.0040840116565832646,0.005140778942464478,0.0031172864200000004,0.0004975219761904751
TOPIX1000,return,TOPIX1000_return,2014-08-04,-0.0040992479,-0.0062604822,-0.002181922,0.0037161546,0.004245146047913973,0.005288075211220863,4.969880000000038e-05,2.3422038095236994e-05
TOPIX1000,return,TOPIX1000_return,2014-08-05,-0.0099325447,-0.0040992479,-0.0062604822,0.0034771058,0.003988728406747078,0.005351955958578927,-0.0015133816999999996,-8.852273809523917e-05
TOPIX1000,return,TOPIX1000_return,2014-08-06,-0.0096497431,-0.0099325447,-0.0040992479,0.0014976378,0.004291078303807993,0.005617258354031026,-0.0041953118,-0.0008084403190476203
TOPIX1000,return,TOPIX1000_return,2014-08-07,0.0053984233,-0.0096497431,-0.0099325447,-0.002181922,0.0033963854871756336,0.005897315011391437,-0.006424787979999999,-0.001062308880952382
TOPIX1000,return,TOPIX1000_return,2014-08-08,-0.0239565557,0.0053984233,-0.0096497431,-0.0062604822,0.006253715371357668,0.006033008472790496,-0.00490871892,-0.0006415131476190487
TOPIX1000,return,TOPIX1000_return,2014-08-11,0.0197014758,-0.0239565557,0.0053984233,-0.0040992479,0.010663001950115927,0.007882958646452717,-0.00844793362,-0.0016081742523809534
TOPIX1000,return,TOPIX1000_return,2014-08-12,0.004181183,0.0197014758,-0.0239565557,-0.0099325447,0.01669567111429943,0.008949125059593591,-0.00368778888,-0.00023786855714285818
TOPIX1000,return,TOPIX1000_return,2014-08-13,0.0035071298,0.004181183,0.0197014758,-0.0096497431,0.016568539593958386,0.008970950495581314,-0.0008650433400000001,0.000116019719047618
TOPIX1000,return,TOPIX1000_return,2014-08-14,0.0066486822,0.0035071298,0.004181183,0.0053984233,0.015853945126511178,0.008819189690230527,0.0017663312399999998,-0.0001048535952380963
TOPIX1000,return,TOPIX1000_return,2014-08-15,4.14955e-05,0.0066486822,0.0035071298,-0.0239565557,0.015935204211106002,0.008822324270860833,0.00201638302,-0.00010092940952381058
TOPIX1000,return,TOPIX1000_return,2014-08-18,0.0003112033,4.14955e-05,0.0066486822,0.0197014758,0.007580373930137197,0.008822365864106651,0.00681599326,-9.763993333333444e-05
TOPIX1000,return,TOPIX1000_return,2014-08-19,0.0071761208,0.0003112033,4.14955e-05,0.004181183,0.0027806642323838266,0.008822799197490003,0.0029379387599999997,-7.526788095238206e-05
TOPIX1000,return,TOPIX1000_return,2014-08-20,-0.0005216807,0.0071761208,0.0003112033,0.0035071298,0.0033745731052885275,0.008763202591732614,0.0035369263199999993,0.0006467851333333322
TOPIX1000,return,TOPIX1000_return,2014-08-21,0.0090791658,-0.0005216807,0.0071761208,0.0066486822,0.0038332791077924934,0.008613066436602073,0.0027311642199999995,0.0002534433809523799
TOPIX1000,return,TOPIX1000_return,2014-08-22,-0.0040427014,0.0090791658,-0.0005216807,4.14955e-05,0.004542709590735444,0.008820709150582707,0.0032172609399999997,0.0007196273761904751
TOPIX1000,return,TOPIX1000_return,2014-08-25,0.0040182461,-0.0040427014,0.0090791658,0.0003112033,0.005518837646818509,0.00886186789297176,0.0024004215599999997,0.0006270645666666656
TOPIX1000,return,TOPIX1000_return,2014-08-26,-0.0050367199,0.0040182461,-0.0040427014,0.0071761208,0.005416049434963355,0.008687710317681554,0.00314183012,0.00038614981428571315
TOPIX1000,return,TOPIX1000_return,2014-08-27,0.0008756149,-0.0050367199,0.0040182461,-0.0005216807,0.005876156258006996,0.008729824070967248,0.0006992619799999998,-3.065373333333448e-05
TOPIX1000,return,TOPIX1000_return,2014-08-28,-0.0041624351,0.0008756149,-0.0050367199,0.0090791658,0.005836667752233508,0.008695950891219049,0.0009787210999999997,-0.00015453425238095352
TOPIX1000,return,TOPIX1000_return,2014-08-29,-0.0022647599,-0.0041624351,0.0008756149,-0.0040427014,0.003937418115209324,0.00872983187325167,-0.0016695990800000005,-0.00042406153333333446
TOPIX1000,return,TOPIX1000_return,2014-09-01,0.003872754,-0.0022647599,-0.0041624351,0.0040182461,0.003745111221342547,0.008730684569362492,-0.0013140107800000006,-0.0004280061952380964
TOPIX1000,return,TOPIX1000_return,2014-09-02,0.0110870601,0.003872754,-0.0022647599,-0.0050367199,0.0036935336772328234,0.00867204180454666,-0.0013431092000000002,5.452886190476074e-05
TOPIX1000,return,TOPIX1000_return,2014-09-03,0.0034971845,0.0110870601,0.003872754,0.0008756149,0.0059883189758320405,0.008937468803970217,0.0018816467999999997,0.0007776863857142846
TOPIX1000,return,TOPIX1000_return,2014-09-04,-0.003842803,0.0034971845,0.0110870601,-0.0041624351,0.005992979081141851,0.008607163104425632,0.0024059607199999997,0.0014171972999999988
TOPIX1000,return,TOPIX1000_return,2014-09-05,-0.002420339,-0.003842803,0.0034971845,-0.0022647599,0.005906479165127478,0.008322408986669793,0.00246988714,0.0016937182571428561
TOPIX1000,return,TOPIX1000_return,2014-09-08,0.0040912582,-0.002420339,-0.003842803,0.003872754,0.00593798308872691,0.008323278672373537,0.0024387713199999993,0.0013213962428571418
TOPIX1000,return,TOPIX1000_return,2014-09-09,0.0008325155,0.0040912582,-0.002420339,0.0110870601,0.0059519624997343475,0.005986550309085096,0.0024824721599999997,0.0026570064285714274
TOPIX1000,return,TOPIX1000_return,2014-09-10,0.0056131144,0.0008325155,0.0040912582,0.0034971845,0.003512681196927164,0.0045422260436916865,0.00043156323999999957,0.0017584845095238086
TOPIX1000,return,TOPIX1000_return,2014-09-11,0.0035037458,0.0056131144,0.0008325155,-0.003842803,0.00405927098167187,0.004590900853047373,0.0008547492199999996,0.0018266717190476177
TOPIX1000,return,TOPIX1000_return,2014-09-12,0.0019433852,0.0035037458,0.0056131144,-0.002420339,0.003164907335833146,0.0045908389778780015,0.0023240589799999995,0.001826510576190475
TOPIX1000,return,TOPIX1000_return,2014-09-16,-0.0023209307,0.0019433852,0.0035037458,0.0040912582,0.001863715129322357,0.004456579931899518,0.003196803819999999,0.0016024488142857129
TOPIX1000,return,TOPIX1000_return,2014-09-17,-0.0045252815,-0.0023209307,0.0019433852,0.0008325155,0.002971356955605548,0.00452721029281095,0.0019143660399999999,0.0014899523285714273
TOPIX1000,return,TOPIX1000_return,2014-09-18,0.0100614875,-0.0045252815,-0.0023209307,0.0056131144,0.004179512852605843,0.004709524203336224,0.0008428066399999996,0.0012596435285714275
TOPIX1000,return,TOPIX1000_return,2014-09-19,0.0107013562,0.0100614875,-0.0045252815,0.0035037458,0.005660034159933208,0.004927797041381797,0.0017324812599999995,0.0013970419428571419
TOPIX1000,return,TOPIX1000_return,2014-09-22,-0.0007519824,0.0107013562,0.0100614875,0.0019433852,0.006983662493475475,0.0053035578131026655,0.00317200334,0.0019314722714285702
TOPIX1000,return,TOPIX1000_return,2014-09-24,-0.0035981568,-0.0007519824,0.0107013562,-0.0023209307,0.007202800280881468,0.005069829703976833,0.0026329298199999998,0.0014633223571428563
TOPIX1000,return,TOPIX1000_return,2014-09-25,0.0153916815,-0.0035981568,-0.0007519824,-0.0045252815,0.00744111504845357,0.005046564810437847,0.0023774845999999994,0.0014844911476190464
TOPIX1000,return,TOPIX1000_return,2014-09-26,-0.0038892007,0.0153916815,-0.0035981568,0.0100614875,0.008121958365278594,0.0058744642036149325,0.006360877199999999,0.0020260833095238086
TOPIX1000,return,TOPIX1000_return,2014-09-29,0.0040681547,-0.0038892007,0.0153916815,0.0107013562,0.008892554060310146,0.00581047022430654,0.003570739559999999,0.00208072708095238
TOPIX1000,return,TOPIX1000_return,2014-09-30,-0.0083119883,0.0040681547,-0.0038892007,-0.0007519824,0.008014236186142283,0.005819121538558272,0.0022440992599999992,0.0022327527857142846
TOPIX1000,return,TOPIX1000_return,2014-10-01,-0.0060657504,-0.0083119883,0.0040681547,-0.0035981568,0.009326516874059694,0.006110305653634177,0.0007320980799999995,0.002035155014285713
TOPIX1000,return,TOPIX1000_return,2014-10-02,-0.0288921066,-0.0060657504,-0.0083119883,0.0153916815,0.009671834120331096,0.006297476186206576,0.00023857935999999948,0.0018541554666666657
TOPIX1000,return,TOPIX1000_return,2014-10-03,0.0016630997,-0.0288921066,-0.0060657504,-0.0038892007,0.012257111031382257,0.009174151871298861,-0.008618178260000001,0.00029392400952380865
TOPIX1000,return,TOPIX1000_return,2014-10-06,0.0107105439,0.0016630997,-0.0288921066,0.0040681547,0.013020396721336498,0.008844362639298468,-0.00750771818,-0.00015483600952381053
TOPIX1000,return,TOPIX1000_return,2014-10-07,-0.0041337223,0.0107105439,0.0016630997,-0.0083119883,0.014724154445576426,0.009128790982451977,-0.00617924034,0.0001886572952380942
TOPIX1000,return,TOPIX1000_return,2014-10-08,-0.0125610811,-0.0041337223,0.0107105439,-0.0060657504,0.014691382213618315,0.009135433101629177,-0.00534358714,0.00017480399523809423
TOPIX1000,return,TOPIX1000_return,2014-10-09,-0.010838081,-0.0125610811,-0.0041337223,-0.0288921066,0.015053900495341334,0.009538589709618631,-0.006642653279999999,-0.0003080884857142867
TOPIX1000,return,TOPIX1000_return,2014-10-10,-0.0139121125,-0.010838081,-0.0125610811,0.0016630997,0.009537472845785027,0.009748350590189376,-0.0030318481600000004,-0.001019009400000001
TOPIX1000,return,TOPIX1000_return,2014-10-14,-0.0232966231,-0.0139121125,-0.010838081,0.0107105439,0.01014487213844386,0.010131777172924662,-0.0061468906000000005,-0.001721134542857144
TOPIX1000,return,TOPIX1000_return,2014-10-15,0.0075888982,-0.0232966231,-0.0139121125,-0.0041337223,0.006897761742914973,0.011011289574734042,-0.012948324,-0.003097788709523811
TOPIX1000,return,TOPIX1000_return,2014-10-16,-0.0230377198,0.0075888982,-0.0232966231,-0.0125610811,0.011257361974872397,0.011168706935318918,-0.010603799899999999,-0.002903257642857144
TOPIX1000,return,TOPIX1000_return,2014-10-17,-0.0153605794,-0.0230377198,0.0075888982,-0.010838081,0.012606865364027714,0.01193103092357142,-0.012699127640000002,-0.004092834071428572
TOPIX1000,return,TOPIX1000_return,2014-10-20,0.0401496997,-0.0153605794,-0.0230377198,-0.0139121125,0.012602196730588657,0.0121711043838344,-0.01360362732,-0.004713769723809525
TOPIX1000,return,TOPIX1000_return,2014-10-21,-0.0155683798,0.0401496997,-0.0153605794,-0.0232966231,0.02711111646856787,0.015621092047799226,-0.0027912648799999994,-0.0025863896666666673
TOPIX1000,return,TOPIX1000_return,2014-10-22,0.0258000341,-0.0155683798,0.0401496997,0.0075888982,0.025840328682780786,0.01558469301184152,-0.0012456162200000002,-0.0038068595380952395
TOPIX1000,return,TOPIX1000_return,2014-10-23,-0.0032613087,0.0258000341,-0.0155683798,-0.0230377198,0.028539357945552353,0.016602525763624143,0.00239661096,-0.003087874876190477
TOPIX1000,return,TOPIX1000_return,2014-10-24,0.0082790624,-0.0032613087,0.0258000341,-0.0153605794,0.025322250069100005,0.016593901103311794,0.00635189318,-0.0032073666047619056
TOPIX1000,return,TOPIX1000_return,2014-10-27,0.0096648896,0.0082790624,-0.0032613087,0.0401496997,0.02227880930967218,0.01678126763839467,0.01107982154,-0.002641784738095239
TOPIX1000,return,TOPIX1000_return,2014-10-28,-0.0018157596,0.0096648896,0.0082790624,-0.0155683798,0.015463350735027625,0.016518028754242124,0.004982859519999999,-0.0029144891142857156
TOPIX1000,return,TOPIX1000_return,2014-10-29,0.0149979799,-0.0018157596,0.0096648896,0.0258000341,0.011645833328875007,0.016518108094724916,0.007733383559999999,-0.0028157538238095248
TOPIX1000,return,TOPIX1000_return,2014-10-30,0.0067015481,0.0149979799,-0.0018157596,-0.0032613087,0.007834783962504248,0.016913323432126023,0.0055729727199999995,-0.0022952859571428582
TOPIX1000,return,TOPIX1000_return,2014-10-31,0.0430927499,0.0067015481,0.0149979799,0.0082790624,0.006101491826053259,0.01696351802281779,0.00756554408,-0.0015803556523809534
TOPIX1000,return,TOPIX1000_return,2014-11-04,0.026835458,0.0430927499,0.0067015481,0.0096648896,0.017089378920309792,0.019513728846839263,0.01452828158,0.0007605253142857132
TOPIX1000,return,TOPIX1000_return,2014-11-05,0.0021969486,0.026835458,0.0430927499,-0.0018157596,0.01758575996064554,0.01906364593461969,0.017962395259999996,0.0034142188666666656
TOPIX1000,return,TOPIX1000_return,2014-11-06,-0.0112656554,0.0021969486,0.026835458,0.0149979799,0.016516577633375426,0.0190615498895071,0.0187649369,0.0034396402428571414
TOPIX1000,return,TOPIX1000_return,2014-11-07,0.0053918182,-0.0112656554,0.0021969486,0.0067015481,0.021452739614627066,0.019244785768964198,0.01351220984,0.002393154561904761
TOPIX1000,return,TOPIX1000_return,2014-11-10,-0.002691135,0.0053918182,-0.0112656554,0.0430927499,0.021564396099010338,0.019195450879998542,0.01325026386,0.002846751728571428
TOPIX1000,return,TOPIX1000_return,2014-11-11,0.0112994644,-0.002691135,0.0053918182,0.026835458,0.014181097610188473,0.018918158892106657,0.004093486879999999,0.003316749161904761
TOPIX1000,return,TOPIX1000_return,2014-11-12,0.0015843944,0.0112994644,-0.002691135,0.0021969486,0.008527449206632011,0.01870556405551336,0.00098628816,0.00437091799047619
TOPIX1000,return,TOPIX1000_return,2014-11-13,0.0091180031,0.0015843944,0.0112994644,-0.0112656554,0.008510090301085443,0.018248318720107213,0.0008637773200000001,0.0051088468904761895
TOPIX1000,return,TOPIX1000_return,2014-11-14,0.0079634442,0.0091180031,0.0015843944,0.0053918182,0.005647940909743129,0.017057537361024642,0.00494050902,0.0066524005190476175
TOPIX1000,return,TOPIX1000_return,2014-11-17,-0.0246408087,0.0079634442,0.0091180031,-0.002691135,0.005813964893890278,0.017058761303004776,0.00545483422,0.006670236042857141
TOPIX1000,return,TOPIX1000_return,2014-11-18,0.021092106,-0.0246408087,0.0079634442,0.0112994644,0.014817574230261326,0.017201341881493054,0.0010648994799999998,0.006593898476190476
TOPIX1000,return,TOPIX1000_return,2014-11-19,0.0012742355,0.021092106,-0.0246408087,0.0015843944,0.016995628410484298,0.01670725301304119,0.0030234278,0.008329740638095237
TOPIX1000,return,TOPIX1000_return,2014-11-20,0.0008046163,0.0012742355,0.021092106,0.0091180031,0.017002758284587666,0.015079704364592944,0.00296139602,0.0064785280571428554
TOPIX1000,return,TOPIX1000_return,2014-11-21,0.0017453829,0.0008046163,0.0012742355,0.0079634442,0.016653082035634367,0.014285151953663342,0.0012987186599999999,0.007258194538095238
TOPIX1000,return,TOPIX1000_return,2014-11-25,0.0064216072,0.0017453829,0.0008046163,-0.0246408087,0.016258448959663455,0.013675432303805291,5.510640000000004e-05,0.006112734957142856
TOPIX1000,return,TOPIX1000_return,2014-11-26,-0.0020341781,0.0064216072,0.0017453829,0.021092106,0.008588044361159963,0.013505752429726046,0.006267589579999999,0.00657382619047619
TOPIX1000,return,TOPIX1000_return,2014-11-27,-0.0104453827,-0.0020341781,0.0064216072,0.0012742355,0.003049839342820598,0.01362760430117041,0.0016423327600000003,0.006082719499999998
TOPIX1000,return,TOPIX1000_return,2014-11-28,0.0133479225,-0.0104453827,-0.0020341781,0.0008046163,0.006239261962893016,0.014062929920403132,-0.0007015908799999995,0.005125087485714285
TOPIX1000,return,TOPIX1000_return,2014-12-01,0.0080935764,0.0133479225,-0.0104453827,0.0017453829,0.008935418560799747,0.014078015171253991,0.0018070703600000005,0.005847167585714285
TOPIX1000,return,TOPIX1000_return,2014-12-02,0.0042839282,0.0080935764,0.0133479225,0.0064216072,0.00936513828157766,0.013933501304915578,0.0030767090600000006,0.0055183864666666655
TOPIX1000,return,TOPIX1000_return,2014-12-03,0.0014096798,0.0042839282,0.0080935764,-0.0020341781,0.00922196237679221,0.013933224429649048,0.0026491732600000006,0.005403261709523809
TOPIX1000,return,TOPIX1000_return,2014-12-04,0.007653841,0.0014096798,0.0042839282,-0.0104453827,0.008907986486083354,0.010943968597069928,0.0033379448400000004,0.003418353609523809
TOPIX1000,return,TOPIX1000_return,2014-12-05,0.0037315098,0.007653841,0.0014096798,0.0133479225,0.004487186056578977,0.009611105194762036,0.006957789580000001,0.002504943276190475
TOPIX1000,return,TOPIX1000_return,2014-12-08,0.0013496334,0.0037315098,0.007653841,0.0080935764,0.002811554670713863,0.009614479520393031,0.005034507040000001,0.002578017619047618
TOPIX1000,return,TOPIX1000_return,2014-12-09,-0.0078944012,0.0013496334,0.0037315098,0.0042839282,0.0025857104256701777,0.009085834073990154,0.0036857184400000006,0.003178745657142857
TOPIX1000,return,TOPIX1000_return,2014-12-10,-0.0206691424,-0.0078944012,0.0013496334,0.0014096798,0.0057188846855495135,0.009381787198321426,0.0012500525600000006,0.002546068542857142
TOPIX1000,return,TOPIX1000_return,2014-12-11,-0.0070785571,-0.0206691424,-0.0078944012,0.007653841,0.011333063542985048,0.010621877061054478,-0.0031657118799999994,0.0016899729523809515
TOPIX1000,return,TOPIX1000_return,2014-12-12,0.0019709729,-0.0070785571,-0.0206691424,0.0037315098,0.00959937809853496,0.010547385520452483,-0.0061121915,0.0008148290714285704
TOPIX1000,return,TOPIX1000_return,2014-12-15,-0.0147591006,0.0019709729,-0.0070785571,0.0013496334,0.009170761049567861,0.01054913301595942,-0.006464298879999999,0.0008332375714285704
TOPIX1000,return,TOPIX1000_return,2014-12-16,-0.0188782349,-0.0147591006,0.0019709729,-0.0078944012,0.008547797502781364,0.010892702678267164,-0.00968604568,-0.0003037673666666677
TOPIX1000,return,TOPIX1000_return,2014-12-17,-0.0010624707,-0.0188782349,-0.0147591006,-0.0206691424,0.00934634689006806,0.011435416742246953,-0.01188281242,-0.001581942561904763
TOPIX1000,return,TOPIX1000_return,2014-12-18,0.0180436296,-0.0010624707,-0.0188782349,-0.0070785571,0.00883759987422702,0.010142633843422994,-0.007961478079999997,-0.00045916456190476287
TOPIX1000,return,TOPIX1000_return,2014-12-19,0.0244929491,0.0180436296,-0.0010624707,0.0019709729,0.014677141319252959,0.00983593925578257,-0.0029370407399999993,-0.0006043301047619057
TOPIX1000,return,TOPIX1000_return,2014-12-22,0.0025032295,0.0244929491,0.0180436296,-0.0147591006,0.01929081239581873,0.011259632752909613,0.0015673545000000019,0.000501322923809523
TOPIX1000,return,TOPIX1000_return,2014-12-24,0.0093281585,0.0025032295,0.0244929491,-0.0188782349,0.017053349299695722,0.011268018554887935,0.005019820520000001,0.0005822092666666658
TOPIX1000,return,TOPIX1000_return,2014-12-25,-0.0033657284,0.0093281585,0.0025032295,-0.0010624707,0.010625341017058438,0.011427522642776532,0.010661099200000001,0.0009432938190476182
TOPIX1000,return,TOPIX1000_return,2014-12-26,0.0052955421,-0.0033657284,0.0093281585,0.0180436296,0.011289821622024765,0.011392453004387569,0.01020044766,0.0004772302190476182
TOPIX1000,return,TOPIX1000_return,2014-12-29,-0.002182695,0.0052955421,-0.0033657284,0.0244929491,0.010486659831133038,0.01142390113546251,0.007650830160000001,0.0008262645142857134
TOPIX1000,return,TOPIX1000_return,2014-12-30,-0.0122690398,-0.002182695,0.0052955421,0.0025032295,0.005258407237673525,0.01115540922936135,0.0023157013400000007,0.0012197258333333325
TOPIX1000,return,TOPIX1000_return,2015-01-05,-0.0047693871,-0.0122690398,-0.002182695,0.0093281585,0.008361203650858825,0.01116348457464032,-0.0006387525199999994,-1.2951428571512406e-07
TOPIX1000,return,TOPIX1000_return,2015-01-06,-0.0287098877,-0.0047693871,-0.0122690398,-0.0033657284,0.006277212246065484,0.011049494672628397,-0.0034582616399999994,-0.0006126515857142865
TOPIX1000,return,TOPIX1000_return,2015-01-07,-0.0009791637,-0.0287098877,-0.0047693871,0.0052955421,0.012911083886310902,0.012560786450572146,-0.0085270935,-0.002183785676190477
TOPIX1000,return,TOPIX1000_return,2015-01-08,0.013291655,-0.0009791637,-0.0287098877,-0.002182695,0.01145443092472797,0.012537411023672946,-0.00978203466,-0.0022975401285714294
TOPIX1000,return,TOPIX1000_return,2015-01-09,0.0022188789,0.013291655,-0.0009791637,-0.0122690398,0.015423764463571306,0.012818371489839293,-0.00668716466,-0.002029072795238096
TOPIX1000,return,TOPIX1000_return,2015-01-13,-0.0042134115,0.0022188789,0.013291655,-0.0047693871,0.015473771074574922,0.01278859800746442,-0.0037895809199999997,-0.0021011028380952387
TOPIX1000,return,TOPIX1000_return,2015-01-14,-0.0122695745,-0.0042134115,0.0022188789,-0.0287098877,0.015466966052768913,0.012771149827344626,-0.0036783857999999987,-0.002366009738095239
TOPIX1000,return,TOPIX1000_return,2015-01-15,0.0137942985,-0.0122695745,-0.0042134115,-0.0009791637,0.00935526338213561,0.012900874603188298,-0.0003903231599999994,-0.0025743513238095247
TOPIX1000,return,TOPIX1000_return,2015-01-16,-0.0092102988,0.0137942985,-0.0122695745,0.013291655,0.011261544445338502,0.012673997063258653,0.0025643692800000006,-0.0009332350904761914
TOPIX1000,return,TOPIX1000_return,2015-01-19,0.006442039,-0.0092102988,0.0137942985,0.0022188789,0.010363277687217561,0.012734073260199732,-0.0019360214799999994,-0.0010347466000000009
TOPIX1000,return,TOPIX1000_return,2015-01-20,0.018491672,0.006442039,-0.0092102988,-0.0042134115,0.01094248351246522,0.012823900506050548,-0.0010913894599999994,-0.0008218386904761914
TOPIX1000,return,TOPIX1000_return,2015-01-21,-0.0049578027,0.018491672,0.006442039,-0.0122695745,0.013689383595160436,0.013067449310232123,0.0034496272400000006,0.0007615314333333323
TOPIX1000,return,TOPIX1000_return,2015-01-22,-0.0008387113,-0.0049578027,0.018491672,0.0137942985,0.01185849976118317,0.01235501405583846,0.004911981600000001,0.0014244091571428562
TOPIX1000,return,TOPIX1000_return,2015-01-23,0.0100485519,-0.0008387113,-0.0049578027,-0.0092102988,0.010884001866278671,0.012352858383742006,0.0019853796400000007,0.0014350643666666656
TOPIX1000,return,TOPIX1000_return,2015-01-26,-0.0009241629,0.0100485519,-0.0008387113,0.006442039,0.009210549001093873,0.011931399883239036,0.00583714978,0.0010543463809523797
TOPIX1000,return,TOPIX1000_return,2015-01-27,0.0175009644,-0.0009241629,0.0100485519,0.018491672,0.00966739525037832,0.010655864938098647,0.004363909400000001,-0.0001559922857142869
TOPIX1000,return,TOPIX1000_return,2015-01-28,0.0023794822,0.0175009644,-0.0009241629,-0.0049578027,0.009308952161622109,0.011324607631997925,0.004165767880000001,0.0005581855666666654
TOPIX1000,return,TOPIX1000_return,2015-01-29,-0.0115590407,0.0023794822,0.0175009644,-0.0008387113,0.00799703832445259,0.011155806142053522,0.005633224860000001,0.00022729621904761787
TOPIX1000,return,TOPIX1000_return,2015-01-30,0.0009607238,-0.0115590407,0.0023794822,0.0100485519,0.011028524751622486,0.01142771071020211,0.0034891589800000004,-0.00016286150952381071
TOPIX1000,return,TOPIX1000_return,2015-02-02,-0.0043865661,0.0009607238,-0.0115590407,-0.0009241629,0.010408686971156407,0.01136315300139469,0.0016715933600000006,-0.00036928142857142976
TOPIX1000,return,TOPIX1000_return,2015-02-03,-0.0115799823,-0.0043865661,0.0009607238,0.0175009644,0.010734625705534273,0.011390881752570059,0.0009791127200000002,-0.00047422767142857265
TOPIX1000,return,TOPIX1000_return,2015-02-04,0.0178110378,-0.0115799823,-0.0043865661,0.0023794822,0.0066435635908654025,0.011356146629044672,-0.00483707662,-0.00044141540952381077
TOPIX1000,return,TOPIX1000_return,2015-02-05,-0.0048953973,0.0178110378,-0.0115799823,-0.0115590407,0.012142688465442938,0.01197785925047364,-0.0017507655000000004,0.0006338429190476178
TOPIX1000,return,TOPIX1000_return,2015-02-06,0.0051602692,-0.0048953973,0.0178110378,0.0009607238,0.01111963523189236,0.010029690989759326,-0.00041803681999999997,0.00176786627142857
TOPIX1000,return,TOPIX1000_return,2015-02-09,0.0054222113,0.0051602692,-0.0048953973,-0.0043865661,0.011404762510170268,0.010035091836955416,0.00042187226000000016,0.0020602202190476175
TOPIX1000,return,TOPIX1000_return,2015-02-10,0.002021707,0.0054222113,0.0051602692,-0.0115799823,0.011212875633507442,0.009737223066837596,0.0023836277400000002,0.0016854848047619035
TOPIX1000,return,TOPIX1000_return,2015-02-12,0.0153908055,0.002021707,0.0054222113,0.0178110378,0.00823197592926702,0.00973677807566913,0.0051039656000000004,0.0016760956666666655
TOPIX1000,return,TOPIX1000_return,2015-02-13,-3.60779e-05,0.0153908055,0.002021707,-0.0048953973,0.007318462904790066,0.010077704875440272,0.00461991914,0.0026096298095238083
TOPIX1000,return,TOPIX1000_return,2015-02-16,0.007005848,-3.60779e-05,0.0153908055,0.0051602692,0.005929883254164123,0.009512321396990429,0.00559178302,0.0031921772666666653
TOPIX1000,return,TOPIX1000_return,2015-02-17,0.0016989478,0.007005848,-3.60779e-05,0.0054222113,0.005953700634930219,0.009245620167331017,0.00596089878,0.002868917719047618
TOPIX1000,return,TOPIX1000_return,2015-02-18,0.0142891159,0.0016989478,0.007005848,0.002021707,0.006262741187734841,0.008830130184482405,0.0052162460800000005,0.003388405652380951
TOPIX1000,return,TOPIX1000_return,2015-02-19,0.0082379384,0.0142891159,0.0016989478,0.0153908055,0.007051626254830542,0.0091268630124908,0.00766972786,0.00376207598095238
TOPIX1000,return,TOPIX1000_return,2015-02-20,0.0036721857,0.0082379384,0.0142891159,-3.60779e-05,0.005687197312738238,0.008555870186387577,0.006239154440000001,0.0032738029523809516
TOPIX1000,return,TOPIX1000_return,2015-02-23,0.001756868,0.0036721857,0.0082379384,0.007005848,0.004843485235391107,0.008345391424642934,0.0069808071600000006,0.0036847547809523797
TOPIX1000,return,TOPIX1000_return,2015-02-24,0.0036233352,0.001756868,0.0036721857,0.0016989478,0.005376242925999531,0.008294110415293916,0.005931011160000001,0.003808353795238094
TOPIX1000,return,TOPIX1000_return,2015-02-25,-0.0002192105,0.0036233352,0.001756868,0.0142891159,0.005056933524323109,0.008169986641562007,0.0063158886400000004,0.003502391095238094
TOPIX1000,return,TOPIX1000_return,2015-02-26,0.009391026,-0.0002192105,0.0036233352,0.0082379384,0.0031355688288540874,0.008152318406336024,0.0034142233600000004,0.003535960257142857
TOPIX1000,return,TOPIX1000_return,2015-02-27,0.0015715634,0.009391026,-0.0002192105,0.0036721857,0.0035887040951316823,0.007633264062396394,0.0036448408800000007,0.003149772714285713
TOPIX1000,return,TOPIX1000_return,2015-03-02,0.0007532238,0.0015715634,0.009391026,0.001756868,0.0037057521938906827,0.007639374056737438,0.0032247164200000004,0.003111300390476189
TOPIX1000,return,TOPIX1000_return,2015-03-03,0.0013569034,0.0007532238,0.0015715634,0.0036233352,0.003830229553847969,0.006893198376689655,0.0030239875800000004,0.0036975986999999997
TOPIX1000,return,TOPIX1000_return,2015-03-04,-0.0065364691,0.0013569034,0.0007532238,-0.0002192105,0.003875411049600995,0.006885871670578594,0.0025707012200000003,0.003716464395238094
TOPIX1000,return,TOPIX1000_return,2015-03-05,0.0044818379,-0.0065364691,0.0013569034,0.009391026,0.00564027117702949,0.007026905492954887,0.0013072495000000003,0.0036140880619047614
TOPIX1000,return,TOPIX1000_return,2015-03-06,0.0115882903,0.0044818379,-0.0065364691,0.0015715634,0.004097596223670176,0.006103918296348299,0.00032541188000000023,0.004378936642857142
TOPIX1000,return,TOPIX1000_return,2015-03-09,-0.006006994,0.0115882903,0.0044818379,0.0007532238,0.006564940067967325,0.005544663548583967,0.00232875726,0.004082615333333333
TOPIX1000,return,TOPIX1000_return,2015-03-10,-0.0046871137,-0.006006994,0.0115882903,0.0013569034,0.007587095735990416,0.005639160144254352,0.0009767137000000006,0.004029682157142857
TOPIX1000,return,TOPIX1000_return,2015-03-11,0.0005303186,-0.0046871137,-0.006006994,-0.0065364691,0.007982550577608667,0.0059417555542105455,-0.00023208971999999964,0.0035607591619047606
TOPIX1000,return,TOPIX1000_return,2015-03-12,0.0138122019,0.0005303186,-0.0046871137,0.0044818379,0.007171691298020011,0.005960990665149834,0.0011812678200000004,0.0033278118904761893
TOPIX1000,return,TOPIX1000_return,2015-03-13,0.0089702733,0.0138122019,0.0005303186,0.0115882903,0.009178347055736658,0.006372852263767536,0.0030473406200000005,0.0038892640285714277
TOPIX1000,return,TOPIX1000_return,2015-03-16,-0.0014037668,0.0089702733,0.0138122019,-0.006006994,0.008627437716310403,0.005932255504373665,0.0025237372200000003,0.0035835243999999987
TOPIX1000,return,TOPIX1000_return,2015-03-17,0.0080383232,-0.0014037668,0.0089702733,-0.0046871137,0.0076835001585138715,0.005981285753019874,0.0034443826599999997,0.003518396357142856
TOPIX1000,return,TOPIX1000_return,2015-03-18,0.007791662,0.0080383232,-0.0014037668,0.0005303186,0.006299611228415548,0.006015530910669432,0.00598947004,0.003567561842857142
TOPIX1000,return,TOPIX1000_return,2015-03-19,-0.0041732653,0.007791662,0.0080383232,0.0138122019,0.005514538655635824,0.006067601963931037,0.00744173872,0.003857691090476189
TOPIX1000,return,TOPIX1000_return,2015-03-20,0.0029114884,-0.0041732653,0.007791662,0.0089702733,0.00614960684748285,0.005812770867447692,0.0038446452800000004,0.0029785300809523803
TOPIX1000,return,TOPIX1000_return,2015-03-23,0.0075049212,0.0029114884,-0.0041732653,-0.0014037668,0.005443519123343378,0.005686643203837764,0.002632888300000001,0.0027248896047619036
TOPIX1000,return,TOPIX1000_return,2015-03-24,-0.0029468968,0.0075049212,0.0029114884,0.0080383232,0.005246350578994843,0.005779316713524034,0.004414625900000001,0.002907400819047618
TOPIX1000,return,TOPIX1000_return,2015-03-25,0.0028953463,-0.0029468968,0.0075049212,0.007791662,0.005635215174280965,0.005915680509104643,0.002217581900000001,0.0026834120190476177
TOPIX1000,return,TOPIX1000_return,2015-03-26,-0.0146804675,0.0028953463,-0.0029468968,-0.0041732653,0.004785833636255646,0.005912029015937014,0.0012383187600000008,0.0026487458809523797
TOPIX1000,return,TOPIX1000_return,2015-03-27,-0.0024482403,-0.0146804675,0.0028953463,0.0029114884,0.008568241778720492,0.007004140669290567,-0.000863121679999999,0.001960114595238094
TOPIX1000,return,TOPIX1000_return,2015-03-30,0.0032093128,-0.0024482403,-0.0146804675,0.0075049212,0.008309311796869183,0.006850913083041222,-0.0019350674199999991,0.0013963400095238082
TOPIX1000,return,TOPIX1000_return,2015-03-31,-0.0097187882,0.0032093128,-0.0024482403,-0.0029468968,0.007242918309413081,0.006862319737598775,-0.002794189099999999,0.001474328076190475
TOPIX1000,return,TOPIX1000_return,2015-04-01,-0.0092216904,-0.0097187882,0.0032093128,0.0028953463,0.007883440127487611,0.007284821394223039,-0.00414856738,0.0009756608380952368
TOPIX1000,return,TOPIX1000_return,2015-04-02,0.0165900648,-0.0092216904,-0.0097187882,-0.0146804675,0.0069883806160952015,0.007615392942437399,-0.00657197472,0.00047191827619047483
TOPIX1000,return,TOPIX1000_return,2015-04-03,0.0064699224,0.0165900648,-0.0092216904,-0.0024482403,0.010845656227717649,0.00820089305806589,-0.0003178682599999996,0.0015731817952380938
TOPIX1000,return,TOPIX1000_return,2015-04-06,-0.0022107917,0.0064699224,0.0165900648,0.0032093128,0.011137121799030461,0.008247492085109514,0.0014657642800000002,0.0016678524857142844
TOPIX1000,return,TOPIX1000_return,2015-04-07,0.0116199407,-0.0022107917,0.0064699224,-0.0097187882,0.011188649647522855,0.007962361280476825,0.00038174338000000025,0.0010107533428571414
TOPIX1000,return,TOPIX1000_return,2015-04-08,0.0062374857,0.0116199407,-0.0022107917,-0.0092216904,0.010415752425187448,0.008113243381665691,0.004649489160000001,0.001850131185714284
TOPIX1000,return,TOPIX1000_return,2015-04-09,0.0036857251,0.0062374857,0.0116199407,0.0165900648,0.007004756951856381,0.008022856374003315,0.007741324379999999,0.0023703502047619034
TOPIX1000,return,TOPIX1000_return,2015-04-10,-0.002990763,0.0036857251,0.0062374857,0.0064699224,0.005027667493458481,0.008016217497748848,0.005160456440000001,0.002520607657142856
TOPIX1000,return,TOPIX1000_return,2015-04-13,-0.0020828521,-0.002990763,0.0036857251,-0.0022107917,0.0060814579935694005,0.007663632367033223,0.0032683193600000007,0.0017204664714285704
TOPIX1000,return,TOPIX1000_return,2015-04-14,0.0027504634,-0.0020828521,-0.002990763,0.0116199407,0.006052842918588984,0.007519019417139695,0.00329390728,0.0011941271666666654
TOPIX1000,return,TOPIX1000_return,2015-04-15,-0.0012359398,0.0027504634,-0.0020828521,0.0062374857,0.003930222729476043,0.007501881089032555,0.0015200118200000003,0.0013919476523809513
TOPIX1000,return,TOPIX1000_return,2015-04-16,0.0067680885,-0.0012359398,0.0027504634,0.0036857251,0.0029982034035255416,0.007362744307252379,2.5326720000000326e-05,0.0009503160809523797
TOPIX1000,return,TOPIX1000_return,2015-04-17,-0.0067441534,0.0067680885,-0.0012359398,-0.002990763,0.004065803176840921,0.00731844466403236,0.0006417994000000003,0.0009015744857142845
TOPIX1000,return,TOPIX1000_return,2015-04-20,-0.0037125427,-0.0067441534,0.0067680885,-0.0020828521,0.005115227833787329,0.007428260447788466,-0.00010887867999999964,0.0007791512428571416
TOPIX1000,return,TOPIX1000_return,2015-04-21,0.0168610102,-0.0037125427,-0.0067441534,0.0027504634,0.005320264753328559,0.007473687509694567,-0.0004348167999999997,0.0004637211904761892
TOPIX1000,return,TOPIX1000_return,2015-04-22,0.0081274452,0.0168610102,-0.0037125427,-0.0012359398,0.009518389880180105,0.008161630624677596,0.00238729256,0.0009092492380952367
TOPIX1000,return,TOPIX1000_return,2015-04-23,0.0019662966,0.0081274452,0.0168610102,0.0067680885,0.009548375876409075,0.008257229346808592,0.00425996956,0.0014365988571428557
TOPIX1000,return,TOPIX1000_return,2015-04-24,-0.0038081903,0.0019662966,0.0081274452,-0.0067441534,0.009474238247068075,0.008251509751932753,0.0032996111799999998,0.0013923583952380938
TOPIX1000,return,TOPIX1000_return,2015-04-27,9.58349e-05,-0.0038081903,0.0019662966,-0.0037125427,0.008760200062278053,0.007499431183293131,0.0038868038,0.0019100858809523798
TOPIX1000,return,TOPIX1000_return,2015-04-28,0.0052436901,9.58349e-05,-0.0038081903,0.0168610102,0.008072872018516928,0.007445863466826979,0.00464847932,0.0020312323190476178
TOPIX1000,return,TOPIX1000_return,2015-04-30,-0.0216706938,0.0052436901,9.58349e-05,0.0081274452,0.004607086677769256,0.0074751340663014995,0.0023250153,0.0021281074285714272
TOPIX1000,return,TOPIX1000_return,2015-05-01,-0.0043088984,-0.0216706938,0.0052436901,0.0019662966,0.0106000122113215,0.00876579803010424,-0.0036346125000000008,0.001558969066666665
TOPIX1000,return,TOPIX1000_return,2015-05-07,-0.0070457984,-0.0043088984,-0.0216706938,-0.0038081903,0.010132249254133191,0.008525972793283574,-0.004889651500000001,0.001792911542857141
TOPIX1000,return,TOPIX1000_return,2015-05-08,0.008360618,-0.0070457984,-0.0043088984,9.58349e-05,0.010149296646528855,0.008020002236768208,-0.005537173120000001,0.000667394247619046
TOPIX1000,return,TOPIX1000_return,2015-05-11,0.0066297803,0.008360618,-0.0070457984,0.0052436901,0.011829934281312862,0.008098625967006147,-0.0038842165000000013,0.0007574273714285697
TOPIX1000,return,TOPIX1000_return,2015-05-12,0.0024381035,0.0066297803,0.008360618,-0.0216706938,0.012110228951224504,0.008166110931460309,-0.003606998460000001,0.0011784069904761888
TOPIX1000,return,TOPIX1000_return,2015-05-13,0.001280604,0.0024381035,0.0066297803,-0.0043088984,0.006719931694672683,0.00781746118046096,0.0012147609999999995,0.000741176647619046
TOPIX1000,return,TOPIX1000_return,2015-05-14,-0.0079750112,0.001280604,0.0024381035,-0.0070457984,0.005997394072465673,0.0077174008663217514,0.00233266148,0.0005051346619047605
TOPIX1000,return,TOPIX1000_return,2015-05-15,0.0099351557,-0.0079750112,0.001280604,0.008360618,0.006363860104400033,0.007894578351864147,0.0021468189200000002,-5.013849523809673e-05
TOPIX1000,return,TOPIX1000_return,2015-05-18,0.0123155615,0.0099351557,-0.0079750112,0.0066297803,0.006773955984353701,0.008153496225803511,0.00246172646,0.0005653814428571414
TOPIX1000,return,TOPIX1000_return,2015-05-19,0.0040376529,0.0123155615,0.0099351557,0.0024381035,0.008012579006215536,0.008516958067179163,0.0035988827,0.0012510201857142845
TOPIX1000,return,TOPIX1000_return,2015-05-20,0.006264302,0.0040376529,0.0123155615,0.001280604,0.007986536931048888,0.0085329056843198,0.00391879258,0.0013123149238095223
TOPIX1000,return,TOPIX1000_return,2015-05-21,0.00221319,0.006264302,0.0040376529,-0.0079750112,0.00788531887289057,0.008577760249825248,0.0049155321799999995,0.0016694692952380938
TOPIX1000,return,TOPIX1000_return,2015-05-22,0.0006436522,0.00221319,0.006264302,0.0099351557,0.004156009829044746,0.008499621095437023,0.006953172420000001,0.0014525693666666653
TOPIX1000,return,TOPIX1000_return,2015-05-25,0.0069448802,0.0006436522,0.00221319,0.0123155615,0.004548106321941933,0.008293793541584986,0.0050948717200000005,0.001804369633333332
TOPIX1000,return,TOPIX1000_return,2015-05-26,0.0003063652,0.0069448802,0.0006436522,0.0040376529,0.002657838003650433,0.008265349812340915,0.00402073546,0.0023118659619047605
TOPIX1000,return,TOPIX1000_return,2015-05-27,0.001033192,0.0003063652,0.0069448802,0.006264302,0.003133216002095771,0.007568402364534117,0.0032744779200000003,0.0015235495333333318
TOPIX1000,return,TOPIX1000_return,2015-05-28,0.0070485881,0.001033192,0.0003063652,0.00221319,0.0027331109674955693,0.007415681720962307,0.0022282559200000004,0.0011857279523809511
TOPIX1000,return,TOPIX1000_return,2015-05-29,0.00045827,0.0070485881,0.001033192,0.0006436522,0.003479897363036725,0.00752456166277856,0.00319533554,0.001427741833333332
TOPIX1000,return,TOPIX1000_return,2015-06-01,0.0028674316,0.00045827,0.0070485881,0.0069448802,0.0035146944824438996,0.00743316440090597,0.0031582591000000005,0.0016309066095238085
TOPIX1000,return,TOPIX1000_return,2015-06-02,-0.0026486699,0.0028674316,0.00045827,0.0003063652,0.0028210491435966202,0.0074291500576447594,0.0023427693800000004,0.0017628874047619036
TOPIX1000,return,TOPIX1000_return,2015-06-03,-0.0026043388,-0.0026486699,0.0028674316,0.001033192,0.0035656118232186974,0.0074438736645618545,0.0017517623600000003,0.0013870607380952367
TOPIX1000,return,TOPIX1000_return,2015-06-04,0.0023014723,-0.0026043388,-0.0026486699,0.0070485881,0.004082502253067377,0.0053627678105804075,0.0010242562000000004,0.0022949824047619033
TOPIX1000,return,TOPIX1000_return,2015-06-05,-0.0033825522,0.0023014723,-0.0026043388,0.00045827,0.0026219736376544853,0.005145355005622494,7.48330400000002e-05,0.0026097619619047606
TOPIX1000,return,TOPIX1000_return,2015-06-08,-0.0032440673,-0.0033825522,0.0023014723,0.0028674316,0.0030147590611561944,0.004855576835153621,-0.0006933313999999997,0.002784202257142856
TOPIX1000,return,TOPIX1000_return,2015-06-09,-0.0167556362,-0.0032440673,-0.0033825522,-0.0026486699,0.002382867260032171,0.004849553346052051,-0.0019156311799999998,0.0022315981952380944
TOPIX1000,return,TOPIX1000_return,2015-06-10,-0.0038478892,-0.0167556362,-0.0032440673,-0.0026043388,0.007116869555964745,0.006266947509779996,-0.004737024439999999,0.001118006933333332
TOPIX1000,return,TOPIX1000_return,2015-06-11,0.0127522535,-0.0038478892,-0.0167556362,0.0023014723,0.007045073793491288,0.006350308993684539,-0.004985734519999999,0.0008186739476190465
TOPIX1000,return,TOPIX1000_return,2015-06-12,0.0015046735,0.0127522535,-0.0038478892,-0.0033825522,0.010466868314413647,0.006864615142494431,-0.00289557828,0.00136494297142857
TOPIX1000,return,TOPIX1000_return,2015-06-15,0.0002764953,0.0015046735,0.0127522535,-0.0032440673,0.0106368393609802,0.006522899445785157,-0.0019181331399999997,0.0018163565285714274
TOPIX1000,return,TOPIX1000_return,2015-06-16,-0.007327708,0.0002764953,0.0015046735,-0.0167556362,0.010643646306060822,0.00625690917530493,-0.0012140206199999996,0.0013564203190476179
TOPIX1000,return,TOPIX1000_return,2015-06-17,-0.0038773625,-0.007327708,0.0002764953,-0.0038478892,0.007602746531173629,0.005999647346205141,0.0006715650200000004,0.00042102653333333216
TOPIX1000,return,TOPIX1000_return,2015-06-18,-0.0105277038,-0.0038773625,-0.007327708,0.0127522535,0.007607136791683609,0.006009693481298299,0.0006656703600000006,4.4121038095236865e-05
TOPIX1000,return,TOPIX1000_return,2015-06-19,0.008917958,-0.0105277038,-0.0038773625,0.0015046735,0.005056900517540455,0.006252895056166018,-0.003990321099999999,-0.0007554982857142868
TOPIX1000,return,TOPIX1000_return,2015-06-22,0.0109048882,0.008917958,-0.0105277038,0.0002764953,0.007545301810250593,0.006574936940663839,-0.0025076642,-0.00043622361904762025
TOPIX1000,return,TOPIX1000_return,2015-06-23,0.0170538224,0.0109048882,0.008917958,-0.007327708,0.009711832837639803,0.007025085943613912,-0.0003819856199999992,5.2406666666665455e-05
TOPIX1000,return,TOPIX1000_return,2015-06-24,0.0020400927,0.0170538224,0.0109048882,-0.0038773625,0.011337452593793661,0.007822123661234937,0.004494320460000001,0.0005337848666666656
TOPIX1000,return,TOPIX1000_return,2015-06-25,-0.0053642126,0.0020400927,0.0170538224,-0.0105277038,0.010524806748492743,0.007828749840037532,0.0056778115,0.0006163433190476179
TOPIX1000,return,TOPIX1000_return,2015-06-26,-0.0014642949,-0.0053642126,0.0020400927,0.008917958,0.008617735639140147,0.007935461148801152,0.00671050974,0.00031170500476190367
TOPIX1000,return,TOPIX1000_return,2015-06-29,-0.025409726,-0.0014642949,-0.0053642126,0.0109048882,0.009185012768228761,0.007790213544943203,0.0046340591600000005,-9.367037619047733e-05
TOPIX1000,return,TOPIX1000_return,2015-06-30,0.0032636096,-0.025409726,-0.0014642949,0.0170538224,0.015305336709808617,0.009545894763661106,-0.00262886368,-0.0013254797095238106
TOPIX1000,return,TOPIX1000_return,2015-07-01,0.0034801783,0.0032636096,-0.025409726,0.0020400927,0.011686449882452455,0.00955498272650422,-0.00538690624,-0.0013066140904761916
TOPIX1000,return,TOPIX1000_return,2015-07-02,0.0072939164,0.0034801783,0.0032636096,-0.0053642126,0.0119304500030172,0.009605408533341214,-0.00509888912,-0.0010147641761904774
TOPIX1000,return,TOPIX1000_return,2015-07-03,0.0025809537,0.0072939164,0.0034801783,-0.0014642949,0.013141614581638626,0.009765038119165797,-0.0025672633200000006,-0.0005434186904761916
TOPIX1000,return,TOPIX1000_return,2015-07-06,-0.0192808755,0.0025809537,0.0072939164,-0.025409726,0.013349371962303019,0.009769298766915393,-0.0017582136000000004,-0.0005301100523809535
TOPIX1000,return,TOPIX1000_return,2015-07-07,0.0103134963,-0.0192808755,0.0025809537,0.0032636096,0.010641428554425573,0.010583484100360373,-0.0005324435000000002,-0.0012871730666666678
TOPIX1000,return,TOPIX1000_return,2015-07-08,-0.0335751363,0.0103134963,-0.0192808755,0.0034801783,0.011685934036550235,0.010867833429910257,0.0008775338399999999,-0.0006415748000000011
TOPIX1000,return,TOPIX1000_return,2015-07-09,-0.0014148577,-0.0335751363,0.0103134963,0.0072939164,0.0190514938442888,0.012596986443609204,-0.00653352908,-0.0014425033761904774
TOPIX1000,return,TOPIX1000_return,2015-07-10,0.0023978049,-0.0014148577,-0.0335751363,0.0025809537,0.017830252870647885,0.012584940096805965,-0.008275283900000001,-0.0013266447333333345
TOPIX1000,return,TOPIX1000_return,2015-07-13,0.0188814659,0.0023978049,-0.0014148577,-0.0192808755,0.017802541186116044,0.0122027968863516,-0.00831191366,-0.0018197137142857156
TOPIX1000,return,TOPIX1000_return,2015-07-14,0.0155861488,0.0188814659,0.0023978049,0.0103134963,0.019972548651550782,0.013002449026755718,-0.0006794453799999995,-0.0009922474095238106
TOPIX1000,return,TOPIX1000_return,2015-07-15,0.0046392865,0.0155861488,0.0188814659,-0.0335751363,0.02081931442750739,0.013496936528081588,0.0003750851200000002,-0.0002632162904761916
TOPIX1000,return,TOPIX1000_return,2015-07-16,0.0087336706,0.0046392865,0.0155861488,-0.0014148577,0.00876460024588123,0.013436245623681144,0.00801796968,0.00030664059047618943
TOPIX1000,return,TOPIX1000_return,2015-07-17,0.0012961159,0.0087336706,0.0046392865,0.0023978049,0.007039324185872471,0.013521445256705145,0.010047675340000001,0.0009071659761904752
TOPIX1000,return,TOPIX1000_return,2015-07-21,0.0065447309,0.0012961159,0.0087336706,0.0188814659,0.007349062374340002,0.013265231622237288,0.00982733754,0.0014702050095238084
TOPIX1000,return,TOPIX1000_return,2015-07-22,-0.0111472855,0.0065447309,0.0012961159,0.0155861488,0.005347759601677372,0.013208597555968978,0.00735999054,0.0013571941952380943
TOPIX1000,return,TOPIX1000_return,2015-07-23,0.0056547074,-0.0111472855,0.0065447309,0.0046392865,0.007847107999719355,0.013287940913768486,0.002013303680000001,0.00030709068571428466
TOPIX1000,return,TOPIX1000_return,2015-07-24,-0.0054935909,0.0056547074,-0.0111472855,0.0087336706,0.007944593054356236,0.012793247917084954,0.0022163878600000007,-0.0002357243142857154
TOPIX1000,return,TOPIX1000_return,2015-07-27,-0.0107564919,-0.0054935909,0.0056547074,0.0012961159,0.00756558060240544,0.012831810040169544,-0.0006290644399999997,-0.0005944711523809535
TOPIX1000,return,TOPIX1000_return,2015-07-28,-0.0052789874,-0.0107564919,-0.0054935909,0.0065447309,0.008642300562724733,0.012985065665441265,-0.0030395859999999995,-0.0008512463571428582
TOPIX1000,return,TOPIX1000_return,2015-07-29,0.002896651,-0.0052789874,-0.0107564919,-0.0111472855,0.006781466680760035,0.013020704132899838,-0.00540432966,-0.001032898380952382
TOPIX1000,return,TOPIX1000_return,2015-07-30,0.0082379888,0.002896651,-0.0052789874,0.0056547074,0.00671623907077711,0.011776738825713687,-0.00259554236,0.0003150243333333322
TOPIX1000,return,TOPIX1000_return,2015-07-31,0.0074701377,0.0082379888,0.002896651,-0.0054935909,0.007556381024626233,0.011888508003906182,-0.0020788860799999995,0.0005518995333333323
TOPIX1000,return,TOPIX1000_return,2015-08-03,-0.0001245304,0.0074701377,0.0082379888,-0.0107564919,0.008281116637533077,0.011969255552042828,0.0005138596400000005,0.0007418975999999987
TOPIX1000,return,TOPIX1000_return,2015-08-04,8.822e-05,-0.0001245304,0.0074701377,-0.0052789874,0.005592105328009371,0.01187531616562744,0.0026402519400000003,0.0003886382285714273
TOPIX1000,return,TOPIX1000_return,2015-08-05,0.0036218912,8.822e-05,-0.0001245304,0.002896651,0.003972521247326969,0.011864760413020583,0.0037136934200000006,0.00026993662380952267
TOPIX1000,return,TOPIX1000_return,2015-08-06,0.0046997389,0.0036218912,8.822e-05,0.0082379888,0.003948397614977346,0.010998804932311035,0.003858741460000001,0.0013605445619047608
TOPIX1000,return,TOPIX1000_return,2015-08-07,0.0035198431,0.0046997389,0.0036218912,0.0074701377,0.003216558792485168,0.010837362209406615,0.0031510914799999998,0.0010932227809523796
TOPIX1000,return,TOPIX1000_return,2015-08-10,0.0070356092,0.0035198431,0.0046997389,-0.0001245304,0.002221815354808596,0.0073737241706079175,0.00236103256,0.0028596503714285702
TOPIX1000,return,TOPIX1000_return,2015-08-11,-0.0022609228,0.0070356092,0.0035198431,8.822e-05,0.0025082851512669593,0.007359357583947226,0.0037930604800000003,0.0032620535571428557
TOPIX1000,return,TOPIX1000_return,2015-08-12,-0.0129837811,-0.0022609228,0.0070356092,0.0036218912,0.003427358815238775,0.007456291677031936,0.0033232319200000005,0.00304020938095238
TOPIX1000,return,TOPIX1000_return,2015-08-13,0.001432324,-0.0129837811,-0.0022609228,0.0046997389,0.008026003980118334,0.007312306341552517,2.0974600000001063e-06,0.0015228166666666656
TOPIX1000,return,TOPIX1000_return,2015-08-14,-0.0022409885,0.001432324,-0.0129837811,0.0035198431,0.0076731589385771876,0.006565393358560461,-0.0006513855199999998,0.0008488250095238082
TOPIX1000,return,TOPIX1000_return,2015-08-17,0.0049473959,-0.0022409885,0.001432324,0.0070356092,0.007314364731056175,0.006538397926953332,-0.00180355184,0.0005211928666666653
TOPIX1000,return,TOPIX1000_return,2015-08-18,-0.0004377649,0.0049473959,-0.0022409885,-0.0022609228,0.006718856417121363,0.006350105396876084,-0.0022211945,0.00034089407142857004
TOPIX1000,return,TOPIX1000_return,2015-08-19,-0.0141726693,-0.0004377649,0.0049473959,-0.0129837811,0.006765470938342735,0.006348336289564028,-0.0018565629199999995,0.00025832831904761764
TOPIX1000,return,TOPIX1000_return,2015-08-20,-0.0149773988,-0.0141726693,-0.0004377649,0.001432324,0.007257327141895541,0.0069076902955904,-0.0020943405599999996,-0.000728214547619049
TOPIX1000,return,TOPIX1000_return,2015-08-21,-0.0313599749,-0.0149773988,-0.0141726693,-0.0022409885,0.008808450703725917,0.007239155186786903,-0.005376285119999999,-0.0009106008952380967
TOPIX1000,return,TOPIX1000_return,2015-08-24,-0.058468168,-0.0313599749,-0.0149773988,0.0049473959,0.014195898977302331,0.009661589508341109,-0.0112000824,-0.0026732048142857154
TOPIX1000,return,TOPIX1000_return,2015-08-25,-0.0325938503,-0.058468168,-0.0313599749,-0.0004377649,0.02222227656532996,0.01555380333769126,-0.02388319518,-0.005195803723809526
TOPIX1000,return,TOPIX1000_return,2015-08-26,0.0322067949,-0.0325938503,-0.058468168,-0.0141726693,0.017990989751392735,0.016636465313800145,-0.03031441226,-0.0062356779333333345
TOPIX1000,return,TOPIX1000_return,2015-08-27,0.0147796182,0.0322067949,-0.0325938503,-0.0149773988,0.03358882771101124,0.01863522807167968,-0.02103851942,-0.004450640680952383
TOPIX1000,return,TOPIX1000_return,2015-08-28,0.0329116555,0.0147796182,0.0322067949,-0.0313599749,0.03735620154421283,0.019045380836236154,-0.01508711602,-0.0038847851000000013
TOPIX1000,return,TOPIX1000_return,2015-08-31,-0.0087090814,0.0329116555,0.0147796182,-0.058468168,0.041215442529752504,0.02053357862857152,-0.002232789939999999,-0.0027098485904761918
TOPIX1000,return,TOPIX1000_return,2015-09-01,-0.0384841269,-0.0087090814,0.0329116555,-0.0325938503,0.028192118035737436,0.020435814882066652,0.007719027380000002,-0.003480287595238097
TOPIX1000,return,TOPIX1000_return,2015-09-02,-0.0080877577,-0.0384841269,-0.0087090814,0.0322067949,0.0303391099253824,0.021790351991628144,0.00654097206,-0.005306935047619049
TOPIX1000,return,TOPIX1000_return,2015-09-03,0.0062783059,-0.0080877577,-0.0384841269,0.0147796182,0.026983242219698857,0.021762158559122884,-0.0015179384599999992,-0.0056962673190476204
TOPIX1000,return,TOPIX1000_return,2015-09-04,-0.0206453032,0.0062783059,-0.0080877577,0.0329116555,0.025947533859782563,0.02182665480893819,-0.0032182009199999994,-0.005569771380952383
TOPIX1000,return,TOPIX1000_return,2015-09-07,0.0009722504,-0.0206453032,0.0062783059,-0.0087090814,0.016716502755715037,0.021930887941868062,-0.01392959266,-0.006776678147619049
TOPIX1000,return,TOPIX1000_return,2015-09-08,-0.0199756277,0.0009722504,-0.0206453032,-0.0384841269,0.017984934036660096,0.021878065960804004,-0.0119933263,-0.006897992085714287
TOPIX1000,return,TOPIX1000_return,2015-09-09,0.0645109015,-0.0199756277,0.0009722504,-0.0080877577,0.012116859327980385,0.021811844861867866,-0.008291626460000001,-0.008184241461904763
TOPIX1000,return,TOPIX1000_return,2015-09-10,-0.01886189,0.0645109015,-0.0199756277,0.0062783059,0.03476106504145116,0.026974359330773898,0.006228105379999999,-0.005004630780952384
TOPIX1000,return,TOPIX1000_return,2015-09-11,0.0001105613,-0.01886189,0.0645109015,-0.0206453032,0.036525422753755116,0.027091541741113407,0.0012000661999999982,-0.005284540728571431
TOPIX1000,return,TOPIX1000_return,2015-09-14,-0.0121725603,0.0001105613,-0.01886189,0.0009722504,0.034547907692935344,0.027076687702850093,0.005351239099999998,-0.005347481809523812
TOPIX1000,return,TOPIX1000_return,2015-09-15,-0.0001709019,-0.0121725603,0.0001105613,-0.0199756277,0.03545272379362152,0.027106433532330092,0.002722276959999998,-0.005820413800000002
TOPIX1000,return,TOPIX1000_return,2015-09-16,0.0072262602,-0.0001709019,-0.0121725603,0.0645109015,0.03332533823048963,0.02702766967475246,0.006683222119999999,-0.006064142266666668
TOPIX1000,return,TOPIX1000_return,2015-09-17,0.0130907343,0.0072262602,-0.0001709019,-0.01886189,0.010515001602620585,0.027158866161012922,-0.00477370614,-0.005699188690476192
TOPIX1000,return,TOPIX1000_return,2015-09-18,-0.0200609974,0.0130907343,0.0072262602,0.0001105613,0.009470062072687375,0.027384253360506546,0.0016168187199999992,-0.004400931376190478
TOPIX1000,return,TOPIX1000_return,2015-09-24,-0.0243798077,-0.0200609974,0.0130907343,-0.0121725603,0.013647425094884424,0.027504628727822666,-0.0024174930200000005,-0.0046430075000000025
TOPIX1000,return,TOPIX1000_return,2015-09-25,0.018856526,-0.0243798077,-0.0200609974,-0.0001709019,0.016601109884063325,0.027206172860209755,-0.0048589425,-0.004310618585714288
TOPIX1000,return,TOPIX1000_return,2015-09-28,-0.0034572508,0.018856526,-0.0243798077,0.0072262602,0.01981429103286492,0.024619579424439063,-0.001053456920000001,-0.000628490300000002
TOPIX1000,return,TOPIX1000_return,2015-09-29,-0.0443733205,-0.0034572508,0.018856526,0.0130907343,0.01926669110481328,0.02352473770774173,-0.003190159120000001,0.0007589668190476169
TOPIX1000,return,TOPIX1000_return,2015-09-30,0.0261529073,-0.0443733205,-0.0034572508,-0.0200609974,0.023745438069234515,0.024327926932864837,-0.014682970080000001,-0.002887705342857145
TOPIX1000,return,TOPIX1000_return,2015-10-01,0.0227192131,0.0261529073,-0.0443733205,-0.0243798077,0.02944012577425155,0.0248616409690943,-0.00544018914,-0.00234612014761905
TOPIX1000,return,TOPIX1000_return,2015-10-02,0.0015663531,0.0227192131,0.0261529073,0.018856526,0.029400098867465807,0.024230391117307345,0.003979615019999999,-0.00283147454761905
TOPIX1000,return,TOPIX1000_return,2015-10-05,0.0133470591,0.0015663531,0.0227192131,-0.0034572508,0.028205383310072014,0.02420950625658047,0.0005215804399999994,-0.002342168142857145
TOPIX1000,return,TOPIX1000_return,2015-10-06,0.0081436385,0.0133470591,0.0015663531,-0.0443733205,0.028611009372490795,0.022949931701253288,0.003882442419999999,0.0001259835714285693
TOPIX1000,return,TOPIX1000_return,2015-10-07,0.0119629685,0.0081436385,0.0133470591,0.0261529073,0.01015249193265439,0.02293279193325118,0.01438583422,0.0008989071999999978
TOPIX1000,return,TOPIX1000_return,2015-10-08,-0.0078561814,0.0119629685,0.0081436385,0.0227192131,0.007736726804146422,0.02303279793154828,0.011547846459999999,0.001169605419047617
TOPIX1000,return,TOPIX1000_return,2015-10-09,0.023062204,-0.0078561814,0.0119629685,0.0015663531,0.008720287859185256,0.02259201357936371,0.005432767559999998,0.0017786112190476167
TOPIX1000,return,TOPIX1000_return,2015-10-13,-0.0081237832,0.023062204,-0.0078561814,0.0133470591,0.011265070224156532,0.023061966716570577,0.009731937739999998,0.0028305137714285692
TOPIX1000,return,TOPIX1000_return,2015-10-14,-0.0216627204,-0.0081237832,0.023062204,0.0081436385,0.01342726221764925,0.022616668457712027,0.005437769279999997,0.003394887319047617
TOPIX1000,return,TOPIX1000_return,2015-10-15,0.0135204327,-0.0216627204,-0.0081237832,0.0119629685,0.017822713662143067,0.018397522115861986,-0.0005235025000000004,-0.0007086184857142877
TOPIX1000,return,TOPIX1000_return,2015-10-16,0.0105560473,0.0135204327,-0.0216627204,-0.0078561814,0.01810684613655886,0.01815539450388666,-0.00021200966000000098,0.000833396880952379
TOPIX1000,return,TOPIX1000_return,2015-10-19,-0.0075205489,0.0105560473,0.0135204327,0.023062204,0.018035708774643677,0.018277279343786267,0.0034704360799999987,0.001330800976190474
TOPIX1000,return,TOPIX1000_return,2015-10-20,0.0032451771,-0.0075205489,0.0105560473,-0.0081237832,0.014586385686882716,0.018133055312437953,-0.002646114500000001,0.0015523253285714262
TOPIX1000,return,TOPIX1000_return,2015-10-21,0.0184888815,0.0032451771,-0.0075205489,-0.0216627204,0.014404013332181623,0.018132146093723243,-0.00037232244000000086,0.0017149957571428553
TOPIX1000,return,TOPIX1000_return,2015-10-22,-0.0056907052,0.0184888815,0.0032451771,0.0135204327,0.010123439904974836,0.018466785494931828,0.007657997939999999,0.0022513110571428553
TOPIX1000,return,TOPIX1000_return,2015-10-23,0.0198119075,-0.0056907052,0.0184888815,0.0105560473,0.010953792863211508,0.018370123292789694,0.003815770359999998,0.0013569567952380931
TOPIX1000,return,TOPIX1000_return,2015-10-26,0.0072417092,0.0198119075,-0.0056907052,-0.0075205489,0.012973561509142126,0.018104388923507617,0.005666942399999998,0.00325566655238095
TOPIX1000,return,TOPIX1000_return,2015-10-27,-0.0102990452,0.0072417092,0.0198119075,0.0032451771,0.010703250718480115,0.016970462296070896,0.008619394019999999,0.004761453071428569
TOPIX1000,return,TOPIX1000_return,2015-10-28,0.0027040101,-0.0102990452,0.0072417092,0.0184888815,0.013698305070754525,0.01695228729963653,0.005910549559999998,0.0033730925380952357
TOPIX1000,return,TOPIX1000_return,2015-10-29,-0.0001160497,0.0027040101,-0.0102990452,-0.0056907052,0.011755948229924302,0.016881331851847512,0.002753575279999999,0.0036664859142857124
TOPIX1000,return,TOPIX1000_return,2015-10-30,0.007262292,-0.0001160497,0.0027040101,0.0198119075,0.010994575856426164,0.01287012074927974,0.0038685063799999988,0.005773974999999997
TOPIX1000,return,TOPIX1000_return,2015-11-02,-0.0202524554,0.007262292,-0.0001160497,0.0072417092,0.007234465508463111,0.012005667944957062,0.0013585832799999993,0.004874421890476188
TOPIX1000,return,TOPIX1000_return,2015-11-04,0.0089606242,-0.0202524554,0.007262292,-0.0102990452,0.011074632833643634,0.012465378077135185,-0.004140249640000001,0.0028281519619047595
TOPIX1000,return,TOPIX1000_return,2015-11-05,0.009663742,0.0089606242,-0.0202524554,0.0027040101,0.011727160026433642,0.012532207523819457,-0.0002883157600000009,0.0031802601095238074
TOPIX1000,return,TOPIX1000_return,2015-11-06,0.0054205058,0.009663742,0.0089606242,-0.0001160497,0.012554949174770767,0.012407961566739957,0.001103630619999999,0.003004864057142855
TOPIX1000,return,TOPIX1000_return,2015-11-09,0.0175683769,0.0054205058,0.009663742,0.007262292,0.01266416299050294,0.01236572967992889,0.002210941719999999,0.0028751910714285693
TOPIX1000,return,TOPIX1000_return,2015-11-10,-0.0008759316,0.0175683769,0.0054205058,-0.0202524554,0.014410202075817167,0.012629392705781495,0.004272158699999999,0.0031421152809523786
TOPIX1000,return,TOPIX1000_return,2015-11-11,0.0035604188,-0.0008759316,0.0175683769,0.0089606242,0.0067188521626127505,0.012415500771382735,0.00814746346,0.003474508128571426
TOPIX1000,return,TOPIX1000_return,2015-11-12,-0.0012165189,0.0035604188,-0.0008759316,0.009663742,0.006984253757265398,0.01157823881424904,0.007067422379999999,0.0025458516904761884
TOPIX1000,return,TOPIX1000_return,2015-11-13,-0.0048988845,-0.0012165189,0.0035604188,0.0054205058,0.007637506044095486,0.011355955894390427,0.004891370199999999,0.0028747690380952354
TOPIX1000,return,TOPIX1000_return,2015-11-16,-0.009117914,-0.0048988845,-0.0012165189,0.0175683769,0.008769223649635666,0.01006010384438034,0.002827492139999999,0.0036730469380952357
TOPIX1000,return,TOPIX1000_return,2015-11-17,0.0092454031,-0.009117914,-0.0048988845,-0.0008759316,0.004758270526446084,0.010164514132705783,-0.002509766040000001,0.0025950304285714265
TOPIX1000,return,TOPIX1000_return,2015-11-18,0.0003234016,0.0092454031,-0.009117914,0.0035604188,0.007169219917853261,0.010117101409697904,-0.00048549910000000065,0.002532618799999998
TOPIX1000,return,TOPIX1000_return,2015-11-19,0.0087966656,0.0003234016,0.0092454031,-0.0012165189,0.006851643407615368,0.00986914229994561,-0.0011329025400000005,0.00290614025238095
TOPIX1000,return,TOPIX1000_return,2015-11-20,0.0016884665,0.0087966656,0.0003234016,-0.0048988845,0.008159605206833113,0.009952675934189885,0.0008697343599999996,0.0031704968476190453
TOPIX1000,return,TOPIX1000_return,2015-11-24,0.0015895538,0.0016884665,0.0087966656,-0.009117914,0.007500522459322308,0.009314553147104837,0.0021872045599999994,0.0023704770857142835
TOPIX1000,return,TOPIX1000_return,2015-11-25,-0.0070830582,0.0015895538,0.0016884665,0.0092454031,0.004320094214506742,0.009133239499294891,0.00432869812,0.0027171560857142834
TOPIX1000,return,TOPIX1000_return,2015-11-26,0.0049398204,-0.0070830582,0.0015895538,0.0003234016,0.005643210984236759,0.00847847340711157,0.0010630058599999993,0.0014364434333333312
TOPIX1000,return,TOPIX1000_return,2015-11-27,-0.0049582898,0.0049398204,-0.0070830582,0.0087966656,0.005865230874807665,0.008414304627186871,0.0019862896199999993,0.0013268296809523788
TOPIX1000,return,TOPIX1000_return,2015-11-30,-0.009241877,-0.0049582898,0.0049398204,0.0016884665,0.005040087687226202,0.008120941870891392,-0.0007647014600000006,0.0015811513666666645
TOPIX1000,return,TOPIX1000_return,2015-12-01,0.0139244557,-0.009241877,-0.0049582898,0.0015895538,0.005990824773562518,0.008450075827225909,-0.0029507701600000004,0.0010122995999999977
TOPIX1000,return,TOPIX1000_return,2015-12-02,0.0001441669,0.0139244557,-0.009241877,-0.0070830582,0.009711960037215195,0.008899828127733713,-0.00048378978000000115,0.001680895095238093
TOPIX1000,return,TOPIX1000_return,2015-12-03,0.0004591853,0.0001441669,0.0139244557,0.0049398204,0.00899563922744506,0.008811741054829366,0.000961655239999999,0.0013419367571428549
TOPIX1000,return,TOPIX1000_return,2015-12-04,-0.0182395569,0.0004591853,0.0001441669,-0.0049582898,0.008719196641060011,0.007304005219297161,6.552821999999893e-05,0.0023282053619047595
TOPIX1000,return,TOPIX1000_return,2015-12-07,0.007625967,-0.0182395569,0.0004591853,-0.009241877,0.012027640488245695,0.008398758135466934,-0.002590725200000001,0.0010329586428571406
TOPIX1000,return,TOPIX1000_return,2015-12-08,-0.0105134836,0.007625967,-0.0182395569,0.0139244557,0.012061246720998408,0.008305306625351831,0.0007828435999999992,0.000935921738095236
TOPIX1000,return,TOPIX1000_return,2015-12-09,-0.0083736212,-0.0105134836,0.007625967,0.0001441669,0.0102146604695858,0.008597818488155134,-0.004104744260000001,0.00017716033809523596
TOPIX1000,return,TOPIX1000_return,2015-12-10,-0.0097309452,-0.0083736212,-0.0105134836,0.0004591853,0.010037637614195707,0.0078008464088050655,-0.005808301880000001,-0.001058172904761907
TOPIX1000,return,TOPIX1000_return,2015-12-11,0.0059292946,-0.0097309452,-0.0083736212,-0.0182395569,0.009465128877077372,0.008026562126665906,-0.007846327980000001,-0.001479840219047621
TOPIX1000,return,TOPIX1000_return,2015-12-14,-0.0141285583,0.0059292946,-0.0097309452,0.007625967,0.008989946498116765,0.008117074108050048,-0.0030125576800000007,-0.0013670366095238115
TOPIX1000,return,TOPIX1000_return,2015-12-15,-0.0166990056,-0.0141285583,0.0059292946,-0.0105134836,0.007730005503995618,0.008580887302335801,-0.007363462740000002,-0.0019818956285714306
TOPIX1000,return,TOPIX1000_return,2015-12-16,0.0257955293,-0.0166990056,-0.0141285583,-0.0083736212,0.008783358312131742,0.009149006578471598,-0.008600567140000001,-0.002543806157142859
TOPIX1000,return,TOPIX1000_return,2015-12-17,0.0156175986,0.0257955293,-0.0166990056,-0.0097309452,0.0177350169835621,0.01089940434133081,-0.00176673704,-0.0008812612380952401
TOPIX1000,return,TOPIX1000_return,2015-12-18,-0.0178529585,0.0156175986,0.0257955293,0.0059292946,0.018495946103816947,0.01127756573857485,0.00330297172,-0.0005778233571428593
TOPIX1000,return,TOPIX1000_return,2015-12-21,-0.0036332482,-0.0178529585,0.0156175986,-0.0141285583,0.020590997961501344,0.011886032734726545,-0.0014534788999999999,-0.0014433643142857163
TOPIX1000,return,TOPIX1000_return,2015-12-22,0.0015803906,-0.0036332482,-0.0178529585,-0.0166990056,0.019480889595884066,0.011657906304437377,0.0006455831200000001,-0.0020352649714285736
TOPIX1000,return,TOPIX1000_return,2015-12-24,-0.0063447614,0.0015803906,-0.0036332482,0.0257955293,0.016964905539521097,0.011656203972544361,0.004301462359999999,-0.002040411442857145
TOPIX1000,return,TOPIX1000_return,2015-12-25,-0.0047974144,-0.0063447614,0.0015803906,0.0156175986,0.012206346600541252,0.011661249553419703,-0.0021265957800000006,-0.002418235976190478
TOPIX1000,return,TOPIX1000_return,2015-12-28,0.0095903386,-0.0047974144,-0.0063447614,-0.0178529585,0.0071571970085687305,0.011626147205008229,-0.00620959838,-0.0023093957952380973
TOPIX1000,return,TOPIX1000_return,2015-12-29,0.0092144281,0.0095903386,-0.0047974144,-0.0036332482,0.006487394288580989,0.011813908429312929,-0.0007209389600000005,-0.00208794254761905
TOPIX1000,return,TOPIX1000_return,2015-12-30,0.0024125013,0.0092144281,0.0095903386,0.0015803906,0.007509370061258146,0.012044310465978807,0.0018485962999999993,-0.0014130512190476212
TOPIX1000,return,TOPIX1000_return,2016-01-04,-0.0244764397,0.0024125013,0.0092144281,-0.0063447614,0.007511160492490196,0.01193353425447343,0.0020150184399999995,-0.0008580808238095259
TOPIX1000,return,TOPIX1000_return,2016-01-05,-0.0033839033,-0.0244764397,0.0024125013,-0.0047974144,0.014069737129660111,0.01248452615936933,-0.0016113172200000012,-0.0026866948904761927
TOPIX1000,return,TOPIX1000_return,2016-01-06,-0.0106233782,-0.0033839033,-0.0244764397,0.0095903386,0.014003760700572424,0.012468254613179904,-0.001328615000000001,-0.0028546982333333354
TOPIX1000,return,TOPIX1000_return,2016-01-07,-0.0209698709,-0.0106233782,-0.0033839033,0.0092144281,0.012940937571198106,0.012555216648609103,-0.00537135836,-0.003382439352380954
TOPIX1000,return,TOPIX1000_return,2016-01-08,-0.0071807076,-0.0209698709,-0.0106233782,0.0024125013,0.011382239525529714,0.01272968602685067,-0.01140821816,-0.003512454304761907
TOPIX1000,return,TOPIX1000_return,2016-01-12,-0.0313158687,-0.0071807076,-0.0209698709,-0.0244764397,0.009037078264146056,0.012489695539924217,-0.01332685994,-0.0042175340476190495
TOPIX1000,return,TOPIX1000_return,2016-01-13,0.0287442935,-0.0313158687,-0.0071807076,-0.0033839033,0.011364537867229258,0.01377302440273022,-0.014694745740000001,-0.005208123814285716
TOPIX1000,return,TOPIX1000_return,2016-01-14,-0.024765588,0.0287442935,-0.0313158687,-0.0106233782,0.02274412919420416,0.015606190509739715,-0.008269106379999999,-0.0034406040666666686
TOPIX1000,return,TOPIX1000_return,2016-01-15,-0.0028857315,-0.024765588,0.0287442935,-0.0209698709,0.02395711033097329,0.016241130441154186,-0.011097548340000003,-0.00415653943809524
TOPIX1000,return,TOPIX1000_return,2016-01-18,-0.0103089674,-0.0028857315,-0.024765588,-0.0071807076,0.023453872309061277,0.016080542655024347,-0.007480720460000001,-0.004576302585714289
TOPIX1000,return,TOPIX1000_return,2016-01-19,0.0019269744,-0.0103089674,-0.0028857315,-0.0313158687,0.02348557150848793,0.0159884335863133,-0.008106372420000002,-0.004394417304761906
TOPIX1000,return,TOPIX1000_return,2016-01-20,-0.0372353133,0.0019269744,-0.0103089674,0.0287442935,0.019667602063330115,0.015787078468290458,-0.001457803800000002,-0.0035074658761904787
TOPIX1000,return,TOPIX1000_return,2016-01-21,-0.0278322682,-0.0372353133,0.0019269744,-0.024765588,0.016159053852975332,0.01592851844323375,-0.014653725160000002,-0.006508934571428573
TOPIX1000,return,TOPIX1000_return,2016-01-22,0.0558861215,-0.0278322682,-0.0372353133,-0.0028857315,0.016688344785851086,0.01573142637354225,-0.015267061200000001,-0.00857797584761905
TOPIX1000,return,TOPIX1000_return,2016-01-25,0.0132800716,0.0558861215,-0.0278322682,-0.0103089674,0.0365125161723844,0.020928716846352616,-0.0035126906000000012,-0.005066591085714289
TOPIX1000,return,TOPIX1000_return,2016-01-26,-0.0233467328,0.0132800716,0.0558861215,0.0019269744,0.03693634484058133,0.021308621979608727,0.0012051171999999985,-0.004261194904761907
TOPIX1000,return,TOPIX1000_return,2016-01-27,0.0299423894,-0.0233467328,0.0132800716,-0.0372353133,0.03850874733813214,0.021658361441930552,-0.003849624240000001,-0.005448200780952383
TOPIX1000,return,TOPIX1000_return,2016-01-28,-0.0063256235,0.0299423894,-0.0233467328,-0.0278322682,0.035554260258207536,0.022989867039849794,0.0095859163,-0.0037202412190476216
TOPIX1000,return,TOPIX1000_return,2016-01-29,0.0289256087,-0.0063256235,0.0299423894,0.0558861215,0.03089082025583798,0.02299586510043272,0.013887245239999998,-0.003793013080952384
TOPIX1000,return,TOPIX1000_return,2016-02-01,0.0214362861,0.0289256087,-0.0063256235,0.0132800716,0.023096774789342547,0.023926750547543365,0.008495142680000001,-0.002872285933333336
TOPIX1000,return,TOPIX1000_return,2016-02-02,-0.0073128867,0.0214362861,0.0289256087,-0.0233467328,0.023796622154898334,0.024379799850235185,0.01012638558,-0.0022902926952380978
TOPIX1000,return,TOPIX1000_return,2016-02-03,-0.0318555647,-0.0073128867,0.0214362861,0.0299423894,0.018690763918007596,0.02437837057041141,0.013333154800000002,-0.002753406409523812
TOPIX1000,return,TOPIX1000_return,2016-02-04,-0.0122403063,-0.0318555647,-0.0073128867,-0.0063256235,0.024493544523085456,0.024757374201737566,0.0009735639800000001,-0.003104793314285716
TOPIX1000,return,TOPIX1000_return,2016-02-05,-0.0142499679,-0.0122403063,-0.0318555647,0.0289256087,0.02507023348814802,0.02483766917486574,-0.00020937258000000084,-0.003526526790476193
TOPIX1000,return,TOPIX1000_return,2016-02-08,0.0080831414,-0.0142499679,-0.0122403063,0.0214362861,0.01929722472537563,0.024902004735672507,-0.0088444879,-0.00369922153809524
TOPIX1000,return,TOPIX1000_return,2016-02-09,-0.0553729021,0.0080831414,-0.0142499679,-0.0073128867,0.014348254191798986,0.024700760490657805,-0.01151511684,-0.0023157447619047648
TOPIX1000,return,TOPIX1000_return,2016-02-10,-0.0302172907,-0.0553729021,0.0080831414,-0.0318555647,0.023808523511145166,0.02727943438708946,-0.02112711992,-0.004610611166666669
TOPIX1000,return,TOPIX1000_return,2016-02-12,-0.0542539546,-0.0302172907,-0.0553729021,-0.0122403063,0.023634604165266075,0.02722666394935218,-0.020799465120000003,-0.004558297928571431
TOPIX1000,return,TOPIX1000_return,2016-02-15,0.0809290691,-0.0542539546,-0.0302172907,-0.0142499679,0.027052229086350153,0.028158823236708444,-0.029202194780000003,-0.00851059545714286
TOPIX1000,return,TOPIX1000_return,2016-02-16,0.003814769,0.0809290691,-0.0542539546,0.0080831414,0.05705437926322397,0.033957065380823444,-0.010166387380000003,-0.00347751654761905
TOPIX1000,return,TOPIX1000_return,2016-02-17,-0.0115459818,0.003814769,0.0809290691,-0.0553729021,0.05674414596433749,0.033994363551984305,-0.011020061860000001,-0.0031584450952380975
TOPIX1000,return,TOPIX1000_return,2016-02-18,0.0224424114,-0.0115459818,0.003814769,-0.0302172907,0.05130432430780073,0.03400844233565062,-0.0022546777999999995,-0.0032173505428571454
TOPIX1000,return,TOPIX1000_return,2016-02-19,-0.0148852653,0.0224424114,-0.0115459818,-0.0542539546,0.04950243534520633,0.03445533358623708,0.00827726262,-0.002240424971428574
TOPIX1000,return,TOPIX1000_return,2016-02-22,0.0062121507,-0.0148852653,0.0224424114,0.0809290691,0.03910989406024805,0.033656249895597096,0.01615100048,-0.0011761369714285738
TOPIX1000,return,TOPIX1000_return,2016-02-23,-0.006627459,0.0062121507,-0.0148852653,0.003814769,0.015036574039561216,0.033123789832768334,0.0012076168000000006,0.0004450258333333311
TOPIX1000,return,TOPIX1000_return,2016-02-24,-0.0053147838,-0.006627459,0.0062121507,-0.0115459818,0.015306676488266557,0.030605490733569014,-0.0008808287999999994,-0.0025318113333333355
TOPIX1000,return,TOPIX1000_return,2016-02-25,0.0181322167,-0.0053147838,-0.006627459,0.0224424114,0.014451005874950231,0.030393408315801947,0.00036541080000000064,-0.0034172806380952402
TOPIX1000,return,TOPIX1000_return,2016-02-26,0.0028886349,0.0181322167,-0.0053147838,-0.0148852653,0.012844027443882983,0.03038128900063682,-0.0004966281400000001,-0.0014420925666666685
TOPIX1000,return,TOPIX1000_return,2016-02-29,-0.0103288338,0.0028886349,0.0181322167,0.0062121507,0.010014002506251217,0.029546041418191678,0.0030581519,-0.002730366590476193
TOPIX1000,return,TOPIX1000_return,2016-03-01,0.0023637788,-0.0103288338,0.0028886349,-0.006627459,0.011354116311239034,0.02958328833410393,-0.0002500449999999998,-0.0029209956523809544
TOPIX1000,return,TOPIX1000_return,2016-03-02,0.0380224847,0.0023637788,-0.0103288338,-0.0053147838,0.01078953222956628,0.02870848733413561,0.0015482025600000002,-0.004185844695238098
TOPIX1000,return,TOPIX1000_return,2016-03-03,0.0145366875,0.0380224847,0.0023637788,0.0181322167,0.0185290645377334,0.029660996518708706,0.01021565626,-0.003396025714285716
TOPIX1000,return,TOPIX1000_return,2016-03-04,0.0044102404,0.0145366875,0.0380224847,0.0028886349,0.018212075295701683,0.029898997620489216,0.009496550420000001,-0.0023555698000000025
TOPIX1000,return,TOPIX1000_return,2016-03-07,-0.0100424797,0.0044102404,0.0145366875,-0.0103288338,0.018086332489934215,0.02914781182257032,0.00980087152,-0.0006286267000000023
TOPIX1000,return,TOPIX1000_return,2016-03-08,-0.0105018175,-0.0100424797,0.0044102404,0.0023637788,0.018006935076394327,0.02910795268050949,0.009858142339999999,-0.0005239682904761929
TOPIX1000,return,TOPIX1000_return,2016-03-09,-0.011545203,-0.0105018175,-0.0100424797,0.0380224847,0.020138623398632153,0.029030969336326266,0.0072850230799999995,-0.00034548493809524045
TOPIX1000,return,TOPIX1000_return,2016-03-10,0.0148230995,-0.011545203,-0.0105018175,0.0145366875,0.011625955274360573,0.029061993456846572,-0.0026285144599999992,-0.0012801680047619072
TOPIX1000,return,TOPIX1000_return,2016-03-11,0.0051637308,0.0148230995,-0.011545203,0.0044102404,0.01173189679122967,0.026448666106363265,-0.0025712320599999986,0.002062498738095236
TOPIX1000,return,TOPIX1000_return,2016-03-14,0.0150282968,0.0051637308,0.0148230995,-0.0100424797,0.011848256754260546,0.025395532374851943,-0.0024205339799999986,0.0037473092857142837
TOPIX1000,return,TOPIX1000_return,2016-03-15,-0.0059904971,0.0150282968,0.0051637308,-0.0105018175,0.013059322576490921,0.021717737548786777,0.0025936213200000013,0.0070464641142857125
TOPIX1000,return,TOPIX1000_return,2016-03-16,-0.0085318813,-0.0059904971,0.0150282968,-0.011545203,0.012044810017568885,0.013756385962469378,0.0034958854000000012,0.0029074371523809504
TOPIX1000,return,TOPIX1000_return,2016-03-17,-0.0011566555,-0.0085318813,-0.0059904971,0.0148230995,0.011145925302961475,0.013977730169276812,0.004098549740000001,0.0023195014238095216
TOPIX1000,return,TOPIX1000_return,2016-03-18,-0.0103899223,-0.0011566555,-0.0085318813,0.0051637308,0.009466484353029235,0.013642270606577064,0.000902598740000001,0.002814231247619046
TOPIX1000,return,TOPIX1000_return,2016-03-22,0.018460763,-0.0103899223,-0.0011566555,0.0150282968,0.010240091113848108,0.013152915324333301,-0.0022081318799999994,0.0012507867857142836
TOPIX1000,return,TOPIX1000_return,2016-03-23,-0.0043082372,0.018460763,-0.0103899223,-0.0059904971,0.0116960489178673,0.0131202979632688,-0.001521638639999999,0.002838692895238093
TOPIX1000,return,TOPIX1000_return,2016-03-24,-0.0071238383,-0.0043082372,0.018460763,-0.0085318813,0.011558748603129906,0.013185735393657758,-0.001185186659999999,0.002337722042857141
TOPIX1000,return,TOPIX1000_return,2016-03-25,0.0087476163,-0.0071238383,-0.0043082372,-0.0011566555,0.011350284371231966,0.013203043735157474,-0.000903578059999999,0.0023140849333333313
TOPIX1000,return,TOPIX1000_return,2016-03-28,0.0115204583,0.0087476163,-0.0071238383,-0.0103899223,0.012132378225615274,0.013153290930905219,0.001077276300000001,0.002983723033333331
TOPIX1000,return,TOPIX1000_return,2016-03-29,0.0065984344,0.0115204583,0.0087476163,0.018460763,0.010843533286980837,0.012848148799753994,0.005459352420000001,0.0026688773952380936
TOPIX1000,return,TOPIX1000_return,2016-03-30,-0.0157790814,0.0065984344,0.0115204583,-0.0043082372,0.008283216756007213,0.012876793688673551,0.0030868867000000007,0.0028455345142857124
TOPIX1000,return,TOPIX1000_return,2016-03-31,-0.0065040147,-0.0157790814,0.0065984344,-0.0071238383,0.011719295636147741,0.013206313108143497,0.0007927178600000015,0.002585998914285712
TOPIX1000,return,TOPIX1000_return,2016-04-01,-0.0340410929,-0.0065040147,-0.0157790814,0.0087476163,0.011617456360886758,0.013354715325724553,0.0009166825800000011,0.002163723033333332
TOPIX1000,return,TOPIX1000_return,2016-04-04,0.0006446573,-0.0340410929,-0.0065040147,0.0115204583,0.018264781587600868,0.012931769099968968,-0.007641059259999999,-0.0012678759000000015
TOPIX1000,return,TOPIX1000_return,2016-04-05,-0.0261353936,0.0006446573,-0.0340410929,0.0065984344,0.015907873207968472,0.012428388212790789,-0.009816219460000001,-0.0019294011476190492
TOPIX1000,return,TOPIX1000_return,2016-04-06,-0.0003540816,-0.0261353936,0.0006446573,-0.0157790814,0.01409623712347127,0.013398890649773829,-0.016362985059999998,-0.003383955147619049
TOPIX1000,return,TOPIX1000_return,2016-04-07,0.0038293794,-0.0003540816,-0.0261353936,-0.0065040147,0.01583645736035965,0.013324751090991066,-0.0132779851,-0.0029226028571428583
TOPIX1000,return,TOPIX1000_return,2016-04-08,0.0120237961,0.0038293794,-0.0003540816,-0.0340410929,0.01752564524729802,0.013284096600703156,-0.01121130628,-0.002240164909523811
TOPIX1000,return,TOPIX1000_return,2016-04-11,-0.0063416644,0.0120237961,0.0038293794,0.0006446573,0.014342846571675076,0.013453194838846149,-0.00199832848,-0.0011178316190476204
TOPIX1000,return,TOPIX1000_return,2016-04-12,0.0155450362,-0.0063416644,0.0120237961,-0.0261353936,0.01436128864357189,0.012983861811686039,-0.00339559282,-0.0021256775190476203
TOPIX1000,return,TOPIX1000_return,2016-04-13,0.0258746488,0.0155450362,-0.0063416644,-0.0003540816,0.008932856325282809,0.013464026188925332,0.00494049314,-0.001631329642857144
TOPIX1000,return,TOPIX1000_return,2016-04-14,0.0294163158,0.0258746488,0.0155450362,0.0038293794,0.012163477919093165,0.014316133655491062,0.01018623922,-0.0011148366904761918
TOPIX1000,return,TOPIX1000_return,2016-04-15,-0.0073954726,0.0294163158,0.0258746488,0.0120237961,0.014055681200026144,0.015728502165932908,0.0153036265,0.0005712020190476177
TOPIX1000,return,TOPIX1000_return,2016-04-18,-0.0307103543,-0.0073954726,0.0294163158,-0.0063416644,0.017459373622193394,0.01569754103328209,0.01141977276,0.0006253167190476177
TOPIX1000,return,TOPIX1000_return,2016-04-19,0.0328446975,-0.0307103543,-0.0073954726,0.0155450362,0.025298375717286735,0.01712514709644266,0.0065460347799999995,-0.0007820022714285728
TOPIX1000,return,TOPIX1000_return,2016-04-20,0.0021183545,0.0328446975,-0.0307103543,0.0258746488,0.02788733240118273,0.01845920503094366,0.010005967039999999,0.0012767891476190463
TOPIX1000,return,TOPIX1000_return,2016-04-21,0.0205249357,0.0021183545,0.0328446975,0.0294163158,0.026496888028708157,0.01803821839570064,0.00525470818,0.0004985792190476175
TOPIX1000,return,TOPIX1000_return,2016-04-22,0.0101745788,0.0205249357,0.0021183545,-0.0073954726,0.024707921495629587,0.01851503430317583,0.0034764321599999996,0.0016811112619047604
TOPIX1000,return,TOPIX1000_return,2016-04-25,-0.0040408661,0.0101745788,0.0205249357,-0.0307103543,0.02401484464137486,0.018488499752715902,0.0069904424399999995,0.002504845409523808
TOPIX1000,return,TOPIX1000_return,2016-04-26,-0.0071002067,-0.0040408661,0.0101745788,0.0328446975,0.014704917763297574,0.018483206894803858,0.01232434008,0.0018958700571428556
TOPIX1000,return,TOPIX1000_return,2016-04-27,-0.0054908096,-0.0071002067,-0.0040408661,0.0021183545,0.011203206018321286,0.018445005459307,0.00433535924,0.001009171723809522
TOPIX1000,return,TOPIX1000_return,2016-04-28,-0.0321125038,-0.0054908096,-0.0071002067,0.0205249357,0.012063435546628703,0.01845049445484079,0.00281352642,0.0004334934380952365
TOPIX1000,return,TOPIX1000_return,2016-05-02,-0.0305563557,-0.0321125038,-0.0054908096,0.0101745788,0.015281520454229265,0.019483461478458145,-0.007713961479999999,-0.00034428858095238255
TOPIX1000,return,TOPIX1000_return,2016-05-06,-0.0014466217,-0.0305563557,-0.0321125038,-0.0040408661,0.01417808841907256,0.02054188873854983,-0.01586014838,-0.001489638152380954
TOPIX1000,return,TOPIX1000_return,2016-05-09,0.0062777104,-0.0014466217,-0.0305563557,-0.0071002067,0.014754499837469258,0.019143142438315202,-0.015341299499999999,6.247952380952213e-05
TOPIX1000,return,TOPIX1000_return,2016-05-10,0.0217443495,0.0062777104,-0.0014466217,-0.0054908096,0.017567393853007294,0.0191911140876139,-0.01266571608,0.00033072014761904595
TOPIX1000,return,TOPIX1000_return,2016-05-11,-0.0005012885,0.0217443495,0.0062777104,-0.0321125038,0.023551411099599778,0.018728187732768423,-0.007218684259999999,0.0026107079142857125
TOPIX1000,return,TOPIX1000_return,2016-05-12,0.0023178282,-0.0005012885,0.0217443495,-0.0305563557,0.019001600110827487,0.018729380432887018,-0.0008964412,0.00260369806190476
TOPIX1000,return,TOPIX1000_return,2016-05-13,-0.0127850988,0.0023178282,-0.0005012885,-0.0014466217,0.009469976680243984,0.01872733891326958,0.00567839558,0.0025317194333333314
TOPIX1000,return,TOPIX1000_return,2016-05-16,0.0013797153,-0.0127850988,0.0023178282,0.0062777104,0.012481429948006833,0.018880494200463144,0.0034107001600000007,0.0013503434857142838
TOPIX1000,return,TOPIX1000_return,2016-05-17,0.0107474516,0.0013797153,-0.0127850988,0.0217443495,0.012392048405866631,0.018798212772651774,0.00243110114,0.0017180282333333315
TOPIX1000,return,TOPIX1000_return,2016-05-18,0.0021621417,0.0107474516,0.0013797153,-0.0005012885,0.008459096063517385,0.01865034097140037,0.0002317215600000002,0.001489571823809522
TOPIX1000,return,TOPIX1000_return,2016-05-19,-0.0016132993,0.0021621417,0.0107474516,0.0023178282,0.008485217600775825,0.017798524317307923,0.0007644076000000002,0.0003604048190476172
TOPIX1000,return,TOPIX1000_return,2016-05-20,0.0050443599,-0.0016132993,0.0021621417,-0.0127850988,0.008487421469262842,0.016506891774209057,-2.1817899999999803e-05,-0.0011171959000000017
TOPIX1000,return,TOPIX1000_return,2016-05-23,-0.003638175,0.0050443599,-0.0016132993,0.0013797153,0.0046725847089572,0.01649352677850075,0.0035440738400000006,-0.0005248229238095256
TOPIX1000,return,TOPIX1000_return,2016-05-24,-0.0093216639,-0.003638175,0.0050443599,0.0107474516,0.0056832340561287385,0.015007256629432702,0.0025404957799999997,0.0007643284714285696
TOPIX1000,return,TOPIX1000_return,2016-05-25,0.012622488,-0.0093216639,-0.003638175,0.0021621417,0.005522667525727115,0.013214131512191725,-0.00147332732,-0.001243593500000002
TOPIX1000,return,TOPIX1000_return,2016-05-26,-7.57624e-05,0.012622488,-0.0093216639,-0.0016132993,0.008449719403564029,0.013542482822448578,0.0006187419399999998,-0.0007433966666666685
TOPIX1000,return,TOPIX1000_return,2016-05-27,0.0053435118,-7.57624e-05,0.012622488,0.0050443599,0.008375836618411793,0.012640948550454554,0.0009262493199999998,-0.0017243822904761921
TOPIX1000,return,TOPIX1000_return,2016-05-30,0.0120296574,0.0053435118,-7.57624e-05,-0.003638175,0.0084135906563364,0.012456183336142918,0.0009860796999999998,-0.001954433100000002
TOPIX1000,return,TOPIX1000_return,2016-05-31,0.010187631,0.0120296574,0.0053435118,-0.0093216639,0.00914651181314675,0.012810217549114806,0.00411964618,-0.0011891700761904782
TOPIX1000,return,TOPIX1000_return,2016-06-01,-0.0130803415,0.010187631,0.0120296574,0.012622488,0.0053540596513799756,0.012965903070946362,0.008021505160000001,-0.00036593970952381147
TOPIX1000,return,TOPIX1000_return,2016-06-02,-0.0224024494,-0.0130803415,0.010187631,-7.57624e-05,0.010082852020994659,0.01321919374602841,0.00288093926,-0.0007273459904761923
TOPIX1000,return,TOPIX1000_return,2016-06-03,0.0039316345,-0.0224024494,-0.0130803415,0.0053435118,0.015309042152076987,0.012196790302433593,-0.0015843981399999998,-0.00026496244761904967
TOPIX1000,return,TOPIX1000_return,2016-06-06,-0.0035612988,0.0039316345,-0.0224024494,0.0120296574,0.01516162167202954,0.01004648614410941,-0.0018667735999999997,0.001377322799999998
TOPIX1000,return,TOPIX1000_return,2016-06-07,0.0063278428,-0.0035612988,0.0039316345,0.010187631,0.013044578615009314,0.010086724076642994,-0.00498496484,0.0012766238904761886
TOPIX1000,return,TOPIX1000_return,2016-06-08,0.0076279589,0.0063278428,-0.0035612988,-0.0130803415,0.011994128606932209,0.010087972736094821,-0.00575692248,0.0012790111476190455
TOPIX1000,return,TOPIX1000_return,2016-06-09,-0.0103235032,0.0076279589,0.0063278428,-0.0224024494,0.012401535454141997,0.009075609556069794,-0.0016152623999999998,0.0006068020714285695
TOPIX1000,return,TOPIX1000_return,2016-06-10,-0.0050888489,-0.0103235032,0.0076279589,0.0039316345,0.007578562737727398,0.009383451908396085,0.0008005268400000001,0.00013907756190475993
TOPIX1000,return,TOPIX1000_return,2016-06-13,-0.0348359481,-0.0050888489,-0.0103235032,-0.0035612988,0.007719221786442194,0.00943651240701606,-0.0010035698399999998,-0.0002136213476190496
TOPIX1000,return,TOPIX1000_return,2016-06-14,-0.009503511,-0.0348359481,-0.0050888489,0.0063278428,0.01718147726099559,0.011828914804418712,-0.0072584997,-0.0012636617904761924
TOPIX1000,return,TOPIX1000_return,2016-06-15,0.0041242907,-0.009503511,-0.0348359481,0.0076279589,0.015420259920491779,0.01194514956333675,-0.01042477046,-0.0017819106619047637
TOPIX1000,return,TOPIX1000_return,2016-06-16,-0.0277564518,0.0041242907,-0.009503511,-0.0103235032,0.014443481827306884,0.011682340065476101,-0.0111255041,-0.002097299276190478
TOPIX1000,return,TOPIX1000_return,2016-06-17,0.0075143325,-0.0277564518,0.0041242907,-0.0050888489,0.016198922385157775,0.012897995562275546,-0.01461209382,-0.0035219942047619063
TOPIX1000,return,TOPIX1000_return,2016-06-20,0.0227405315,0.0075143325,-0.0277564518,-0.0348359481,0.01881979581032486,0.013117461385750512,-0.01209145754,-0.003087345071428573
TOPIX1000,return,TOPIX1000_return,2016-06-21,0.0116044075,0.0227405315,0.0075143325,-0.009503511,0.019037359759117033,0.014190486827522464,-0.00057616162,-0.002244670233333335
TOPIX1000,return,TOPIX1000_return,2016-06-22,-0.0071170698,0.0116044075,0.0227405315,0.0041242907,0.018902672554735333,0.014502051220818386,0.00364542208,-0.0015188329714285736
TOPIX1000,return,TOPIX1000_return,2016-06-23,0.0111247469,-0.0071170698,0.0116044075,-0.0277564518,0.019490846556652112,0.014450630501028074,0.00139714998,-0.0014138523000000018
TOPIX1000,return,TOPIX1000_return,2016-06-24,-0.072986374,0.0111247469,-0.0071170698,0.0075143325,0.01074612163295704,0.014381420719152833,0.00917338972,-0.0014851733047619067
TOPIX1000,return,TOPIX1000_return,2016-06-27,0.0173773572,-0.072986374,0.0111247469,0.0227405315,0.038449050946897226,0.021205895025612136,-0.006926751580000001,-0.004957107190476193
TOPIX1000,return,TOPIX1000_return,2016-06-28,0.0001936256,0.0173773572,-0.072986374,0.0116044075,0.03747701750871851,0.02165597994423906,-0.007999386440000002,-0.004384066933333336
TOPIX1000,return,TOPIX1000_return,2016-06-29,0.0189854615,0.0001936256,0.0173773572,-0.0071170698,0.036314194491021363,0.021359427939964735,-0.010281542820000003,-0.004947687495238097
TOPIX1000,return,TOPIX1000_return,2016-06-30,-0.0015741979,0.0189854615,0.0001936256,0.0111247469,0.038681901809651247,0.021753775755374932,-0.005061036560000003,-0.004528743185714289
TOPIX1000,return,TOPIX1000_return,2016-07-01,0.0067211241,-0.0015741979,0.0189854615,-0.072986374,0.037759382702403164,0.021672367598937477,-0.007600825520000002,-0.0039808315857142885
TOPIX1000,return,TOPIX1000_return,2016-07-04,0.0060820845,0.0067211241,-0.0015741979,0.0173773572,0.00951676374196161,0.021364241801459738,0.008340674099999999,-0.002593994752380955
TOPIX1000,return,TOPIX1000_return,2016-07-05,-0.0043343778,0.0060820845,0.0067211241,0.0001936256,0.008065328836123016,0.021402204159710676,0.006081619559999999,-0.002491592371428574
TOPIX1000,return,TOPIX1000_return,2016-07-06,-0.0180734526,-0.0043343778,0.0060820845,0.0189854615,0.00908187868934118,0.02140480084536301,0.005176018879999999,-0.0025284056571428593
TOPIX1000,return,TOPIX1000_return,2016-07-07,-0.0065333914,-0.0180734526,-0.0043343778,-0.0015741979,0.010063382605784977,0.021561739083131498,-0.0022357639400000006,-0.003690372104761907
TOPIX1000,return,TOPIX1000_return,2016-07-08,-0.0130973821,-0.0065333914,-0.0180734526,0.0067211241,0.010224968092948246,0.021410978820436303,-0.0032276026400000005,-0.004364722119047621
TOPIX1000,return,TOPIX1000_return,2016-07-11,0.0380848353,-0.0130973821,-0.0065333914,0.0060820845,0.009193484584873103,0.02145808257878362,-0.007191303880000001,-0.004496811590476193
TOPIX1000,return,TOPIX1000_return,2016-07-12,0.0241730627,0.0380848353,-0.0130973821,-0.0043343778,0.022399728589071286,0.023380624424084034,-0.0007907537200000009,-0.002440921866666669
TOPIX1000,return,TOPIX1000_return,2016-07-13,0.0115740893,0.0241730627,0.0380848353,-0.0180734526,0.02477443939484367,0.02283213292523863,0.004910734379999999,0.00036903102857142596
TOPIX1000,return,TOPIX1000_return,2016-07-14,0.0085193526,0.0115740893,0.0241730627,-0.0065333914,0.021186218921925192,0.022839720483975746,0.01084024276,0.0013727262809523782
TOPIX1000,return,TOPIX1000_return,2016-07-15,0.004769099,0.0085193526,0.0115740893,-0.0130973821,0.019063380049549997,0.022886284058460344,0.01385079156,0.0015820149428571403
TOPIX1000,return,TOPIX1000_return,2016-07-19,0.0107773432,0.004769099,0.0085193526,0.0380848353,0.013657238762098234,0.02187998525834896,0.01742408778,0.0031308506952380925
TOPIX1000,return,TOPIX1000_return,2016-07-20,-0.0006354249,0.0107773432,0.004769099,0.0241730627,0.007318701778459318,0.02192421266731292,0.01196258936,0.0032862321571428543
TOPIX1000,return,TOPIX1000_return,2016-07-21,0.0066762041,-0.0006354249,0.0107773432,0.0115740893,0.005019354430515337,0.021475929458839523,0.007000891839999998,0.0021730913761904736
TOPIX1000,return,TOPIX1000_return,2016-07-22,-0.0090004737,0.0066762041,-0.0006354249,0.0085193526,0.004335005963964057,0.021394488414074576,0.006021314799999999,0.0019384150238095214
TOPIX1000,return,TOPIX1000_return,2016-07-25,-0.0017590822,-0.0090004737,0.0066762041,0.004769099,0.007635348404010203,0.021438249994278024,0.0025173495399999986,0.0018487291238095211
TOPIX1000,return,TOPIX1000_return,2016-07-26,-0.0140974563,-0.0017590822,-0.0090004737,0.0107773432,0.007711813078692114,0.0213436625512661,0.0012117132999999991,0.00123521345238095
TOPIX1000,return,TOPIX1000_return,2016-07-27,0.0115143508,-0.0140974563,-0.0017590822,-0.0006354249,0.008015711326318719,0.013550179010288604,-0.003763246600000001,0.004039447628571426
TOPIX1000,return,TOPIX1000_return,2016-07-28,-0.0112424933,0.0115143508,-0.0140974563,0.0066762041,0.010619614118282862,0.013320068454344369,-0.0013332914600000009,0.0037602568476190453
TOPIX1000,return,TOPIX1000_return,2016-07-29,0.0121213699,-0.0112424933,0.0115143508,-0.0090004737,0.010258278787917794,0.013701493126201407,-0.004917030940000002,0.003215679757142855
TOPIX1000,return,TOPIX1000_return,2016-08-01,-0.0003965837,0.0121213699,-0.0112424933,-0.0017590822,0.01230178114908895,0.013384692695652225,-0.000692662220000001,0.00288881825238095
TOPIX1000,return,TOPIX1000_return,2016-08-02,-0.0166594132,-0.0003965837,0.0121213699,-0.0140974563,0.012287335026807917,0.013367515264698109,-0.00042016252000000103,0.0029448951190476167
TOPIX1000,return,TOPIX1000_return,2016-08-03,-0.021712454,-0.0166594132,-0.0003965837,0.0115143508,0.013031179734736654,0.01399615546615454,-0.0009325539000000011,0.0018315361999999978
TOPIX1000,return,TOPIX1000_return,2016-08-04,0.0089348614,-0.021712454,-0.0166594132,-0.0112424933,0.013558404047192297,0.014861548075707925,-0.007577914860000002,0.0005079867476190453
TOPIX1000,return,TOPIX1000_return,2016-08-05,-0.0021956851,0.0089348614,-0.021712454,0.0121213699,0.015109093266636373,0.014927309756641865,-0.0035424439200000004,0.0011398552809523787
TOPIX1000,return,TOPIX1000_return,2016-08-08,0.0204137617,-0.0021956851,0.0089348614,-0.0003965837,0.012535967059990686,0.01429416180248188,-0.0064058549200000005,0.0018959394476190457
TOPIX1000,return,TOPIX1000_return,2016-08-09,0.0092417497,0.0204137617,-0.0021956851,-0.0166594132,0.017501201961804554,0.014703296957599084,-0.0022437858400000004,0.003179137214285712
TOPIX1000,return,TOPIX1000_return,2016-08-10,-0.0021241058,0.0092417497,0.0204137617,-0.021712454,0.0159303283627115,0.014268506158725115,0.0029364467399999998,0.004242905395238093
TOPIX1000,return,TOPIX1000_return,2016-08-12,0.0064693521,-0.0021241058,0.0092417497,0.0089348614,0.009439301540025105,0.01202098051481636,0.00685411638,0.0023281939142857123
TOPIX1000,return,TOPIX1000_return,2016-08-15,-0.0049901607,0.0064693521,-0.0021241058,-0.0021956851,0.009367556388211832,0.010988870557319074,0.0063610145199999996,0.0014851600761904742
TOPIX1000,return,TOPIX1000_return,2016-08-16,-0.013709587,-0.0049901607,0.0064693521,0.0204137617,0.01006323385470282,0.010821698947502194,0.005802119399999998,0.0006963862666666645
TOPIX1000,return,TOPIX1000_return,2016-08-17,0.0101630923,-0.013709587,-0.0049901607,0.0092417497,0.009211415649807047,0.011101771993295591,-0.001022550340000001,-0.00036213466666666877
TOPIX1000,return,TOPIX1000_return,2016-08-18,-0.0156489327,0.0101630923,-0.013709587,-0.0021241058,0.00947356433206858,0.011287276437639139,-0.0008382818200000006,-0.00010527784285714496
TOPIX1000,return,TOPIX1000_return,2016-08-19,0.003909067,-0.0156489327,0.0101630923,0.0064693521,0.011620149872764947,0.011484710017504498,-0.0035432472000000007,-0.0013636719333333354
TOPIX1000,return,TOPIX1000_return,2016-08-22,0.0060850878,0.003909067,-0.0156489327,-0.0049901607,0.011114015504044674,0.011541792035698295,-0.004055304220000001,-0.0011472675571428592
TOPIX1000,return,TOPIX1000_return,2016-08-23,-0.00473891,0.0060850878,0.003909067,-0.013709587,0.011953103470545975,0.011522462593067516,-0.001840254520000001,-0.0011754159523809547
TOPIX1000,return,TOPIX1000_return,2016-08-24,0.0071910305,-0.00473891,0.0060850878,0.0101630923,0.010282670752455297,0.011414782168938245,-4.611912000000058e-05,-0.0009724843476190496
TOPIX1000,return,TOPIX1000_return,2016-08-25,-0.0019207141,0.0071910305,-0.00473891,-0.0156489327,0.00960878475340407,0.011550226787700523,-0.0006405314800000007,-0.0005462885047619068
TOPIX1000,return,TOPIX1000_return,2016-08-26,-0.012706227,-0.0019207141,0.0071910305,0.003909067,0.005196367503438767,0.011134067209674659,0.002105112239999999,3.355636190475982e-05
TOPIX1000,return,TOPIX1000_return,2016-08-29,0.0203121308,-0.012706227,-0.0019207141,0.0060850878,0.008199342340824162,0.011139810199523788,-0.0012179465600000007,-0.0011198044857142879
TOPIX1000,return,TOPIX1000_return,2016-08-30,-0.0002830183,0.0203121308,-0.012706227,-0.00473891,0.012635713563621979,0.01181387411585022,0.0016274620399999995,0.0003827966619047599
TOPIX1000,return,TOPIX1000_return,2016-08-31,0.0128809764,-0.0002830183,0.0203121308,0.0071910305,0.0122249056955157,0.011503639755456482,0.0025186403799999997,-0.00020788849047619247
TOPIX1000,return,TOPIX1000_return,2016-09-01,0.0059138637,0.0128809764,-0.0002830183,-0.0019207141,0.01300831425037406,0.01185234659733441,0.00365662956,0.0004243762761904742
TOPIX1000,return,TOPIX1000_return,2016-09-02,0.0026396854,0.0059138637,0.0128809764,-0.012706227,0.012635042346052191,0.011232935026296275,0.005223545120000001,0.0014992942238095217
TOPIX1000,return,TOPIX1000_return,2016-09-05,0.0022925038,0.0026396854,0.0059138637,0.0203121308,0.008316810952010735,0.009894070083081958,0.0082927276,0.0026589199095238074
TOPIX1000,return,TOPIX1000_return,2016-09-06,0.0063027691,0.0022925038,0.0026396854,-0.0002830183,0.005081156821237486,0.009789020072061014,0.0046888022,0.0023426171666666644
TOPIX1000,return,TOPIX1000_return,2016-09-07,-0.0025165948,0.0063027691,0.0022925038,0.0128809764,0.004256876481133457,0.009767665202988284,0.006005959680000001,0.0027473054619047595
TOPIX1000,return,TOPIX1000_return,2016-09-08,-0.0027544481,-0.0025165948,0.0063027691,0.0059138637,0.003550881217915597,0.008940672473543269,0.00292644544,0.0016553837238095215
TOPIX1000,return,TOPIX1000_return,2016-09-09,-0.0015003955,-0.0027544481,-0.0025165948,0.0026396854,0.0038325900953275495,0.008814060799083869,0.0011927830799999997,0.0010841362095238075
TOPIX1000,return,TOPIX1000_return,2016-09-12,-0.0156043365,-0.0015003955,-0.0027544481,0.0022925038,0.003888657156514693,0.008803754364653114,0.0003647668999999999,0.0011138366999999978
TOPIX1000,return,TOPIX1000_return,2016-09-13,-0.0001276688,-0.0156043365,-0.0015003955,0.0063027691,0.007869614558909168,0.009427977819837927,-0.0032146011599999995,6.270867142856936e-05
TOPIX1000,return,TOPIX1000_return,2016-09-14,-0.0062979622,-0.0001276688,-0.0156043365,-0.0025165948,0.0062928936435337895,0.00935712074726375,-0.00450068874,0.00029425590476190276
TOPIX1000,return,TOPIX1000_return,2016-09-15,-0.0104968792,-0.0062979622,-0.0001276688,-0.0027544481,0.006221652852735978,0.008932659399132261,-0.0052569622199999996,0.0006471904190476171
TOPIX1000,return,TOPIX1000_return,2016-09-16,0.007866869,-0.0104968792,-0.0062979622,-0.0015003955,0.006403923837161758,0.008969839823540845,-0.00680544844,-0.0003366177476190496
TOPIX1000,return,TOPIX1000_return,2016-09-20,0.0042345745,0.007866869,-0.0104968792,-0.0156043365,0.009132704221231627,0.008413256617296649,-0.004931995539999999,0.0007831823333333313
TOPIX1000,return,TOPIX1000_return,2016-09-21,0.0272839318,0.0042345745,0.007866869,-0.0001276688,0.00750059684906068,0.008419601076137873,-0.0009642133399999997,0.0007986826904761886
TOPIX1000,return,TOPIX1000_return,2016-09-23,-0.0027552061,0.0272839318,0.0042345745,-0.0062979622,0.014764946156021651,0.010173289576707923,0.00451810678,0.0018081514523809507
TOPIX1000,return,TOPIX1000_return,2016-09-26,-0.0103624323,-0.0027552061,0.0272839318,-0.0104968792,0.014189944043884673,0.010118520766158018,0.005226658,0.001902613542857141
TOPIX1000,return,TOPIX1000_return,2016-09-27,0.0099137141,-0.0103624323,-0.0027552061,0.007866869,0.014152778410813005,0.010381427337823228,0.00525354738,0.00106673436190476
TOPIX1000,return,TOPIX1000_return,2016-09-28,-0.0055537593,0.0099137141,-0.0103624323,0.0042345745,0.014276329500069827,0.010531276395127454,0.0056629164,0.0016302785619047601
TOPIX1000,return,TOPIX1000_return,2016-09-29,0.0095056795,-0.0055537593,0.0099137141,0.0272839318,0.01516464385864276,0.010153311216169964,0.0037052496400000003,0.0019708722619047603
TOPIX1000,return,TOPIX1000_return,2016-09-30,-0.015366906,0.0095056795,-0.0055537593,-0.0027552061,0.009142526683415699,0.009424980650067786,0.0001495991799999999,0.001456279342857141
TOPIX1000,return,TOPIX1000_return,2016-10-03,0.0060181754,-0.015366906,0.0095056795,-0.0103624323,0.011563479375177167,0.0101137657514024,-0.0023727407999999998,0.0007379989761904743
TOPIX1000,return,TOPIX1000_return,2016-10-04,0.0070727069,0.0060181754,-0.015366906,0.0099137141,0.011042686083179463,0.009808034339618233,0.0009033807400000001,0.0004111989285714266
TOPIX1000,return,TOPIX1000_return,2016-10-05,0.0057148852,0.0070727069,0.0060181754,-0.0055537593,0.010524066197941537,0.009843737025525299,0.00033517930000000006,0.0004663819380952362
TOPIX1000,return,TOPIX1000_return,2016-10-06,0.0046367467,0.0057148852,0.0070727069,0.0095056795,0.01014752488685137,0.009900394903070153,0.0025889082,0.0006128200238095219
TOPIX1000,return,TOPIX1000_return,2016-10-07,-0.0023355512,0.0046367467,0.0057148852,-0.015366906,0.009532833541246628,0.009933441860118646,0.0016151216400000002,0.0007244506380952362
TOPIX1000,return,TOPIX1000_return,2016-10-11,0.0043218187,-0.0023355512,0.0046367467,0.0060181754,0.003766794819165235,0.009869543954295746,0.0042213926,0.0003131020523809505
TOPIX1000,return,TOPIX1000_return,2016-10-12,-0.0103006121,0.0043218187,-0.0023355512,0.0070727069,0.003638719025949193,0.009884315175714815,0.0038821212600000004,0.0006387407904761886
TOPIX1000,return,TOPIX1000_return,2016-10-13,-0.0002187154,-0.0103006121,0.0043218187,0.0057148852,0.00677430348483792,0.010147506574221313,0.00040745746000000056,0.00027939964761904563
TOPIX1000,return,TOPIX1000_return,2016-10-14,0.0036492416,-0.0002187154,-0.0103006121,0.0046367467,0.006098084347521845,0.010140118385197103,-0.0007792626599999997,0.00034043203333333137
TOPIX1000,return,TOPIX1000_return,2016-10-17,0.0039969493,0.0036492416,-0.0002187154,-0.0023355512,0.005891306946821923,0.009474967547939528,-0.0009767636799999997,0.0012572690857142836
TOPIX1000,return,TOPIX1000_return,2016-10-18,0.0028834445,0.0039969493,0.0036492416,0.0043218187,0.006198818333624195,0.009487565223985184,0.00028973642000000024,0.0014536794714285694
TOPIX1000,return,TOPIX1000_return,2016-10-19,0.0003153463,0.0028834445,0.0039969493,-0.0103006121,0.0059949404700302055,0.009322606812586391,2.0615800000002746e-06,0.0018908893142857122
TOPIX1000,return,TOPIX1000_return,2016-10-20,0.0101065052,0.0003153463,0.0028834445,-0.0002187154,0.0019474722569229781,0.008892914637610145,0.0021252532600000004,0.002405757195238093
TOPIX1000,return,TOPIX1000_return,2016-10-21,-0.0040389078,0.0101065052,0.0003153463,0.0036492416,0.0036074488953032158,0.008974735475199759,0.00419029738,0.002512406538095236
TOPIX1000,return,TOPIX1000_return,2016-10-24,0.0016835329,-0.0040389078,0.0101065052,0.0039969493,0.005187974036823546,0.009076375504568272,0.0026526675,0.0021184311904761883
TOPIX1000,return,TOPIX1000_return,2016-10-25,0.007244261,0.0016835329,-0.0040389078,0.0028834445,0.005141061360608548,0.0070117400478849345,0.00218998422,0.0008993645761904741
TOPIX1000,return,TOPIX1000_return,2016-10-26,0.0038122384,0.007244261,0.0016835329,0.0003153463,0.005634348457313942,0.00709024116843796,0.00306214752,0.001375529676190474
TOPIX1000,return,TOPIX1000_return,2016-10-27,-0.0005216764,0.0038122384,0.007244261,0.0101065052,0.005421152983176209,0.006572748717744663,0.0037615259400000005,0.002050513995238093
TOPIX1000,return,TOPIX1000_return,2016-10-28,0.0075691359,-0.0005216764,0.0038122384,-0.0040389078,0.00427349418857206,0.006338853099708783,0.0016358896200000003,0.0015535906380952358
TOPIX1000,return,TOPIX1000_return,2016-10-31,0.0004938703,0.0075691359,-0.0005216764,0.0016835329,0.003503632410510203,0.006249372127815219,0.0039574983600000006,0.002178490409523807
TOPIX1000,return,TOPIX1000_return,2016-11-01,0.0001445113,0.0004938703,0.0075691359,0.007244261,0.003729762099527553,0.006026508164412882,0.0037195658400000003,0.0017493566380952362
TOPIX1000,return,TOPIX1000_return,2016-11-02,-0.0177782214,0.0001445113,0.0004938703,0.0038122384,0.0033882425794505094,0.00460721042752708,0.0022996159000000004,0.002487995557142855
TOPIX1000,return,TOPIX1000_return,2016-11-04,-0.0158261211,-0.0177782214,0.0001445113,-0.0005216764,0.009401099457663013,0.006308010668202434,-0.002018476059999999,0.0013548338047619025
TOPIX1000,return,TOPIX1000_return,2016-11-07,0.0117894822,-0.0158261211,-0.0177782214,0.0075691359,0.011125287983518403,0.007187982198636157,-0.005079364999999999,0.00026441342380952173
TOPIX1000,return,TOPIX1000_return,2016-11-08,0.0006093846,0.0117894822,-0.0158261211,0.0004938703,0.012410673804493233,0.0075322777163131195,-0.004235295739999999,0.0005536799476190455
TOPIX1000,return,TOPIX1000_return,2016-11-09,-0.0458421023,0.0006093846,0.0117894822,0.0001445113,0.012421780715524753,0.007474167033009599,-0.004212192879999999,0.00036190079999999785
TOPIX1000,return,TOPIX1000_return,2016-11-10,0.0582053601,-0.0458421023,0.0006093846,-0.0177782214,0.02184214564497135,0.012559185536384958,-0.0134095156,-0.0017098397285714307
TOPIX1000,return,TOPIX1000_return,2016-11-11,0.0015414236,0.0582053601,-0.0458421023,-0.0158261211,0.038285836823656584,0.01812436789945082,0.001787200700000001,0.000856043195238093
TOPIX1000,return,TOPIX1000_return,2016-11-14,0.0157798376,0.0015414236,0.0582053601,0.0117894822,0.03705646429748075,0.01794320933328539,0.005260709640000001,0.001419949657142855
TOPIX1000,return,TOPIX1000_return,2016-11-15,0.0022997229,0.0157798376,0.0015414236,0.0006093846,0.03727455157200703,0.018207839123281642,0.00605878072,0.002181785514285712
TOPIX1000,return,TOPIX1000_return,2016-11-16,0.0133540465,0.0022997229,0.0157798376,-0.0458421023,0.03722039739338025,0.018204782158550637,0.00639684838,0.002117522719047617
TOPIX1000,return,TOPIX1000_return,2016-11-17,0.0009256486,0.0133540465,0.0022997229,0.0582053601,0.023238382901289087,0.0183668720700283,0.01823607814,0.002563098776190474
TOPIX1000,return,TOPIX1000_return,2016-11-18,0.0036758427,0.0009256486,0.0133540465,0.0015414236,0.007176422507495911,0.018370133222570525,0.0067801358400000015,0.002469870399999998
TOPIX1000,return,TOPIX1000_return,2016-11-21,0.0101654533,0.0036758427,0.0009256486,0.0157798376,0.006842615381033262,0.018365062657844294,0.007207019660000001,0.002629894038095236
TOPIX1000,return,TOPIX1000_return,2016-11-22,0.0031432259,0.0101654533,0.0036758427,0.0022997229,0.005390742086375778,0.018366267043119968,0.0060841428,0.0026327010904761885
TOPIX1000,return,TOPIX1000_return,2016-11-24,0.0088443371,0.0031432259,0.0101654533,0.0133540465,0.0052541711938773016,0.018302580742788573,0.006252843400000001,0.002974707457142855
TOPIX1000,return,TOPIX1000_return,2016-11-25,0.0032093629,0.0088443371,0.0031432259,0.0009256486,0.003957477671872592,0.01834398115168429,0.005350901520000001,0.003315698133333331
TOPIX1000,return,TOPIX1000_return,2016-11-28,0.0033306627,0.0032093629,0.0088443371,0.0036758427,0.0034134576366075856,0.018321893097577438,0.005807644380000001,0.003123560128571426
TOPIX1000,return,TOPIX1000_return,2016-11-29,-0.0007072701,0.0033306627,0.0032093629,0.0101654533,0.0034703674928378754,0.018321289397468545,0.005738608380000001,0.00310062795238095
TOPIX1000,return,TOPIX1000_return,2016-11-30,0.0005365358,-0.0007072701,0.0033306627,0.0031432259,0.003408921117743815,0.018323168751928253,0.003564063700000001,0.0030917901571428552
TOPIX1000,return,TOPIX1000_return,2016-12-01,0.0096467038,0.0005365358,-0.0007072701,0.0088443371,0.0036780710577652277,0.018301499726552675,0.0030427256800000008,0.002756904438095236
TOPIX1000,return,TOPIX1000_return,2016-12-02,-0.0036048097,0.0096467038,0.0005365358,0.0032093629,0.0039980589134100885,0.01835382330914707,0.0032031990200000007,0.00319275365238095
TOPIX1000,return,TOPIX1000_return,2016-12-05,-0.0075874564,-0.0036048097,0.0096467038,0.0033306627,0.0050249441637209395,0.018403127841456045,0.0018403645000000008,0.0030142145571428556
TOPIX1000,return,TOPIX1000_return,2016-12-06,0.0070569181,-0.0075874564,-0.0036048097,-0.0007072701,0.006399648596900632,0.017956373523624565,-0.0003432593199999997,0.003499489080952379
TOPIX1000,return,TOPIX1000_return,2016-12-07,0.0089422499,0.0070569181,-0.0075874564,0.0005365358,0.00718323755304262,0.01741101399544935,0.0012095783200000005,0.004589157614285712
TOPIX1000,return,TOPIX1000_return,2016-12-08,0.0150995962,0.0089422499,0.0070569181,0.0096467038,0.007931040672540884,0.01736316052805014,0.0028907211400000005,0.004453575123809521
TOPIX1000,return,TOPIX1000_return,2016-12-09,0.0084874499,0.0150995962,0.0089422499,-0.0036048097,0.00934173626823816,0.017490209321814852,0.003981299620000001,0.0051435851999999975
TOPIX1000,return,TOPIX1000_return,2016-12-12,0.0040212599,0.0084874499,0.0150995962,-0.0075874564,0.008405116496894316,0.013017742487292596,0.006399751540000001,0.00773070673333333
TOPIX1000,return,TOPIX1000_return,2016-12-13,0.005657367,0.0040212599,0.0084874499,0.0070569181,0.004051132897210171,0.005981204706415225,0.0087214948,0.005150511485714283
TOPIX1000,return,TOPIX1000_return,2016-12-14,-0.0009466761,0.005657367,0.0040212599,0.0089422499,0.004238898026954694,0.0059241913715437685,0.00844158458,0.005346508790476189
TOPIX1000,return,TOPIX1000_return,2016-12-15,0.0025976575,-0.0009466761,0.005657367,0.0150995962,0.005920380631301706,0.0055648360940707044,0.006463799380000001,0.004550008138095236
TOPIX1000,return,TOPIX1000_return,2016-12-16,0.0052090672,0.0025976575,-0.0009466761,0.0084874499,0.003511196354030401,0.005559189138411866,0.00396341164,0.004564195499999998
TOPIX1000,return,TOPIX1000_return,2016-12-19,-0.0010428341,0.0052090672,0.0025976575,0.0040212599,0.002657497710107607,0.0051869402159109325,0.0033077351000000005,0.0041763393428571405
TOPIX1000,return,TOPIX1000_return,2016-12-20,0.0020716179,-0.0010428341,0.0052090672,0.005657367,0.003222518480649684,0.005265810654554809,0.0022949163000000002,0.004082602071428569
TOPIX1000,return,TOPIX1000_return,2016-12-21,-0.0047340669,0.0020716179,-0.0010428341,-0.0009466761,0.002632050986227129,0.005283612834761119,0.0015777664800000004,0.004006210414285712
TOPIX1000,return,TOPIX1000_return,2016-12-22,-0.0007538401,-0.0047340669,0.0020716179,0.0025976575,0.0038179946974549665,0.005413946076775351,0.0008202883200000004,0.0032967094523809505
TOPIX1000,return,TOPIX1000_return,2016-12-26,-0.0037668331,-0.0007538401,-0.0047340669,0.0052090672,0.0037209093608704565,0.005485783629379159,0.0001499888000000004,0.0031111348809523785
TOPIX1000,return,TOPIX1000_return,2016-12-27,-0.0012258708,-0.0037668331,-0.0007538401,-0.0010428341,0.0026932567732727594,0.005516973202074721,-0.0016451912599999997,0.0025106029666666645
TOPIX1000,return,TOPIX1000_return,2016-12-28,0.0014236463,-0.0012258708,-0.0037668331,0.0020716179,0.002684251441295149,0.005573491313969342,-0.0016817985999999993,0.0022994013619047596
TOPIX1000,return,TOPIX1000_return,2016-12-29,-0.0121526985,0.0014236463,-0.0012258708,-0.0047340669,0.002464371236541016,0.005571383933899933,-0.0018113929199999994,0.002208591057142855
TOPIX1000,return,TOPIX1000_return,2016-12-30,2.19468e-05,-0.0121526985,0.0014236463,-0.0007538401,0.005284076582247579,0.006373040005640921,-0.0032951192399999995,0.0016635706571428547
TOPIX1000,return,TOPIX1000_return,2017-01-04,0.0236833367,2.19468e-05,-0.0121526985,-0.0037668331,0.005387724930146973,0.006378576996390891,-0.0031399618599999993,0.001639066419047617
TOPIX1000,return,TOPIX1000_return,2017-01-05,0.0007486789,0.0236833367,2.19468e-05,-0.0012258708,0.013081516859383148,0.00782997523836855,0.0023500721000000013,0.0023074775095238077
TOPIX1000,return,TOPIX1000_return,2017-01-06,-0.0016201437,0.0007486789,0.0236833367,0.0014236463,0.012975955230952112,0.007722507495759371,0.002744982040000001,0.0025147864904761885
TOPIX1000,return,TOPIX1000_return,2017-01-10,-0.007299782,-0.0016201437,0.0007486789,-0.0121526985,0.013123996339702354,0.0074366965736372415,0.002136224040000001,0.002798944238095236
TOPIX1000,return,TOPIX1000_return,2017-01-11,0.0054363472,-0.007299782,-0.0016201437,2.19468e-05,0.011928032765503341,0.00768156252502034,0.003106807340000001,0.0021152918523809506
TOPIX1000,return,TOPIX1000_return,2017-01-12,-0.0097390516,0.0054363472,-0.007299782,0.0236833367,0.011823272682399119,0.007562951825824357,0.004189687420000001,0.0019483441047619028
TOPIX1000,return,TOPIX1000_return,2017-01-13,0.0062565122,-0.0097390516,0.0054363472,0.0007486789,0.006118727567678817,0.007342430185181194,-0.0024947902399999992,0.0007655513523809505
TOPIX1000,return,TOPIX1000_return,2017-01-16,-0.0092693911,0.0062565122,-0.0097390516,-0.0016201437,0.007241430538781528,0.0072405509126798094,-0.0013932235799999995,0.0006593162238095219
TOPIX1000,return,TOPIX1000_return,2017-01-17,-0.0141548209,-0.0092693911,0.0062565122,-0.007299782,0.008062778520723355,0.00750791788311982,-0.002923073059999999,2.642808095237903e-05
TOPIX1000,return,TOPIX1000_return,2017-01-18,0.0033189221,-0.0141548209,-0.0092693911,0.0054363472,0.009455578467612618,0.007994014657679344,-0.004294080839999999,-0.00091700943809524
TOPIX1000,return,TOPIX1000_return,2017-01-19,0.0094702876,0.0033189221,-0.0141548209,-0.0097390516,0.008944436018284298,0.008047239273930489,-0.004717565859999999,-0.0007138857142857163
TOPIX1000,return,TOPIX1000_return,2017-01-20,0.0034905667,0.0094702876,0.0033189221,0.0062565122,0.010274870644027661,0.00832365026198928,-0.000875698019999999,-0.0003866176142857163
TOPIX1000,return,TOPIX1000_return,2017-01-23,-0.0124448754,0.0034905667,0.0094702876,-0.0092693911,0.00986100427298173,0.008274186705287815,-0.001428887119999999,-0.00046845097142857335
TOPIX1000,return,TOPIX1000_return,2017-01-24,-0.0056291783,-0.0124448754,0.0034905667,-0.0141548209,0.010569051235847142,0.008678010575294779,-0.002063983979999999,-0.001011405319047621
TOPIX1000,return,TOPIX1000_return,2017-01-25,0.0102376158,-0.0056291783,-0.0124448754,0.0033189221,0.008642978839332339,0.008703884847553611,-0.00035885545999999897,-0.0013781099000000018
TOPIX1000,return,TOPIX1000_return,2017-01-26,0.0155885947,0.0102376158,-0.0056291783,0.0094702876,0.009848728645729724,0.009022585533893337,0.0010248832800000011,-0.0006651726285714305
TOPIX1000,return,TOPIX1000_return,2017-01-27,0.0028618121,0.0155885947,0.0102376158,0.0034905667,0.011415777717611387,0.009694328804238919,0.0022485447000000014,0.00011303855238095041
TOPIX1000,return,TOPIX1000_return,2017-01-30,-0.0037182621,0.0028618121,0.0155885947,-0.0124448754,0.011402130671256854,0.00966956628016171,0.002122793780000001,0.0004286883238095218
TOPIX1000,return,TOPIX1000_return,2017-01-31,-0.0145925508,-0.0037182621,0.0028618121,-0.0056291783,0.009037484825650866,0.00970611678953793,0.003868116440000001,0.00031000302380952184
TOPIX1000,return,TOPIX1000_return,2017-02-01,0.0039966534,-0.0145925508,-0.0037182621,0.0102376158,0.011845186217914694,0.01022938121733068,0.0020754419400000014,-0.0004526730285714305
TOPIX1000,return,TOPIX1000_return,2017-02-02,-0.0114102591,0.0039966534,-0.0145925508,0.0155885947,0.011073773015167751,0.009907803967573653,0.0008272494600000015,0.0003163437285714266
TOPIX1000,return,TOPIX1000_return,2017-02-03,0.0030116974,-0.0114102591,0.0039966534,0.0028618121,0.008315429578871394,0.010233510019341256,-0.004572521299999998,-0.00022804702857143056
TOPIX1000,return,TOPIX1000_return,2017-02-06,0.0035832227,0.0030116974,-0.0114102591,-0.0037182621,0.008349132341014845,0.008697378356565935,-0.004542544239999999,-0.0012124108047619068
TOPIX1000,return,TOPIX1000_return,2017-02-07,-0.0027550032,0.0035832227,0.0030116974,-0.0145925508,0.009131242449019026,0.008751164012836214,-0.003082247279999998,-0.0010774325285714307
TOPIX1000,return,TOPIX1000_return,2017-02-08,0.0053373155,-0.0027550032,0.0035832227,0.0039966534,0.00657861781797639,0.008758184202995671,-0.0007147377599999988,-0.0011314734571428592
TOPIX1000,return,TOPIX1000_return,2017-02-09,-0.0071281211,0.0053373155,-0.0027550032,-0.0114102591,0.0068407513586970295,0.008747309381832012,-0.0004466053399999989,-0.0005297069095238115
TOPIX1000,return,TOPIX1000_return,2017-02-10,0.0220584324,-0.0071281211,0.0053373155,0.0030116974,0.005195120896519602,0.00874853208984773,0.0004098222600000012,-0.0011280149238095257
TOPIX1000,return,TOPIX1000_return,2017-02-13,0.0048525796,0.0220584324,-0.0071281211,0.0035832227,0.011150045610168314,0.009864205480607634,0.004219169260000001,0.00038615098095237904
TOPIX1000,return,TOPIX1000_return,2017-02-14,-0.0099979524,0.0048525796,0.0220584324,-0.0027550032,0.011146396230161818,0.009827118043006044,0.004473040640000001,0.00031929704761904577
TOPIX1000,return,TOPIX1000_return,2017-02-15,0.0095872242,-0.0099979524,0.0048525796,0.0053373155,0.012685045869714785,0.009863879561639192,0.003024450800000001,0.0002846036523809505
TOPIX1000,return,TOPIX1000_return,2017-02-16,-0.0017149112,0.0095872242,-0.0099979524,-0.0071281211,0.01301681471841947,0.009479245853296474,0.0038744325400000014,0.0014151772285714266
TOPIX1000,return,TOPIX1000_return,2017-02-17,-0.004213239,-0.0017149112,0.0095872242,0.0220584324,0.012063103562238406,0.009492335345385475,0.004957074520000001,0.001175470880952379
TOPIX1000,return,TOPIX1000_return,2017-02-20,0.0015730745,-0.004213239,-0.0017149112,0.0048525796,0.007675805092928299,0.009363243769811274,-0.0002972597599999991,0.0005238743761904743
TOPIX1000,return,TOPIX1000_return,2017-02-21,0.0056380666,0.0015730745,-0.004213239,-0.0099979524,0.0072542782095918286,0.009342192330567716,-0.000953160779999999,0.000432565223809522
TOPIX1000,return,TOPIX1000_return,2017-02-22,0.000958708,0.0056380666,0.0015730745,0.0095872242,0.005550612899955348,0.008919722061478591,0.002174043020000001,0.001293657699999998
TOPIX1000,return,TOPIX1000_return,2017-02-23,-0.0005864249,0.000958708,0.0056380666,-0.0017149112,0.0037036718233802264,0.008778805977246902,0.0004483397800000009,0.0016073665714285697
TOPIX1000,return,TOPIX1000_return,2017-02-24,-0.0037363927,-0.0005864249,0.000958708,-0.004213239,0.003570893682814201,0.008561837320875312,0.0006740370400000008,0.0010919360619047601
TOPIX1000,return,TOPIX1000_return,2017-02-27,-0.0105213141,-0.0037363927,-0.0005864249,0.0015730745,0.003410501198409228,0.007941905423592497,0.000769406300000001,0.00017169856666666487
TOPIX1000,return,TOPIX1000_return,2017-02-28,0.0006771525,-0.0105213141,-0.0037363927,0.0056380666,0.006002201911613891,0.008246369166630458,-0.001649471419999999,-0.00046559315714285893
TOPIX1000,return,TOPIX1000_return,2017-03-01,0.011794095,0.0006771525,-0.0105213141,0.000958708,0.004782482249882914,0.008215406614313062,-0.002641654239999999,-0.0002562877000000018
TOPIX1000,return,TOPIX1000_return,2017-03-02,0.0075084417,0.011794095,0.0006771525,-0.0005864249,0.008115350754199871,0.007925863980247206,-0.00047457683999999924,0.0010002192428571412
TOPIX1000,return,TOPIX1000_return,2017-03-03,-0.0043204915,0.0075084417,0.011794095,-0.0037363927,0.008860676800079506,0.00802862836721556,0.001144396480000001,0.0011674472571428552
TOPIX1000,return,TOPIX1000_return,2017-03-06,-0.002129426,-0.0043204915,0.0075084417,-0.0105213141,0.008944565902750393,0.007611513258373621,0.001027576720000001,0.0015050552380952362
TOPIX1000,return,TOPIX1000_return,2017-03-07,0.0001832643,-0.002129426,-0.0043204915,0.0006771525,0.0067551104095307495,0.007643243875254686,0.0027059543400000012,0.0012602398380952362
TOPIX1000,return,TOPIX1000_return,2017-03-08,-0.0031571605,0.0001832643,-0.002129426,0.011794095,0.006795682629451414,0.00762757072384529,0.002607176700000001,0.0010983370571428553
TOPIX1000,return,TOPIX1000_return,2017-03-09,0.0028159137,-0.0031571605,0.0001832643,0.0075084417,0.004712889689460261,0.007638226331468169,-0.0003830743999999991,0.0010791867095238075
TOPIX1000,return,TOPIX1000_return,2017-03-10,0.0125465109,0.0028159137,-0.0031571605,-0.0043204915,0.0028459994554334007,0.007587594655529071,-0.0013215799999999988,0.000959119957142855
TOPIX1000,return,TOPIX1000_return,2017-03-13,0.0022409464,0.0125465109,0.0028159137,-0.002129426,0.006301392160364616,0.0077519774975277015,0.002051820480000001,0.0018960071952380934
TOPIX1000,return,TOPIX1000_return,2017-03-14,-0.0016516992,0.0022409464,0.0125465109,0.0001832643,0.00586436458917302,0.00623200263066496,0.0029258949600000014,0.0009523173857142837
TOPIX1000,return,TOPIX1000_return,2017-03-15,-0.0020905281,-0.0016516992,0.0022409464,-0.0031571605,0.00613029394250825,0.0061899573439407355,0.002558902260000001,0.0006425898238095218
TOPIX1000,return,TOPIX1000_return,2017-03-16,0.0007462432,-0.0020905281,-0.0016516992,0.0028159137,0.005895725221444312,0.005734033222245534,0.0027722287400000012,0.0010191338380952362
TOPIX1000,return,TOPIX1000_return,2017-03-17,-0.0045862477,0.0007462432,-0.0020905281,0.0125465109,0.005964149255844104,0.005387592188189858,0.0023582946400000013,0.0005981347428571409
TOPIX1000,return,TOPIX1000_return,2017-03-21,-0.0016910506,-0.0045862477,0.0007462432,0.0022409464,0.0026459846790132914,0.005484788203643479,-0.0010682570799999988,0.00046140443333333146
TOPIX1000,return,TOPIX1000_return,2017-03-22,-0.0214359239,-0.0016910506,-0.0045862477,-0.0016516992,0.001894060697364283,0.005404331035263276,-0.0018546564799999988,0.0005815086428571409
TOPIX1000,return,TOPIX1000_return,2017-03-23,0.0002136867,-0.0214359239,-0.0016910506,-0.0020905281,0.008936604450534196,0.007220491052820472,-0.0058115014199999985,-0.0005141579476190496
TOPIX1000,return,TOPIX1000_return,2017-03-24,0.0088336546,0.0002136867,-0.0214359239,0.0007462432,0.009231020592079187,0.007085155516491177,-0.005350658459999999,-0.0007724617523809544
TOPIX1000,return,TOPIX1000_return,2017-03-27,-0.0127789637,0.0088336546,0.0002136867,-0.0045862477,0.011088149611041577,0.0073834816027775595,-0.003733176179999999,-0.00039746429523809725
TOPIX1000,return,TOPIX1000_return,2017-03-28,0.0132633699,-0.0127789637,0.0088336546,-0.0016910506,0.011826481608394645,0.007862896668773926,-0.005371719379999999,-0.000978061380952383
TOPIX1000,return,TOPIX1000_return,2017-03-29,0.0072665751,0.0132633699,-0.0127789637,-0.0214359239,0.014564125104534495,0.008420069279222378,-0.002380835279999999,-0.00016854887619047824
TOPIX1000,return,TOPIX1000_return,2017-03-30,-0.0093800313,0.0072665751,0.0132633699,0.0002136867,0.010169370619625459,0.008218836775230545,0.003359664520000001,0.0006784934666666646
TOPIX1000,return,TOPIX1000_return,2017-03-31,-0.0096483833,-0.0093800313,0.0072665751,0.0088336546,0.011701059602945096,0.008506888256594241,0.0014409209200000016,0.0001995799523809503
TOPIX1000,return,TOPIX1000_return,2017-04-03,0.0029161244,-0.0096483833,-0.0093800313,-0.0127789637,0.011701091777688851,0.008330661070532566,-0.0022554866599999984,-0.000821490442857145
TOPIX1000,return,TOPIX1000_return,2017-04-04,-0.0080658409,0.0029161244,-0.0096483833,0.0132633699,0.010178372033517265,0.008159583373391937,0.0008835309600000016,-0.001040172219047621
TOPIX1000,return,TOPIX1000_return,2017-04-05,0.000242894,-0.0080658409,0.0029161244,0.0072665751,0.007909501040659857,0.008274985073756114,-0.003382311199999998,-0.0012185221904761924
TOPIX1000,return,TOPIX1000_return,2017-04-06,-0.0160768352,0.000242894,-0.0080658409,-0.0093800313,0.005918566991292681,0.008278120425577571,-0.004787047419999998,-0.0011055545714285734
TOPIX1000,return,TOPIX1000_return,2017-04-07,0.0064954009,-0.0160768352,0.000242894,-0.0096483833,0.007705713977662348,0.008889414225318125,-0.006126408199999998,-0.0018798450238095257
TOPIX1000,return,TOPIX1000_return,2017-04-10,0.0066151543,0.0064954009,-0.0160768352,0.0029161244,0.00911445986214697,0.009067828173607625,-0.0028976513599999983,-0.001420199242857145
TOPIX1000,return,TOPIX1000_return,2017-04-11,-0.0029231834,0.0066151543,0.0064954009,-0.0080658409,0.009826627509119015,0.009193598493437987,-0.0021578453799999983,-0.0012392830238095258
TOPIX1000,return,TOPIX1000_return,2017-04-12,-0.0103333759,-0.0029231834,0.0066151543,0.000242894,0.009309167239876437,0.008636656438108186,-0.0011293138799999985,-0.001975935133333335
TOPIX1000,return,TOPIX1000_return,2017-04-13,-0.0076358877,-0.0103333759,-0.0029231834,-0.0160768352,0.010088392897316422,0.00876462262947795,-0.0032445678599999986,-0.0025747123857142876
TOPIX1000,return,TOPIX1000_return,2017-04-14,-0.006224735,-0.0076358877,-0.0103333759,0.0064954009,0.007865579618103384,0.008830148573177331,-0.0015563783599999985,-0.002859673742857145
TOPIX1000,return,TOPIX1000_return,2017-04-17,0.0044033816,-0.006224735,-0.0076358877,0.0066151543,0.006558799507502601,0.008858184463652854,-0.004100405539999999,-0.0030565407380952403
TOPIX1000,return,TOPIX1000_return,2017-04-18,0.0038629155,0.0044033816,-0.006224735,-0.0029231834,0.005669748434917129,0.008971903440241558,-0.004542760079999999,-0.0028823912904761924
TOPIX1000,return,TOPIX1000_return,2017-04-19,-0.0001692152,0.0038629155,0.0044033816,-0.0103333759,0.006844821307723696,0.009080466998446538,-0.003185540299999999,-0.002480050185714288
TOPIX1000,return,TOPIX1000_return,2017-04-20,0.0008520316,-0.0001692152,0.0038629155,-0.0076358877,0.005584598144357642,0.009093142392150373,-0.0011527081599999986,-0.0024075818333333353
TOPIX1000,return,TOPIX1000_return,2017-04-21,0.0107696614,0.0008520316,-0.0001692152,-0.006224735,0.004252333344313424,0.007995614880459082,0.0005448757000000012,-0.0013462506190476211
TOPIX1000,return,TOPIX1000_return,2017-04-24,0.0098348782,0.0107696614,0.0008520316,0.0044033816,0.004280364098588543,0.008419183280009674,0.003943754980000001,-0.0008435851571428592
TOPIX1000,return,TOPIX1000_return,2017-04-25,0.010683611,0.0098348782,0.0107696614,0.0038629155,0.005046778981840574,0.008479344953321153,0.005030054300000001,-0.0007959078428571449
TOPIX1000,return,TOPIX1000_return,2017-04-26,0.0120574127,0.010683611,0.0098348782,-0.0001692152,0.005549234751907164,0.00836647362267011,0.0063941934,0.000321357619047617
TOPIX1000,return,TOPIX1000_return,2017-04-27,-0.0007291375,0.0120574127,0.010683611,0.0008520316,0.004535186317986939,0.008276858312844844,0.008839518980000002,0.0002639310857142837
TOPIX1000,return,TOPIX1000_return,2017-04-28,-0.0031615588,-0.0007291375,0.0120574127,0.0107696614,0.005232849911794037,0.008121060519756118,0.008523285160000001,-0.00011681713333333537
TOPIX1000,return,TOPIX1000_return,2017-05-01,0.005128928,-0.0031615588,-0.0007291375,0.0098348782,0.007109930831294802,0.007876085304321318,0.005737041120000001,0.0001793006047619027
TOPIX1000,return,TOPIX1000_return,2017-05-02,0.0068719456,0.005128928,-0.0031615588,0.010683611,0.006733364780678057,0.00760976778357226,0.004795851080000002,0.0008829820952380933
TOPIX1000,return,TOPIX1000_return,2017-05-08,0.0229557399,0.0068719456,0.005128928,0.0120574127,0.006084642512810567,0.007710901902318982,0.0040335180000000016,0.0010713545333333313
TOPIX1000,return,TOPIX1000_return,2017-05-09,-0.0026971076,0.0229557399,0.0068719456,-0.0007291375,0.01022257778595138,0.008771466535737201,0.0062131834400000014,0.0025485726666666644
TOPIX1000,return,TOPIX1000_return,2017-05-10,0.0021635318,-0.0026971076,0.0229557399,-0.0031615588,0.010588050711532666,0.008833351319429467,0.005819589420000002,0.0024085725904761887
TOPIX1000,return,TOPIX1000_return,2017-05-11,0.0009797952,0.0021635318,-0.0026971076,0.005128928,0.009688416891725124,0.007755863182338702,0.006884607540000002,0.0032771614952380925
TOPIX1000,return,TOPIX1000_return,2017-05-12,-0.0038946153,0.0009797952,0.0021635318,0.0068719456,0.010047425354244903,0.007734792947744208,0.006054780980000001,0.003014513604761903
TOPIX1000,return,TOPIX1000_return,2017-05-15,-0.0004309235,-0.0038946153,0.0009797952,0.0229557399,0.01094237161901054,0.007829598053383322,0.003901468800000002,0.002514048385714284
TOPIX1000,return,TOPIX1000_return,2017-05-16,0.0026339726,-0.0004309235,-0.0038946153,-0.0026971076,0.002512924465932728,0.007761654799227613,-0.0007758638799999986,0.0026327274285714267
TOPIX1000,return,TOPIX1000_return,2017-05-17,-0.0053851965,0.0026339726,-0.0004309235,0.0021635318,0.0026225408316585927,0.007171954497632179,0.00029035216000000144,0.0032502202142857123
TOPIX1000,return,TOPIX1000_return,2017-05-18,-0.013327693,-0.0053851965,0.0026339726,0.0009797952,0.0033472851870485704,0.007016268534856731,-0.0012193934999999985,0.0033573959857142836
TOPIX1000,return,TOPIX1000_return,2017-05-19,0.0030404004,-0.013327693,-0.0053851965,-0.0038946153,0.006034296036378303,0.007644386720070062,-0.004080891139999998,0.0030191598904761884
TOPIX1000,return,TOPIX1000_return,2017-05-22,0.0050180053,0.0030404004,-0.013327693,-0.0004309235,0.0068320955894926975,0.00763782981346051,-0.002693887999999998,0.002954256023809522
TOPIX1000,return,TOPIX1000_return,2017-05-23,-0.0016854833,0.0050180053,0.0030404004,0.0026339726,0.0076668808113973756,0.007648852035896127,-0.0016041022399999987,0.003009260299999998
TOPIX1000,return,TOPIX1000_return,2017-05-24,0.0062225903,-0.0016854833,0.0050180053,-0.0053851965,0.00730475958156341,0.007687415628260339,-0.0024679934199999987,0.002937057057142855
TOPIX1000,return,TOPIX1000_return,2017-05-25,0.0022846379,0.0062225903,-0.0016854833,-0.013327693,0.007960937113231184,0.007703898710721472,-0.00014643605999999868,0.003192797947619045
TOPIX1000,return,TOPIX1000_return,2017-05-26,-0.0056013925,0.0022846379,0.0062225903,0.0030404004,0.0030381610283920055,0.007506625869054954,0.0029760301200000014,0.0027887492095238072
TOPIX1000,return,TOPIX1000_return,2017-05-29,0.0005294171,-0.0056013925,0.0022846379,0.0050180053,0.004887576293563151,0.007537866375536493,0.0012476715400000014,0.002053688699999998
TOPIX1000,return,TOPIX1000_return,2017-05-30,0.0015239673,0.0005294171,-0.0056013925,-0.0016854833,0.004410912492743142,0.007277796873509092,0.0003499539000000014,0.001570155657142855
TOPIX1000,return,TOPIX1000_return,2017-05-31,-0.0027368115,0.0015239673,0.0005294171,0.0062225903,0.004271995561561885,0.006870453482326093,0.0009918440200000014,0.0010685630190476168
TOPIX1000,return,TOPIX1000_return,2017-06-01,0.0113532749,-0.0027368115,0.0015239673,0.0022846379,0.003297263013862468,0.006910570990956922,-0.0008000363399999985,0.0009729594952380932
TOPIX1000,return,TOPIX1000_return,2017-06-02,0.0166578837,0.0113532749,-0.0027368115,-0.0056013925,0.006427042419577195,0.00719633286791445,0.0010136910600000017,0.0016641420523809502
TOPIX1000,return,TOPIX1000_return,2017-06-05,-0.0014529576,0.0166578837,0.0113532749,0.0005294171,0.00817180907930199,0.007881060555187197,0.005465546300000001,0.0022131399428571407
TOPIX1000,return,TOPIX1000_return,2017-06-06,-0.0083386309,-0.0014529576,0.0166578837,0.0015239673,0.008512170953394209,0.007844290660806271,0.005069071360000002,0.0018167159809523788
TOPIX1000,return,TOPIX1000_return,2017-06-07,0.0009262054,-0.0083386309,-0.0014529576,-0.0027368115,0.010459120013233476,0.006481880635868506,0.0030965517200000014,0.0003265078476190454
TOPIX1000,return,TOPIX1000_return,2017-06-08,-0.004309628,0.0009262054,-0.0083386309,0.0113532749,0.010069402960643146,0.006445493606255919,0.003829155100000002,0.0004990465619047597
TOPIX1000,return,TOPIX1000_return,2017-06-09,0.0007570054,-0.004309628,0.0009262054,0.0166578837,0.009567309053077091,0.006516307515746952,0.0006965745200000015,0.00019080085714285493
TOPIX1000,return,TOPIX1000_return,2017-06-12,-1.03299e-05,0.0007570054,-0.004309628,-0.0014529576,0.0038989192437708397,0.0065151400012640566,-0.002483601139999999,0.00018019181904761685
TOPIX1000,return,TOPIX1000_return,2017-06-13,0.001142565,-1.03299e-05,0.0007570054,-0.0083386309,0.004044900946305493,0.006448467917137725,-0.0021950755999999984,0.00036515779047618826
TOPIX1000,return,TOPIX1000_return,2017-06-14,-0.0011048345,0.001142565,-1.03299e-05,0.0009262054,0.0022837935859807558,0.006447896896398361,-0.0002988364199999986,0.00044008581428571205
TOPIX1000,return,TOPIX1000_return,2017-06-15,-0.0023267826,-0.0011048345,0.001142565,-0.004309628,0.0021901331810305334,0.006435897279797176,-0.0007050443999999987,0.00026204738095237875
TOPIX1000,return,TOPIX1000_return,2017-06-16,0.0050200541,-0.0023267826,-0.0011048345,0.0007570054,0.001417516321466333,0.006335537583907593,-0.0003084753199999986,0.00040768613809523586
TOPIX1000,return,TOPIX1000_return,2017-06-19,0.0062436588,0.0050200541,-0.0023267826,-1.03299e-05,0.002813390741520511,0.005564905928666949,0.0005441344200000014,0.0012813883809523786
TOPIX1000,return,TOPIX1000_return,2017-06-20,0.0068616045,0.0062436588,0.0050200541,0.001142565,0.0037421699053493424,0.0056586436172348905,0.0017949321600000015,0.001433924495238093
TOPIX1000,return,TOPIX1000_return,2017-06-21,-0.003517887,0.0068616045,0.0062436588,-0.0011048345,0.004322020520860928,0.005730868940985533,0.0029387400600000015,0.001521714933333331
TOPIX1000,return,TOPIX1000_return,2017-06-22,-0.0008503018,-0.003517887,0.0068616045,-0.0023267826,0.004972233372114226,0.005795725808211334,0.0024561295600000013,0.001434457614285712
TOPIX1000,return,TOPIX1000_return,2017-06-23,0.0007014422,-0.0008503018,-0.003517887,0.0050200541,0.004650609081739388,0.00570841695553827,0.0027514257200000015,0.0010976532285714264
TOPIX1000,return,TOPIX1000_return,2017-06-26,0.0004123542,0.0007014422,-0.0008503018,0.0062436588,0.004523227146678389,0.005702408157002372,0.0018877033400000014,0.0010222629571428551
TOPIX1000,return,TOPIX1000_return,2017-06-27,0.0042403448,0.0004123542,0.0007014422,0.0068616045,0.0038157509002027332,0.005500573619578059,0.0007214424200000014,0.0013086318476190453
TOPIX1000,return,TOPIX1000_return,2017-06-28,-0.0015340336,0.0042403448,0.0004123542,-0.003517887,0.002808322579313261,0.005533797100267427,0.0001971904800000015,0.0014853426904761883
TOPIX1000,return,TOPIX1000_return,2017-06-29,0.0059400759,-0.0015340336,0.0042403448,-0.0008503018,0.0022335456178547803,0.005572827132398147,0.0005939611600000016,0.0013397235999999977
TOPIX1000,return,TOPIX1000_return,2017-06-30,-0.0076008847,0.0059400759,-0.0015340336,0.0007014422,0.003050741940989074,0.005577131821565764,0.0019520367000000018,0.001752908714285712
TOPIX1000,return,TOPIX1000_return,2017-07-03,0.0014102842,-0.0076008847,0.0059400759,0.0004123542,0.005318286844518025,0.00547862565102144,0.00029157132000000134,0.0008503296857142835
TOPIX1000,return,TOPIX1000_return,2017-07-04,-0.0027087598,0.0014102842,-0.0076008847,0.0042403448,0.005342622412942234,0.004121108146046896,0.0004911573200000015,0.00012425351904761677
TOPIX1000,return,TOPIX1000_return,2017-07-05,0.0055302618,-0.0027087598,0.0014102842,-0.0015340336,0.00501745724584233,0.004154117953771987,-0.0008986635999999985,6.4453414285712e-05
TOPIX1000,return,TOPIX1000_return,2017-07-06,-0.0019785238,0.0055302618,-0.0027087598,0.0059400759,0.005736855447838908,0.003842120590661137,0.0005141954800000015,0.0007248768761904739
TOPIX1000,return,TOPIX1000_return,2017-07-07,-0.0051922823,-0.0019785238,0.0055302618,-0.0076008847,0.004895882672015641,0.0038865400505441947,-0.0010695244599999987,0.0005865564380952359
TOPIX1000,return,TOPIX1000_return,2017-07-10,0.0052038952,-0.0051922823,-0.0019785238,0.0014102842,0.004155022896174686,0.003946448576994001,-0.0005878039799999986,0.0005445252809523787
TOPIX1000,return,TOPIX1000_return,2017-07-11,0.0071901437,0.0052038952,-0.0051922823,-0.0027087598,0.00489208511791333,0.004075610685160962,0.0001709182200000015,0.0007562819380952357
TOPIX1000,return,TOPIX1000_return,2017-07-12,-0.0048645922,0.0071901437,0.0052038952,0.0055302618,0.005410852750338531,0.004304358467921897,0.0021506989200000015,0.001099161633333331
TOPIX1000,return,TOPIX1000_return,2017-07-13,-9.22334e-05,-0.0048645922,0.0071901437,-0.0019785238,0.005772598553632448,0.004496643939415326,7.172812000000132e-05,0.0008131065285714263
TOPIX1000,return,TOPIX1000_return,2017-07-14,0.003976704,-9.22334e-05,-0.0048645922,-0.0051922823,0.005665759181158963,0.004480448918585607,0.0004489862000000014,0.0008613256285714262
TOPIX1000,return,TOPIX1000_return,2017-07-18,-0.0032004185,0.003976704,-9.22334e-05,0.0052038952,0.004801305265992144,0.004467314103699803,0.0022827834600000012,0.0011614916571428548
TOPIX1000,return,TOPIX1000_return,2017-07-19,0.0007424932,-0.0032004185,0.003976704,0.0071901437,0.0049903968081695645,0.004472458771580782,0.0006019207200000014,0.0007700405809523786
TOPIX1000,return,TOPIX1000_return,2017-07-20,0.0068310371,0.0007424932,-0.0032004185,-0.0048645922,0.0034611009955597587,0.004293349071019915,-0.0006876093799999985,0.0005080803142857119
TOPIX1000,return,TOPIX1000_return,2017-07-21,-0.0020226866,0.0068310371,0.0007424932,-9.22334e-05,0.0038614178378510383,0.004291091896909742,0.0016515164800000016,0.0005066247238095215
TOPIX1000,return,TOPIX1000_return,2017-07-24,-0.0055406121,-0.0020226866,0.0068310371,0.003976704,0.004164011455060497,0.004232987456957555,0.0012654258400000018,0.0005778247428571406
TOPIX1000,return,TOPIX1000_return,2017-07-25,-0.0027498184,-0.0055406121,-0.0020226866,-0.0032004185,0.004748979564650247,0.00443120642858259,-0.0006380373799999984,0.0003544766333333311
TOPIX1000,return,TOPIX1000_return,2017-07-26,0.0025109245,-0.0027498184,-0.0055406121,0.0007424932,0.004692132820054713,0.0044814108873024484,-0.0005479173599999984,0.00019013089047618823
TOPIX1000,return,TOPIX1000_return,2017-07-27,0.0038158827,0.0025109245,-0.0027498184,0.0068310371,0.004876738814584579,0.004509921598198985,-0.00019423109999999839,0.00029006280952380726
TOPIX1000,return,TOPIX1000_return,2017-07-28,-0.0035002733,0.0038158827,0.0025109245,-0.0020226866,0.0038742326355858687,0.0044922486301501585,-0.0007972619799999983,0.00026985032857142633
TOPIX1000,return,TOPIX1000_return,2017-07-31,-0.0014440354,-0.0035002733,0.0038158827,-0.0055406121,0.0040437193975379,0.004551822108328419,-0.0010927793199999986,0.00017621986666666438
TOPIX1000,return,TOPIX1000_return,2017-08-01,0.0064150231,-0.0014440354,-0.0035002733,-0.0027498184,0.0032553971542346035,0.004365709836641153,-0.0002734639799999986,-0.00017540448095238324
TOPIX1000,return,TOPIX1000_return,2017-08-02,0.0034902836,0.0064150231,-0.0014440354,0.0025109245,0.004006092447418185,0.004243405890246053,0.0015595043200000015,0.0004920196999999978
TOPIX1000,return,TOPIX1000_return,2017-08-03,-0.0003655806,0.0034902836,0.0064150231,0.0038158827,0.004087358138481985,0.004289931402603187,0.0017553761400000013,0.0005910672904761882
TOPIX1000,return,TOPIX1000_return,2017-08-04,-0.0016660317,-0.0003655806,0.0034902836,-0.0035002733,0.00398691075120069,0.004229864615411815,0.0009190834800000015,0.00070264725238095
TOPIX1000,return,TOPIX1000_return,2017-08-07,0.0046757264,-0.0016660317,-0.0003655806,-0.0014440354,0.0035376915866020243,0.0041089770051106365,0.0012859318000000015,0.00035996660952380727
TOPIX1000,return,TOPIX1000_return,2017-08-08,-0.0025016965,0.0046757264,-0.0016660317,0.0064150231,0.0034135295760775444,0.004175658988455291,0.002509884160000001,0.0006768356666666643
TOPIX1000,return,TOPIX1000_return,2017-08-09,-0.0105598765,-0.0025016965,0.0046757264,0.0034902836,0.0031848465250699795,0.0040251357399598104,0.0007265402400000013,0.0008049587999999977
TOPIX1000,return,TOPIX1000_return,2017-08-10,-0.0004413213,-0.0105598765,-0.0025016965,-0.0003655806,0.005496283181725693,0.00459352820751926,-0.002083491779999999,5.430300476190244e-05
TOPIX1000,return,TOPIX1000_return,2017-08-14,-0.0111752724,-0.0004413213,-0.0105598765,-0.0016660317,0.005490466122907279,0.004292797170184934,-0.0020986399199999987,-0.00030910009047619276
TOPIX1000,return,TOPIX1000_return,2017-08-15,0.0107772465,-0.0111752724,-0.0004413213,0.0046757264,0.0067951057488835655,0.004816569991371128,-0.004000488059999999,-0.0006096086714285737
TOPIX1000,return,TOPIX1000_return,2017-08-16,-0.0002362549,0.0107772465,-0.0111752724,-0.0025016965,0.008949202204914783,0.005421041147814571,-0.0027801840399999988,-9.201439047619277e-05
TOPIX1000,return,TOPIX1000_return,2017-08-17,-0.0009041452,-0.0002362549,0.0107772465,-0.0105598765,0.009023863577323881,0.005340294406457145,-0.002327095719999999,-0.0002926314809523833
TOPIX1000,return,TOPIX1000_return,2017-08-18,-0.0108389428,-0.0009041452,-0.0002362549,-0.0004413213,0.007767237843530371,0.005301143846070868,-0.00039594945999999864,-0.00018328513333333566
TOPIX1000,return,TOPIX1000_return,2017-08-21,-0.0015127225,-0.0108389428,-0.0009041452,-0.0111752724,0.009065758098414166,0.005780749820149754,-0.0024754737599999984,-0.000734782085714288
TOPIX1000,return,TOPIX1000_return,2017-08-22,0.0005414298,-0.0015127225,-0.0108389428,0.0107772465,0.007670060284866345,0.005515386580749649,-0.0005429637799999985,-0.0011321039714285738
TOPIX1000,return,TOPIX1000_return,2017-08-23,0.0024351157,0.0005414298,-0.0015127225,-0.0002362549,0.00467422878782328,0.0055230620128384035,-0.0025901271199999984,-0.001010003190476193
TOPIX1000,return,TOPIX1000_return,2017-08-24,-0.0051646461,0.0024351157,0.0005414298,-0.0009041452,0.005140008896855835,0.005469906548719563,-0.0020558529999999985,-0.0006302066285714309
TOPIX1000,return,TOPIX1000_return,2017-08-25,0.0029740011,-0.0051646461,0.0024351157,-0.0108389428,0.005253250325685877,0.005541607415364969,-0.0029079531799999984,-0.0007451984238095262
TOPIX1000,return,TOPIX1000_return,2017-08-28,0.0018832031,0.0029740011,-0.0051646461,-0.0015127225,0.003313753985279703,0.005556114434107318,-0.00014536439999999866,-0.0007231471571428594
TOPIX1000,return,TOPIX1000_return,2017-08-29,-0.0013812548,0.0018832031,0.0029740011,0.0005414298,0.0033114505013702865,0.005492816002053932,0.0005338207200000013,-0.0008151795190476214
TOPIX1000,return,TOPIX1000_return,2017-08-30,0.0062238798,-0.0013812548,0.0018832031,0.0024351157,0.003420194834621686,0.005460391214627494,0.00014928380000000128,-0.0007142738761904784
TOPIX1000,return,TOPIX1000_return,2017-08-31,0.0061232199,0.0062238798,-0.0013812548,-0.0051646461,0.004347288615739704,0.005661815147935067,0.0009070366200000013,-0.0003491350571428594
TOPIX1000,return,TOPIX1000_return,2017-09-01,0.001196709,0.0061232199,0.0062238798,0.0029740011,0.003180240809497532,0.00564471657297664,0.0031646098200000016,-0.00036303044761904987
TOPIX1000,return,TOPIX1000_return,2017-09-04,-0.0096182454,0.001196709,0.0061232199,0.0018832031,0.003303796109668626,0.005588339478415308,0.002809151400000001,-0.000472248285714288
TOPIX1000,return,TOPIX1000_return,2017-09-05,-0.0076087576,-0.0096182454,0.001196709,-0.0013812548,0.006534263967498422,0.00593359880290911,0.0005088617000000014,-0.0009128513714285737
TOPIX1000,return,TOPIX1000_return,2017-09-06,0.000667961,-0.0076087576,-0.0096182454,0.0062238798,0.007505885472067094,0.00611039303494131,-0.0007366388599999987,-0.0011958383190476213
TOPIX1000,return,TOPIX1000_return,2017-09-07,0.003729385,0.000667961,-0.0076087576,0.0061232199,0.0065708390044045455,0.005979011919204888,-0.0018478226199999987,-0.0013866842904761926
TOPIX1000,return,TOPIX1000_return,2017-09-08,-0.0030087663,0.003729385,0.000667961,0.001196709,0.005897570214979703,0.006074758053940988,-0.002326589599999999,-0.001089966123809526
TOPIX1000,return,TOPIX1000_return,2017-09-11,0.0117949887,-0.0030087663,0.003729385,-0.0096182454,0.005559673220791438,0.00569798691098103,-0.0031676846599999987,-0.0007303894476190498
TOPIX1000,return,TOPIX1000_return,2017-09-12,0.0094371668,0.0117949887,-0.0030087663,-0.0076087576,0.007317895984866243,0.006320651720787441,0.001114962160000001,-0.00014770801904762123
TOPIX1000,return,TOPIX1000_return,2017-09-13,0.0060268327,0.0094371668,0.0117949887,0.000667961,0.006108385680157365,0.0061198177329436195,0.004524147040000001,0.0008338367047619026
TOPIX1000,return,TOPIX1000_return,2017-09-14,-0.0031754407,0.0060268327,0.0094371668,0.003729385,0.005720443486052303,0.005814054518037516,0.0055959213800000004,0.0006076265238095216
TOPIX1000,return,TOPIX1000_return,2017-09-15,0.0038318781,-0.0031754407,0.0060268327,-0.0030087663,0.006978742827322037,0.005870488431472684,0.004214956240000001,0.000467665295238093
TOPIX1000,return,TOPIX1000_return,2017-09-19,0.017930094,0.0038318781,-0.0031754407,0.0117949887,0.005775316098807639,0.005906016682039727,0.005583085120000001,0.000693190214285712
TOPIX1000,return,TOPIX1000_return,2017-09-20,9.97002e-05,0.017930094,0.0038318781,0.0094371668,0.007741932622926773,0.0064122116323201825,0.006810106180000002,0.0020631443476190454
TOPIX1000,return,TOPIX1000_return,2017-09-21,0.0005825557,9.97002e-05,0.017930094,0.0060268327,0.008069084944493288,0.006376808153256082,0.004942612860000002,0.002139926380952379
TOPIX1000,return,TOPIX1000_return,2017-09-22,-0.0023389687,0.0005825557,9.97002e-05,-0.0031754407,0.008251470516402891,0.006376298989410923,0.0038537574600000014,0.002141884757142855
TOPIX1000,return,TOPIX1000_return,2017-09-25,0.0048186503,-0.0023389687,0.0005825557,0.0038318781,0.008080027168443015,0.0064500019831712305,0.004021051860000001,0.0019145474047619025
TOPIX1000,return,TOPIX1000_return,2017-09-26,-0.0002382903,0.0048186503,-0.0023389687,0.017930094,0.008086299970570414,0.006267468925925729,0.004218406300000001,0.0023899424714285693
TOPIX1000,return,TOPIX1000_return,2017-09-27,0.0025522503,-0.0002382903,0.0048186503,9.97002e-05,0.0026166159559539368,0.006291654971371938,0.0005847294400000006,0.0022369762142857123
TOPIX1000,return,TOPIX1000_return,2017-09-28,0.0070035321,0.0025522503,-0.0002382903,0.0005825557,0.002730366313156951,0.006291467922800386,0.0010752394600000007,0.0022688356047619023
TOPIX1000,return,TOPIX1000_return,2017-09-29,-0.0008558149,0.0070035321,0.0025522503,-0.0023389687,0.0037575167853360373,0.006314260538141945,0.0023594347400000006,0.002668111171428569
TOPIX1000,return,TOPIX1000_return,2017-10-02,-0.0008319345,-0.0008558149,0.0070035321,0.0048186503,0.0033278602694506907,0.006303909587367637,0.0026560655000000006,0.0023309828523809498
TOPIX1000,return,TOPIX1000_return,2017-10-03,0.0066806259,-0.0008319345,-0.0008558149,-0.0002382903,0.0033690564390628855,0.006277360010514417,0.0015259485400000007,0.0019997850238095216
TOPIX1000,return,TOPIX1000_return,2017-10-04,0.0001664481,0.0066806259,-0.0008319345,0.0025522503,0.0038498715849678675,0.00635585655208388,0.002909731780000001,0.0022609239238095213
TOPIX1000,return,TOPIX1000_return,2017-10-05,-0.001022744,0.0001664481,0.0066806259,0.0070035321,0.004048007126842736,0.0057734363984669225,0.002432571340000001,0.002726861709523807
TOPIX1000,return,TOPIX1000_return,2017-10-06,0.0028263609,-0.001022744,0.0001664481,-0.0008558149,0.0033055539255384832,0.0053470569934791256,0.0008273161200000005,0.003040481404761902
TOPIX1000,return,TOPIX1000_return,2017-10-10,0.0045425685,0.0028263609,-0.001022744,-0.0008319345,0.003246471673067141,0.005319847375455266,0.0015637512800000003,0.0031432623523809495
TOPIX1000,return,TOPIX1000_return,2017-10-11,0.0011134883,0.0045425685,0.0028263609,0.0066806259,0.0031430597540606053,0.00532728144073244,0.002638651880000001,0.0031819853761904738
TOPIX1000,return,TOPIX1000_return,2017-10-12,0.0018796051,0.0011134883,0.0045425685,0.0001664481,0.002196887811559723,0.00516111729738504,0.0015252243600000005,0.003378283214285712
TOPIX1000,return,TOPIX1000_return,2017-10-13,0.005027294,0.0018796051,0.0011134883,-0.001022744,0.002061407021255886,0.004793047471811377,0.0018678557600000007,0.0029061220904761883
TOPIX1000,return,TOPIX1000_return,2017-10-16,0.0062997017,0.005027294,0.0018796051,0.0028263609,0.0016810329182310642,0.004584674797823354,0.00307786336,0.002696128147619045
TOPIX1000,return,TOPIX1000_return,2017-10-17,0.0025069625,0.0062997017,0.005027294,0.0045425685,0.002191327008220408,0.004594961718955248,0.0037725315200000005,0.002709121909523807
TOPIX1000,return,TOPIX1000_return,2017-10-18,0.0009754138,0.0025069625,0.0062997017,0.0011134883,0.002201569091818028,0.004394022361351,0.0033654103200000006,0.0029797125380952357
TOPIX1000,return,TOPIX1000_return,2017-10-19,0.0033533003,0.0009754138,0.0025069625,0.0018796051,0.002237450755443291,0.0044105052727993685,0.0033377954200000002,0.002843690428571426
TOPIX1000,return,TOPIX1000_return,2017-10-20,0.0004046218,0.0033533003,0.0009754138,0.005027294,0.0020895160573441724,0.002753116694780753,0.0036325344600000005,0.0021495573952380925
TOPIX1000,return,TOPIX1000_return,2017-10-23,0.0083185415,0.0004046218,0.0033533003,0.0062997017,0.0023272599622750126,0.0027425488958941584,0.0027080000200000007,0.0021640774714285693
TOPIX1000,return,TOPIX1000_return,2017-10-24,0.0066358006,0.0083185415,0.0004046218,0.0025069625,0.0031395568015687406,0.0030245488978298306,0.0031117679800000005,0.0025324577476190453
TOPIX1000,return,TOPIX1000_return,2017-10-25,-0.0031225064,0.0066358006,0.0083185415,0.0009754138,0.003466656280484479,0.002934527225809248,0.003937535600000001,0.0029598277142857117
TOPIX1000,return,TOPIX1000_return,2017-10-26,0.0013215063,-0.0031225064,0.0066358006,0.0033533003,0.004630935665680992,0.003184066713444023,0.0031179515600000007,0.0025816773952380932
TOPIX1000,return,TOPIX1000_return,2017-10-27,0.009816818,0.0013215063,-0.0031225064,0.0004046218,0.0046938377083622805,0.003132774924914846,0.0027115927600000005,0.0026559534238095213
TOPIX1000,return,TOPIX1000_return,2017-10-30,-0.0002744753,0.009816818,0.0013215063,0.0083185415,0.00537523657547195,0.003500283965609551,0.0045940320000000005,0.003001885219047617
TOPIX1000,return,TOPIX1000_return,2017-10-31,-0.0029543627,-0.0002744753,0.009816818,0.0066358006,0.005259160525661679,0.0034441164709007877,0.0028754286400000007,0.0026553134380952357
TOPIX1000,return,TOPIX1000_return,2017-11-01,0.0120999729,-0.0029543627,-0.0002744753,-0.0031225064,0.005293555069727795,0.003578892983940135,0.0009573959800000007,0.0025553825904761885
TOPIX1000,return,TOPIX1000_return,2017-11-02,0.0043985228,0.0120999729,-0.0029543627,0.0013215063,0.006581290581735563,0.004048649479769476,0.004001891840000001,0.0031711877047619027
TOPIX1000,return,TOPIX1000_return,2017-11-06,-0.0007345131,0.0043985228,0.0120999729,0.009816818,0.00640961750520458,0.0039797829554490405,0.004617295140000001,0.0030625161285714264
TOPIX1000,return,TOPIX1000_return,2017-11-07,0.0118473947,-0.0007345131,0.0043985228,-0.0002744753,0.005993193683709121,0.004017244170603946,0.0025070289200000008,0.003019613214285712
TOPIX1000,return,TOPIX1000_return,2017-11-08,0.0023289781,0.0118473947,-0.0007345131,-0.0029543627,0.006960445439063886,0.004338585294774098,0.004931402920000001,0.0036324769619047598
TOPIX1000,return,TOPIX1000_return,2017-11-09,-0.0025318763,0.0023289781,0.0118473947,0.0120999729,0.005761852574674447,0.004344559545677881,0.005988071080000001,0.003608792066666664
TOPIX1000,return,TOPIX1000_return,2017-11-10,-0.0071338401,-0.0025318763,0.0023289781,0.0043985228,0.005594902538638885,0.004538483201327514,0.0030617012400000003,0.0032719137428571404
TOPIX1000,return,TOPIX1000_return,2017-11-13,-0.0095451115,-0.0071338401,-0.0025318763,-0.0007345131,0.007084748234559575,0.005061316703024224,0.0007552286600000008,0.002879183819047617
TOPIX1000,return,TOPIX1000_return,2017-11-14,-0.0024196529,-0.0095451115,-0.0071338401,0.0118473947,0.008501867122217689,0.005742329911457206,-0.0010068910199999993,0.0023351496952380927
TOPIX1000,return,TOPIX1000_return,2017-11-15,-0.0193994991,-0.0024196529,-0.0095451115,0.0023289781,0.0046146636813920745,0.0057974423352679105,-0.003860300539999999,0.0019805331761904737
TOPIX1000,return,TOPIX1000_return,2017-11-16,0.0101818783,-0.0193994991,-0.0024196529,-0.0025318763,0.006962662225880229,0.007345772142374943,-0.008205995979999998,0.0007567617095238074
TOPIX1000,return,TOPIX1000_return,2017-11-17,0.0011822788,0.0101818783,-0.0193994991,-0.0071338401,0.010810932386652827,0.007622899773297788,-0.005663245059999998,0.0011222338904761883
TOPIX1000,return,TOPIX1000_return,2017-11-20,-0.0026930995,0.0011822788,0.0101818783,-0.0095451115,0.011162123641017927,0.007622834218842263,-0.004000021279999998,0.0011320846047619027
TOPIX1000,return,TOPIX1000_return,2017-11-21,0.0064630431,-0.0026930995,0.0011822788,-0.0024196529,0.010723129464048207,0.007648886724298075,-0.002629618879999999,0.0008441608047619025
TOPIX1000,return,TOPIX1000_return,2017-11-22,0.0033525685,0.0064630431,-0.0026930995,-0.0193994991,0.011475996476723191,0.007745128063155266,-0.0008530796799999989,0.001132657057142855
TOPIX1000,return,TOPIX1000_return,2017-11-24,0.001844425,0.0033525685,0.0064630431,0.0101818783,0.004923933078125733,0.00758899505168277,0.0036973338400000007,0.0008961821523809501
TOPIX1000,return,TOPIX1000_return,2017-11-27,-0.0023036111,0.001844425,0.0033525685,0.0011822788,0.003333983977208804,0.0074790362301800604,0.0020298431800000005,0.0006680214095238073
TOPIX1000,return,TOPIX1000_return,2017-11-28,-0.0025778469,-0.0023036111,0.001844425,-0.0026930995,0.003875950579559846,0.007460396184217977,0.0013326652000000005,0.0007070164238095216
TOPIX1000,return,TOPIX1000_return,2017-11-29,0.0079581544,-0.0025778469,-0.0023036111,0.0064630431,0.003846252670225923,0.0074927928980582535,0.0013557157200000006,0.0005213329380952359
TOPIX1000,return,TOPIX1000_return,2017-11-30,0.0034450001,0.0079581544,-0.0025778469,0.0033525685,0.004365631982017756,0.007387742121160978,0.0016547379800000005,0.0004328251476190455
TOPIX1000,return,TOPIX1000_return,2017-12-01,0.0024864536,0.0034450001,0.0079581544,0.001844425,0.004374804900598221,0.0074144750704708716,0.0016732243000000004,0.0006099430238095217
TOPIX1000,return,TOPIX1000_return,2017-12-04,-0.0054281051,0.0024864536,0.0034450001,-0.0023036111,0.0043904801486639045,0.0073786725976355706,0.0018016300200000006,0.0008690295142857122
TOPIX1000,return,TOPIX1000_return,2017-12-05,0.0023600074,-0.0054281051,0.0024864536,-0.0025778469,0.005257585863399251,0.0070277515377880784,0.0011767312200000005,3.435913333333116e-05
TOPIX1000,return,TOPIX1000_return,2017-12-06,-0.0143892918,0.0023600074,-0.0054281051,0.0079581544,0.004821712379576099,0.006978361791249777,0.0021643020800000004,-6.271302857143072e-05
TOPIX1000,return,TOPIX1000_return,2017-12-07,0.0119492075,-0.0143892918,0.0023600074,0.0034450001,0.00764144483051233,0.00764810923154228,-0.0023051871599999996,-0.0007129405857142878
TOPIX1000,return,TOPIX1000_return,2017-12-08,0.009986952,0.0119492075,-0.0143892918,0.0024864536,0.009864399643270008,0.007656497157301496,-0.0006043456799999996,-0.0007080923571428592
TOPIX1000,return,TOPIX1000_return,2017-12-11,0.0053776763,0.009986952,0.0119492075,-0.0054281051,0.010961256456219178,0.00798375398211003,0.0008957540000000003,-0.0003434269333333354
TOPIX1000,return,TOPIX1000_return,2017-12-12,0.0010262093,0.0053776763,0.009986952,0.0023600074,0.010456338073743765,0.008061541937531606,0.0030569102800000005,3.321842857142644e-05
TOPIX1000,return,TOPIX1000_return,2017-12-13,-0.002376868,0.0010262093,0.0053776763,-0.0143892918,0.01049550252514621,0.007893724374090702,0.0027901506600000008,0.0004217922095238074
TOPIX1000,return,TOPIX1000_return,2017-12-14,-0.0018278999,-0.002376868,0.0010262093,0.0119492075,0.005985972487983429,0.007590336539739971,0.00519263542,0.000763137138095236
TOPIX1000,return,TOPIX1000_return,2017-12-15,-0.0083496418,-0.0018278999,-0.002376868,0.009986952,0.005220210214935861,0.00757901979611382,0.0024372139400000003,0.0007913158523809503
TOPIX1000,return,TOPIX1000_return,2017-12-18,0.0139460713,-0.0083496418,-0.0018278999,0.0053776763,0.00502777178022733,0.006398846244327654,-0.0012301048199999999,0.001317499533333331
TOPIX1000,return,TOPIX1000_return,2017-12-19,-0.0014043791,0.0139460713,-0.0083496418,0.0010262093,0.00826262712483787,0.0067049741153105405,0.0004835741800000001,0.001496746819047617
TOPIX1000,return,TOPIX1000_return,2017-12-20,0.0032846235,-0.0014043791,0.0139460713,-0.002376868,0.008294160456857411,0.006734733067176084,-2.5434999999998567e-06,0.001373572633333331
TOPIX1000,return,TOPIX1000_return,2017-12-21,0.0006465893,0.0032846235,-0.0014043791,-0.0018278999,0.008275414545357575,0.006680364149002671,0.0011297548,0.0016582261095238074
TOPIX1000,return,TOPIX1000_return,2017-12-22,0.0036016415,0.0006465893,0.0032846235,-0.0083496418,0.008126977479448275,0.0065911737936751895,0.0016246526400000003,0.0013812521190476167
TOPIX1000,return,TOPIX1000_return,2017-12-25,0.0016345544,0.0036016415,0.0006465893,0.0139460713,0.005917059081148663,0.006595121401982979,0.0040149093,0.001393112738095236
TOPIX1000,return,TOPIX1000_return,2017-12-26,-0.002733223,0.0016345544,0.0036016415,-0.0014043791,0.002047545712745387,0.0065945623055796475,0.00155260592,0.0013831188999999977
TOPIX1000,return,TOPIX1000_return,2017-12-27,0.0024205734,-0.002733223,0.0016345544,0.0032846235,0.0025515278601270733,0.006607225377239589,0.0012868371400000002,0.0013626611904761882
TOPIX1000,return,TOPIX1000_return,2017-12-28,-0.006012223,0.0024205734,-0.002733223,0.0006465893,0.002407595726860787,0.006547940110727631,0.00111402712,0.0016006812047619026
TOPIX1000,return,TOPIX1000_return,2017-12-29,-0.0008731451,-0.006012223,0.0024205734,0.0036016415,0.004027500935564775,0.0065793440423694725,-0.00021773533999999982,0.0009354251380952358
TOPIX1000,return,TOPIX1000_return,2018-01-04,0.0258730705,-0.0008731451,-0.006012223,0.0016345544,0.0034176100797328906,0.006564451224640044,-0.00111269266,0.0007297991761904738
TOPIX1000,return,TOPIX1000_return,2018-01-05,0.0091101738,0.0258730705,-0.0008731451,-0.002733223,0.012746599046425193,0.00855831229467193,0.0037350105600000003,0.0018434475999999978
TOPIX1000,return,TOPIX1000_return,2018-01-09,0.0048594423,0.0091101738,0.0258730705,0.0024205734,0.012337992887001494,0.00852865517471712,0.0061036899200000005,0.002535746595238093
TOPIX1000,return,TOPIX1000_return,2018-01-10,0.0015234879,0.0048594423,0.0091101738,-0.006012223,0.012203457117314126,0.008543507402504435,0.0065914636999999995,0.0026547673047619025
TOPIX1000,return,TOPIX1000_return,2018-01-11,-0.0022469425,0.0015234879,0.0048594423,-0.0008731451,0.010620399415516965,0.00761101926726996,0.00809860588,0.0034125187190476164
TOPIX1000,return,TOPIX1000_return,2018-01-12,-0.0063728552,-0.0022469425,0.0015234879,0.0258730705,0.010923965932263255,0.007443487196472784,0.007823846399999999,0.002736511576190474
TOPIX1000,return,TOPIX1000_return,2018-01-15,0.004134087,-0.0063728552,-0.0022469425,0.0091101738,0.006023786757813347,0.00750258885637621,0.0013746612599999997,0.0019574731380952357
TOPIX1000,return,TOPIX1000_return,2018-01-16,0.0056450803,0.004134087,-0.0063728552,0.0048594423,0.004689563300678437,0.0074791142712596825,0.00037944389999999985,0.0018982545999999974
TOPIX1000,return,TOPIX1000_return,2018-01-17,-0.00168888,0.0056450803,0.004134087,0.0015234879,0.004886233504036462,0.007519991164128574,0.0005365714999999999,0.0021182008380952358
TOPIX1000,return,TOPIX1000_return,2018-01-18,-0.0073361954,-0.00168888,0.0056450803,-0.0022469425,0.004934974172099255,0.007500903356982464,-0.0001059020800000002,0.002150962171428569
TOPIX1000,return,TOPIX1000_return,2018-01-19,0.0068954641,-0.0073361954,-0.00168888,-0.0063728552,0.005914576669430323,0.00773951230404144,-0.0011237526600000002,0.0018886623857142831
TOPIX1000,return,TOPIX1000_return,2018-01-22,0.001048512,0.0068954641,-0.0073361954,0.004134087,0.005947141524996656,0.007440359222141996,0.0015299111999999998,0.002614619809523807
TOPIX1000,return,TOPIX1000_return,2018-01-23,0.0101920198,0.001048512,0.0068954641,0.0056450803,0.005766711113140837,0.0069760609245355576,0.0009127961999999999,0.0020004503190476164
TOPIX1000,return,TOPIX1000_return,2018-01-24,-0.0053651489,0.0101920198,0.001048512,-0.00168888,0.0069389187612703815,0.007149873517545792,0.0018221841,0.002552659790476188
TOPIX1000,return,TOPIX1000_return,2018-01-25,-0.0088502424,-0.0053651489,0.0101920198,-0.0073361954,0.007570032500518062,0.007351894181879517,0.0010869303199999999,0.0021407658666666644
TOPIX1000,return,TOPIX1000_return,2018-01-26,-0.002976481,-0.0088502424,-0.0053651489,0.0068954641,0.008008767934959532,0.007730724116692287,0.0007841209200000001,0.0016885357857142837
TOPIX1000,return,TOPIX1000_return,2018-01-29,0.0005602953,-0.002976481,-0.0088502424,0.001048512,0.007312044971648424,0.00778242815119611,-0.0011902680999999998,0.0013752918571428548
TOPIX1000,return,TOPIX1000_return,2018-01-30,-0.0118252343,0.0005602953,-0.002976481,0.0101920198,0.007277854619351567,0.007784169213726739,-0.0012879114399999999,0.0013241366619047594
TOPIX1000,return,TOPIX1000_return,2018-01-31,-0.01160814,-0.0118252343,0.0005602953,-0.0053651489,0.004851884365935172,0.008259458769780277,-0.005691362260000001,0.0008911837428571403
TOPIX1000,return,TOPIX1000_return,2018-02-01,0.0183826958,-0.01160814,-0.0118252343,-0.0088502424,0.005506132574116919,0.008685895427567465,-0.00693996048,0.00022314977142856912
TOPIX1000,return,TOPIX1000_return,2018-02-02,-0.0033955261,0.0183826958,-0.01160814,-0.002976481,0.012354464204844609,0.00941128619333962,-0.0014933728399999999,0.0013848125714285692
TOPIX1000,return,TOPIX1000_return,2018-02-05,-0.0216076466,-0.0033955261,0.0183826958,0.0005602953,0.012368453830271693,0.0094575272918362,-0.00157718186,0.0012646991904761882
TOPIX1000,return,TOPIX1000_return,2018-02-06,-0.0433984393,-0.0216076466,-0.0033955261,-0.0118252343,0.015085438177931362,0.008941799179243065,-0.006010770239999999,-0.0009962873380952404
TOPIX1000,return,TOPIX1000_return,2018-02-07,0.0037723571,-0.0433984393,-0.0216076466,-0.01160814,0.022775744393550568,0.012577011402694661,-0.01232541124,-0.003496697485714288
TOPIX1000,return,TOPIX1000_return,2018-02-08,0.0090195848,0.0037723571,-0.0433984393,0.0183826958,0.02390737260767771,0.012543089979966813,-0.00924931182,-0.00354846344761905
TOPIX1000,return,TOPIX1000_return,2018-02-09,-0.0192001927,0.0090195848,0.0037723571,-0.0033955261,0.021441437854597106,0.012798705963821704,-0.01112193402,-0.003191506452380955
TOPIX1000,return,TOPIX1000_return,2018-02-13,-0.008857665,-0.0192001927,0.0090195848,-0.0216076466,0.02118103170160465,0.0132624224834659,-0.01428286734,-0.003998804080952384
TOPIX1000,return,TOPIX1000_return,2018-02-14,-0.0078975474,-0.008857665,-0.0192001927,-0.0433984393,0.02084353880006747,0.013295704945569035,-0.01173287102,-0.004117128357142859
TOPIX1000,return,TOPIX1000_return,2018-02-15,0.0098044412,-0.0078975474,-0.008857665,0.0037723571,0.011155169950244632,0.013181105926952832,-0.00463269264,-0.004690063328571432
TOPIX1000,return,TOPIX1000_return,2018-02-16,0.0103976944,0.0098044412,-0.0078975474,0.0090195848,0.012532557910694728,0.013374009708856962,-0.0034262758200000005,-0.004491998523809527
TOPIX1000,return,TOPIX1000_return,2018-02-19,0.0214756629,0.0103976944,0.0098044412,-0.0192001927,0.012884902987573535,0.013755311253874731,-0.0031506539,-0.003916447361904764
TOPIX1000,return,TOPIX1000_return,2018-02-20,-0.0075453345,0.0214756629,0.0103976944,-0.008857665,0.013058001739159527,0.014794773850167453,0.00498451722,-0.002544454109523812
TOPIX1000,return,TOPIX1000_return,2018-02-21,-0.0006767289,-0.0075453345,0.0214756629,-0.0078975474,0.01271900517851956,0.014669139540351697,0.005246983320000001,-0.0032321111857142883
TOPIX1000,return,TOPIX1000_return,2018-02-22,-0.0089062259,-0.0006767289,-0.0075453345,0.0098044412,0.011168885414167285,0.014648784258167118,0.0066911470200000005,-0.0033142655142857167
TOPIX1000,return,TOPIX1000_return,2018-02-23,0.0081191631,-0.0089062259,-0.0006767289,0.0103976944,0.012869961482732938,0.014358306252928625,0.0029490136000000005,-0.004223705785714288
TOPIX1000,return,TOPIX1000_return,2018-02-26,0.008511852,0.0081191631,-0.0089062259,0.0214756629,0.012577289985159395,0.014604116330921957,0.00249330734,-0.003581595690476193
TOPIX1000,return,TOPIX1000_return,2018-02-27,0.0090100487,0.008511852,0.0081191631,-0.0075453345,0.0082920726011523,0.014781310359286464,-9.945483999999998e-05,-0.002754829290476193
TOPIX1000,return,TOPIX1000_return,2018-02-28,-0.0127604719,0.0090100487,0.008511852,-0.0006767289,0.00787019155334585,0.015002106829596374,0.0032116218000000003,-0.0021840421619047645
TOPIX1000,return,TOPIX1000_return,2018-03-01,-0.0159451713,-0.0127604719,0.0090100487,-0.0089062259,0.010706829565314897,0.015161042189510227,0.0007948731999999996,-0.0028183644095238123
TOPIX1000,return,TOPIX1000_return,2018-03-02,-0.0185393646,-0.0159451713,-0.0127604719,0.0081191631,0.012597154569663021,0.015309351846691573,-0.0006129158800000006,-0.003014551885714288
TOPIX1000,return,TOPIX1000_return,2018-03-05,-0.0076163918,-0.0185393646,-0.0159451713,0.008511852,0.013580557366870345,0.015576275909446739,-0.005944621420000001,-0.0033446102000000027
TOPIX1000,return,TOPIX1000_return,2018-03-06,0.0125438967,-0.0076163918,-0.0185393646,0.0090100487,0.010948827521991299,0.014775641270704212,-0.00917027018,-0.004582661990476193
TOPIX1000,return,TOPIX1000_return,2018-03-07,-0.0071386867,0.0125438967,-0.0076163918,-0.0127604719,0.012429709658735397,0.015241723782675812,-0.008463500580000002,-0.00382364185714286
TOPIX1000,return,TOPIX1000_return,2018-03-08,0.0036554155,-0.0071386867,0.0125438967,-0.0159451713,0.012195911244414975,0.014715557225639846,-0.007339143540000001,-0.0031346437666666697
TOPIX1000,return,TOPIX1000_return,2018-03-09,0.0032763523,0.0036554155,-0.0071386867,-0.0185393646,0.011884243964424904,0.011511847125182944,-0.003419026180000001,-0.000893984014285717
TOPIX1000,return,TOPIX1000_return,2018-03-12,0.0151635287,0.0032763523,0.0036554155,-0.0076163918,0.00845516671489701,0.011502299194023494,0.000944117199999999,-0.0009176032904761934
TOPIX1000,return,TOPIX1000_return,2018-03-13,0.0053662431,0.0151635287,0.0032763523,0.0125438967,0.008818783507048983,0.011840851548549006,0.005500101299999999,-0.000625034533333336
TOPIX1000,return,TOPIX1000_return,2018-03-14,-0.0045765089,0.0053662431,0.0151635287,-0.0071386867,0.007924375248515242,0.011104583860464054,0.004064570579999999,0.0005447957428571401
TOPIX1000,return,TOPIX1000_return,2018-03-15,0.000316353,-0.0045765089,0.0053662431,0.0036554155,0.007053814964243917,0.010961716041367846,0.004577006139999999,0.0007486603190476164
TOPIX1000,return,TOPIX1000_return,2018-03-16,-0.0040487639,0.000316353,-0.0045765089,0.0032763523,0.00731606435173722,0.01078286043593123,0.003909193639999999,0.0011397984333333306
TOPIX1000,return,TOPIX1000_return,2018-03-19,-0.0094521967,-0.0040487639,0.000316353,0.0151635287,0.0081592941633019,0.01064919737702742,0.0024441703999999987,0.0004801219999999973
TOPIX1000,return,TOPIX1000_return,2018-03-20,-0.0022050931,-0.0094521967,-0.0040487639,0.0053662431,0.005586837481834244,0.01060574852999235,-0.0024789746800000004,-0.0004651109095238123
TOPIX1000,return,TOPIX1000_return,2018-03-22,0.0064811489,-0.0022050931,-0.0094521967,-0.0045765089,0.0036025530852182093,0.009339604638999317,-0.0039932419200000005,-0.0015927659571428599
TOPIX1000,return,TOPIX1000_return,2018-03-23,-0.0361311619,0.0064811489,-0.0022050931,0.000316353,0.005848757526240571,0.009394015773851466,-0.0017817103600000004,-0.0009248381761904791
TOPIX1000,return,TOPIX1000_return,2018-03-26,0.0038542084,-0.0361311619,0.0064811489,-0.0040487639,0.016175834917880685,0.012133664688257835,-0.00907121334,-0.0026131445095238124
TOPIX1000,return,TOPIX1000_return,2018-03-27,0.0274082852,0.0038542084,-0.0361311619,-0.0094521967,0.017146287321944557,0.0121222654829371,-0.007490618879999999,-0.0020055047809523835
TOPIX1000,return,TOPIX1000_return,2018-03-28,-0.0012553241,0.0274082852,0.0038542084,-0.0022050931,0.023012645268242125,0.01357190281436988,-0.0001185225000000005,-0.00108697515714286
TOPIX1000,return,TOPIX1000_return,2018-03-29,0.0025040657,-0.0012553241,0.0274082852,0.0064811489,0.022995029341936556,0.013392682758934791,7.143129999999951e-05,-0.0015520787809523838
TOPIX1000,return,TOPIX1000_return,2018-03-30,0.0072256549,0.0025040657,-0.0012553241,-0.0361311619,0.022785715316851817,0.013210142297733702,-0.0007239853400000004,-0.0018618874952380981
TOPIX1000,return,TOPIX1000_return,2018-04-02,-0.00439928,0.0072256549,0.0025040657,0.0038542084,0.0112951450343845,0.013105228483729683,0.007947378019999998,-0.0009101671714285745
TOPIX1000,return,TOPIX1000_return,2018-04-03,-0.0029871687,-0.00439928,0.0072256549,0.0274082852,0.012573614416329098,0.012678160060051421,0.006296680339999998,-0.0003603628238095267
TOPIX1000,return,TOPIX1000_return,2018-04-04,0.0009188895,-0.0029871687,-0.00439928,-0.0012553241,0.004692983795982137,0.011999210800471958,0.00021758955999999895,0.0003802179333333304
TOPIX1000,return,TOPIX1000_return,2018-04-05,0.0111414975,0.0009188895,-0.0029871687,0.0025040657,0.004622588388493726,0.011858533846970977,0.000652432279999999,0.0007866598999999973
TOPIX1000,return,TOPIX1000_return,2018-04-06,-0.0030170862,0.0111414975,0.0009188895,0.0072256549,0.00665477630888467,0.01179277933959051,0.002379918639999999,0.0007198789857142828
TOPIX1000,return,TOPIX1000_return,2018-04-09,0.0039227591,-0.0030170862,0.0111414975,-0.00439928,0.006360187559701942,0.011689293845905342,0.0003313704199999992,0.0009161456761904733
TOPIX1000,return,TOPIX1000_return,2018-04-10,0.0035341699,0.0039227591,-0.0030170862,-0.0029871687,0.00588378482519011,0.011692571432268104,0.001995778239999999,0.000928876323809521
TOPIX1000,return,TOPIX1000_return,2018-04-11,-0.0037431025,0.0035341699,0.0039227591,0.0009188895,0.005184279427800983,0.011695294523651702,0.0033000459599999998,0.0009411533523809494
TOPIX1000,return,TOPIX1000_return,2018-04-12,-0.0039791404,-0.0037431025,0.0035341699,0.0111414975,0.006064161380666533,0.011265528469644043,0.002367647559999999,4.083758095237811e-05
TOPIX1000,return,TOPIX1000_return,2018-04-13,0.0063248073,-0.0039791404,-0.0037431025,-0.0030170862,0.0040209062890736854,0.01122916748185333,-0.0006564800200000005,-0.0004041806809523838
TOPIX1000,return,TOPIX1000_return,2018-04-16,0.0041444279,0.0063248073,-0.0039791404,0.0039227591,0.004753484664336246,0.011278510579237667,0.0012118986799999995,0.00011492961428571143
TOPIX1000,return,TOPIX1000_return,2018-04-17,-0.0033291387,0.0041444279,0.0063248073,0.0035341699,0.004786010912398028,0.011312812395140363,0.0012562324399999992,0.0002972188952380924
TOPIX1000,return,TOPIX1000_return,2018-04-18,0.011368074,-0.0033291387,0.0041444279,-0.0037431025,0.004950738082510496,0.01130007240836195,-0.00011642928000000072,0.0003314867619047591
TOPIX1000,return,TOPIX1000_return,2018-04-19,0.0002142774,0.011368074,-0.0033291387,-0.0039791404,0.006540465506126344,0.011312109539881892,0.0029058060199999994,0.001322928223809521
TOPIX1000,return,TOPIX1000_return,2018-04-20,0.0005821508,0.0002142774,0.011368074,0.0063248073,0.0056443698648354695,0.011286673305073184,0.0037444895799999996,0.00143813634285714
TOPIX1000,return,TOPIX1000_return,2018-04-23,-0.0002048909,0.0005821508,0.0002142774,0.0041444279,0.005571857207704593,0.011228142244788481,0.0025959582799999995,0.0011572316714285687
TOPIX1000,return,TOPIX1000_return,2018-04-24,0.0109589772,-0.0002048909,0.0005821508,-0.0033291387,0.005609056385267389,0.007319128666443118,0.00172609452,0.0028680064809523784
TOPIX1000,return,TOPIX1000_return,2018-04-25,-0.00118804,0.0109589772,-0.0002048909,0.011368074,0.006014705782748676,0.007528214927125141,0.004583717699999999,0.0032063288047619017
TOPIX1000,return,TOPIX1000_return,2018-04-26,0.002425103,-0.00118804,0.0109589772,0.0002142774,0.005011517719166562,0.005138656031671904,0.0020724948999999997,0.0018445990333333308
TOPIX1000,return,TOPIX1000_return,2018-04-27,0.0030815365,0.002425103,-0.00118804,0.0005821508,0.004902934061004645,0.005090177559633642,0.002514660019999999,0.0020198574666666644
TOPIX1000,return,TOPIX1000_return,2018-05-01,-0.001540666,0.0030815365,0.002425103,-0.0002048909,0.004782583530607629,0.005094482195888553,0.0030145371599999997,0.0020473560761904734
TOPIX1000,return,TOPIX1000_return,2018-05-02,-0.0017405102,-0.001540666,0.0030815365,0.0109589772,0.0050378745687234,0.005007367840629288,0.0027473821399999995,0.0016299122238095213
TOPIX1000,return,TOPIX1000_return,2018-05-07,0.0007729358,-0.0017405102,-0.001540666,-0.00118804,0.0023439394649938335,0.004879275666099981,0.00020748465999999963,0.0017565203095238069
TOPIX1000,return,TOPIX1000_return,2018-05-08,0.0035899369,0.0007729358,-0.0017405102,0.002425103,0.002212429070029387,0.004764127502046493,0.0005996798199999996,0.001935572904761902
TOPIX1000,return,TOPIX1000_return,2018-05-09,-0.0039435165,0.0035899369,0.0007729358,0.0030815365,0.0024958700674882588,0.004771277367637875,0.0008326465999999996,0.0020627656380952353
TOPIX1000,return,TOPIX1000_return,2018-05-10,0.0027590393,-0.0039435165,0.0035899369,-0.001540666,0.0028636263644220895,0.004461601331551427,-0.0005723640000000003,0.0013444316380952354
TOPIX1000,return,TOPIX1000_return,2018-05-11,0.0098868696,0.0027590393,-0.0039435165,-0.0017405102,0.0031330723687273175,0.004356071979052944,0.00028757705999999967,0.0016194852333333307
TOPIX1000,return,TOPIX1000_return,2018-05-14,0.0062935751,0.0098868696,0.0027590393,0.0007729358,0.005006462248992953,0.00469498667053783,0.0026130530199999997,0.0019034904952380926
TOPIX1000,return,TOPIX1000_return,2018-05-15,-0.0004151005,0.0062935751,0.0098868696,0.0035899369,0.0051069407854471074,0.004780738111002576,0.0037171808799999996,0.00203489074285714
TOPIX1000,return,TOPIX1000_return,2018-05-16,-0.0026545141,-0.0004151005,0.0062935751,-0.0039435165,0.005435413282405974,0.00463248842146213,0.0029161733999999995,0.0021933670285714264
TOPIX1000,return,TOPIX1000_return,2018-05-17,0.0045807481,-0.0026545141,-0.0004151005,0.0027590393,0.0050452893490679565,0.0045525681155851915,0.00317397388,0.0022564444714285687
TOPIX1000,return,TOPIX1000_return,2018-05-18,0.0038748136,0.0045807481,-0.0026545141,0.0098868696,0.005073531730295269,0.00449011968277641,0.00353831564,0.002173394033333331
TOPIX1000,return,TOPIX1000_return,2018-05-21,-0.0010322217,0.0038748136,0.0045807481,0.0062935751,0.0037263597148516413,0.004484584082352323,0.0023359044399999997,0.0021605552571428545
TOPIX1000,return,TOPIX1000_return,2018-05-22,-0.0022285024,-0.0010322217,0.0038748136,-0.0004151005,0.003181614518952019,0.004370559134127,0.0008707450799999997,0.0022699322571428544
TOPIX1000,return,TOPIX1000_return,2018-05-23,-0.0070337048,-0.0022285024,-0.0010322217,-0.0026545141,0.003456332398125259,0.003941397524107804,0.0005080646999999998,0.0016224762380952357
TOPIX1000,return,TOPIX1000_return,2018-05-24,-0.0121398744,-0.0070337048,-0.0022285024,0.0045807481,0.004765129979151898,0.004365416085071551,-0.00036777344000000036,0.001277334228571426
TOPIX1000,return,TOPIX1000_return,2018-05-25,-0.0020979545,-0.0121398744,-0.0070337048,0.0038748136,0.006103370116090294,0.005258175634212615,-0.00371189794,0.0006715235047619021
TOPIX1000,return,TOPIX1000_return,2018-05-28,-0.00074055,-0.0020979545,-0.0121398744,-0.0010322217,0.004661446577432012,0.005290082581206059,-0.00490645156,0.0005813776190476164
TOPIX1000,return,TOPIX1000_return,2018-05-29,-0.0047003471,-0.00074055,-0.0020979545,-0.0022285024,0.0047234627420037175,0.004728817766007073,-0.004848117220000001,2.42572761904736e-05
TOPIX1000,return,TOPIX1000_return,2018-05-30,-0.0147458568,-0.0047003471,-0.00074055,-0.0070337048,0.004505048614038661,0.004834765393455698,-0.0053424861600000016,-0.00014299544285714547
TOPIX1000,return,TOPIX1000_return,2018-05-31,0.006553714,-0.0147458568,-0.0047003471,-0.0121398744,0.006221928022528795,0.005745030329797472,-0.006884916560000001,-0.0009606601952380979
TOPIX1000,return,TOPIX1000_return,2018-06-01,0.0008908841,0.006553714,-0.0147458568,-0.0020979545,0.0077126797101328875,0.005914642166694265,-0.0031461988800000006,-0.000795318409523812
TOPIX1000,return,TOPIX1000_return,2018-06-04,0.0146274395,0.0008908841,0.006553714,-0.00074055,0.007927078666132565,0.005923115862901546,-0.0025484311600000005,-0.0006795303095238121
TOPIX1000,return,TOPIX1000_return,2018-06-05,0.0003398627,0.0146274395,0.0008908841,-0.0047003471,0.011133972596317097,0.006790014979667011,0.0005251667399999996,9.989586666666408e-05
TOPIX1000,return,TOPIX1000_return,2018-06-06,0.0015656379,0.0003398627,0.0146274395,-0.0147458568,0.010764629380890987,0.0067885261240894865,0.0015332086999999997,7.927333809523551e-05
TOPIX1000,return,TOPIX1000_return,2018-06-07,0.0069906028,0.0015656379,0.0003398627,0.006553714,0.006026796185824248,0.006750448603712287,0.00479550764,-1.712185238095497e-05
TOPIX1000,return,TOPIX1000_return,2018-06-08,-0.0044065551,0.0069906028,0.0015656379,0.0008908841,0.00606172557639862,0.00685335561362783,0.004882885399999999,0.0005035504952380926
TOPIX1000,return,TOPIX1000_return,2018-06-11,0.0030086373,-0.0044065551,0.0069906028,0.0146274395,0.00727535438763226,0.00691356107646015,0.0038233975599999996,0.0001623317142857117
TOPIX1000,return,TOPIX1000_return,2018-06-12,0.0034554282,0.0030086373,-0.0044065551,0.0003398627,0.004143076302399315,0.006584939227598977,0.0014996371199999994,-0.00016520315714285976
TOPIX1000,return,TOPIX1000_return,2018-06-13,0.004206739,0.0034554282,0.0030086373,0.0015656379,0.004159297337182518,0.006473940347030742,0.0021227502199999996,-0.00030035300952381213
TOPIX1000,return,TOPIX1000_return,2018-06-14,-0.0092830096,0.004206739,0.0034554282,0.0069906028,0.004237822832845901,0.006547982796987412,0.00265097044,-8.026541428571689e-05
TOPIX1000,return,TOPIX1000_return,2018-06-15,0.0031689932,-0.0092830096,0.004206739,-0.0044065551,0.005967787444196394,0.006831885108104759,-0.0006037520400000003,-0.00039590805714285966
TOPIX1000,return,TOPIX1000_return,2018-06-18,-0.0099549822,0.0031689932,-0.0092830096,0.0030086373,0.005717352032193385,0.0067872659806449305,0.0009113576199999997,-0.0004631344809523835
TOPIX1000,return,TOPIX1000_return,2018-06-19,-0.0155169574,-0.0099549822,0.0031689932,0.0034554282,0.007259823172080774,0.007012521641714889,-0.0016813662800000003,-0.0011216961857142883
TOPIX1000,return,TOPIX1000_return,2018-06-20,0.0050998235,-0.0155169574,-0.0099549822,0.004206739,0.00871588737591547,0.007683534013293162,-0.0054758434,-0.0018114455047619073
TOPIX1000,return,TOPIX1000_return,2018-06-21,-0.0011338113,0.0050998235,-0.0155169574,-0.0092830096,0.008969386537839536,0.007828691624310978,-0.0052972265,-0.0014624776047619072
TOPIX1000,return,TOPIX1000_return,2018-06-22,-0.0037584489,-0.0011338113,0.0050998235,0.0031689932,0.008802915029714722,0.0077239243291372306,-0.0036673868400000005,-0.001181530295238098
TOPIX1000,return,TOPIX1000_return,2018-06-25,-0.0090536446,-0.0037584489,-0.0011338113,-0.0099549822,0.007963032737581829,0.007336178119405272,-0.005052875260000001,-0.0007824147952380978
TOPIX1000,return,TOPIX1000_return,2018-06-26,0.0016302597,-0.0090536446,-0.0037584489,-0.0155169574,0.007833463194623002,0.007552380084673679,-0.004872607740000001,-0.0011136381333333358
TOPIX1000,return,TOPIX1000_return,2018-06-27,0.0012796366,0.0016302597,-0.0090536446,0.0050998235,0.005376622473472929,0.007575919169352987,-0.0014431643200000005,-0.0010007424333333358
TOPIX1000,return,TOPIX1000_return,2018-06-28,-0.002518276,0.0012796366,0.0016302597,-0.0011338113,0.004396489125885414,0.007542218546787791,-0.0022072017000000005,-0.0007159813047619074
TOPIX1000,return,TOPIX1000_return,2018-06-29,0.0022985513,-0.002518276,0.0012796366,-0.0037584489,0.004355390863754764,0.006844678116509516,-0.0024840946400000005,-0.00013371555238095496
TOPIX1000,return,TOPIX1000_return,2018-07-02,-0.0204511278,0.0022985513,-0.002518276,-0.0090536446,0.004737879046239263,0.00669822502016206,-0.0012726946000000002,-0.0003363423476190502
TOPIX1000,return,TOPIX1000_return,2018-07-03,-0.0011177848,-0.0204511278,0.0022985513,0.0016302597,0.009631700055969843,0.0079960405312698,-0.00355219124,-0.0013526286285714313
TOPIX1000,return,TOPIX1000_return,2018-07-04,0.0003650073,-0.0011177848,-0.0204511278,0.0012796366,0.009335908781788312,0.007112033887180796,-0.00410180014,-0.0021024012142857166
TOPIX1000,return,TOPIX1000_return,2018-07-05,-0.0096019511,0.0003650073,-0.0011177848,-0.002518276,0.009212246863491313,0.007112467721861103,-0.004284726,-0.0021012038523809547
TOPIX1000,return,TOPIX1000_return,2018-07-06,0.0089096471,-0.0096019511,0.0003650073,0.0022985513,0.009415131646354184,0.007240927465123034,-0.00570146102,-0.002632993804761907
TOPIX1000,return,TOPIX1000_return,2018-07-09,0.0119157361,0.0089096471,-0.0096019511,-0.0204511278,0.011127912894064444,0.007379241798465798,-0.00437924186,-0.0025416107428571453
TOPIX1000,return,TOPIX1000_return,2018-07-10,0.0027824548,0.0119157361,0.0089096471,-0.0011177848,0.008558910485801253,0.008005980632708107,0.00209413092,-0.0017643587809523834
TOPIX1000,return,TOPIX1000_return,2018-07-11,-0.0083146381,0.0027824548,0.0119157361,0.0003650073,0.008368614105689006,0.007999387801128705,0.00287417884,-0.0017751293761904786
TOPIX1000,return,TOPIX1000_return,2018-07-12,0.00459795,-0.0083146381,0.0027824548,-0.0096019511,0.009797464494009213,0.008026872574566683,0.0011382497599999996,-0.0023356087238095265
TOPIX1000,return,TOPIX1000_return,2018-07-13,0.0120769776,0.00459795,-0.0083146381,0.0089096471,0.007750022823079941,0.008043252767061712,0.003978229979999999,-0.0023169796285714313
TOPIX1000,return,TOPIX1000_return,2018-07-17,0.008640763,0.0120769776,0.00459795,0.0119157361,0.008359363862382419,0.008458169385990972,0.00461169608,-0.0012998373809523834
TOPIX1000,return,TOPIX1000_return,2018-07-18,0.0033755001,0.008640763,0.0120769776,0.0027824548,0.007750083009325649,0.008683985114917726,0.00395670146,-0.001039276914285717
TOPIX1000,return,TOPIX1000_return,2018-07-19,-0.000909479,0.0033755001,0.008640763,-0.0083146381,0.007732136604175568,0.008484604930029206,0.00407531052,-0.0004044920428571455
TOPIX1000,return,TOPIX1000_return,2018-07-20,-0.002540453,-0.000909479,0.0033755001,0.00459795,0.004987829421595282,0.007750735260730996,0.00555634234,0.00029110216666666404
TOPIX1000,return,TOPIX1000_return,2018-07-23,-0.0037669546,-0.002540453,-0.000909479,0.0120769776,0.006204071017850281,0.007692828281870021,0.00412866174,-7.272052380952642e-05
TOPIX1000,return,TOPIX1000_return,2018-07-24,0.0045523381,-0.0037669546,-0.002540453,0.008640763,0.0050724989808926335,0.007732345786623804,0.0009598752999999998,-0.0001981083000000026
TOPIX1000,return,TOPIX1000_return,2018-07-25,0.0037314476,0.0045523381,-0.0037669546,0.0033755001,0.0036567640449382214,0.007753660859528153,0.00014219032000000012,0.00019764346190475927
TOPIX1000,return,TOPIX1000_return,2018-07-26,0.0067723382,0.0037314476,0.0045523381,-0.000909479,0.003738008463254527,0.007488333704325913,0.00021337982000000012,0.0008064573761904736
TOPIX1000,return,TOPIX1000_return,2018-07-27,0.0058058041,0.0067723382,0.0037314476,-0.002540453,0.004632706797530122,0.0075998579697604115,0.00174974326,0.0010513182571428544
TOPIX1000,return,TOPIX1000_return,2018-07-30,-0.0044769155,0.0058058041,0.0067723382,-0.0037669546,0.004182156535811719,0.007670509424448756,0.00341899468,0.0012668500428571403
TOPIX1000,return,TOPIX1000_return,2018-07-31,-0.0083457033,-0.0044769155,0.0058058041,0.0045523381,0.0044879966237765835,0.007730508652736465,0.0032770025,0.0011735814952380927
TOPIX1000,return,TOPIX1000_return,2018-08-01,0.009663361,-0.0083457033,-0.0044769155,0.0037314476,0.006722301867843028,0.007997409771384035,0.0006973942199999999,0.0006667122285714261
TOPIX1000,return,TOPIX1000_return,2018-08-02,-0.0100163494,0.009663361,-0.0083457033,0.0067723382,0.00782468738480934,0.0065991018509449955,0.0018837769,0.0021007355047619023
TOPIX1000,return,TOPIX1000_return,2018-08-03,-0.0051586074,-0.0100163494,0.009663361,0.0058058041,0.008749941411032316,0.00708398577861475,-0.0014739606199999998,0.001676994333333331
TOPIX1000,return,TOPIX1000_return,2018-08-06,-0.0055023041,-0.0051586074,-0.0100163494,-0.0044769155,0.007790761875332445,0.007236049885687779,-0.00366684292,0.0014139650619047596
TOPIX1000,return,TOPIX1000_return,2018-08-07,0.0076521062,-0.0055023041,-0.0051586074,-0.0083457033,0.007830809316327897,0.00697456948792801,-0.0038719206399999997,0.0016091863476190452
TOPIX1000,return,TOPIX1000_return,2018-08-08,-0.000870063,0.0076521062,-0.0055023041,0.009663361,0.008759120671551697,0.006913889060391454,-0.0006723587399999998,0.0015493034476190453
TOPIX1000,return,TOPIX1000_return,2018-08-09,-0.0026593144,-0.000870063,0.0076521062,-0.0100163494,0.006669148370539115,0.006506316331334628,-0.00277904354,0.0009404558714285692
TOPIX1000,return,TOPIX1000_return,2018-08-10,-0.0115762144,-0.0026593144,-0.000870063,-0.0051586074,0.005355387616937452,0.0065375771284600205,-0.00130763654,0.0006813240047619023
TOPIX1000,return,TOPIX1000_return,2018-08-13,-0.0213260452,-0.0115762144,-0.0026593144,-0.0055023041,0.007019567025315934,0.006795629632538683,-0.0025911579400000003,0.0005260108476190451
TOPIX1000,return,TOPIX1000_return,2018-08-14,0.0162634397,-0.0213260452,-0.0115762144,0.0076521062,0.011062779455133245,0.008223566009309506,-0.00575590616,-0.0007084651142857168
TOPIX1000,return,TOPIX1000_return,2018-08-15,-0.0074387,0.0162634397,-0.0213260452,-0.000870063,0.01396232556577176,0.008591519575275779,-0.00403363946,-0.0005091097761904786
TOPIX1000,return,TOPIX1000_return,2018-08-16,-0.0060634778,-0.0074387,0.0162634397,-0.0026593144,0.01389912734377288,0.008450654879195779,-0.00534736686,-0.001274798490476193
TOPIX1000,return,TOPIX1000_return,2018-08-17,0.0061534798,-0.0060634778,-0.0074387,-0.0115762144,0.013817674251059363,0.008441963469475879,-0.00602819954,-0.0017242736285714311
TOPIX1000,return,TOPIX1000_return,2018-08-20,-0.0028712668,0.0061534798,-0.0060634778,-0.0213260452,0.014304343031088977,0.008614971150776933,-0.0024822607000000003,-0.0013879422571428598
TOPIX1000,return,TOPIX1000_return,2018-08-21,-0.0038297811,-0.0028712668,0.0061534798,0.0162634397,0.009942387295175024,0.008617486054352001,0.00120869498,-0.0014036952952380976
TOPIX1000,return,TOPIX1000_return,2018-08-22,0.0075974736,-0.0038297811,-0.0028712668,-0.0074387,0.005324416839191981,0.00861835839289918,-0.00280994918,-0.0014066870333333359
TOPIX1000,return,TOPIX1000_return,2018-08-23,-0.0003825079,0.0075974736,-0.0038297811,-0.0060634778,0.006226344637346007,0.00874827237700225,0.0001972855399999999,-0.0012616805809523833
TOPIX1000,return,TOPIX1000_return,2018-08-24,0.0064046282,-0.0003825079,0.0075974736,0.0061534798,0.005238172133594587,0.00867663838263667,0.00133347952,-0.0014575832238095264
TOPIX1000,return,TOPIX1000_return,2018-08-27,0.0114731595,0.0064046282,-0.0003825079,-0.0028712668,0.005296822640422479,0.008659553671204363,0.0013837092,-0.0014750932238095263
TOPIX1000,return,TOPIX1000_return,2018-08-28,0.0016539877,0.0114731595,0.0064046282,-0.0038297811,0.006220228969996533,0.008980182921856658,0.00425259446,-0.0012052191571428595
TOPIX1000,return,TOPIX1000_return,2018-08-29,0.004784891,0.0016539877,0.0114731595,0.0075974736,0.004748120999579683,0.008968151619944055,0.00534934822,-0.0009132713857142881
TOPIX1000,return,TOPIX1000_return,2018-08-30,-0.0004622043,0.004784891,0.0016539877,-0.0003825079,0.004578783467233509,0.00888136464912427,0.0047868317,-0.00028800499047619294
TOPIX1000,return,TOPIX1000_return,2018-08-31,-0.0020972292,-0.0004622043,0.004784891,0.0064046282,0.004601360366380167,0.008583971048945862,0.00477089242,-0.0007701747666666693
TOPIX1000,return,TOPIX1000_return,2018-09-03,-0.0084814855,-0.0020972292,-0.0004622043,0.0114731595,0.005355738861806302,0.008327587284612777,0.00307052094,-0.00039307380476190726
TOPIX1000,return,TOPIX1000_return,2018-09-04,-0.0011471409,-0.0084814855,-0.0020972292,0.0016539877,0.004948300254330937,0.008453284883252405,-0.0009204080600000001,-0.0005513060952380978
TOPIX1000,return,TOPIX1000_return,2018-09-05,-0.0078642932,-0.0011471409,-0.0084814855,0.004784891,0.004738072698706915,0.008378842200691728,-0.00148063378,-0.00034391737142857394
TOPIX1000,return,TOPIX1000_return,2018-09-06,-0.0074360721,-0.0078642932,-0.0011471409,-0.0004622043,0.0038500411111305646,0.008322424209612002,-0.00401047062,-0.001082793533333336
TOPIX1000,return,TOPIX1000_return,2018-09-07,-0.0048041161,-0.0074360721,-0.0078642932,-0.0020972292,0.0034895863448745,0.00843658939897131,-0.00540524418,-0.001395460633333336
TOPIX1000,return,TOPIX1000_return,2018-09-10,0.0018758983,-0.0048041161,-0.0074360721,-0.0084814855,0.003027449254575542,0.008465587290799837,-0.0059466215599999995,-0.00149759404761905
TOPIX1000,return,TOPIX1000_return,2018-09-11,0.006916983,0.0018758983,-0.0048041161,-0.0011471409,0.004182493212361551,0.008168562036039462,-0.0038751448,-0.0008570172523809551
TOPIX1000,return,TOPIX1000_return,2018-09-12,-0.0042927417,0.006916983,0.0018758983,-0.0078642932,0.00644195227015866,0.006848276675532941,-0.0022623200200000003,0.00048788885238094996
TOPIX1000,return,TOPIX1000_return,2018-09-13,0.0112390897,-0.0042927417,0.006916983,-0.0074360721,0.005834901645909586,0.00588150724672683,-0.00154800972,-0.000490976928571431
TOPIX1000,return,TOPIX1000_return,2018-09-14,0.0108626466,0.0112390897,-0.0042927417,-0.0048041161,0.006986998787117239,0.006182854455402767,0.00218702264,0.0003984416285714261
TOPIX1000,return,TOPIX1000_return,2018-09-18,0.0182228923,0.0108626466,0.0112390897,0.0018758983,0.00656836257598662,0.006397868437155697,0.005320375179999999,0.0012044475523809498
TOPIX1000,return,TOPIX1000_return,2018-09-19,0.0146540344,0.0182228923,0.0108626466,0.006916983,0.008272533351493937,0.0073377525556575455,0.00858977398,0.0017791814809523785
TOPIX1000,return,TOPIX1000_return,2018-09-20,0.0010319308,0.0146540344,0.0182228923,-0.0042927417,0.008598602562508034,0.007766472453279884,0.01013718426,0.002613719633333331
TOPIX1000,return,TOPIX1000_return,2018-09-21,0.0090144557,0.0010319308,0.0146540344,0.0112390897,0.0064178718050687915,0.007636162996564629,0.01120211876,0.0028452297238095213
TOPIX1000,return,TOPIX1000_return,2018-09-25,0.0098385606,0.0090144557,0.0010319308,0.0108626466,0.0064913599798516915,0.007686350311241021,0.010757191959999999,0.0029127050619047593
TOPIX1000,return,TOPIX1000_return,2018-09-26,0.0074518438,0.0098385606,0.0090144557,0.0182228923,0.006503345870001828,0.0077901665425656715,0.01055237476,0.003399422609523807
TOPIX1000,return,TOPIX1000_return,2018-09-27,-0.0116923989,0.0074518438,0.0098385606,0.0146540344,0.004918012448237589,0.007813682007072588,0.00839816506,0.003449290019047617
TOPIX1000,return,TOPIX1000_return,2018-09-28,0.0097492433,-0.0116923989,0.0074518438,0.0010319308,0.008977963790157377,0.008247443115550304,0.0031288784,0.0023461681904761882
TOPIX1000,return,TOPIX1000_return,2018-10-01,0.0004432998,0.0097492433,-0.0116923989,0.0090144557,0.009309257086322506,0.008401226515545729,0.0048723409,0.0027316565523809503
TOPIX1000,return,TOPIX1000_return,2018-10-02,0.0035359203,0.0004432998,0.0097492433,0.0098385606,0.009143514331941415,0.008401593161685319,0.0031581097200000007,0.002524914114285712
TOPIX1000,return,TOPIX1000_return,2018-10-03,-0.0115462812,0.0035359203,0.0004432998,0.0074518438,0.008396205679914328,0.008375778828517519,0.0018975816600000001,0.0027153009999999977
TOPIX1000,return,TOPIX1000_return,2018-10-04,-0.0011033038,-0.0115462812,0.0035359203,-0.0116923989,0.009482707277634735,0.008885533334481097,-0.00190204334,0.0022653461428571407
TOPIX1000,return,TOPIX1000_return,2018-10-05,-0.0045792583,-0.0011033038,-0.0115462812,0.0097492433,0.007778947311612848,0.008579962703391118,0.0002157756800000001,0.0026166881285714263
TOPIX1000,return,TOPIX1000_return,2018-10-09,-0.0175927365,-0.0045792583,-0.0011033038,0.0004432998,0.00576828049541023,0.008687259379825658,-0.0026499246399999997,0.0024532539666666645
TOPIX1000,return,TOPIX1000_return,2018-10-10,0.0015136939,-0.0175927365,-0.0045792583,0.0035359203,0.008392736551016597,0.00948749881157818,-0.0062571319,0.0019899947619047595
TOPIX1000,return,TOPIX1000_return,2018-10-11,-0.0351173946,0.0015136939,-0.0175927365,-0.0115462812,0.007832880848680918,0.009240710456216368,-0.00666157718,0.002416174095238093
TOPIX1000,return,TOPIX1000_return,2018-10-12,0.000193974,-0.0351173946,0.0015136939,-0.0011033038,0.015167150555169946,0.01228961733624648,-0.011375799859999999,0.0009726846428571407
TOPIX1000,return,TOPIX1000_return,2018-10-15,-0.0158025254,0.000193974,-0.0351173946,-0.0045792583,0.015396174279537087,0.012288917309344057,-0.0111163443,0.0008925930095238072
TOPIX1000,return,TOPIX1000_return,2018-10-16,0.0078022094,-0.0158025254,0.000193974,-0.0175927365,0.015018348651187735,0.01272439323542653,-0.01336099772,-0.00018928834285714504
TOPIX1000,return,TOPIX1000_return,2018-10-17,0.0151258103,0.0078022094,-0.0158025254,0.0015136939,0.017343559697216196,0.012802857655999348,-0.00828200854,0.0003866617095238074
TOPIX1000,return,TOPIX1000_return,2018-10-18,-0.0053849879,0.0151258103,0.0078022094,-0.0351173946,0.020112859728662502,0.012994251092918577,-0.0055595852599999995,0.0005717436428571408
TOPIX1000,return,TOPIX1000_return,2018-10-19,-0.0070441167,-0.0053849879,0.0151258103,0.000193974,0.011912930952151351,0.012833589622901976,0.00038689607999999997,-0.00020195323809524016
TOPIX1000,return,TOPIX1000_return,2018-10-22,0.0013845605,-0.0070441167,-0.0053849879,-0.0158025254,0.012373120423868317,0.012188026264532262,-0.0010607220600000002,-0.001405144142857145
TOPIX1000,return,TOPIX1000_return,2018-10-23,-0.026389108,0.0013845605,-0.0070441167,0.0078022094,0.009246024724582977,0.011645729280959855,0.00237669512,-0.0020370238523809547
TOPIX1000,return,TOPIX1000_return,2018-10-24,0.0006197783,-0.026389108,0.0013845605,0.0151258103,0.015051427504202113,0.012767655091802861,-0.00446156836,-0.003342787604761907
TOPIX1000,return,TOPIX1000_return,2018-10-25,-0.0306527554,0.0006197783,-0.026389108,-0.0053849879,0.011250017420973979,0.012489805951359371,-0.007362774760000001,-0.0037425341476190503
TOPIX1000,return,TOPIX1000_return,2018-10-26,-0.0026916694,-0.0306527554,0.0006197783,-0.0070441167,0.015141590986006443,0.013381975333150402,-0.012416328260000001,-0.005670692052380954
TOPIX1000,return,TOPIX1000_return,2018-10-29,-0.0036525257,-0.0026916694,-0.0306527554,0.0013845605,0.015644413409809984,0.013063918516937308,-0.011545838800000001,-0.0061537164904761936
TOPIX1000,return,TOPIX1000_return,2018-10-30,0.0131192688,-0.0036525257,-0.0026916694,-0.026389108,0.014739618396587773,0.013011187913760177,-0.012553256039999999,-0.005770865385714288
TOPIX1000,return,TOPIX1000_return,2018-10-31,0.0216457434,0.0131192688,-0.0036525257,0.0006197783,0.01600383365506013,0.013231105021001202,-0.0046515806800000005,-0.005610387980952384
TOPIX1000,return,TOPIX1000_return,2018-11-01,-0.0087224155,0.0216457434,0.0131192688,-0.0306527554,0.01999896593095865,0.014467352081239228,-0.00044638766,-0.004600747809523812
TOPIX1000,return,TOPIX1000_return,2018-11-02,0.016665516,-0.0087224155,0.0216457434,-0.0026916694,0.01284245475336604,0.014369608101362308,0.00393968032,-0.005184478085714287
TOPIX1000,return,TOPIX1000_return,2018-11-05,-0.0113391523,0.016665516,-0.0087224155,-0.0036525257,0.01325468356555937,0.01504786061280986,0.0078111173999999995,-0.0038410591714285736
TOPIX1000,return,TOPIX1000_return,2018-11-06,0.0117491101,-0.0113391523,0.016665516,0.0131192688,0.015217156571230987,0.015120349045863082,0.006273792079999998,-0.0043284805285714305
TOPIX1000,return,TOPIX1000_return,2018-11-07,-0.0042656308,0.0117491101,-0.0113391523,0.0216457434,0.015074734702283082,0.015521322679874978,0.0059997603399999985,-0.0035509391761904784
TOPIX1000,return,TOPIX1000_return,2018-11-08,0.0174960167,-0.0042656308,0.0117491101,-0.0087224155,0.012602500864250802,0.01518734697780295,0.0008174854999999988,-0.0029163150952380974
TOPIX1000,return,TOPIX1000_return,2018-11-09,-0.005168049,0.0174960167,-0.0042656308,0.016665516,0.013086009386250477,0.015808201858085697,0.006061171939999999,-0.002155252104761907
TOPIX1000,return,TOPIX1000_return,2018-11-12,-0.0005199807,-0.005168049,0.0174960167,-0.0113391523,0.012280848346946293,0.013924522413338017,0.0016944589399999987,-0.000729092790476193
TOPIX1000,return,TOPIX1000_return,2018-11-13,-0.0200874793,-0.0005199807,-0.005168049,0.0117491101,0.010184482935138068,0.013923027493038396,0.0038582932599999994,-0.0007630906333333359
TOPIX1000,return,TOPIX1000_return,2018-11-14,0.0020892529,-0.0200874793,-0.0005199807,-0.0042656308,0.013447268484644531,0.014183418074362584,-0.0025090246200000004,-0.0009671360571428596
TOPIX1000,return,TOPIX1000_return,2018-11-15,-0.0014815033,0.0020892529,-0.0200874793,0.0174960167,0.013539735044524267,0.014061068371169686,-0.0012380478800000008,-0.0012391816047619072
TOPIX1000,return,TOPIX1000_return,2018-11-16,-0.0057923309,-0.0014815033,0.0020892529,-0.005168049,0.008808554678372478,0.013552463179756126,-0.005033551880000001,-0.0020300060619047643
TOPIX1000,return,TOPIX1000_return,2018-11-19,0.0050650801,-0.0057923309,-0.0014815033,-0.0005199807,0.00881535950252854,0.01355779563291495,-0.0051584082600000004,-0.0020494033476190503
TOPIX1000,return,TOPIX1000_return,2018-11-20,-0.0073405411,0.0050650801,-0.0057923309,-0.0200874793,0.00984388612064653,0.013592208530487284,-0.0040413961000000005,-0.0014727749285714312
TOPIX1000,return,TOPIX1000_return,2018-11-21,-0.0060526603,-0.0073405411,0.0050650801,0.0020892529,0.005208624117744743,0.013633788641879887,-0.001492008460000001,-0.0018882559571428597
TOPIX1000,return,TOPIX1000_return,2018-11-22,0.0081574785,-0.0060526603,-0.0073405411,-0.0014815033,0.005080231859020023,0.012479904857787223,-0.003120391100000001,-0.000919853685714288
TOPIX1000,return,TOPIX1000_return,2018-11-26,0.0020266123,0.0081574785,-0.0060526603,-0.0057923309,0.007231137850142904,0.012633848246521605,-0.001192594740000001,-0.0005609155809523833
TOPIX1000,return,TOPIX1000_return,2018-11-27,0.0072808709,0.0020266123,0.0081574785,0.0050650801,0.006821582754443545,0.010589156175871051,0.00037119389999999914,0.0009952447857142835
TOPIX1000,return,TOPIX1000_return,2018-11-28,0.0056561491,0.0072808709,0.0020266123,-0.0073405411,0.0072605972191478844,0.010639042581930078,0.0008143520599999992,0.0014701276571428546
TOPIX1000,return,TOPIX1000_return,2018-11-29,0.0033601491,0.0056561491,0.0072808709,-0.0060526603,0.005788415431043607,0.010608815864409064,0.003413690099999999,0.0019133978857142832
TOPIX1000,return,TOPIX1000_return,2018-11-30,0.0047222923,0.0033601491,0.0056561491,0.0081574785,0.0025833066693837546,0.010302732086829162,0.00529625198,0.0014486778999999975
TOPIX1000,return,TOPIX1000_return,2018-12-03,0.0130810513,0.0047222923,0.0033601491,0.0020266123,0.0020295692315187588,0.009252250045274406,0.004609214739999999,0.0006427992761904737
TOPIX1000,return,TOPIX1000_return,2018-12-04,-0.02366437,0.0130810513,0.0047222923,0.0072808709,0.003779505922651309,0.009371360117691808,0.006820102539999999,0.0016810595999999973
TOPIX1000,return,TOPIX1000_return,2018-12-05,-0.005142556,-0.02366437,0.0130810513,0.0056561491,0.014095281406964309,0.010239268309357839,0.0006310543599999989,-0.00023941116190476428
TOPIX1000,return,TOPIX1000_return,2018-12-06,-0.0183398386,-0.005142556,-0.02366437,0.0033601491,0.013959480871810969,0.009989645687542351,-0.0015286866600000009,5.5664852380950003e-05
TOPIX1000,return,TOPIX1000_return,2018-12-07,0.0068709276,-0.0183398386,-0.005142556,0.0047222923,0.015362329299843379,0.010378840604818034,-0.0058686842,-0.001377142228571431
TOPIX1000,return,TOPIX1000_return,2018-12-10,-0.0187834932,0.0068709276,-0.0183398386,0.0130810513,0.015757619148589447,0.010507587929020363,-0.005438957140000001,-0.0008468299238095263
TOPIX1000,return,TOPIX1000_return,2018-12-11,-0.0087819705,-0.0187834932,0.0068709276,-0.02366437,0.012502263152410082,0.010321762502823495,-0.01181186604,-0.002574425633333336
TOPIX1000,return,TOPIX1000_return,2018-12-12,0.0199254466,-0.0087819705,-0.0187834932,-0.005142556,0.010602211910898829,0.010397019835572128,-0.008835386140000002,-0.0027465171333333357
TOPIX1000,return,TOPIX1000_return,2018-12-13,0.0060731884,0.0199254466,-0.0087819705,-0.0183398386,0.016863385960410374,0.011513286681878131,-0.0038217856199999995,-0.0017729253571428596
TOPIX1000,return,TOPIX1000_return,2018-12-14,-0.015123591,0.0060731884,0.0199254466,0.0068709276,0.015045203681447001,0.010827429219542552,0.0010608197799999992,-0.0005271792761904786
TOPIX1000,return,TOPIX1000_return,2018-12-17,0.0016421939,-0.015123591,0.0060731884,-0.0187834932,0.016100144758600082,0.011262249601051905,-0.003338083940000001,-0.001346838509523812
TOPIX1000,return,TOPIX1000_return,2018-12-18,-0.0196134318,0.0016421939,-0.015123591,-0.0087819705,0.013598340031459644,0.011280994768996732,0.0007470534799999994,-0.0011980910238095263
TOPIX1000,return,TOPIX1000_return,2018-12-19,-0.0041318699,-0.0196134318,0.0016421939,0.0199254466,0.016124068643582127,0.011945999895746677,-0.0014192387800000008,-0.0018562386857142884
TOPIX1000,return,TOPIX1000_return,2018-12-20,-0.0246564018,-0.0041318699,-0.0196134318,0.0060731884,0.010908187712420027,0.011847751494737394,-0.006230702080000002,-0.0022941886857142883
TOPIX1000,return,TOPIX1000_return,2018-12-21,-0.0188432891,-0.0246564018,-0.0041318699,-0.015123591,0.010899694756429542,0.012782232127387104,-0.012376620120000001,-0.0031187534809523835
TOPIX1000,return,TOPIX1000_return,2018-12-25,-0.0485445815,-0.0188432891,-0.0246564018,0.0016421939,0.011255200031803612,0.013226057404561745,-0.013120559740000001,-0.0037278310428571454
TOPIX1000,return,TOPIX1000_return,2018-12-26,0.0124616956,-0.0485445815,-0.0188432891,-0.0196134318,0.016123725132791575,0.01614427344878279,-0.023157914820000004,-0.006427929138095241
TOPIX1000,return,TOPIX1000_return,2018-12-27,0.0483644965,0.0124616956,-0.0485445815,-0.0041318699,0.022860055641224484,0.016572423889739108,-0.016742889340000004,-0.005931020409523813
TOPIX1000,return,TOPIX1000_return,2018-12-28,-0.0049935042,0.0483644965,0.0124616956,-0.0246564018,0.03748029068137507,0.020231138457839425,-0.006243616060000004,-0.003974657285714288
